date,line_key,model,forecast,p10,p90
2026-08-17,billing.voice,ridge_log,2299.3113817473145,2032.5217435105283,2601.086943669629
2026-08-18,billing.voice,ridge_log,1873.661279180278,1656.2371714719538,2119.5949472431703
2026-08-19,billing.voice,ridge_log,1558.5612875836086,1377.6814639266047,1763.1563534008344
2026-08-20,billing.voice,ridge_log,1538.7385586760365,1360.1577113922149,1740.733040781465
2026-08-21,billing.voice,ridge_log,1586.316643441591,1402.217842839269,1794.5529902699209
2026-08-22,billing.voice,ridge_log,824.1554761448189,728.4496775525728,932.4023650797227
2026-08-23,billing.voice,ridge_log,0.0,0.0,0.0
2026-08-24,billing.voice,ridge_log,1837.3067297190519,1624.0989057857184,2078.47097125044
2026-08-25,billing.voice,ridge_log,1656.9976231324474,1464.701469728687,1874.5067499788565
2026-08-26,billing.voice,ridge_log,2109.5408648762264,1864.7602011175477,2386.4200506509655
2026-08-27,billing.voice,ridge_log,1921.575367087536,1698.5943374965098,2173.79498080192
2026-08-28,billing.voice,ridge_log,1790.6438383102325,1582.8478265120218,2025.6862811776234
2026-08-29,billing.voice,ridge_log,823.864249045259,728.1922260357918,932.0729313106838
2026-08-30,billing.voice,ridge_log,0.0,0.0,0.0
2026-08-31,billing.voice,ridge_log,0.0,0.0,0.0
2026-09-01,billing.voice,ridge_log,1820.1241366282118,1608.9090946034662,2059.034159180627
2026-09-02,billing.voice,ridge_log,2103.4613152445986,1859.385738107841,2379.542912664031
2026-09-03,billing.voice,ridge_log,1922.7893017874624,1699.6674839524596,2175.1681740389795
2026-09-04,billing.voice,ridge_log,1792.1265284103254,1584.1585589808135,2027.3634883768464
2026-09-05,billing.voice,ridge_log,824.7094015019557,728.9393604275316,933.0289610196052
2026-09-06,billing.voice,ridge_log,0.0,0.0,0.0
2026-09-07,billing.voice,ridge_log,1840.0030931292458,1626.4825536357873,2081.5210760046402
2026-09-08,billing.voice,ridge_log,1660.0914219714487,1467.4364597241931,1878.0064305158717
2026-09-09,billing.voice,ridge_log,2114.3264053554967,1868.9907299964452,2391.8334158197913
2026-09-10,billing.voice,ridge_log,1926.712628640947,1703.1357959700713,2179.6062100406753
2026-09-11,billing.voice,ridge_log,1796.163472348181,1587.727311138604,2031.9300471169418
2026-09-12,billing.voice,ridge_log,826.746660796975,730.740344938835,935.333492462876
2026-09-13,billing.voice,ridge_log,0.0,0.0,0.0
2026-09-14,billing.voice,ridge_log,1845.3651622207517,1631.22274719188,2087.586605734987
2026-09-15,billing.voice,ridge_log,1665.3116322528515,1472.0512467989352,1883.9114906932339
2026-09-16,billing.voice,ridge_log,2531.769755832749,2238.0203426697867,2864.041999828265
2026-09-17,billing.voice,ridge_log,2293.059924666126,2026.9953103246178,2594.0153453487474
2026-09-18,billing.voice,ridge_log,2124.2364879038,1877.751473029434,2403.043622048232
2026-09-19,billing.voice,ridge_log,971.495292459012,858.7014956342958,1099.0719885154544
2026-09-20,billing.voice,ridge_log,0.0,0.0,0.0
2026-09-21,billing.voice,ridge_log,2138.8746248223183,1890.6919258863886,2419.602165618067
2026-09-22,billing.voice,ridge_log,1916.5088564847015,1694.1154245057246,2168.0637844733806
2026-09-23,billing.voice,ridge_log,1788.9333576731708,1581.3357219204443,2023.7513991423068
2026-09-24,billing.voice,ridge_log,1754.4489836638427,1550.85073474938,1984.7429506839794
2026-09-25,billing.voice,ridge_log,1796.331008668237,1587.8754171348505,2032.1195628641037
2026-09-26,billing.voice,ridge_log,1255.7558036390942,1109.9943865599307,1420.6252084204054
2026-09-27,billing.voice,ridge_log,0.0,0.0,0.0
2026-09-28,billing.voice,ridge_log,2299.311783711255,2032.5220988559834,2601.087398368028
2026-09-29,billing.voice,ridge_log,1822.1387275786467,1610.6900397719164,2061.313048373552
2026-09-30,billing.voice,ridge_log,1698.9450195869815,1501.783941993664,1921.957309821268
2026-10-01,billing.voice,ridge_log,1664.3472672193548,1471.1987257218113,1882.820608669567
2026-10-02,billing.voice,ridge_log,2306.1522985402435,2038.5692727657886,2608.825334108512
2026-10-03,billing.voice,ridge_log,1096.4087011244758,969.127848730642,1240.373038734973
2026-10-04,billing.voice,ridge_log,0.0,0.0,0.0
2026-10-05,billing.voice,ridge_log,1922.872990163171,1699.7414664193927,2175.262841661176
2026-10-06,billing.voice,ridge_log,1719.1645776282032,1519.6585006944974,1944.8295123872126
2026-10-07,billing.voice,ridge_log,1601.209480693564,1415.3834567038077,1811.399648822711
2026-10-08,billing.voice,ridge_log,1583.7642885568957,1399.9615018688664,1791.6657868095926
2026-10-09,billing.voice,ridge_log,2216.1906845683247,1959.041117576418,2507.061474892095
2026-10-10,billing.voice,ridge_log,1064.254533670485,940.702818249706,1204.0005013210666
2026-10-11,billing.voice,ridge_log,0.0,0.0,0.0
2026-10-12,billing.voice,ridge_log,1905.5620992112147,1684.4382369495079,2155.6809000755625
2026-10-13,billing.voice,ridge_log,1721.96126281814,1522.1308353268055,1947.9931003374045
2026-10-14,billing.voice,ridge_log,1621.3563863478591,1433.1937890079894,1834.1896675888272
2026-10-15,billing.voice,ridge_log,1604.3295933714483,1418.1417087437562,1814.9290953641068
2026-10-16,billing.voice,ridge_log,2245.8584520596523,1985.268112769156,2540.6214165267043
2026-10-17,billing.voice,ridge_log,1078.9397111643302,953.684856067286,1220.6122568140067
2026-10-18,billing.voice,ridge_log,0.0,0.0,0.0
2026-10-19,billing.voice,ridge_log,1933.3894828883847,1709.0382901264434,2187.15901423844
2026-10-20,billing.voice,ridge_log,1747.804857691924,1544.9771731483465,1977.2271684500865
2026-10-21,billing.voice,ridge_log,1646.3437868774502,1455.283231152909,1862.4552154976413
2026-10-22,billing.voice,ridge_log,1629.6972076230568,1440.5672686455132,1843.6247379985628
2026-10-23,billing.voice,ridge_log,1684.5610988288608,1489.0682221240706,1905.6863335416917
2026-10-24,billing.voice,ridge_log,877.5799192351701,775.6781254806124,992.8356684112864
2026-10-25,billing.voice,ridge_log,0.0,0.0,0.0
2026-10-26,billing.voice,ridge_log,2664.827357416083,2355.646351371098,3014.555696030147
2026-10-27,billing.voice,ridge_log,2223.0603567833246,1965.1140672923398,2514.832393234761
2026-10-28,billing.voice,ridge_log,1893.1388682017332,1673.4558123346733,2141.62784037994
2026-10-29,billing.voice,ridge_log,1659.8415447716066,1467.2155624786908,1877.7237714231385
2026-10-30,billing.voice,ridge_log,1716.323455152565,1517.1468824700278,1941.6156573343487
2026-10-31,billing.voice,ridge_log,894.4430948447039,790.5855641941869,1011.9111579773806
2026-11-01,billing.voice,ridge_log,0.0,0.0,0.0
2026-11-02,billing.voice,ridge_log,2717.785764376828,2402.4628125416434,3074.4618230140536
2026-11-03,billing.voice,ridge_log,2267.9561431981037,2004.8029847283688,2565.6181482518955
2026-11-04,billing.voice,ridge_log,1931.9613608859438,1707.7757971227616,2185.543534035454
2026-11-05,billing.voice,ridge_log,1694.3773215595295,1497.7459908993364,1916.790366294067
2026-11-06,billing.voice,ridge_log,1752.5243818066326,1549.1493420284166,1982.5658564345817
2026-11-07,billing.voice,ridge_log,913.5631640924275,807.4881492771882,1033.5396276015567
2026-11-08,billing.voice,ridge_log,0.0,0.0,0.0
2026-11-09,billing.voice,ridge_log,2777.210399709954,2454.9955697053797,3141.682495888095
2026-11-10,billing.voice,ridge_log,2318.0718375153906,2049.106421929177,2622.3086213978013
2026-11-11,billing.voice,ridge_log,1975.0719650665255,1745.8865720211645,2234.309905167222
2026-11-12,billing.voice,ridge_log,1732.527580032952,1531.4717050393256,1959.9456339793621
2026-11-13,billing.voice,ridge_log,1792.3048243389062,1584.3161767207782,2027.565175307237
2026-11-14,billing.voice,ridge_log,934.4635454235747,825.9645715714718,1057.1819720354415
2026-11-15,billing.voice,ridge_log,0.0,0.0,0.0
2026-11-16,billing.voice,ridge_log,2841.4845872531655,2511.815443604072,3214.3889434896087
2026-11-17,billing.voice,ridge_log,2371.9896654781564,2096.771033538247,2683.3000377564563
2026-11-18,billing.voice,ridge_log,2021.2059124672064,1786.6700525123535,2286.4962580026204
2026-11-19,billing.voice,ridge_log,1773.134511743337,1567.3691753518933,2005.8798708092631
2026-11-20,billing.voice,ridge_log,1834.4187569549367,1621.5458708186165,2075.204119525436
2026-11-21,billing.voice,ridge_log,956.4700059162689,845.4187935219365,1082.075504382796
2026-11-22,billing.voice,ridge_log,0.0,0.0,0.0
2026-11-23,billing.voice,ridge_log,2146.8131391097118,1897.7097568072297,2428.5821495763594
2026-11-24,billing.voice,ridge_log,1942.711505739095,1717.2791747350893,2197.704012033699
2026-11-25,billing.voice,ridge_log,1831.663557262997,1619.1102103296146,2072.0874596392414
2026-11-26,billing.voice,ridge_log,2458.570740398673,2173.310713727742,2781.2398581977377
2026-11-27,billing.voice,ridge_log,2346.099556136585,2073.8835758473597,2654.0133528493166
2026-11-28,billing.voice,ridge_log,1105.4833658445307,977.1500630094266,1250.6382269884446
2026-11-29,billing.voice,ridge_log,0.0,0.0,0.0
2026-11-30,billing.voice,ridge_log,2196.2692413611717,1941.430099309569,2484.5264974454544
2026-12-01,billing.voice,ridge_log,1987.1742649781472,1756.5852860951495,2247.999930168169
2026-12-02,billing.voice,ridge_log,2537.8877875615667,2243.428824746762,2870.9626684561904
2026-12-03,billing.voice,ridge_log,2318.9858203548015,2049.9144039771177,2623.3425114859124
2026-12-04,billing.voice,ridge_log,2167.5924093318886,1916.0791140696172,2452.0874940910717
2026-12-05,billing.voice,ridge_log,1000.3921147676575,884.2469573882277,1131.7598431168262
2026-12-06,billing.voice,ridge_log,0.0,0.0,0.0
2026-12-07,billing.voice,ridge_log,2243.703804711598,1983.3633544938332,2538.1840966553996
2026-12-08,billing.voice,ridge_log,2029.5487459440865,1794.0453109828775,2295.9336045988284
2026-12-09,billing.voice,ridge_log,2591.2616523572856,2290.612560288183,2931.338758024826
2026-12-10,billing.voice,ridge_log,2367.047341798166,2092.4019046702274,2677.709320683178
2026-12-11,billing.voice,ridge_log,2211.821055245924,1955.1782638154748,2502.118585102106
2026-12-12,billing.voice,ridge_log,1020.4795373777491,902.0047053004482,1154.4825751384208
2026-12-13,billing.voice,ridge_log,0.0,0.0,0.0
2026-12-14,billing.voice,ridge_log,2287.133402714695,2021.7561273367078,2587.311311051445
2026-12-15,billing.voice,ridge_log,2068.0734623280027,1828.1020546086972,2339.51245608174
2026-12-16,billing.voice,ridge_log,2639.440750930857,2333.204001893922,2985.838569532713
2026-12-17,billing.voice,ridge_log,2410.116956678687,2130.4764440758195,2726.4293250460914
2026-12-18,billing.voice,ridge_log,2251.163978132591,1989.9583209842026,2546.6229852460488
2026-12-19,billing.voice,ridge_log,1038.2140867982089,917.682458691624,1174.5437557999148
2026-12-20,billing.voice,ridge_log,0.0,0.0,0.0
2026-12-21,billing.voice,ridge_log,1497.1832538199549,1323.4218572025861,1693.7260118236518
2026-12-22,billing.voice,ridge_log,1353.1618898105849,1196.1036279954344,1530.8101951312033
2026-12-23,billing.voice,ridge_log,1274.1731486354154,1126.2757470911101,1441.4587619839383
2026-12-24,billing.voice,ridge_log,1010.5382525596,893.2163787365621,1143.2370731515375
2026-12-25,billing.voice,ridge_log,0.0,0.0,0.0
2026-12-26,billing.voice,ridge_log,1008.9054576512597,891.7729501326305,1141.3900685920873
2026-12-27,billing.voice,ridge_log,0.0,0.0,0.0
2026-12-28,billing.voice,ridge_log,0.0,0.0,0.0
2026-12-29,billing.voice,ridge_log,1505.1147929863575,1330.433521954545,1702.6981055807876
2026-12-30,billing.voice,ridge_log,1285.65270977625,1136.423945634982,1454.4443498610833
2026-12-31,billing.voice,ridge_log,1022.5631310103386,903.8466504418047,1156.8395196142862
2027-01-01,billing.voice,ridge_log,0.0,0.0,0.0
2027-01-02,billing.voice,ridge_log,1020.3461083854704,901.8867509737505,1154.3316413280306
2027-01-03,billing.voice,ridge_log,0.0,0.0,0.0
2027-01-04,billing.voice,ridge_log,2688.2750767793805,2376.3746796216687,3041.079568900829
2027-01-05,billing.voice,ridge_log,2149.340498652603,1899.9440013152162,2431.441078505672
2027-01-06,billing.voice,ridge_log,2022.0317549960719,1787.4001164796152,2287.430444475405
2027-01-07,billing.voice,ridge_log,1998.835841066331,1766.8943900779132,2261.191411900032
2027-01-08,billing.voice,ridge_log,2063.0437493340514,1823.655671558413,2333.822884914473
2027-01-09,billing.voice,ridge_log,1735.2996197556615,1533.9222525064654,1963.0813431738652
2027-01-10,billing.voice,ridge_log,0.0,0.0,0.0
2027-01-11,billing.voice,ridge_log,3188.6523794255118,2818.7198313049403,3607.1023772229037
2027-01-12,billing.voice,ridge_log,2531.218724308554,2237.5332180103283,2863.418677369094
2027-01-13,billing.voice,ridge_log,2363.815228210387,2089.544641225856,2674.053179607042
2027-01-14,billing.voice,ridge_log,2319.087243958373,2050.004064797201,2623.4572410562187
2027-01-15,billing.voice,ridge_log,2375.0713475376187,2099.4953120193527,2686.786011889232
2027-01-16,billing.voice,ridge_log,1660.7187336879783,1467.9910178445025,1878.7160405193747
2027-01-17,billing.voice,ridge_log,0.0,0.0,0.0
2027-01-18,billing.voice,ridge_log,3040.760068417613,2687.9795950879443,3439.807776202337
2027-01-19,billing.voice,ridge_log,2409.544891903364,2129.970725534082,2725.7822099412333
2027-01-20,billing.voice,ridge_log,2246.23866588204,1985.604230614723,2541.051511365884
2027-01-21,billing.voice,ridge_log,2199.89837088009,1944.6383340537002,2488.6317397719945
2027-01-22,billing.voice,ridge_log,2249.114775332814,1988.1467781374276,2544.304943405587
2027-01-23,billing.voice,ridge_log,1158.706241451938,1024.200320603201,1310.8435187931882
2027-01-24,billing.voice,ridge_log,0.0,0.0,0.0
2027-01-25,billing.voice,ridge_log,2536.6162794916627,2242.3047820951992,2869.524348682841
2027-01-26,billing.voice,ridge_log,3070.3471811997374,2714.1352896453664,3473.276481874072
2027-01-27,billing.voice,ridge_log,2635.927210065936,2330.097950203288,2981.8640801683873
2027-01-28,billing.voice,ridge_log,2329.227785106514,2058.9685385824896,2634.928140212161
2027-01-29,billing.voice,ridge_log,2105.0403804294065,1860.7816683888466,2381.3291385893517
2027-01-30,billing.voice,ridge_log,1082.698834709803,957.0080085486729,1224.8645473451436
2027-01-31,billing.voice,ridge_log,0.0,0.0,0.0
2027-02-01,billing.voice,ridge_log,2414.293835620271,2134.1689020254653,2731.1541771447664
2027-02-02,billing.voice,ridge_log,2950.2632594820093,2607.9783151262477,3337.43850871751
2027-02-03,billing.voice,ridge_log,2557.6308564170467,2260.882155945813,2893.2958702608653
2027-02-04,billing.voice,ridge_log,2282.671582569896,2017.8117747485767,2582.264135739473
2027-02-05,billing.voice,ridge_log,2084.0811041493175,1842.2531815924654,2357.620172659608
2027-02-06,billing.voice,ridge_log,1083.1289009738264,957.3881971099592,1225.3510348681386
2027-02-07,billing.voice,ridge_log,0.0,0.0,0.0
2027-02-08,billing.voice,ridge_log,2414.9681212229298,2134.7649861516,2731.9169236330854
2027-02-09,billing.voice,ridge_log,2950.9660361593906,2608.5995860238518,3338.2334840820017
2027-02-10,billing.voice,ridge_log,2558.16391810824,2261.3533948557324,2893.898865388467
2027-02-11,billing.voice,ridge_log,2283.103910240512,2018.1939624457887,2582.7531813475434
2027-02-12,billing.voice,ridge_log,2084.4575097671336,1842.5859328967847,2358.0459596881915
2027-02-13,billing.voice,ridge_log,1083.3255781262092,957.5620642784804,1225.573514492086
2027-02-14,billing.voice,ridge_log,0.0,0.0,0.0
2026-08-17,billing.webchat,ridge_log,2241.524557904898,1986.7752120313976,2528.8996842387937
2026-08-18,billing.webchat,ridge_log,1820.7439167847654,1613.793132074662,2054.1949800288544
2026-08-19,billing.webchat,ridge_log,1556.5414586837974,1379.6027423032674,1756.1343340103224
2026-08-20,billing.webchat,ridge_log,1516.8293930657408,1344.401767291272,1711.3330705477215
2026-08-21,billing.webchat,ridge_log,1553.6404740338353,1377.0312948959315,1752.8615811181933
2026-08-22,billing.webchat,ridge_log,811.0349180304428,718.7819892048554,915.0893160519307
2026-08-23,billing.webchat,ridge_log,0.0,0.0,0.0
2026-08-24,billing.webchat,ridge_log,1814.2665855031034,1608.0515929972657,2046.8875629814686
2026-08-25,billing.webchat,ridge_log,1631.1187480477367,1445.7084272759655,1840.2688844830961
2026-08-26,billing.webchat,ridge_log,2114.109945791022,1873.8342580069789,2385.1565795310044
2026-08-27,billing.webchat,ridge_log,1882.3388405078567,1668.391182745097,2123.683443112535
2026-08-28,billing.webchat,ridge_log,1742.688766171676,1544.6046533711124,1966.1368719248026
2026-08-29,billing.webchat,ridge_log,813.4578441075643,720.9296830850218,917.8227460017988
2026-08-30,billing.webchat,ridge_log,0.0,0.0,0.0
2026-08-31,billing.webchat,ridge_log,0.0,0.0,0.0
2026-09-01,billing.webchat,ridge_log,1874.4667817433374,1661.4133502010047,2114.8025608614253
2026-09-02,billing.webchat,ridge_log,2252.4524916333653,1996.461787537397,2541.228059266666
2026-09-03,billing.webchat,ridge_log,1890.0580511695987,1675.2335299609206,2132.391889404555
2026-09-04,billing.webchat,ridge_log,1750.2269824001153,1551.286566209503,1974.6411289064592
2026-09-05,billing.webchat,ridge_log,817.1624542418599,724.2134681699062,922.0021109396259
2026-09-06,billing.webchat,ridge_log,0.0,0.0,0.0
2026-09-07,billing.webchat,ridge_log,1829.6042309466704,1621.6469591812995,2064.190765011352
2026-09-08,billing.webchat,ridge_log,1645.6501537489075,1458.5891384909341,1856.6625251856858
2026-09-09,billing.webchat,ridge_log,2133.9067526613676,1891.3822473425798,2407.4903953754597
2026-09-10,billing.webchat,ridge_log,1900.8304820263052,1684.782266938051,2144.5448334892494
2026-09-11,billing.webchat,ridge_log,1760.6143556935265,1560.4939862228148,1986.3596693641207
2026-09-12,billing.webchat,ridge_log,822.2093849115,728.687092939213,927.6958180558133
2026-09-13,billing.webchat,ridge_log,0.0,0.0,0.0
2026-09-14,billing.webchat,ridge_log,1841.7775806855518,1632.4374777126698,2077.924159141977
2026-09-15,billing.webchat,ridge_log,1657.0026699870418,1468.6520660723222,1869.4698940050216
2026-09-16,billing.webchat,ridge_log,2521.382761886075,2234.842933816285,2844.6223980688737
2026-09-17,billing.webchat,ridge_log,2230.1359361572863,1976.6802803445285,2516.0515829010815
2026-09-18,billing.webchat,ridge_log,2050.99719140785,1817.89079459343,2313.955772094656
2026-09-19,billing.webchat,ridge_log,951.0888973806418,842.9265420179235,1073.091553664093
2026-09-20,billing.webchat,ridge_log,0.0,0.0,0.0
2026-09-21,billing.webchat,ridge_log,2099.9293061853978,1861.264467626075,2369.158656452662
2026-09-22,billing.webchat,ridge_log,1875.69559144593,1662.502573311469,2116.1888455175986
2026-09-23,billing.webchat,ridge_log,1782.3962867227228,1579.8015996128142,2010.9330078589967
2026-09-24,billing.webchat,ridge_log,1725.961586498234,1529.7775970459875,1947.2660634721847
2026-09-25,billing.webchat,ridge_log,1756.6516357327328,1556.981411287503,1981.8891171974437
2026-09-26,billing.webchat,ridge_log,1234.9540838478454,1094.54607326346,1393.3347545364006
2026-09-27,billing.webchat,ridge_log,0.0,0.0,0.0
2026-09-28,billing.webchat,ridge_log,2250.989776728975,1995.16522967777,2539.5778938878984
2026-09-29,billing.webchat,ridge_log,1797.6557603982233,1593.327673947846,2028.1480202185116
2026-09-30,billing.webchat,ridge_log,1708.4013694611615,1514.2121322053436,1927.4554618906689
2026-10-01,billing.webchat,ridge_log,1654.4721432982876,1466.4089944679702,1866.615074163304
2026-10-02,billing.webchat,ridge_log,2281.9993914653287,2022.6523083899297,2574.5614662117077
2026-10-03,billing.webchat,ridge_log,1081.543942363573,958.5625510535468,1220.2647301117142
2026-10-04,billing.webchat,ridge_log,0.0,0.0,0.0
2026-10-05,billing.webchat,ridge_log,1929.8348955615545,1710.4919252044208,2177.2662331985634
2026-10-06,billing.webchat,ridge_log,1724.1052754620434,1528.132153592406,1945.1718616595474
2026-10-07,billing.webchat,ridge_log,1638.681042453888,1452.411683132373,1848.8003053195305
2026-10-08,billing.webchat,ridge_log,1599.720585276075,1417.8769376280113,1804.846970747759
2026-10-09,billing.webchat,ridge_log,2224.306319060396,1971.5128783833516,2509.4748861873977
2026-10-10,billing.webchat,ridge_log,1062.7309867707309,941.8866524464418,1199.040848480085
2026-10-11,billing.webchat,ridge_log,0.0,0.0,0.0
2026-10-12,billing.webchat,ridge_log,1927.2851029711112,1708.23177620776,2174.3896784829735
2026-10-13,billing.webchat,ridge_log,1735.9168323567712,1538.6019771241995,1958.4970983126514
2026-10-14,billing.webchat,ridge_log,1663.4530011585623,1474.3696721160768,1876.7468508124489
2026-10-15,billing.webchat,ridge_log,1624.3903046042797,1439.7443011133855,1832.6781746393235
2026-10-16,billing.webchat,ridge_log,2259.275719040146,2002.5099306825387,2548.9256998693113
2026-10-17,billing.webchat,ridge_log,1079.7675080065526,956.9879106907579,1218.2606413690555
2026-10-18,billing.webchat,ridge_log,0.0,0.0,0.0
2026-10-19,billing.webchat,ridge_log,1959.3198110358994,1736.6275028101168,2210.529712339725
2026-10-20,billing.webchat,ridge_log,1765.284947608276,1564.634022423993,1991.6288089981933
2026-10-21,billing.webchat,ridge_log,1692.0824405741355,1499.746951433847,1909.0452225561862
2026-10-22,billing.webchat,ridge_log,1652.8178146881457,1464.9425892543177,1864.7487393161189
2026-10-23,billing.webchat,ridge_log,1696.944531561086,1504.056733377294,1914.530402334557
2026-10-24,billing.webchat,ridge_log,887.995222369834,786.9999906561492,1001.912270668104
2026-10-25,billing.webchat,ridge_log,0.0,0.0,0.0
2026-10-26,billing.webchat,ridge_log,2704.349242712094,2397.025344107754,3051.0364786445334
2026-10-27,billing.webchat,ridge_log,2226.3391061073557,1973.3147510618708,2511.768179841022
2026-10-28,billing.webchat,ridge_log,1928.976944462567,1709.7314330283791,2176.298333578497
2026-10-29,billing.webchat,ridge_log,1684.8900095522501,1493.3715443444264,1900.9310639967389
2026-10-30,billing.webchat,ridge_log,1730.29702673025,1533.6205531072758,1952.1571009198212
2026-10-31,billing.webchat,ridge_log,905.6740573430916,802.6705990329611,1021.8566913629728
2026-11-01,billing.webchat,ridge_log,0.0,0.0,0.0
2026-11-02,billing.webchat,ridge_log,2759.4083180835987,2445.829985875234,3113.1515085059973
2026-11-03,billing.webchat,ridge_log,2272.162990276549,2013.9332728256668,2563.4645062746254
2026-11-04,billing.webchat,ridge_log,1969.0949405201113,1745.292226826797,2221.5575484542
2026-11-05,billing.webchat,ridge_log,1720.2798444517073,1524.741272274368,1940.8561923564087
2026-11-06,billing.webchat,ridge_log,1766.979853275472,1566.1363953454238,1993.5409209510342
2026-11-07,billing.webchat,ridge_log,925.0544752844373,819.8494991243515,1043.720757023933
2026-11-08,billing.webchat,ridge_log,0.0,0.0,0.0
2026-11-09,billing.webchat,ridge_log,2819.3680673683884,2498.9786096864236,3180.7952455680643
2026-11-10,billing.webchat,ridge_log,2321.8987996542855,2058.019344800503,2619.574080651551
2026-11-11,billing.webchat,ridge_log,2012.491311402982,1783.7589885850832,2270.515269866713
2026-11-12,billing.webchat,ridge_log,1758.4320916257332,1558.5596163600433,1983.8977428457047
2026-11-13,billing.webchat,ridge_log,1806.3912953900026,1601.0708961695132,2038.0030352765937
2026-11-14,billing.webchat,ridge_log,945.8051007196693,838.2429580406953,1067.1306256033927
2026-11-15,billing.webchat,ridge_log,0.0,0.0,0.0
2026-11-16,billing.webchat,ridge_log,2883.123432426584,2555.4916864394427,3252.7210158011767
2026-11-17,billing.webchat,ridge_log,2374.598306025809,2104.732452720152,2679.027157003896
2026-11-18,billing.webchat,ridge_log,2058.3120317536063,1824.374705924162,2322.2080270306988
2026-11-19,billing.webchat,ridge_log,1798.5733077341597,1594.1409925285332,2029.183153478314
2026-11-20,billing.webchat,ridge_log,1847.7098804755387,1637.695898130268,2084.616697585746
2026-11-21,billing.webchat,ridge_log,967.482036120677,857.4575027769569,1091.5855130248303
2026-11-22,billing.webchat,ridge_log,0.0,0.0,0.0
2026-11-23,billing.webchat,ridge_log,2176.550760451261,1929.182110665248,2455.599336533825
2026-11-24,billing.webchat,ridge_log,1962.4107689898472,1739.3673435110893,2214.0167840770273
2026-11-25,billing.webchat,ridge_log,1882.2899030328222,1668.3478043207053,2123.6282341809897
2026-11-26,billing.webchat,ridge_log,2492.9306187538455,2209.622810817195,2812.5240435586247
2026-11-27,billing.webchat,ridge_log,2339.3555240906326,2073.4930732785233,2639.267926803719
2026-11-28,billing.webchat,ridge_log,1106.9478682799286,981.080718957198,1248.924230952324
2026-11-29,billing.webchat,ridge_log,0.0,0.0,0.0
2026-11-30,billing.webchat,ridge_log,2225.869798831783,1972.8987547286838,2511.2387296960696
2026-12-01,billing.webchat,ridge_log,2006.7066218640841,1778.6314106376315,2263.989258286905
2026-12-02,billing.webchat,ridge_log,2607.8767732900837,2311.5116612353736,2942.200827509378
2026-12-03,billing.webchat,ridge_log,2328.155996763704,2063.5657558387043,2626.633152796844
2026-12-04,billing.webchat,ridge_log,2161.047798862365,1915.440207417221,2438.109632692308
2026-12-05,billing.webchat,ridge_log,1011.4351027387113,896.4177224392274,1141.1712720856349
2026-12-06,billing.webchat,ridge_log,0.0,0.0,0.0
2026-12-07,billing.webchat,ridge_log,2274.38948327937,2015.9068474392484,2565.9763297737204
2026-12-08,billing.webchat,ridge_log,2050.11498198512,1817.1087997170223,2312.9605053876285
2026-12-09,billing.webchat,ridge_log,2663.819004864694,2361.0991371101545,3005.3121921904526
2026-12-10,billing.webchat,ridge_log,2377.662363124644,2107.4484483676406,2682.4838804760425
2026-12-11,billing.webchat,ridge_log,2206.574616864617,1955.7954082341798,2489.4708232067937
2026-12-12,billing.webchat,ridge_log,1032.5443228788833,915.1290415084386,1164.9856901540793
2026-12-13,billing.webchat,ridge_log,0.0,0.0,0.0
2026-12-14,billing.webchat,ridge_log,2320.825842847454,2057.0682704819446,2618.363621818984
2026-12-15,billing.webchat,ridge_log,2091.4947065404835,1853.7879960118205,2359.6431423384442
2026-12-16,billing.webchat,ridge_log,2716.935011038448,2408.1814325526043,3065.2351438082
2026-12-17,billing.webchat,ridge_log,2424.480716299775,2148.9484724679037,2735.302119538642
2026-12-18,billing.webchat,ridge_log,2249.4581526736915,1993.8075903996642,2537.8499884828675
2026-12-19,billing.webchat,ridge_log,1052.3487915301396,932.6838222852343,1187.3281496553127
2026-12-20,billing.webchat,ridge_log,0.0,0.0,0.0
2026-12-21,billing.webchat,ridge_log,1359.811194861683,1205.2200454294812,1534.1926081547413
2026-12-22,billing.webchat,ridge_log,1225.0615513343168,1085.7772826101798,1382.1744699087124
2026-12-23,billing.webchat,ridge_log,1174.0993481057876,1040.6041289480843,1324.681336324701
2026-12-24,billing.webchat,ridge_log,936.2943612500281,829.8125906647861,1056.4010617272236
2026-12-25,billing.webchat,ridge_log,0.0,0.0,0.0
2026-12-26,billing.webchat,ridge_log,955.2741794795716,846.6363971536277,1077.8131898484924
2026-12-27,billing.webchat,ridge_log,0.0,0.0,0.0
2026-12-28,billing.webchat,ridge_log,0.0,0.0,0.0
2026-12-29,billing.webchat,ridge_log,1425.5319603604898,1263.4752630336948,1608.335649677545
2026-12-30,billing.webchat,ridge_log,1265.9866574399784,1122.053502821037,1428.3442279492253
2026-12-31,billing.webchat,ridge_log,950.9274201151181,842.7834077563269,1072.9093826940523
2027-01-01,billing.webchat,ridge_log,0.0,0.0,0.0
2027-01-02,billing.webchat,ridge_log,969.9721967548144,859.6647937071539,1094.394793803805
2027-01-03,billing.webchat,ridge_log,0.0,0.0,0.0
2027-01-04,billing.webchat,ridge_log,2727.683842683271,2417.7092510694415,3077.3614643845817
2027-01-05,billing.webchat,ridge_log,2195.617742353068,1946.0831794722683,2477.109798564062
2027-01-06,billing.webchat,ridge_log,2102.9954874214127,1863.9823461194599,2372.617776275337
2027-01-07,billing.webchat,ridge_log,2052.4857111508722,1819.2102259920114,2315.6350492649194
2027-01-08,billing.webchat,ridge_log,2105.345709610412,1866.0655949069514,2375.269185156902
2027-01-09,billing.webchat,ridge_log,1750.0739803765919,1551.1509444451096,1974.4685193013054
2027-01-10,billing.webchat,ridge_log,0.0,0.0,0.0
2027-01-11,billing.webchat,ridge_log,3191.5733955774226,2828.903287582311,3600.6995923138784
2027-01-12,billing.webchat,ridge_log,2549.382414365159,2259.6619668210215,2876.2102741476833
2027-01-13,billing.webchat,ridge_log,2423.0896336293,2147.7154097812636,2733.7327662388757
2027-01-14,billing.webchat,ridge_log,2346.6786473176207,2079.9843265969043,2647.52952609238
2027-01-15,billing.webchat,ridge_log,2388.5156749250095,2117.0688786206656,2694.728070594142
2027-01-16,billing.webchat,ridge_log,1679.2218970410229,1488.347300861555,1894.5365690743777
2027-01-17,billing.webchat,ridge_log,0.0,0.0,0.0
2027-01-18,billing.webchat,ridge_log,3059.5835985610165,2711.906866612956,3451.7949816250166
2027-01-19,billing.webchat,ridge_log,2442.839113432871,2165.221448166467,2756.0131899377825
2027-01-20,billing.webchat,ridge_log,2320.7865239903426,2057.033418048934,2618.3192641546552
2027-01-21,billing.webchat,ridge_log,2246.6102671671133,1991.2832103405087,2534.6371395185583
2027-01-22,billing.webchat,ridge_log,2285.670044645262,2025.9059938594107,2578.7025225288403
2027-01-23,billing.webchat,ridge_log,1185.2720598197725,1050.5076768935076,1337.28585823258
2027-01-24,billing.webchat,ridge_log,0.0,0.0,0.0
2027-01-25,billing.webchat,ridge_log,2614.205017999904,2317.1210492244713,2949.3400521779527
2027-01-26,billing.webchat,ridge_log,3162.2058451578328,2802.8717429523726,3567.568518844836
2027-01-27,billing.webchat,ridge_log,2743.207244636979,2431.4692727598053,3094.8742280734014
2027-01-28,billing.webchat,ridge_log,2398.8263971659453,2126.2083547549355,2706.3601369804296
2027-01-29,billing.webchat,ridge_log,2180.9809527671396,1933.1090554509826,2460.5972687754415
2027-01-30,billing.webchat,ridge_log,1130.5267641993878,1001.9811710780752,1275.5248197608962
2027-01-31,billing.webchat,ridge_log,0.0,0.0,0.0
2027-02-01,billing.webchat,ridge_log,2531.4016295770243,2243.72370860724,2855.9252080343936
2027-02-02,billing.webchat,ridge_log,3085.3777969499133,2734.7709740022515,3480.894769305215
2027-02-03,billing.webchat,ridge_log,2697.0358101821084,2390.542680672013,3042.78581193928
2027-02-04,billing.webchat,ridge_log,2376.5745612422274,2106.484215299303,2681.25667413533
2027-02-05,billing.webchat,ridge_log,2177.427386026129,1929.9591559907822,2456.5883038092993
2027-02-06,billing.webchat,ridge_log,1137.437044867556,1008.1064786726381,1283.3206697122105
2027-02-07,billing.webchat,ridge_log,0.0,0.0,0.0
2027-02-08,billing.webchat,ridge_log,2546.1327892986633,2256.7814827922057,2872.5442017212577
2027-02-09,billing.webchat,ridge_log,3102.909936569772,2750.311550878838,3500.6736952801775
2027-02-10,billing.webchat,ridge_log,2712.0078811065337,2403.81399976071,3059.6765901857993
2027-02-11,billing.webchat,ridge_log,2389.4684463012272,2117.913419968098,2695.802941940702
2027-02-12,billing.webchat,ridge_log,2188.9771607718467,1940.1969345069745,2469.6182102939742
2027-02-13,billing.webchat,ridge_log,1143.3401615028772,1013.3390309949315,1289.9802851090294
2027-02-14,billing.webchat,ridge_log,0.0,0.0,0.0
2026-08-17,billing.email,ridge_log,942.381276652479,830.0468439616149,1069.8815860197353
2026-08-18,billing.email,ridge_log,761.6433170253323,670.8289489104884,864.7148863865395
2026-08-19,billing.email,ridge_log,642.0232231038351,565.4517520045974,728.9268099342244
2026-08-20,billing.email,ridge_log,618.8258164617935,545.0164086831929,702.5940164766955
2026-08-21,billing.email,ridge_log,657.953245447406,579.4850222201798,747.0099514948342
2026-08-22,billing.email,ridge_log,0.0,0.0,0.0
2026-08-23,billing.email,ridge_log,0.0,0.0,0.0
2026-08-24,billing.email,ridge_log,749.792175686511,660.3888964621088,851.2619318418026
2026-08-25,billing.email,ridge_log,672.820597749348,592.5821521389972,763.8867913704532
2026-08-26,billing.email,ridge_log,877.5527777386773,772.9373294043343,996.2907963939285
2026-08-27,billing.email,ridge_log,777.4342013453149,684.7396479557256,882.6400838763412
2026-08-28,billing.email,ridge_log,745.1717912749463,656.3186508874993,846.0170512272767
2026-08-29,billing.email,ridge_log,0.0,0.0,0.0
2026-08-30,billing.email,ridge_log,0.0,0.0,0.0
2026-08-31,billing.email,ridge_log,0.0,0.0,0.0
2026-09-01,billing.email,ridge_log,805.3462974612268,709.3283132212193,914.324809385913
2026-09-02,billing.email,ridge_log,970.87179619372,855.145061069008,1102.2229152964962
2026-09-03,billing.email,ridge_log,780.5274142145097,687.4645588875201,886.1513787750157
2026-09-04,billing.email,ridge_log,748.5116811398465,659.2608675368905,849.8083642537906
2026-09-05,billing.email,ridge_log,0.0,0.0,0.0
2026-09-06,billing.email,ridge_log,0.0,0.0,0.0
2026-09-07,billing.email,ridge_log,756.1406225239064,665.9814479348559,858.4684416868413
2026-09-08,billing.email,ridge_log,679.1925890104449,598.19544465358,771.1200279292134
2026-09-09,billing.email,ridge_log,886.7381787422183,781.0290452563961,1006.7177062284295
2026-09-10,billing.email,ridge_log,786.3475489247704,692.5917031763756,892.7581692488495
2026-09-11,billing.email,ridge_log,754.4548346109833,664.4963830179344,856.5548008385686
2026-09-12,billing.email,ridge_log,0.0,0.0,0.0
2026-09-13,billing.email,ridge_log,0.0,0.0,0.0
2026-09-14,billing.email,ridge_log,763.2137305627884,672.212376820759,866.4975587327575
2026-09-15,billing.email,ridge_log,685.8580417859591,604.0672568764766,778.6863905811674
2026-09-16,billing.email,ridge_log,1022.9743028091711,901.0438387652542,1161.3676536069274
2026-09-17,billing.email,ridge_log,908.2015218144587,799.936796078482,1031.0820581903026
2026-09-18,billing.email,ridge_log,871.7377108591636,767.8146495309545,989.6897587243801
2026-09-19,billing.email,ridge_log,0.0,0.0,0.0
2026-09-20,billing.email,ridge_log,0.0,0.0,0.0
2026-09-21,billing.email,ridge_log,879.2072210794321,774.3947818771836,998.1688561034274
2026-09-22,billing.email,ridge_log,788.1957642280613,694.2198556176133,894.8561913509583
2026-09-23,billing.email,ridge_log,750.8382906804904,661.3104528837175,852.4494408808243
2026-09-24,billing.email,ridge_log,722.3136801604091,636.1822039340796,820.0694128512924
2026-09-25,billing.email,ridge_log,765.9319644072345,674.6069566415243,869.5831920321859
2026-09-26,billing.email,ridge_log,0.0,0.0,0.0
2026-09-27,billing.email,ridge_log,0.0,0.0,0.0
2026-09-28,billing.email,ridge_log,975.3928904969364,859.127838786377,1107.3550856431953
2026-09-29,billing.email,ridge_log,769.308429972788,677.5813940047049,873.4160243709973
2026-09-30,billing.email,ridge_log,729.467903451651,642.4845898606836,828.190608775663
2026-10-01,billing.email,ridge_log,698.5104757528331,615.2131938320273,793.0489413406515
2026-10-02,billing.email,ridge_log,1007.6828797224888,887.5731312214689,1144.0094250761774
2026-10-03,billing.email,ridge_log,0.0,0.0,0.0
2026-10-04,billing.email,ridge_log,0.0,0.0,0.0
2026-10-05,billing.email,ridge_log,818.2793034900714,720.7214151509087,929.0058546336747
2026-10-06,billing.email,ridge_log,726.7704131184328,640.1082836676637,825.128522703094
2026-10-07,billing.email,ridge_log,685.8857611603448,604.0916757669572,778.7178565364673
2026-10-08,billing.email,ridge_log,662.9143754920467,583.855441607519,752.6416332943292
2026-10-09,billing.email,ridge_log,965.951628182304,850.8107264572218,1096.6377320033712
2026-10-10,billing.email,ridge_log,0.0,0.0,0.0
2026-10-11,billing.email,ridge_log,0.0,0.0,0.0
2026-10-12,billing.email,ridge_log,811.5789378030245,714.8188470187621,921.3998602029374
2026-10-13,billing.email,ridge_log,730.0573663155632,643.0038666999072,828.8597440840105
2026-10-14,billing.email,ridge_log,698.2990840755853,615.0269720889459,792.8089777334471
2026-10-15,billing.email,ridge_log,674.962599972232,594.4691109484581,766.3183089530502
2026-10-16,billing.email,ridge_log,983.558183622082,866.3209087233349,1116.6240087044034
2026-10-17,billing.email,ridge_log,0.0,0.0,0.0
2026-10-18,billing.email,ridge_log,0.0,0.0,0.0
2026-10-19,billing.email,ridge_log,826.4552950643549,727.9239096965958,938.2869221580897
2026-10-20,billing.email,ridge_log,743.4455871835704,654.79798205609,844.0575315057333
2026-10-21,billing.email,ridge_log,711.1006551430731,626.3042887241321,807.3408231269359
2026-10-22,billing.email,ridge_log,687.3234213277293,605.3581569539863,780.3498324221355
2026-10-23,billing.email,ridge_log,732.7564465229892,645.3815734643692,831.9236349199216
2026-10-24,billing.email,ridge_log,0.0,0.0,0.0
2026-10-25,billing.email,ridge_log,0.0,0.0,0.0
2026-10-26,billing.email,ridge_log,1149.9962735232564,1012.9415875506445,1305.558052602662
2026-10-27,billing.email,ridge_log,950.3218605954482,837.0419603360858,1078.8954279603004
2026-10-28,billing.email,ridge_log,819.0039380386959,721.3597690846995,929.8284315792604
2026-10-29,billing.email,ridge_log,699.587232693859,616.1617437325878,794.2712339257463
2026-10-30,billing.email,ridge_log,745.7495959033702,656.8276576112569,846.6729525602955
2026-10-31,billing.email,ridge_log,0.0,0.0,0.0
2026-11-01,billing.email,ridge_log,0.0,0.0,0.0
2026-11-02,billing.email,ridge_log,1169.9392020042183,1030.509956145954,1328.1964890766635
2026-11-03,billing.email,ridge_log,966.6688680435735,851.4425661725406,1097.4519147875833
2026-11-04,billing.email,ridge_log,832.9710683299311,733.6638644139979,945.6833744540783
2026-11-05,billing.email,ridge_log,711.4101929309749,626.5769705400062,807.6921983802948
2026-11-06,billing.email,ridge_log,758.2295184202907,667.8216236693245,860.8396750338516
2026-11-07,billing.email,ridge_log,0.0,0.0,0.0
2026-11-08,billing.email,ridge_log,0.0,0.0,0.0
2026-11-09,billing.email,ridge_log,1188.89631728224,1047.2098901113193,1349.7158687586148
2026-11-10,billing.email,ridge_log,982.1577817602647,865.0872495787688,1115.0343269975722
2026-11-11,billing.email,ridge_log,846.1640929410112,745.2860250949485,960.6595826796151
2026-11-12,billing.email,ridge_log,722.5448032121705,636.3858076810462,820.3317747471378
2026-11-13,billing.email,ridge_log,769.9496236569724,678.1462421911431,874.14388249378
2026-11-14,billing.email,ridge_log,0.0,0.0,0.0
2026-11-15,billing.email,ridge_log,0.0,0.0,0.0
2026-11-16,billing.email,ridge_log,1206.5641034663902,1062.7740125140338,1369.7716522182982
2026-11-17,billing.email,ridge_log,996.5610595927728,877.7755613371806,1131.3843675916557
2026-11-18,billing.email,ridge_log,858.4070448160544,756.0712360754085,974.5573053005436
2026-11-19,billing.email,ridge_log,732.8579579304827,645.4709981356345,832.038866720112
2026-11-20,billing.email,ridge_log,780.7863613872423,687.6926737996117,886.4453255304096
2026-11-21,billing.email,ridge_log,0.0,0.0,0.0
2026-11-22,billing.email,ridge_log,0.0,0.0,0.0
2026-11-23,billing.email,ridge_log,894.7297193427956,788.0690509932343,1015.7893921840946
2026-11-24,billing.email,ridge_log,804.2412531820107,708.3548440925534,913.0704061151057
2026-11-25,billing.email,ridge_log,768.6387688581723,676.9914679411008,872.6558511287974
2026-11-26,billing.email,ridge_log,1014.6145300794236,893.6794454752003,1151.8779648653694
2026-11-27,billing.email,ridge_log,992.8623138420882,874.5172169696323,1127.1856953259305
2026-11-28,billing.email,ridge_log,0.0,0.0,0.0
2026-11-29,billing.email,ridge_log,0.0,0.0,0.0
2026-11-30,billing.email,ridge_log,905.6682060007405,797.7051165121526,1028.206336644583
2026-12-01,billing.email,ridge_log,813.9425965558924,716.9010702109855,924.0829936541802
2026-12-02,billing.email,ridge_log,1063.057401907963,936.3543329126979,1206.8684281544242
2026-12-03,billing.email,ridge_log,943.0481521750426,830.6343161073818,1070.6385971662194
2026-12-04,billing.email,ridge_log,905.0390406082024,797.1508644355795,1027.4921325704818
2026-12-05,billing.email,ridge_log,0.0,0.0,0.0
2026-12-06,billing.email,ridge_log,0.0,0.0,0.0
2026-12-07,billing.email,ridge_log,915.7967608868624,806.6276870236542,1039.7038780704472
2026-12-08,billing.email,ridge_log,822.9432232475453,724.8300124151705,934.3001548790077
2026-12-09,billing.email,ridge_log,1074.6807565568517,946.5937207227994,1220.062808111453
2026-12-10,billing.email,ridge_log,953.2519944776507,839.6232097310922,1082.2216019380028
2026-12-11,billing.email,ridge_log,914.733186749383,805.6907502797093,1038.4965500910232
2026-12-12,billing.email,ridge_log,0.0,0.0,0.0
2026-12-13,billing.email,ridge_log,0.0,0.0,0.0
2026-12-14,billing.email,ridge_log,925.3381813143043,815.0330318631615,1050.5349273029904
2026-12-15,billing.email,ridge_log,831.4476097608167,732.321800649018,943.9540035610023
2026-12-16,billing.email,ridge_log,1085.6973027678748,956.2985514184155,1232.568362739462
2026-12-17,billing.email,ridge_log,962.9538010406791,848.1698438877754,1093.2347152713753
2026-12-18,billing.email,ridge_log,923.9800896220866,813.8366451109407,1048.9932744544888
2026-12-19,billing.email,ridge_log,0.0,0.0,0.0
2026-12-20,billing.email,ridge_log,0.0,0.0,0.0
2026-12-21,billing.email,ridge_log,538.774931261571,474.4970033250038,611.7233662097184
2026-12-22,billing.email,ridge_log,484.0415501928488,426.28060351186673,549.5921615817499
2026-12-23,billing.email,ridge_log,462.41061106227005,407.2252119192281,525.037561095263
2026-12-24,billing.email,ridge_log,384.6442509937771,338.718318395386,436.76021487173625
2026-12-25,billing.email,ridge_log,0.0,0.0,0.0
2026-12-26,billing.email,ridge_log,0.0,0.0,0.0
2026-12-27,billing.email,ridge_log,0.0,0.0,0.0
2026-12-28,billing.email,ridge_log,0.0,0.0,0.0
2026-12-29,billing.email,ridge_log,583.2992477439419,513.719909036331,662.265637932586
2026-12-30,billing.email,ridge_log,514.7741244575265,453.35391890183115,584.4785841469019
2026-12-31,billing.email,ridge_log,388.34619654702306,341.97948157216206,440.9625194288315
2027-01-01,billing.email,ridge_log,0.0,0.0,0.0
2027-01-02,billing.email,ridge_log,0.0,0.0,0.0
2027-01-03,billing.email,ridge_log,0.0,0.0,0.0
2027-01-04,billing.email,ridge_log,1078.0700327620066,949.5794433913792,1223.9101825899047
2027-01-05,billing.email,ridge_log,856.111264633085,754.0488093035973,971.9512249608363
2027-01-06,billing.email,ridge_log,817.858695463738,720.3508879814498,928.5283967671585
2027-01-07,billing.email,ridge_log,789.5436420958299,695.4072446826157,896.3862498633437
2027-01-08,billing.email,ridge_log,840.6933695724271,740.4666885208836,954.4494303659889
2027-01-09,billing.email,ridge_log,0.0,0.0,0.0
2027-01-10,billing.email,ridge_log,0.0,0.0,0.0
2027-01-11,billing.email,ridge_log,1243.492541146751,1095.3054637217556,1411.6913778648625
2027-01-12,billing.email,ridge_log,986.7822202498365,869.1610665213856,1120.2838096437163
2027-01-13,billing.email,ridge_log,941.3427966704462,829.1320134681586,1068.702743949213
2027-01-14,billing.email,ridge_log,906.8125869288012,798.7132385628738,1029.5053933486522
2027-01-15,billing.email,ridge_log,962.804498988117,848.0383188966512,1093.0652333903367
2027-01-16,billing.email,ridge_log,0.0,0.0,0.0
2027-01-17,billing.email,ridge_log,0.0,0.0,0.0
2027-01-18,billing.email,ridge_log,1230.444480280598,1083.8110062768803,1396.8797268423314
2027-01-19,billing.email,ridge_log,971.596518380099,855.7834922057219,1103.045591725051
2027-01-20,billing.email,ridge_log,922.2665157859941,812.3271026785696,1047.0480921073263
2027-01-21,billing.email,ridge_log,884.0312367210526,778.6444127667709,1003.6448909674479
2027-01-22,billing.email,ridge_log,933.9599676827398,822.6282414140201,1060.322043732785
2027-01-23,billing.email,ridge_log,0.0,0.0,0.0
2027-01-24,billing.email,ridge_log,0.0,0.0,0.0
2027-01-25,billing.email,ridge_log,1039.3152322485528,915.4390902878708,1179.9172409151668
2027-01-26,billing.email,ridge_log,1262.6330924334397,1112.1669923805475,1433.4189869667414
2027-01-27,billing.email,ridge_log,1095.5825515840409,965.006785769481,1243.7897125812422
2027-01-28,billing.email,ridge_log,941.573099831694,829.3348949471414,1068.9641751372478
2027-01-29,billing.email,ridge_log,874.8057818708735,770.5174121899972,993.1725135646545
2027-01-30,billing.email,ridge_log,0.0,0.0,0.0
2027-01-31,billing.email,ridge_log,0.0,0.0,0.0
2027-02-01,billing.email,ridge_log,986.8713488216727,869.2395827535369,1120.3849849306584
2027-02-02,billing.email,ridge_log,1211.4365925080442,1067.0663451843386,1375.3027122000385
2027-02-03,billing.email,ridge_log,1062.855430224185,936.1764095455351,1206.6391577572952
2027-02-04,billing.email,ridge_log,924.2522841722696,814.0764300648813,1049.3022591173365
2027-02-05,billing.email,ridge_log,869.4771210029479,765.8232230524046,987.1236250744216
2027-02-06,billing.email,ridge_log,0.0,0.0,0.0
2027-02-07,billing.email,ridge_log,0.0,0.0,0.0
2027-02-08,billing.email,ridge_log,993.462046268472,875.0455405974951,1127.8664882420285
2027-02-09,billing.email,ridge_log,1219.2763674362952,1073.972655647983,1384.2021196693631
2027-02-10,billing.email,ridge_log,1069.5073025764443,942.0362583357967,1214.1901044411554
2027-02-11,billing.email,ridge_log,929.8326142921496,818.992322759535,1055.6368327504647
2027-02-12,billing.email,ridge_log,874.527503199064,770.2722675371831,992.8566224436569
2027-02-13,billing.email,ridge_log,0.0,0.0,0.0
2027-02-14,billing.email,ridge_log,0.0,0.0,0.0
2026-08-17,billing.messaging,ridge_log,579.5336403243592,506.5912788239595,662.9320209404458
2026-08-18,billing.messaging,ridge_log,473.877358116602,414.20834957732524,542.0953029342137
2026-08-19,billing.messaging,ridge_log,406.4761016187814,355.2745561477165,465.00999901752056
2026-08-20,billing.messaging,ridge_log,396.3549136086031,346.42486944382887,453.4346235081958
2026-08-21,billing.messaging,ridge_log,407.8762875678294,356.4988399930319,466.61136025365334
2026-08-22,billing.messaging,ridge_log,208.86482475978474,182.48872432652638,239.00641799326905
2026-08-23,billing.messaging,ridge_log,0.0,0.0,0.0
2026-08-24,billing.messaging,ridge_log,471.55139301487304,412.17459006077667,539.4351488646497
2026-08-25,billing.messaging,ridge_log,426.7354458377231,372.98876607875917,488.1801561839603
2026-08-26,billing.messaging,ridge_log,552.6308788115077,483.06824866003836,632.1639365578717
2026-08-27,billing.messaging,ridge_log,491.0786222633118,429.2486589220495,561.7680025751072
2026-08-28,billing.messaging,ridge_log,457.0406016864119,399.48675569259484,522.8394825856047
2026-08-29,billing.messaging,ridge_log,210.06972972424285,183.54225988309244,240.38444075133128
2026-08-30,billing.messaging,ridge_log,0.0,0.0,0.0
2026-08-31,billing.messaging,ridge_log,0.0,0.0,0.0
2026-09-01,billing.messaging,ridge_log,528.8890198020614,462.3090241707612,605.0109054070408
2026-09-02,billing.messaging,ridge_log,602.6791009478983,526.8290290692372,689.4029646462958
2026-09-03,billing.messaging,ridge_log,495.08516714727364,432.75187089207407,566.3501980130521
2026-09-04,billing.messaging,ridge_log,460.9827526753704,402.9336634228554,527.3480321714599
2026-09-05,billing.messaging,ridge_log,211.9829541107249,185.21513034035266,242.572552530784
2026-09-06,billing.messaging,ridge_log,0.0,0.0,0.0
2026-09-07,billing.messaging,ridge_log,479.46183793927094,419.09126419022465,548.4821471373481
2026-09-08,billing.messaging,ridge_log,434.2906798862864,379.5948536484289,496.820907752354
2026-09-09,billing.messaging,ridge_log,562.9137769725512,492.0593302447004,643.9242563363919
2026-09-10,billing.messaging,ridge_log,500.65911778796254,437.6255790796331,572.725000227133
2026-09-11,billing.messaging,ridge_log,466.361680162983,407.6368487624054,533.4997907835842
2026-09-12,billing.messaging,ridge_log,214.5473416646333,187.4573598510204,245.50538500638643
2026-09-13,billing.messaging,ridge_log,0.0,0.0,0.0
2026-09-14,billing.messaging,ridge_log,485.6132072843206,424.4698513134796,555.5173301607136
2026-09-15,billing.messaging,ridge_log,440.02250349753524,384.6066015924931,503.37626573865924
2026-09-16,billing.messaging,ridge_log,699.8143596551183,611.7614111765056,800.494379369622
2026-09-17,billing.messaging,ridge_log,614.2235231954835,536.9231524039462,702.6060612017216
2026-09-18,billing.messaging,ridge_log,564.8164875936258,493.7230077564446,646.1003437583792
2026-09-19,billing.messaging,ridge_log,256.70787586317005,224.32136421003202,293.72344147673465
2026-09-20,billing.messaging,ridge_log,0.0,0.0,0.0
2026-09-21,billing.messaging,ridge_log,567.049780195094,495.6757370033699,648.6545103698674
2026-09-22,billing.messaging,ridge_log,508.00036697620186,444.04456420922,581.1210221146762
2026-09-23,billing.messaging,ridge_log,481.22532980092996,420.63321267145466,550.4990131896152
2026-09-24,billing.messaging,ridge_log,465.0704764668024,406.50785598303906,532.0230701034341
2026-09-25,billing.messaging,ridge_log,474.48971597809714,414.7437783451185,542.7956428731384
2026-09-26,billing.messaging,ridge_log,326.4816721792588,285.3296407994296,373.522165920708
2026-09-27,billing.messaging,ridge_log,0.0,0.0,0.0
2026-09-28,billing.messaging,ridge_log,597.0858647964462,521.9384581647712,683.0061060265094
2026-09-29,billing.messaging,ridge_log,481.308229239632,420.7056976465093,550.5938234165889
2026-09-30,billing.messaging,ridge_log,457.2670217929976,399.6847311678779,523.0984341784371
2026-10-01,billing.messaging,ridge_log,443.1981989021013,387.3833417705357,507.00823727936387
2026-10-02,billing.messaging,ridge_log,613.8784784186466,536.6214547997967,702.2114412366145
2026-10-03,billing.messaging,ridge_log,284.9783229786743,249.04026081579005,326.0557171788933
2026-10-04,billing.messaging,ridge_log,0.0,0.0,0.0
2026-10-05,billing.messaging,ridge_log,516.3980525459544,451.38726807514274,590.7252665750467
2026-10-06,billing.messaging,ridge_log,465.2886839641001,406.69865058003523,532.2726291193945
2026-10-07,billing.messaging,ridge_log,443.29857860998135,387.4711110092133,507.12303929776925
2026-10-08,billing.messaging,ridge_log,433.21685533917264,378.65593118128925,495.5927987248888
2026-10-09,billing.messaging,ridge_log,604.7852241849727,528.670564943202,691.8116905106443
2026-10-10,billing.messaging,ridge_log,282.8494664707941,247.1788475989497,323.6209917830799
2026-10-11,billing.messaging,ridge_log,0.0,0.0,0.0
2026-10-12,billing.messaging,ridge_log,519.6067794323417,454.19289006678173,594.3950154799625
2026-10-13,billing.messaging,ridge_log,471.11165708750957,411.790097135075,538.9322327564762
2026-10-14,billing.messaging,ridge_log,451.47683722768807,394.62195402065515,516.4763300791602
2026-10-15,billing.messaging,ridge_log,441.2160584557547,385.6502130177024,504.74130774939084
2026-10-16,billing.messaging,ridge_log,615.9494549526745,538.432259369262,704.5799706057226
2026-10-17,billing.messaging,ridge_log,288.0805930787569,251.75279993955306,329.60371384723845
2026-10-18,billing.messaging,ridge_log,0.0,0.0,0.0
2026-10-19,billing.messaging,ridge_log,529.190536993465,462.57266245878384,605.3557438498705
2026-10-20,billing.messaging,ridge_log,479.79355340227056,419.3813070112284,548.8615226654588
2026-10-21,billing.messaging,ridge_log,459.7864564331981,401.8876550948195,525.9798550158125
2026-10-22,billing.messaging,ridge_log,449.324105924811,392.739665343777,514.0142996162916
2026-10-23,billing.messaging,ridge_log,463.35917242523806,405.01153908746215,530.0658900894069
2026-10-24,billing.messaging,ridge_log,237.82706557832194,207.81250620162308,272.12988262300615
2026-10-25,billing.messaging,ridge_log,0.0,0.0,0.0
2026-10-26,billing.messaging,ridge_log,729.3428180323281,637.5802780154872,834.2654143097826
2026-10-27,billing.messaging,ridge_log,602.3327954536184,526.5262291286443,689.006902826952
2026-10-28,billing.messaging,ridge_log,521.7810556747698,456.09401704257186,596.8816864065176
2026-10-29,billing.messaging,ridge_log,457.44337788577496,399.8389320549508,523.3001286826003
2026-10-30,billing.messaging,ridge_log,471.7074856899044,412.3110731761392,539.613668552845
2026-10-31,billing.messaging,ridge_log,242.1082344598347,211.5558417952036,277.02615936171605
2026-11-01,billing.messaging,ridge_log,0.0,0.0,0.0
2026-11-02,billing.messaging,ridge_log,742.358294709567,648.9606506337498,849.1509227916318
2026-11-03,billing.messaging,ridge_log,613.0536987650771,535.9002902955417,701.2681592629058
2026-11-04,billing.messaging,ridge_log,531.0441935179045,464.193448425946,607.4757292027873
2026-11-05,billing.messaging,ridge_log,465.5440357817616,406.92192314283125,532.5646692606751
2026-11-06,billing.messaging,ridge_log,480.0378745606183,419.59493467078124,549.1409472893178
2026-11-07,billing.messaging,ridge_log,246.3815175785464,215.2922822960203,281.91341733054367
2026-11-08,billing.messaging,ridge_log,0.0,0.0,0.0
2026-11-09,billing.messaging,ridge_log,755.3637612990497,660.332270708296,864.0249829608379
2026-11-10,billing.messaging,ridge_log,623.7744866746104,545.2742505581892,713.5292837162683
2026-11-11,billing.messaging,ridge_log,540.3155591075595,472.3000739231839,618.0791818880416
2026-11-12,billing.messaging,ridge_log,473.66026052896365,414.0185254546197,541.8470132970134
2026-11-13,billing.messaging,ridge_log,488.3939442539442,426.90125076602794,558.6975966060841
2026-11-14,billing.messaging,ridge_log,250.67344990830267,219.0450291508789,286.8220039833732
2026-11-15,billing.messaging,ridge_log,0.0,0.0,0.0
2026-11-16,billing.messaging,ridge_log,768.4635815345081,671.7863909997549,879.0069532767327
2026-11-17,billing.messaging,ridge_log,634.5901168582253,554.7311382806431,725.8988771493147
2026-11-18,billing.messaging,ridge_log,549.6844870983423,480.49200528404106,628.7942145012163
2026-11-19,billing.messaging,ridge_log,481.87610326007473,421.20223097472535,551.2432881851519
2026-11-20,billing.messaging,ridge_log,496.8677407108266,434.310503885376,568.3888873793964
2026-11-21,billing.messaging,ridge_log,255.0338662257547,222.85765650936327,291.80891423548354
2026-11-22,billing.messaging,ridge_log,0.0,0.0,0.0
2026-11-23,billing.messaging,ridge_log,577.6178278566281,504.91614542007727,660.7409492305703
2026-11-24,billing.messaging,ridge_log,523.6480374644332,457.7264542528844,599.0169115661225
2026-11-25,billing.messaging,ridge_log,501.76349882292146,438.591219294129,573.9880560237619
2026-11-26,billing.messaging,ridge_log,663.6928815836217,580.1777903710602,759.183055816603
2026-11-27,billing.messaging,ridge_log,623.3663572105468,544.9173934493244,713.062515210614
2026-11-28,billing.messaging,ridge_log,289.3248057639785,252.84070507935883,331.0266919630902
2026-11-29,billing.messaging,ridge_log,0.0,0.0,0.0
2026-11-30,billing.messaging,ridge_log,587.8200761042538,513.8367089523401,672.4090315136832
2026-12-01,billing.messaging,ridge_log,532.9275424119471,465.840196579387,609.6296730522338
2026-12-02,billing.messaging,ridge_log,691.2686114851181,604.289245470388,790.7207990373133
2026-12-03,billing.messaging,ridge_log,615.3255257876643,537.8867129738976,703.8663968267404
2026-12-04,billing.messaging,ridge_log,573.6129119582239,501.4143577899439,656.1606168268373
2026-12-05,billing.messaging,ridge_log,264.1965718881955,230.86927277328334,302.2880950013686
2026-12-06,billing.messaging,ridge_log,0.0,0.0,0.0
2026-12-07,billing.messaging,ridge_log,598.4659904160345,523.1452018131533,684.584524714188
2026-12-08,billing.messaging,ridge_log,542.6200059683755,474.31501848537073,620.7147260285519
2026-12-09,billing.messaging,ridge_log,703.8868867237377,615.3223161428137,805.1520371508776
2026-12-10,billing.messaging,ridge_log,626.6058474766802,547.7499140888722,716.7674475023159
2026-12-11,billing.messaging,ridge_log,584.173192354339,510.647974724719,668.2381724404532
2026-12-12,billing.messaging,ridge_log,269.09041045732897,235.148309786792,307.8850683075426
2026-12-13,billing.messaging,ridge_log,0.0,0.0,0.0
2026-12-14,billing.messaging,ridge_log,609.6178826109737,532.8961077326455,697.3386934605952
2026-12-15,billing.messaging,ridge_log,552.7726697144361,483.1922267016592,632.3260996303837
2026-12-16,billing.messaging,ridge_log,717.1015903913374,626.8768873280704,820.2653970690106
2026-12-17,billing.messaging,ridge_log,638.4150676360247,558.0755693896468,730.2733874847798
2026-12-18,billing.messaging,ridge_log,595.2228212815601,520.3094644729365,680.8753849833539
2026-12-19,billing.messaging,ridge_log,274.2075150090634,239.6225643968582,313.7373859057568
2026-12-20,billing.messaging,ridge_log,0.0,0.0,0.0
2026-12-21,billing.messaging,ridge_log,351.63530377267153,307.3232801669479,402.28980968191064
2026-12-22,billing.messaging,ridge_log,318.82288515430065,278.6330093729094,364.7629831379476
2026-12-23,billing.messaging,ridge_log,305.5574329766948,267.03406509490986,349.59158328821076
2026-12-24,billing.messaging,ridge_log,250.91380112229285,219.25518560094906,287.0968882709944
2026-12-25,billing.messaging,ridge_log,0.0,0.0,0.0
2026-12-26,billing.messaging,ridge_log,263.5267455550097,230.2835951642175,301.522029661523
2026-12-27,billing.messaging,ridge_log,0.0,0.0,0.0
2026-12-28,billing.messaging,ridge_log,0.0,0.0,0.0
2026-12-29,billing.messaging,ridge_log,399.9675740068988,349.58367971988616,457.566342102484
2026-12-30,billing.messaging,ridge_log,337.1286605824332,294.63907281603315,385.69888753542654
2026-12-31,billing.messaging,ridge_log,255.7740398584079,223.50484385030308,292.65543420245234
2027-01-01,billing.messaging,ridge_log,0.0,0.0,0.0
2027-01-02,billing.messaging,ridge_log,268.7466571403802,234.84774139942886,307.4919253561167
2027-01-03,billing.messaging,ridge_log,0.0,0.0,0.0
2027-01-04,billing.messaging,ridge_log,719.7040918606319,629.1524425915932,823.2418195739932
2027-01-05,billing.messaging,ridge_log,585.5158645249152,511.8219701137661,669.7737564593166
2027-01-06,billing.messaging,ridge_log,561.1485726454475,490.5158844310761,641.9054317758402
2027-01-07,billing.messaging,ridge_log,548.4175568589161,479.3842365435209,627.3452548286236
2027-01-08,billing.messaging,ridge_log,565.5685040390264,494.3805501251146,646.9604080844194
2027-01-09,billing.messaging,ridge_log,482.42236775867775,421.6798695350636,551.868038628715
2027-01-10,billing.messaging,ridge_log,0.0,0.0,0.0
2027-01-11,billing.messaging,ridge_log,875.2377538330943,765.1467724054902,1001.1221770835176
2027-01-12,billing.messaging,ridge_log,702.9030329578093,614.462061636905,804.0268256860346
2027-01-13,billing.messaging,ridge_log,665.2186939158179,581.511918449235,760.9280931268644
2027-01-14,billing.messaging,ridge_log,642.2286223958579,561.4100361359124,734.6348644503345
2027-01-15,billing.messaging,ridge_log,654.506276870843,572.1452774389033,748.6765422433737
2027-01-16,billing.messaging,ridge_log,449.9410129600183,393.27907178317116,514.7198423430631
2027-01-17,billing.messaging,ridge_log,0.0,0.0,0.0
2027-01-18,billing.messaging,ridge_log,820.5154034683001,717.2990636244864,938.5374534731748
2027-01-19,billing.messaging,ridge_log,660.6059382940914,577.4786525862925,755.6525880774041
2027-01-20,billing.messaging,ridge_log,626.7564446401542,547.8815920810111,716.9396820973161
2027-01-21,billing.messaging,ridge_log,606.6067367624355,530.2632451326743,693.8949135530269
2027-01-22,billing.messaging,ridge_log,619.7432906473532,541.7494843106591,708.918895319148
2027-01-23,billing.messaging,ridge_log,315.41450137761154,275.65281292166486,360.86489112983634
2027-01-24,billing.messaging,ridge_log,0.0,0.0,0.0
2027-01-25,billing.messaging,ridge_log,702.2636294702386,613.9029849221276,803.2955542717342
2027-01-26,billing.messaging,ridge_log,854.9940992934268,747.4462810958112,977.9699638510347
2027-01-27,billing.messaging,ridge_log,740.7216259352203,647.5295927503829,847.2791014571801
2027-01-28,billing.messaging,ridge_log,649.6772633735983,567.922921674295,743.1537079166136
2027-01-29,billing.messaging,ridge_log,596.9480002610713,521.8179132302814,682.8484334524225
2027-01-30,billing.messaging,ridge_log,304.5273734224753,266.13340952641124,348.41352730060663
2027-01-31,billing.messaging,ridge_log,0.0,0.0,0.0
2027-02-01,billing.messaging,ridge_log,688.4773321152754,601.8486280348368,787.5284754854865
2027-02-02,billing.messaging,ridge_log,844.1173491989432,737.9359518147168,965.5304689480532
2027-02-03,billing.messaging,ridge_log,736.1549039245294,643.5365774030029,842.0562440152192
2027-02-04,billing.messaging,ridge_log,649.7023504506006,567.9448571201701,743.1823994433831
2027-02-05,billing.messaging,ridge_log,600.4598596390025,524.8885858836838,686.864868182675
2027-02-06,billing.messaging,ridge_log,307.99227084321444,269.16301994406314,352.37625269470186
2027-02-07,billing.messaging,ridge_log,0.0,0.0,0.0
2027-02-08,billing.messaging,ridge_log,695.7476071487304,608.2055553276081,795.843325825553
2027-02-09,billing.messaging,ridge_log,852.6864210078903,745.4285110652746,975.330724002616
2027-02-10,billing.messaging,ridge_log,743.3277306039761,649.8082985518001,850.2596448604955
2027-02-11,billing.messaging,ridge_log,655.7655485478663,573.2463497444003,750.1167429900787
2027-02-12,billing.messaging,ridge_log,605.8144210632711,529.5704662117487,692.9887598751644
2027-02-13,billing.messaging,ridge_log,310.61408322846063,271.4554601380866,355.37476066073344
2027-02-14,billing.messaging,ridge_log,0.0,0.0,0.0
2026-08-17,metering.voice,ridge_log,675.4755252591576,594.5773665118093,767.3455047842283
2026-08-18,metering.voice,ridge_log,615.1330882584771,541.4504930143995,698.8075038917301
2026-08-19,metering.voice,ridge_log,570.7995242183611,502.4182005595558,648.4526623775429
2026-08-20,metering.voice,ridge_log,561.1707197700397,493.94077900875726,637.5160969904787
2026-08-21,metering.voice,ridge_log,585.7008908876949,515.537707515685,665.377896637981
2026-08-22,metering.voice,ridge_log,298.48902540197565,262.66975582121245,339.1576100298302
2026-08-23,metering.voice,ridge_log,0.0,0.0,0.0
2026-08-24,metering.voice,ridge_log,671.3296308038351,590.9272253970404,762.6365249683171
2026-08-25,metering.voice,ridge_log,611.1356718343171,537.9310753833149,694.2671680341698
2026-08-26,metering.voice,ridge_log,566.886787370125,498.97333678047863,644.0085070711623
2026-08-27,metering.voice,ridge_log,557.127050618539,490.38063940957727,632.9232264719844
2026-08-28,metering.voice,ridge_log,581.2785011123793,511.64413354307953,660.3548685762515
2026-08-29,metering.voice,ridge_log,296.1300536289841,260.59286265618715,336.47824841437455
2026-08-30,metering.voice,ridge_log,0.0,0.0,0.0
2026-08-31,metering.voice,ridge_log,0.0,0.0,0.0
2026-09-01,metering.voice,ridge_log,693.5563402004577,610.4961330691774,787.8820122933622
2026-09-02,metering.voice,ridge_log,612.87050634341,539.4584637037847,696.2376235716418
2026-09-03,metering.voice,ridge_log,551.8430903982035,485.7285189427167,626.9216115505786
2026-09-04,metering.voice,ridge_log,575.5945405395938,506.63984353882876,653.8989262216844
2026-09-05,metering.voice,ridge_log,293.1447947351919,257.9645718629975,333.0875388756669
2026-09-06,metering.voice,ridge_log,0.0,0.0,0.0
2026-09-07,metering.voice,ridge_log,658.532249588278,579.6601157685487,748.1010343787741
2026-09-08,metering.voice,ridge_log,599.1353810753209,527.3657425798331,680.6370267997174
2026-09-09,metering.voice,ridge_log,555.4406341698522,488.8958794663829,631.0077650188132
2026-09-10,metering.voice,ridge_log,545.5800233098698,480.21437020351453,619.8079098337397
2026-09-11,metering.voice,ridge_log,568.9324969848522,500.77442671512637,646.3320600194526
2026-09-12,metering.voice,ridge_log,289.6831602839692,254.9168690401514,329.15575360314426
2026-09-13,metering.voice,ridge_log,0.0,0.0,0.0
2026-09-14,metering.voice,ridge_log,650.5099803626723,572.5971248869223,738.9891999439429
2026-09-15,metering.voice,ridge_log,591.727309147211,520.843505167049,672.2228084542642
2026-09-16,metering.voice,ridge_log,548.477983421013,482.7658011346766,623.099463880218
2026-09-17,metering.voice,ridge_log,538.654865852125,474.1173018301721,611.9421942343803
2026-09-18,metering.voice,ridge_log,561.6286108246371,494.34391685572433,638.0361777009796
2026-09-19,metering.voice,ridge_log,285.91913076441904,251.60293062358724,324.8805026952731
2026-09-20,metering.voice,ridge_log,0.0,0.0,0.0
2026-09-21,metering.voice,ridge_log,641.9227631513753,565.0367407666355,729.2356876539882
2026-09-22,metering.voice,ridge_log,583.8567620003823,513.9140939034593,663.2833026241017
2026-09-23,metering.voice,ridge_log,541.1343185542945,476.3002691844652,614.7584002075049
2026-09-24,metering.voice,ridge_log,531.4022408675829,467.7319234923106,603.7045352605161
2026-09-25,metering.voice,ridge_log,554.0318036773726,487.6555126023066,629.4075905752478
2026-09-26,metering.voice,ridge_log,282.03027594912794,248.17909313721873,320.4634730218077
2026-09-27,metering.voice,ridge_log,0.0,0.0,0.0
2026-09-28,metering.voice,ridge_log,633.1642546472505,557.3255478408447,719.2876197019782
2026-09-29,metering.voice,ridge_log,575.8787664885164,506.8900826207028,654.2217550517615
2026-09-30,metering.voice,ridge_log,533.7351931176244,469.78590846911976,606.3543434443269
2026-10-01,metering.voice,ridge_log,524.1377251009604,461.3360762356123,595.4533705272999
2026-10-02,metering.voice,ridge_log,546.4660937622252,480.994487069387,620.8143242325096
2026-10-03,metering.voice,ridge_log,278.1789618385996,244.7883073533015,316.0890827408566
2026-10-04,metering.voice,ridge_log,0.0,0.0,0.0
2026-10-05,metering.voice,ridge_log,624.5833434560999,549.7707156861601,709.541269900579
2026-10-06,metering.voice,ridge_log,568.1030182680844,500.04413451870715,645.3899235089651
2026-10-07,metering.voice,ridge_log,526.5600447331811,463.4687423171932,598.2046837550566
2026-10-08,metering.voice,ridge_log,517.1277639936806,455.16434477299305,587.4913334517719
2026-10-09,metering.voice,ridge_log,539.2004682662541,474.59766278137124,612.5618990491878
2026-10-10,metering.voice,ridge_log,274.4976519150392,241.54719717719865,311.9077862044953
2026-10-11,metering.voice,ridge_log,0.0,0.0,0.0
2026-10-12,metering.voice,ridge_log,616.4543955624133,542.6138024443226,700.308267958906
2026-10-13,metering.voice,ridge_log,560.7683418065842,493.5865161677918,637.0590690249339
2026-10-14,metering.voice,ridge_log,519.8199787256451,457.5346327262511,590.5491982791422
2026-10-15,metering.voice,ridge_log,510.5693223724657,449.39014148142735,580.04214014718
2026-10-16,metering.voice,ridge_log,532.4292325070725,468.63611062206536,604.8710104213241
2026-10-17,metering.voice,ridge_log,271.07969783215094,238.53795155824042,308.02561386231974
2026-10-18,metering.voice,ridge_log,0.0,0.0,0.0
2026-10-19,metering.voice,ridge_log,608.9603278400747,536.0158523505733,691.7963740783805
2026-10-20,metering.voice,ridge_log,1020.8758596240538,898.6757884824015,1159.6572774211777
2026-10-21,metering.voice,ridge_log,901.0231919517233,793.1547351367574,1023.526510216634
2026-10-22,metering.voice,ridge_log,840.3641645646509,739.7491281601522,954.6289203969462
2026-10-23,metering.voice,ridge_log,829.9327081879816,730.5650333362921,942.7806888373534
2026-10-24,metering.voice,ridge_log,399.3636121429967,351.48206893401,453.73273923796125
2026-10-25,metering.voice,ridge_log,0.0,0.0,0.0
2026-10-26,metering.voice,ridge_log,793.6536137689293,698.6240817340254,901.5742555333092
2026-10-27,metering.voice,ridge_log,676.703916927097,595.6588708724494,768.7407336383864
2026-10-28,metering.voice,ridge_log,586.409187176039,516.1613079067185,666.1823920156227
2026-10-29,metering.voice,ridge_log,537.0073573481769,472.66679733904306,610.070925108927
2026-10-30,metering.voice,ridge_log,520.7363231712566,458.34140351413794,591.5899984117327
2026-10-31,metering.voice,ridge_log,265.19754461108107,233.35916817458897,301.34456081318706
2026-11-01,metering.voice,ridge_log,0.0,0.0,0.0
2026-11-02,metering.voice,ridge_log,596.141335023006,524.7297153695804,677.2363366518631
2026-11-03,metering.voice,ridge_log,542.5313442384211,477.5302428229575,616.3451665421895
2026-11-04,metering.voice,ridge_log,503.1395451127066,442.84879419396697,571.6032685044141
2026-11-05,metering.voice,ridge_log,494.40874203178055,435.1619937618611,561.6866688591929
2026-11-06,metering.voice,ridge_log,515.8110888819151,454.0051136319113,585.9958307099072
2026-11-07,metering.voice,ridge_log,262.7219919152458,231.1796344758368,298.5327845358273
2026-11-08,metering.voice,ridge_log,0.0,0.0,0.0
2026-11-09,metering.voice,ridge_log,590.7504904509785,519.9834914539127,671.1133206045535
2026-11-10,metering.voice,ridge_log,537.695766808498,473.2728889079415,610.8528326776477
2026-11-11,metering.voice,ridge_log,498.7188212694318,438.9566869463595,566.5821326375874
2026-11-12,metering.voice,ridge_log,490.12610458788384,431.39146096560347,556.8223739526294
2026-11-13,metering.voice,ridge_log,511.4057289535698,450.1265331294182,580.9921454477873
2026-11-14,metering.voice,ridge_log,260.50479214512274,229.22756065249277,296.0144500538801
2026-11-15,metering.voice,ridge_log,0.0,0.0,0.0
2026-11-16,metering.voice,ridge_log,585.9068479472097,515.7190368618401,665.6118262873367
2026-11-17,metering.voice,ridge_log,533.3430649900416,469.44066982009684,605.9089574225802
2026-11-18,metering.voice,ridge_log,494.73168205365886,435.4463176066104,562.053469814008
2026-11-19,metering.voice,ridge_log,486.2553762296007,427.9835824301207,552.425932627735
2026-11-20,metering.voice,ridge_log,507.4152479446911,446.6132215979313,576.4596869568427
2026-11-21,metering.voice,ridge_log,258.4917503460125,227.4552322162859,293.72800178493634
2026-11-22,metering.voice,ridge_log,0.0,0.0,0.0
2026-11-23,metering.voice,ridge_log,581.4878827001529,511.8284779229098,660.5926878650141
2026-11-24,metering.voice,ridge_log,529.3621196659288,465.93575372544416,601.3873297300499
2026-11-25,metering.voice,ridge_log,491.0759531588017,432.2277295582737,557.9012286598163
2026-11-26,metering.voice,ridge_log,482.6975299874715,424.85117252717464,548.3848683114949
2026-11-27,metering.voice,ridge_log,503.7382951954485,443.37594757860785,572.2833393756798
2026-11-28,metering.voice,ridge_log,256.63240571709366,225.81822231415777,291.61612546421594
2026-11-29,metering.voice,ridge_log,0.0,0.0,0.0
2026-11-30,metering.voice,ridge_log,577.3877145499795,508.2185953019955,655.935644790456
2026-12-01,metering.voice,ridge_log,525.660638856041,462.6768846357225,597.1831227463515
2026-12-02,metering.voice,ridge_log,487.67026682698685,429.22928475034945,554.0329902450027
2026-12-03,metering.voice,ridge_log,479.37719617869436,421.92787404942027,544.6135747930247
2026-12-04,metering.voice,ridge_log,500.3014611291379,440.3500795867266,568.3797228163834
2026-12-05,metering.voice,ridge_log,254.89216999870763,224.28607864443285,289.6395351382642
2026-12-06,metering.voice,ridge_log,0.0,0.0,0.0
2026-12-07,metering.voice,ridge_log,573.5429456254033,504.833572050773,651.5686886467875
2026-12-08,metering.voice,ridge_log,522.1879382004738,459.61943887129945,593.238768284367
2026-12-09,metering.voice,ridge_log,484.4744447200589,426.4156092471034,550.4031193066709
2026-12-10,metering.voice,ridge_log,476.2618987890561,419.18509436479707,541.0751652443845
2026-12-11,metering.voice,ridge_log,497.07845651505147,437.5124719771399,564.7189775084952
2026-12-12,metering.voice,ridge_log,253.26163152025717,222.85051495521162,287.7875408661398
2026-12-13,metering.voice,ridge_log,0.0,0.0,0.0
2026-12-14,metering.voice,ridge_log,569.9511821350169,501.67130062006794,647.4891005236401
2026-12-15,metering.voice,ridge_log,518.9506505640629,456.76925615938177,589.5618000685971
2026-12-16,metering.voice,ridge_log,481.50295740557834,423.7994432700185,547.0280517698789
2026-12-17,metering.voice,ridge_log,473.3741480088427,416.6426519640914,537.7952071354778
2026-12-18,metering.voice,ridge_log,494.10150483027206,434.89149504239344,561.3377034438425
2026-12-19,metering.voice,ridge_log,251.76172633696177,221.52996383245622,286.08392218746087
2026-12-20,metering.voice,ridge_log,0.0,0.0,0.0
2026-12-21,metering.voice,ridge_log,351.5874019359258,309.4187913798058,399.4676796783768
2026-12-22,metering.voice,ridge_log,320.12203756381666,281.71595875261016,363.7287655971625
2026-12-23,metering.voice,ridge_log,297.0234835517336,261.3794589695607,337.493021829013
2026-12-24,metering.voice,ridge_log,233.38572870138697,205.35131162185903,265.2121409842362
2026-12-25,metering.voice,ridge_log,0.0,0.0,0.0
2026-12-26,metering.voice,ridge_log,177.78326798409324,156.39762258475506,202.05788849317437
2026-12-27,metering.voice,ridge_log,0.0,0.0,0.0
2026-12-28,metering.voice,ridge_log,0.0,0.0,0.0
2026-12-29,metering.voice,ridge_log,364.8399470119945,321.08663777068125,414.52015338342824
2026-12-30,metering.voice,ridge_log,322.61268911014463,283.9087858276321,366.55769141438145
2026-12-31,metering.voice,ridge_log,232.32359275775838,204.41618263604147,264.00574830487614
2027-01-01,metering.voice,ridge_log,0.0,0.0,0.0
2027-01-02,metering.voice,ridge_log,177.0037078436766,155.7112798544628,201.17245037938014
2027-01-03,metering.voice,ridge_log,0.0,0.0,0.0
2027-01-04,metering.voice,ridge_log,561.610559201047,494.32802378990584,638.0156743495202
2027-01-05,metering.voice,ridge_log,511.57522325116554,450.27575981886724,581.1846600510631
2027-01-06,metering.voice,ridge_log,474.87341465415653,417.9626409032781,539.4981005514903
2027-01-07,metering.voice,ridge_log,467.0778859141165,411.0992775755282,530.64380194674
2027-01-08,metering.voice,ridge_log,487.77267251265874,429.31944507828,554.1493044232965
2027-01-09,metering.voice,ridge_log,248.66040823694462,218.7994918368857,282.5613905617577
2027-01-10,metering.voice,ridge_log,0.0,0.0,0.0
2027-01-11,metering.voice,ridge_log,560.3377324011569,493.2073977140795,636.5699752912294
2027-01-12,metering.voice,ridge_log,510.54603400381956,449.3696378644619,580.0156888086132
2027-01-13,metering.voice,ridge_log,474.0431084663969,417.2316201823098,538.5550241849016
2027-01-14,metering.voice,ridge_log,466.3883021763462,410.4921521456757,529.8605606130462
2027-01-15,metering.voice,ridge_log,487.1894432363555,428.8059565696571,553.4868623568723
2027-01-16,metering.voice,ridge_log,248.4344584735817,218.60056045307672,282.30475284785746
2027-01-17,metering.voice,ridge_log,0.0,0.0,0.0
2027-01-18,metering.voice,ridge_log,560.1668052448592,493.0569095027765,636.3758332218471
2027-01-19,metering.voice,ridge_log,510.54982241750747,449.3729732712627,580.0199917554883
2027-01-20,metering.voice,ridge_log,873.8978997664577,769.273002178398,992.7171264328463
2027-01-21,metering.voice,ridge_log,818.7284617016046,720.7005562733449,930.0547086838766
2027-01-22,metering.voice,ridge_log,812.2243566817424,714.9741921790312,922.6672318464531
2027-01-23,metering.voice,ridge_log,392.6136223147274,345.5392221823745,446.0659821119762
2027-01-24,metering.voice,ridge_log,0.0,0.0,0.0
2027-01-25,metering.voice,ridge_log,787.4496921099075,693.1620059951389,894.5277322349838
2027-01-26,metering.voice,ridge_log,674.532586867242,593.7471818001346,766.2744987798476
2027-01-27,metering.voice,ridge_log,587.262081390029,516.9122156470343,667.1511242595491
2027-01-28,metering.voice,ridge_log,540.3224642551546,475.58549393188054,613.8362818204333
2027-01-29,metering.voice,ridge_log,526.437237926275,463.3606203715207,598.0651976245703
2027-01-30,metering.voice,ridge_log,249.73013371981688,219.74130282812672,283.77640357323094
2027-01-31,metering.voice,ridge_log,0.0,0.0,0.0
2027-02-01,metering.voice,ridge_log,563.9037732948748,496.3470223773162,640.6203472368234
2027-02-02,metering.voice,ridge_log,514.3376583238849,452.70787137994853,584.3222823760842
2027-02-03,metering.voice,ridge_log,478.07472861188415,420.7811515586527,543.1342092305189
2027-02-04,metering.voice,ridge_log,470.86395798951696,414.43262276673437,534.9440891771005
2027-02-05,metering.voice,ridge_log,492.40231440786727,433.3954885980715,559.407733086729
2027-02-06,metering.voice,ridge_log,251.37574819953306,221.19013977663113,285.6455214326608
2027-02-07,metering.voice,ridge_log,0.0,0.0,0.0
2027-02-08,metering.voice,ridge_log,568.0509581436035,499.9982995842062,645.3307927042531
2027-02-09,metering.voice,ridge_log,518.3205975920216,456.2145429889154,588.8461748252944
2027-02-10,metering.voice,ridge_log,481.96209794918275,424.2036811959301,547.5495516719624
2027-02-11,metering.voice,ridge_log,474.8735872093288,417.96279282483215,539.4982965426888
2027-02-12,metering.voice,ridge_log,496.782502100992,437.25190688401057,564.3828272815045
2027-02-13,metering.voice,ridge_log,253.7112401139608,223.24636073255022,288.2982142119343
2027-02-14,metering.voice,ridge_log,0.0,0.0,0.0
2026-08-17,metering.email,ridge_log,277.52723495475857,241.38530002067813,319.03455231021064
2026-08-18,metering.email,ridge_log,254.33754497131443,221.20387313280332,292.38818461203056
2026-08-19,metering.email,ridge_log,237.05858508878725,206.16641183786138,272.5336061851249
2026-08-20,metering.email,ridge_log,235.46863921911913,204.7827203634478,270.70666143969595
2026-08-21,metering.email,ridge_log,241.90960127869238,210.3881340186392,278.10771956043607
2026-08-22,metering.email,ridge_log,0.0,0.0,0.0
2026-08-23,metering.email,ridge_log,0.0,0.0,0.0
2026-08-24,metering.email,ridge_log,276.4714459743744,240.46647238081488,317.821386398847
2026-08-25,metering.email,ridge_log,253.33071819265663,220.32765611408752,291.23127925574323
2026-08-26,metering.email,ridge_log,236.08390746198384,205.31817344922297,271.4136421644961
2026-08-27,metering.email,ridge_log,234.46503741815957,203.9093099649015,269.55346177941516
2026-08-28,metering.email,ridge_log,240.84257178789784,209.45952403415686,276.8816376172617
2026-08-29,metering.email,ridge_log,0.0,0.0,0.0
2026-08-30,metering.email,ridge_log,0.0,0.0,0.0
2026-08-31,metering.email,ridge_log,0.0,0.0,0.0
2026-09-01,metering.email,ridge_log,299.35320491142505,260.37991431918266,344.1139225497428
2026-09-02,metering.email,ridge_log,277.3870901962577,241.26333542350483,318.873517437875
2026-09-03,metering.email,ridge_log,233.22646781069182,202.83141276159694,268.13026978314707
2026-09-04,metering.email,ridge_log,239.53636314214856,208.322762210117,275.3807242419632
2026-09-05,metering.email,ridge_log,0.0,0.0,0.0
2026-09-06,metering.email,ridge_log,0.0,0.0,0.0
2026-09-07,metering.email,ridge_log,273.52418566544054,237.90154294507218,314.4348046053789
2026-09-08,metering.email,ridge_log,250.55804204775615,217.9146630580349,288.0453053113853
2026-09-09,metering.email,ridge_log,233.4333034479815,203.01141681920828,268.3679365414454
2026-09-10,metering.email,ridge_log,231.76744552332377,201.5616609175093,266.45376421637127
2026-09-11,metering.email,ridge_log,238.00547252563373,206.99046509564133,273.62163758308714
2026-09-12,metering.email,ridge_log,0.0,0.0,0.0
2026-09-13,metering.email,ridge_log,0.0,0.0,0.0
2026-09-14,metering.email,ridge_log,271.66656509589683,236.2849006468602,312.30028530929934
2026-09-15,metering.email,ridge_log,248.8224128158284,216.4041868734194,286.0509615002057
2026-09-16,metering.email,ridge_log,231.7848276014325,201.57678812010502,266.47373728392733
2026-09-17,metering.email,ridge_log,230.10004153469583,200.11055951369283,264.53781536952977
2026-09-18,metering.email,ridge_log,236.26205917977012,205.4732145847457,271.61834935038706
2026-09-19,metering.email,ridge_log,0.0,0.0,0.0
2026-09-20,metering.email,ridge_log,0.0,0.0,0.0
2026-09-21,metering.email,ridge_log,269.571364657148,234.461498328837,309.8927722579327
2026-09-22,metering.email,ridge_log,246.87060076411868,214.70557200411437,283.8082104481335
2026-09-23,metering.email,ridge_log,229.93631671566817,199.96807375957982,264.34968556994016
2026-09-24,metering.email,ridge_log,228.23546547521224,198.48786402064331,262.39530379142354
2026-09-25,metering.email,ridge_log,234.31769871673092,203.7810846530168,269.38416062803094
2026-09-26,metering.email,ridge_log,0.0,0.0,0.0
2026-09-27,metering.email,ridge_log,0.0,0.0,0.0
2026-09-28,metering.email,ridge_log,267.25237032536165,232.44333359296712,307.22810637844526
2026-09-29,metering.email,ridge_log,244.71552728455455,212.83006362531017,281.33189962232865
2026-09-30,metering.email,ridge_log,227.9001360414827,198.19603491663216,262.0099898265728
2026-10-01,metering.email,ridge_log,226.18637065611583,196.70458630940868,260.0407689081603
2026-10-02,metering.email,ridge_log,232.18582631185268,201.9257676089319,266.93450925164143
2026-10-03,metering.email,ridge_log,0.0,0.0,0.0
2026-10-04,metering.email,ridge_log,0.0,0.0,0.0
2026-10-05,metering.email,ridge_log,264.7268162401666,230.24540489456166,304.3260907480598
2026-10-06,metering.email,ridge_log,242.3736843517611,210.7920143040472,278.64097930717355
2026-10-07,metering.email,ridge_log,225.6923617384845,196.27466228454017,259.47312254140064
2026-10-08,metering.email,ridge_log,223.9694746999083,194.77527532292422,257.493420287291
2026-10-09,metering.email,ridge_log,229.8844379906439,199.9229249586747,264.2900737517703
2026-10-10,metering.email,ridge_log,0.0,0.0,0.0
2026-10-11,metering.email,ridge_log,0.0,0.0,0.0
2026-10-12,metering.email,ridge_log,262.0184343442548,227.88836556993883,301.21399481589833
2026-10-13,metering.email,ridge_log,239.86789810109553,208.61128907440622,275.76167812393436
2026-10-14,metering.email,ridge_log,223.33531788092733,194.2233839657371,256.76473543687086
2026-10-15,metering.email,ridge_log,221.60803088422938,192.72016782687865,254.77997736260772
2026-10-16,metering.email,ridge_log,227.43856968828308,197.79434487171775,261.4796219444128
2026-10-17,metering.email,ridge_log,0.0,0.0,0.0
2026-10-18,metering.email,ridge_log,0.0,0.0,0.0
2026-10-19,metering.email,ridge_log,259.1600184333258,225.40075526713892,297.92950065270253
2026-10-20,metering.email,ridge_log,457.3936875860689,397.9187278479467,525.7120730878884
2026-10-21,metering.email,ridge_log,395.03648997253714,343.6507654272026,454.0598510260795
2026-10-22,metering.email,ridge_log,364.32757806820365,316.92554137953505,418.7734388835245
2026-10-23,metering.email,ridge_log,348.254037966093,302.93712779437465,400.3039612804147
2026-10-24,metering.email,ridge_log,0.0,0.0,0.0
2026-10-25,metering.email,ridge_log,0.0,0.0,0.0
2026-10-26,metering.email,ridge_log,324.73324789989584,282.46755250445483,373.27713939952525
2026-10-27,metering.email,ridge_log,279.25502631329863,242.8889550934614,321.0198899269819
2026-10-28,metering.email,ridge_log,244.75293036657405,212.86261462386588,281.37487804408624
2026-10-29,metering.email,ridge_log,229.0893693467952,199.230995928225,263.3764914035625
2026-10-30,metering.email,ridge_log,222.2585304653642,193.2862818950977,255.52744104318325
2026-10-31,metering.email,ridge_log,0.0,0.0,0.0
2026-11-01,metering.email,ridge_log,0.0,0.0,0.0
2026-11-02,metering.email,ridge_log,253.1778734213797,220.19463900265046,291.0556512943907
2026-11-03,metering.email,ridge_log,231.7305574736978,201.52955813920164,266.411377598236
2026-11-04,metering.email,ridge_log,215.72074547718313,187.59660558455542,248.01512747404595
2026-11-05,metering.email,ridge_log,214.01938078084996,186.11594899737497,246.0601557034202
2026-11-06,metering.email,ridge_log,219.6205349875493,190.99049816948192,252.49622339697166
2026-11-07,metering.email,ridge_log,0.0,0.0,0.0
2026-11-08,metering.email,ridge_log,0.0,0.0,0.0
2026-11-09,metering.email,ridge_log,250.1728375654083,217.57942890428228,287.60268187472207
2026-11-10,metering.email,ridge_log,228.9812350623721,199.1368892732108,263.2522385176647
2026-11-11,metering.email,ridge_log,213.16383686919713,185.3713898025468,245.07708358524542
2026-11-12,metering.email,ridge_log,211.48709665090738,183.91216330363574,243.15040684127976
2026-11-13,metering.email,ridge_log,217.0283028081969,188.73454113679432,249.51759057094458
2026-11-14,metering.email,ridge_log,0.0,0.0,0.0
2026-11-15,metering.email,ridge_log,0.0,0.0,0.0
2026-11-16,metering.email,ridge_log,247.25158302620457,215.03713166158943,284.2459822962812
2026-11-17,metering.email,ridge_log,226.3185206945114,196.81959329484116,260.1926173596459
2026-11-18,metering.email,ridge_log,210.69688392267776,183.22446025922164,242.24240423619014
2026-11-19,metering.email,ridge_log,209.05337408622609,181.79415335871832,240.35391122705838
2026-11-20,metering.email,ridge_log,214.54682579028315,186.57497164506236,246.66622217830457
2026-11-21,metering.email,ridge_log,0.0,0.0,0.0
2026-11-22,metering.email,ridge_log,0.0,0.0,0.0
2026-11-23,metering.email,ridge_log,244.48966520781119,212.6335013171554,281.0723703250299
2026-11-24,metering.email,ridge_log,223.8119195139406,194.63815885139388,257.3123797722583
2026-11-25,metering.email,ridge_log,208.3848399878675,181.21234428590589,239.58572478660346
2026-11-26,metering.email,ridge_log,206.7828105177599,179.8181367459914,237.7448952475159
2026-11-27,metering.email,ridge_log,212.24246538027037,184.56954245773005,244.01837156718526
2026-11-28,metering.email,ridge_log,0.0,0.0,0.0
2026-11-29,metering.email,ridge_log,0.0,0.0,0.0
2026-11-30,metering.email,ridge_log,241.96237989050428,210.4340659692727,278.1683654033923
2026-12-01,metering.email,ridge_log,221.53013186452552,192.65237419221114,254.6904666393579
2026-12-02,metering.email,ridge_log,206.29137726414288,179.39045425928185,237.18020847575045
2026-12-03,metering.email,ridge_log,204.73820227274905,178.03876359177968,235.39551571142954
2026-12-04,metering.email,ridge_log,210.17918981676888,182.77392358727204,241.6475421439812
2026-12-05,metering.email,ridge_log,0.0,0.0,0.0
2026-12-06,metering.email,ridge_log,0.0,0.0,0.0
2026-12-07,metering.email,ridge_log,239.7404399116857,208.5003652917825,275.6152208930019
2026-12-08,metering.email,ridge_log,219.53709969862106,190.9178864534747,252.4003511628291
2026-12-09,metering.email,ridge_log,204.47521750981102,177.80989430678073,235.09333018427208
2026-12-10,metering.email,ridge_log,202.9769238763228,176.50596555903127,233.3716994463764
2026-12-11,metering.email,ridge_log,208.41488702020519,181.2384934921589,239.62025065876827
2026-12-12,metering.email,ridge_log,0.0,0.0,0.0
2026-12-13,metering.email,ridge_log,0.0,0.0,0.0
2026-12-14,metering.email,ridge_log,237.8859227416345,206.88642380716507,273.4842675921577
2026-12-15,metering.email,ridge_log,217.88835497735155,189.4830237591987,250.50584295186357
2026-12-16,metering.email,ridge_log,202.98679289239408,176.51455432526487,233.38303954756975
2026-12-17,metering.email,ridge_log,201.5476820318773,175.26213091486997,231.72941342427308
2026-12-18,metering.email,ridge_log,206.99810874191192,180.0055055884777,237.99228603409458
2026-12-19,metering.email,ridge_log,0.0,0.0,0.0
2026-12-20,metering.email,ridge_log,0.0,0.0,0.0
2026-12-21,metering.email,ridge_log,125.35206641883349,108.95092767027747,144.17600533370023
2026-12-22,metering.email,ridge_log,114.80492403710058,99.77200449342975,132.0566956633528
2026-12-23,metering.email,ridge_log,106.94947138257729,92.93559385009617,123.03030160558349
2026-12-24,metering.email,ridge_log,95.73508547492912,83.17598475445092,110.14428844120653
2026-12-25,metering.email,ridge_log,0.0,0.0,0.0
2026-12-26,metering.email,ridge_log,0.0,0.0,0.0
2026-12-27,metering.email,ridge_log,0.0,0.0,0.0
2026-12-28,metering.email,ridge_log,0.0,0.0,0.0
2026-12-29,metering.email,ridge_log,135.91281364506793,118.14169081457727,156.31094779988592
2026-12-30,metering.email,ridge_log,125.95085155959555,109.47203591055417,144.8640459691871
2026-12-31,metering.email,ridge_log,95.41540342462936,82.8977731901697,109.77695427395905
2027-01-01,metering.email,ridge_log,0.0,0.0,0.0
2027-01-02,metering.email,ridge_log,0.0,0.0,0.0
2027-01-03,metering.email,ridge_log,0.0,0.0,0.0
2027-01-04,metering.email,ridge_log,234.93199050310508,204.3156879523012,270.09001934478755
2027-01-05,metering.email,ridge_log,215.36261178249111,187.28493048322068,247.6036100229423
2027-01-06,metering.email,ridge_log,200.8028885595378,174.61395515144588,230.8736003134755
2027-01-07,metering.email,ridge_log,199.54902883940366,173.52275133252445,229.4328390454946
2027-01-08,metering.email,ridge_log,205.1211304115861,178.37201669877544,235.83552349060716
2027-01-09,metering.email,ridge_log,0.0,0.0,0.0
2027-01-10,metering.email,ridge_log,0.0,0.0,0.0
2027-01-11,metering.email,ridge_log,234.91254918561856,204.29876864342998,270.0676800856317
2027-01-12,metering.email,ridge_log,215.4063948154234,187.32303379890462,247.65391939729304
2027-01-13,metering.email,ridge_log,200.90093577195205,174.6992832714126,230.98626253861246
2027-01-14,metering.email,ridge_log,199.7030252759761,173.65677071044195,229.60979034049026
2027-01-15,metering.email,ridge_log,205.33718729039637,178.5600457800803,236.08378601764437
2027-01-16,metering.email,ridge_log,0.0,0.0,0.0
2027-01-17,metering.email,ridge_log,0.0,0.0,0.0
2027-01-18,metering.email,ridge_log,235.35536419324595,204.6841398453592,270.576501528434
2027-01-19,metering.email,ridge_log,215.87136601906832,187.72768700289427,248.18819966021306
2027-01-20,metering.email,ridge_log,388.43046399941846,337.9017006362943,446.46912440450245
2027-01-21,metering.email,ridge_log,358.2318651131692,311.620589678183,411.7690930342108
2027-01-22,metering.email,ridge_log,342.4402990816262,297.87757131363566,393.623620830529
2027-01-23,metering.email,ridge_log,0.0,0.0,0.0
2027-01-24,metering.email,ridge_log,0.0,0.0,0.0
2027-01-25,metering.email,ridge_log,319.4334005797813,277.85522343562496,367.1872916897538
2027-01-26,metering.email,ridge_log,274.75319240912916,238.9711178190858,315.8470082881039
2027-01-27,metering.email,ridge_log,240.86580828298239,209.47974619439333,276.90833776687475
2027-01-28,metering.email,ridge_log,225.5153228628669,196.1205896286686,259.269694079013
2027-01-29,metering.email,ridge_log,218.86211578122246,190.330464258991,251.62475348704294
2027-01-30,metering.email,ridge_log,0.0,0.0,0.0
2027-01-31,metering.email,ridge_log,0.0,0.0,0.0
2027-02-01,metering.email,ridge_log,237.5097314977528,206.5590336570735,273.05200091604155
2027-02-02,metering.email,ridge_log,217.95056867349462,189.53716683575692,250.5773302819863
2027-02-03,metering.email,ridge_log,203.42332401315053,176.89445681228037,233.88464042122004
2027-02-04,metering.email,ridge_log,202.35609752791694,175.96567538829746,232.65833211942416
2027-02-05,metering.email,ridge_log,208.21212111763833,181.06203122634474,239.38726027380378
2027-02-06,metering.email,ridge_log,0.0,0.0,0.0
2027-02-07,metering.email,ridge_log,0.0,0.0,0.0
2027-02-08,metering.email,ridge_log,239.1380425279271,207.97611340370415,274.9230295700686
2027-02-09,metering.email,ridge_log,219.48651999268486,190.8738681574953,252.3422319967944
2027-02-10,metering.email,ridge_log,204.89482215496813,178.17506609105627,235.57548150542834
2027-02-11,metering.email,ridge_log,203.85619377204463,177.27117290453214,234.38203416685224
2027-02-12,metering.email,ridge_log,209.79173099026582,182.43672753227017,241.2023283284331
2027-02-13,metering.email,ridge_log,0.0,0.0,0.0
2027-02-14,metering.email,ridge_log,0.0,0.0,0.0
2026-08-17,operations.voice,ridge_log,690.1236498475454,614.3790143469088,775.1495016755971
2026-08-18,operations.voice,ridge_log,649.9569511807764,578.6133627279203,730.040196832666
2026-08-19,operations.voice,ridge_log,641.5995947168458,571.1717180405034,720.6544481172909
2026-08-20,operations.voice,ridge_log,636.3724827907697,566.5173384094442,714.7841278483123
2026-08-21,operations.voice,ridge_log,669.8456859213312,596.3228977777018,752.3762868806672
2026-08-22,operations.voice,ridge_log,594.0191792035498,528.8046671844379,667.2191512374329
2026-08-23,operations.voice,ridge_log,558.6686005824813,497.3274355110063,627.5186012713717
2026-08-24,operations.voice,ridge_log,700.6936745106995,623.7908861774221,787.020192585079
2026-08-25,operations.voice,ridge_log,660.1287282903567,587.6706228095967,741.463634896049
2026-08-26,operations.voice,ridge_log,651.8511375898113,580.3000039868648,732.1674673077271
2026-08-27,operations.voice,ridge_log,646.7464558536637,575.7546399250703,726.4346425497758
2026-08-28,operations.voice,ridge_log,680.9782118290893,606.2356378452755,764.8786961279664
2026-08-29,operations.voice,ridge_log,604.0804703301316,537.7635471824162,678.5185077593057
2026-08-30,operations.voice,ridge_log,580.0476398013323,516.3639830498938,651.5283812478874
2026-08-31,operations.voice,ridge_log,712.991531598213,634.7412726132387,800.8313297382155
2026-09-01,operations.voice,ridge_log,721.3033809074585,642.1423963443744,810.1659715371309
2026-09-02,operations.voice,ridge_log,692.324982803978,616.3391482446518,777.6217137987871
2026-09-03,operations.voice,ridge_log,658.6796792536408,586.3803454219534,739.8362769876518
2026-09-04,operations.voice,ridge_log,693.7410447506921,617.6000529228594,779.2120254786378
2026-09-05,operations.voice,ridge_log,615.578676660723,548.0019002339059,691.4315952603872
2026-09-06,operations.voice,ridge_log,579.2864960411623,515.6862374680612,650.6735769685604
2026-09-07,operations.voice,ridge_log,726.9640508988184,647.1828292791464,816.5232002049364
2026-09-08,operations.voice,ridge_log,685.2718726795453,610.0588442138524,769.7007019841662
2026-09-09,operations.voice,ridge_log,677.0616211064787,602.748186200788,760.4801597603905
2026-09-10,operations.voice,ridge_log,672.1346955177185,598.3611016255236,754.9469644593364
2026-09-11,operations.voice,ridge_log,708.0984493119166,630.3843231450588,795.3361422371153
2026-09-12,operations.voice,ridge_log,628.4851835427024,559.4942469808607,705.9262779881533
2026-09-13,operations.voice,ridge_log,591.5863568982845,526.6384081213546,664.4869644598402
2026-09-14,operations.voice,ridge_log,742.5840117041164,661.091318027482,834.0652337050349
2026-09-15,operations.voice,ridge_log,700.1743095014964,623.328427757915,786.4369184972767
2026-09-16,operations.voice,ridge_log,691.9587923781718,616.0130811385586,777.2104627849734
2026-09-17,operations.voice,ridge_log,687.0934675547837,611.6808477606018,771.7464483674863
2026-09-18,operations.voice,ridge_log,724.0333191580108,644.5732164926927,813.2318350717018
2026-09-19,operations.voice,ridge_log,642.7861966898521,572.2283045707788,721.9870642372173
2026-09-20,operations.voice,ridge_log,605.1934643625956,538.7545909609793,679.768458309519
2026-09-21,operations.voice,ridge_log,759.8373291192358,676.4541972389495,853.441612164397
2026-09-22,operations.voice,ridge_log,716.6102353058673,637.9634765885777,804.8953233972181
2026-09-23,operations.voice,ridge_log,708.3646823680673,630.6213851653843,795.6351358932482
2026-09-24,operations.voice,ridge_log,703.54338654871,626.3283565533544,790.2205683516725
2026-09-25,operations.voice,ridge_log,741.5317398548343,660.1543431298903,832.8834773446056
2026-09-26,operations.voice,ridge_log,658.4684465500906,586.1922573904129,739.5990516060915
2026-09-27,operations.voice,ridge_log,620.0941226539019,552.0225908471974,696.5026774396308
2026-09-28,operations.voice,ridge_log,778.7048741815743,693.2544339027471,874.6308527568509
2026-09-29,operations.voice,ridge_log,734.5593679062729,653.9459308294648,825.0531387271536
2026-09-30,operations.voice,ridge_log,726.2566188823359,646.5529102694827,815.7287170249293
2026-10-01,operations.voice,ridge_log,721.4589216999672,642.2808946024353,810.3406519877946
2026-10-02,operations.voice,ridge_log,760.5631989572504,677.1005338463602,854.2568019829813
2026-10-03,operations.voice,ridge_log,675.5012509581024,601.3587851054557,758.727782417287
2026-10-04,operations.voice,ridge_log,636.255702955552,566.4133540880747,714.652977981353
2026-10-05,operations.voice,ridge_log,799.1405546856483,711.4509861155473,897.5811915232699
2026-10-06,operations.voice,ridge_log,753.972967905817,671.2323914374045,846.8556275934512
2026-10-07,operations.voice,ridge_log,745.5808084966778,663.7597571477806,837.4307933490942
2026-10-08,operations.voice,ridge_log,740.7806694558366,659.4855671755918,832.0399859770931
2026-10-09,operations.voice,ridge_log,781.0583781058544,695.3500654640577,877.2739608412409
2026-10-10,operations.voice,ridge_log,693.8167250173077,617.6674409368125,779.2970183789922
2026-10-11,operations.voice,ridge_log,653.6079869370258,581.8643561438795,734.1405010744321
2026-10-12,operations.voice,ridge_log,821.0479286861209,730.957979032444,922.184319111473
2026-10-13,operations.voice,ridge_log,774.7518629812746,689.7345523558764,870.1914142866596
2026-10-14,operations.voice,ridge_log,766.2307487989041,682.1470928093336,860.6217570827433
2026-10-15,operations.voice,ridge_log,761.394101434722,677.8403947143181,855.1899489528621
2026-10-16,operations.voice,ridge_log,802.8870119696727,714.7869457655419,901.7886591348886
2026-10-17,operations.voice,ridge_log,713.2903965962034,635.0073911082615,801.1669707729213
2026-10-18,operations.voice,ridge_log,672.0252224361494,598.2636234601025,754.8240204591444
2026-10-19,operations.voice,ridge_log,844.2581309034599,751.6250498663834,948.2505909744933
2026-10-20,operations.voice,ridge_log,796.726109417043,709.3010905255096,894.8696431196616
2026-10-21,operations.voice,ridge_log,788.0276564027793,701.5557230828605,885.1008251259897
2026-10-22,operations.voice,ridge_log,783.1107113313367,697.1775254641348,879.5788384682423
2026-10-23,operations.voice,ridge_log,825.8386954860539,735.2238236759315,927.5646009664107
2026-10-24,operations.voice,ridge_log,733.7248140778821,653.2028186874602,824.1158910990865
2026-10-25,operations.voice,ridge_log,691.3113493546985,615.4365781550099,776.483350383813
2026-10-26,operations.voice,ridge_log,868.5122201140069,773.221629466737,975.4892025657261
2026-10-27,operations.voice,ridge_log,819.6392388898258,729.7036387414607,920.6022867423858
2026-10-28,operations.voice,ridge_log,810.7058358423975,721.7490646347597,910.5696075646813
2026-10-29,operations.voice,ridge_log,805.6544713847393,717.2511759013098,904.8966609009873
2026-10-30,operations.voice,ridge_log,849.6097064196607,756.3902556681612,954.2606903693433
2026-10-31,operations.voice,ridge_log,754.8388641335756,672.0034118062214,847.8280743764033
2026-11-01,operations.voice,ridge_log,711.1909439442659,633.1379745360232,798.809175563879
2026-11-02,operations.voice,ridge_log,893.4511246379749,795.4279894756413,1003.4968975957174
2026-11-03,operations.voice,ridge_log,843.140059834665,750.6294853400692,946.9949386467589
2026-11-04,operations.voice,ridge_log,833.9058899946056,742.4070993224855,936.6244826194315
2026-11-05,operations.voice,ridge_log,828.6564371293589,737.7328266388795,930.729072306487
2026-11-06,operations.voice,ridge_log,873.7987818787627,777.9289450444783,981.426288115021
2026-11-07,operations.voice,ridge_log,776.2653542418467,691.0822110619873,871.8911441852171
2026-11-08,operations.voice,ridge_log,731.3082277741886,651.0510166545829,821.401938201017
2026-11-09,operations.voice,ridge_log,918.6160462482316,817.8356019806795,1031.7584216428677
2026-11-10,operations.voice,ridge_log,866.784621613737,771.6833231545664,973.5490190310674
2026-11-11,operations.voice,ridge_log,857.178251700108,763.1295188575198,962.7605628409557
2026-11-12,operations.voice,ridge_log,851.6598551549937,758.2157705316891,956.5631146995759
2026-11-13,operations.voice,ridge_log,897.9142056292893,799.4020526966932,1008.5091711371936
2026-11-14,operations.voice,ridge_log,797.5588324140092,710.0425724394627,895.8048346282171
2026-11-15,operations.voice,ridge_log,751.2358759933285,668.7952014506604,843.7817301221183
2026-11-16,operations.voice,ridge_log,943.4613337722527,839.958602562077,1059.660979882203
2026-11-17,operations.voice,ridge_log,890.0500708544615,792.3995876204692,999.6773361928622
2026-11-18,operations.voice,ridge_log,879.9985693579831,783.4494246072414,988.3889739379641
2026-11-19,operations.voice,ridge_log,874.1371099109429,778.2302026268421,981.8062482025337
2026-11-20,operations.voice,ridge_log,921.3934067464833,820.3086483424158,1034.8775428435852
2026-11-21,operations.voice,ridge_log,1997.2972070470853,1778.3261547433824,2243.173821113047
2026-11-22,operations.voice,ridge_log,1682.0277131838905,1497.600597058089,1889.1096789654284
2026-11-23,operations.voice,ridge_log,1753.2555096635322,1561.023996018848,1969.1022223244536
2026-11-24,operations.voice,ridge_log,1274.76197453383,1134.9587816141177,1431.728939033065
2026-11-25,operations.voice,ridge_log,901.7949552099994,802.857590297025,1012.8674560265655
2026-11-26,operations.voice,ridge_log,895.5182601876838,797.2686299159593,1005.8183990075482
2026-11-27,operations.voice,ridge_log,943.6345273377335,840.1128193867412,1059.8554853208232
2026-11-28,operations.voice,ridge_log,837.697596739452,745.7833504702988,940.8827677438145
2026-11-29,operations.voice,ridge_log,788.5801524986942,702.0476824308587,885.7213071581807
2026-11-30,operations.voice,ridge_log,989.7429607610921,881.1691725662349,1111.6376692732485
2026-12-01,operations.voice,ridge_log,933.1242336065005,830.7541337968918,1048.0518753740794
2026-12-02,operations.voice,ridge_log,921.9851216353172,820.8355292978904,1035.542069632853
2026-12-03,operations.voice,ridge_log,915.2289100922077,814.8195928048332,1027.9544904641025
2026-12-04,operations.voice,ridge_log,964.0372735439836,858.2800458978684,1082.7688371470745
2026-12-05,operations.voice,ridge_log,855.4802558917677,761.6175716836824,960.8536246786764
2026-12-06,operations.voice,ridge_log,805.0022444299045,716.6704131596002,904.164175894527
2026-12-07,operations.voice,ridge_log,1009.9405267697366,899.1537003814209,1134.3205929988906
2026-12-08,operations.voice,ridge_log,951.775272407552,847.3615866927537,1068.9979681036277
2026-12-09,operations.voice,ridge_log,3747.0623091266025,3336.370284165827,4208.251609757122
2026-12-10,operations.voice,ridge_log,3413.0770155136943,3038.9796084639324,3833.168644945158
2026-12-11,operations.voice,ridge_log,3112.987638529435,2771.7708891011453,3496.1525685478314
2026-12-12,operations.voice,ridge_log,2257.6036368003843,2010.1109264513345,2535.511565614595
2026-12-13,operations.voice,ridge_log,1638.2882792594924,1458.6536731714607,1839.9880054387643
2026-12-14,operations.voice,ridge_log,1495.5381717626865,1331.5446305373976,1679.6721634808077
2026-12-15,operations.voice,ridge_log,967.8189477224687,861.6473637430892,1087.0158551743502
2026-12-16,operations.voice,ridge_log,955.4233462436571,850.6099427248222,1073.0949459540511
2026-12-17,operations.voice,ridge_log,947.5753118191576,843.6218138908063,1064.2811925457968
2026-12-18,operations.voice,ridge_log,997.2043175847682,887.8129918896623,1120.0171634978897
2026-12-19,operations.voice,ridge_log,884.106878702518,787.1075883507614,993.0028203521083
2026-12-20,operations.voice,ridge_log,619.5387717557082,551.5280894963181,695.8789893150667
2026-12-21,operations.voice,ridge_log,776.5944413281434,691.3752402247384,872.260726206851
2026-12-22,operations.voice,ridge_log,731.1655394418567,650.9239626184367,821.2416917358024
2026-12-23,operations.voice,ridge_log,721.445890256854,642.2692910086638,810.3260169951404
2026-12-24,operations.voice,ridge_log,729.9381558762898,649.8310629162947,819.8632757530079
2026-12-25,operations.voice,ridge_log,752.2669862216359,669.7133333965385,844.9397208746385
2026-12-26,operations.voice,ridge_log,715.5893432022457,637.0544431720745,803.7488081335152
2026-12-27,operations.voice,ridge_log,666.8844956971911,593.6861638301899,749.0507152765175
2026-12-28,operations.voice,ridge_log,784.7498140115349,698.6370324033053,881.4196365652765
2026-12-29,operations.voice,ridge_log,792.7515648696126,705.7620350306363,890.4060215736326
2026-12-30,operations.voice,ridge_log,759.7244065316738,676.3536475283507,853.3147941884353
2026-12-31,operations.voice,ridge_log,736.5090916326553,655.6820242069562,827.2427805163017
2027-01-01,operations.voice,ridge_log,758.8403670766716,675.5664718775121,852.3219716117103
2027-01-02,operations.voice,ridge_log,721.4738568220765,642.2941932899547,810.3574249115961
2027-01-03,operations.voice,ridge_log,658.4258684459473,586.1543445499274,739.5512341666906
2027-01-04,operations.voice,ridge_log,1060.3023075054837,943.9973635275986,1190.879508594341
2027-01-05,operations.voice,ridge_log,997.2995714692747,887.8978088490264,1120.1241385955775
2027-01-06,operations.voice,ridge_log,983.0643396989665,875.2223250001729,1104.137228275565
2027-01-07,operations.voice,ridge_log,973.5417829939015,866.7431505362484,1093.4428987052768
2027-01-08,operations.voice,ridge_log,1023.0097258689252,910.7909132327596,1148.9979876015493
2027-01-09,operations.voice,ridge_log,905.6453054947915,806.2860594385749,1017.1916009155865
2027-01-10,operations.voice,ridge_log,850.1647415345759,756.8844758359936,954.8840238527583
2027-01-11,operations.voice,ridge_log,1064.021139876334,947.30872511369,1195.0559519826354
2027-01-12,operations.voice,ridge_log,1000.3293831558908,890.5956454363361,1123.52677569359
2027-01-13,operations.voice,ridge_log,985.5933213800213,877.474207299632,1106.9774070649476
2027-01-14,operations.voice,ridge_log,975.5971829166316,868.5733412169398,1095.7512203937924
2027-01-15,operations.voice,ridge_log,1024.7020163093637,912.2977801732818,1150.8985183370685
2027-01-16,operations.voice,ridge_log,906.7338597253548,807.2553412733031,1018.4141042891378
2027-01-17,operations.voice,ridge_log,3391.727047787401,3019.968947067281,3809.1915137763253
2027-01-18,operations.voice,ridge_log,3894.325258595619,3467.497698713616,4373.635609442487
2027-01-19,operations.voice,ridge_log,3170.493976229077,2822.9762833286495,3560.7351955447534
2027-01-20,operations.voice,ridge_log,2552.746627894707,2272.9152331941,2866.9725917741357
2027-01-21,operations.voice,ridge_log,1948.6610556988903,1735.019044551449,2188.552877635614
2027-01-22,operations.voice,ridge_log,1489.4596225324437,1326.1321052033802,1672.8456345568204
2027-01-23,operations.voice,ridge_log,905.075244917262,805.7784601412865,1016.5513930512544
2027-01-24,operations.voice,ridge_log,848.8984293823703,755.7569129348846,953.4618890297288
2027-01-25,operations.voice,ridge_log,1061.5328634109871,945.0930879778218,1192.2614872809177
2027-01-26,operations.voice,ridge_log,997.1506423129945,887.765197793196,1119.9568833584376
2027-01-27,operations.voice,ridge_log,981.644844000697,873.9583628050184,1102.5430603130023
2027-01-28,operations.voice,ridge_log,970.8908176138801,864.3826502366734,1090.4657258375855
2027-01-29,operations.voice,ridge_log,1018.9318913485414,907.1598852006601,1144.4183660099147
2027-01-30,operations.voice,ridge_log,900.9050248771974,802.065169229209,1011.8680176857554
2027-01-31,operations.voice,ridge_log,844.6674203132565,751.9894936202396,948.7102444030379
2027-02-01,operations.voice,ridge_log,1055.8494300195516,940.0323858184486,1185.878694123439
2027-02-02,operations.voice,ridge_log,991.4465400724607,882.6860914611934,1113.5508780016576
2027-02-03,operations.voice,ridge_log,975.674781106931,868.6424370085442,1095.838367222824
2027-02-04,operations.voice,ridge_log,964.6400595795011,858.81678493948,1083.445797413508
2027-02-05,operations.voice,ridge_log,1012.013802805959,900.9998084979159,1136.648990498456
2027-02-06,operations.voice,ridge_log,894.4747440901369,796.3394514063361,1004.646475814575
2027-02-07,operations.voice,ridge_log,838.3486080591146,746.3630307734333,941.6138875283525
2027-02-08,operations.voice,ridge_log,1047.595462504732,932.6828017996426,1176.6090566090745
2027-02-09,operations.voice,ridge_log,983.3642747300183,875.4893962852174,1104.474071013402
2027-02-10,operations.voice,ridge_log,967.3988893860691,861.2733310090586,1086.5441076776074
2027-02-11,operations.voice,ridge_log,956.1430023631132,851.2507464480127,1073.903157441481
2027-02-12,operations.voice,ridge_log,1002.7735666039056,892.7720208068845,1126.2717216291087
2027-02-13,operations.voice,ridge_log,886.0213931257256,788.8123302925386,995.1529202510106
2027-02-14,operations.voice,ridge_log,830.160586469844,739.0721670148719,932.4183107398503
2026-08-17,operations.messaging,ridge_log,235.11029003699917,202.9157571787673,272.3407125131575
2026-08-18,operations.messaging,ridge_log,229.56130834532772,198.12292791305129,265.91628215951226
2026-08-19,operations.messaging,ridge_log,223.37610436492724,192.7805735318536,258.75525435240803
2026-08-20,operations.messaging,ridge_log,218.7206889731086,188.75954546332304,253.36536597037986
2026-08-21,operations.messaging,ridge_log,238.199972009026,205.58441225822293,275.9178457147306
2026-08-22,operations.messaging,ridge_log,210.0413822957386,181.26295647441736,243.31674725707947
2026-08-23,operations.messaging,ridge_log,195.39368573464787,168.6112822296287,226.35812103935447
2026-08-24,operations.messaging,ridge_log,241.05276378166832,208.0484578537303,279.2207151554968
2026-08-25,operations.messaging,ridge_log,235.49813159077686,203.25074807488005,272.7897428378086
2026-08-26,operations.messaging,ridge_log,229.28001919324626,197.87996966320733,265.59061473669567
2026-08-27,operations.messaging,ridge_log,224.62180974908182,193.85652828416377,260.1974914918229
2026-08-28,operations.messaging,ridge_log,244.7501186751467,211.2419790660635,283.5013922825295
2026-08-29,operations.messaging,ridge_log,215.92752140476384,186.3469991603311,250.1315274922633
2026-08-30,operations.messaging,ridge_log,193.77010076930142,167.20894104890925,224.4783872228329
2026-08-31,operations.messaging,ridge_log,248.03562357147123,214.07977253786254,287.3052428907731
2026-09-01,operations.messaging,ridge_log,249.87025162178847,215.66439824035163,289.429315520495
2026-09-02,operations.messaging,ridge_log,247.83336521550711,213.9050756616491,287.0710747508269
2026-09-03,operations.messaging,ridge_log,231.42212428620635,199.7301729167499,268.07067427637054
2026-09-04,operations.messaging,ridge_log,252.25340538463837,217.72280277904957,292.1884533627474
2026-09-05,operations.messaging,ridge_log,222.63159501202546,192.1375174877973,257.89328566137164
2026-09-06,operations.messaging,ridge_log,207.2802599349288,178.87808862073985,240.12000967700433
2026-09-07,operations.messaging,ridge_log,255.90311288832322,220.8751694486348,296.41396589305396
2026-09-08,operations.messaging,ridge_log,250.19411875610697,215.94413242687722,289.804278345005
2026-09-09,operations.messaging,ridge_log,243.7621128342981,210.38860747973715,282.3575112848586
2026-09-10,operations.messaging,ridge_log,238.9711460607455,206.250499437712,276.8106859259799
2026-09-11,operations.messaging,ridge_log,260.54451869363265,224.8840969985563,301.78763443190854
2026-09-12,operations.messaging,ridge_log,230.00667816349699,198.50760777274377,266.4319168358239
2026-09-13,operations.messaging,ridge_log,214.19536987044137,184.85088563398523,248.1260988366027
2026-09-14,operations.messaging,ridge_log,264.48509174107676,228.28769334738342,306.3499016195536
2026-09-15,operations.messaging,ridge_log,258.63238281069226,223.23252535370156,299.5738257568693
2026-09-16,operations.messaging,ridge_log,252.02592130326488,217.52631765380073,291.92507969915414
2026-09-17,operations.messaging,ridge_log,247.10998503692812,213.2802695471622,286.233568729954
2026-09-18,operations.messaging,ridge_log,269.4508604656177,232.5767833087865,312.0991069865501
2026-09-19,operations.messaging,ridge_log,237.9010806338361,205.32625041702775,275.57179901104536
2026-09-20,operations.messaging,ridge_log,221.57215180854314,191.22244321414541,256.6666968109109
2026-09-21,operations.messaging,ridge_log,273.6098048196669,236.16899379390833,316.91419736383097
2026-09-22,operations.messaging,ridge_log,267.5756475133183,230.9571031554495,309.9280464785685
2026-09-23,operations.messaging,ridge_log,260.75725702509874,225.0678457578143,302.0339359463117
2026-09-24,operations.messaging,ridge_log,255.68363516509487,220.68559966565277,296.15986173027153
2026-09-25,operations.messaging,ridge_log,278.8059966295188,240.65710739030234,322.9301790774992
2026-09-26,operations.messaging,ridge_log,246.17024030164566,212.46858258911647,285.1455628691511
2026-09-27,operations.messaging,ridge_log,229.27841257795924,197.87858197926923,265.5887546498203
2026-09-28,operations.messaging,ridge_log,283.1174583276035,244.38105188188524,327.92184907045083
2026-09-29,operations.messaging,ridge_log,276.87108484022815,238.98586348185512,320.69000119956496
2026-09-30,operations.messaging,ridge_log,269.81074305462636,232.88762517143147,312.5157673320051
2026-10-01,operations.messaging,ridge_log,264.5532283090909,228.34654503502446,306.4287879197915
2026-10-02,operations.messaging,ridge_log,288.462765959755,248.99796148389078,334.1104722286616
2026-10-03,operations.messaging,ridge_log,254.68804303054281,219.82567555987322,295.00719756872513
2026-10-04,operations.messaging,ridge_log,237.20040941379392,204.7210587412103,274.76058468306866
2026-10-05,operations.messaging,ridge_log,292.87249805074924,252.80678519138402,339.215916483298
2026-10-06,operations.messaging,ridge_log,286.3909299065909,247.20845180065018,331.7117678956301
2026-10-07,operations.messaging,ridge_log,279.0666614380454,240.88225174872105,323.23196830678046
2026-10-08,operations.messaging,ridge_log,273.6061737586117,236.16585753276024,316.90999343955167
2026-10-09,operations.messaging,ridge_log,298.30376259844616,257.49793847327675,345.5040577599707
2026-10-10,operations.messaging,ridge_log,263.3555438253549,227.31206743828633,305.0421478155445
2026-10-11,operations.messaging,ridge_log,245.25044236415727,211.67412430500346,284.08065076145925
2026-10-12,operations.messaging,ridge_log,302.77228376782733,261.3575401488827,350.67756609566527
2026-10-13,operations.messaging,ridge_log,296.0402541704827,255.54287535727823,342.8834413913556
2026-10-14,operations.messaging,ridge_log,288.4378071506268,248.97640377880643,334.08157573199526
2026-10-15,operations.messaging,ridge_log,282.76214521038287,244.07415681512657,327.51047911067116
2026-10-16,operations.messaging,ridge_log,308.247036592679,266.0862556176856,357.0160566838523
2026-10-17,operations.messaging,ridge_log,272.1052532606581,234.86946549403683,315.1722765499945
2026-10-18,operations.messaging,ridge_log,253.37013402527006,218.68735627878735,293.48136542739286
2026-10-19,operations.messaging,ridge_log,312.7502391292136,269.9758126762255,362.22971797737347
2026-10-20,operations.messaging,ridge_log,305.7591568358924,263.9373959582987,354.13567049521
2026-10-21,operations.messaging,ridge_log,297.8707485776796,257.12393070275016,345.0027282236448
2026-10-22,operations.messaging,ridge_log,291.9734534097297,252.0302521793665,338.17503186662725
2026-10-23,operations.messaging,ridge_log,318.2455570410755,274.7222908547202,368.5920181537976
2026-10-24,operations.messaging,ridge_log,280.89983174695936,242.46561835430776,325.35435321096287
2026-10-25,operations.messaging,ridge_log,261.5284428174099,225.73394307802008,302.92678975043583
2026-10-26,operations.messaging,ridge_log,322.7724592543921,278.63231806630455,373.833118161546
2026-10-27,operations.messaging,ridge_log,315.51853895156955,272.3668799282184,365.43476538876195
2026-10-28,operations.messaging,ridge_log,307.34083939475175,265.3035447182687,355.9668910696478
2026-10-29,operations.messaging,ridge_log,301.21932043700497,260.0161970855742,348.87959570848454
2026-10-30,operations.messaging,ridge_log,328.28008454693884,283.38942651492954,380.2096674226561
2026-10-31,operations.messaging,ridge_log,289.7250341036546,250.08822201049207,335.5718851921029
2026-11-01,operations.messaging,ridge_log,269.71440681231695,232.80441654196662,312.4042323669182
2026-11-02,operations.messaging,ridge_log,332.8279485562935,287.3175590862168,385.47503631543896
2026-11-03,operations.messaging,ridge_log,325.30979921607695,280.8238980536176,376.77076776522574
2026-11-04,operations.messaging,ridge_log,316.84147543728244,273.5095416016071,366.9664181832766
2026-11-05,operations.messaging,ridge_log,310.494696214876,268.02762962380325,359.61832382111425
2026-11-06,operations.messaging,ridge_log,338.34631737736134,292.08394705688283,391.86402408411163
2026-11-07,operations.messaging,ridge_log,298.57781014120866,257.73464191836496,345.82134108327085
2026-11-08,operations.messaging,ridge_log,277.9255895055441,239.89667218543147,321.9108723713124
2026-11-09,operations.messaging,ridge_log,342.91383818842166,296.02905782339946,397.15215098197547
2026-11-10,operations.messaging,ridge_log,335.12991191217577,289.30583692775986,388.14017454768543
2026-11-11,operations.messaging,ridge_log,326.3691498710801,281.7388923902497,377.9972494660703
2026-11-12,operations.messaging,ridge_log,319.79526053205836,276.0608182922702,370.3862144045373
2026-11-13,operations.messaging,ridge_log,348.43822523689397,300.80064392554885,403.5481064584116
2026-11-14,operations.messaging,ridge_log,307.45135264302104,265.3989984717654,356.0948397106979
2026-11-15,operations.messaging,ridge_log,286.15398313090196,247.00379344997597,331.4374386326197
2026-11-16,operations.messaging,ridge_log,353.0178470559908,304.75620671167644,408.8502435094278
2026-11-17,operations.messaging,ridge_log,344.96418801293896,297.8000091780691,399.525979258971
2026-11-18,operations.messaging,ridge_log,335.9066252694973,289.97670857897305,389.0394279866267
2026-11-19,operations.messaging,ridge_log,329.10095030510394,284.0984339774812,381.1600390738978
2026-11-20,operations.messaging,ridge_log,358.5301840326491,309.51738478942536,415.2322478050118
2026-11-21,operations.messaging,ridge_log,826.7405149673446,713.9253106585127,957.3109262158354
2026-11-22,operations.messaging,ridge_log,657.1202382655285,567.4189656374976,760.9300918958356
2026-11-23,operations.messaging,ridge_log,655.0518882981087,565.6324669956889,758.5354236393883
2026-11-24,operations.messaging,ridge_log,489.8021233942133,422.90106988676945,567.2146255955344
2026-11-25,operations.messaging,ridge_log,345.40692962241036,298.182418971601,400.03857108081445
2026-11-26,operations.messaging,ridge_log,338.3606780058122,292.09635078141065,391.88065035221695
2026-11-27,operations.messaging,ridge_log,368.56082218392913,318.18116109227736,426.84539410575303
2026-11-28,operations.messaging,ridge_log,325.122704268432,280.66229828804506,376.5541553257816
2026-11-29,operations.messaging,ridge_log,302.5181484724357,261.1380355354448,350.3833365241212
2026-11-30,operations.messaging,ridge_log,373.081970024181,322.0862180716347,432.0798318877025
2026-12-01,operations.messaging,ridge_log,364.4606458983031,314.63971042830445,422.09834348487817
2026-12-02,operations.messaging,ridge_log,354.78090889817906,306.2790184389506,410.89145911324
2026-12-03,operations.messaging,ridge_log,347.48088510349635,299.9737592711122,402.439729218495
2026-12-04,operations.messaging,ridge_log,378.4214149679846,326.6980638861112,438.2616674162059
2026-12-05,operations.messaging,ridge_log,333.7590970162286,288.1218211720337,386.5530896884994
2026-12-06,operations.messaging,ridge_log,310.4929999584382,268.02616451399587,359.6163599506328
2026-12-07,operations.messaging,ridge_log,382.83041812224053,330.5062579881153,443.3662677316175
2026-12-08,operations.messaging,ridge_log,373.90290525223355,322.79528553750384,433.0302839689183
2026-12-09,operations.messaging,ridge_log,1408.9405654160464,1216.7897271117172,1631.3631909061794
2026-12-10,operations.messaging,ridge_log,1281.679394983883,1106.8702687447853,1484.0243508101807
2026-12-11,operations.messaging,ridge_log,1219.7686269900673,1053.3959995560663,1412.3460791528912
2026-12-12,operations.messaging,ridge_log,885.0690072817888,764.3054561560828,1024.841755713743
2026-12-13,operations.messaging,ridge_log,637.3491332936032,550.3420430974192,738.0397502143366
2026-12-14,operations.messaging,ridge_log,572.1592379028042,494.0354888828072,662.5650116099185
2026-12-15,operations.messaging,ridge_log,382.91198204221155,330.57670730014854,443.460699782819
2026-12-16,operations.messaging,ridge_log,372.55145213221664,321.6279931540054,431.46561554357527
2026-12-17,operations.messaging,ridge_log,364.69215914135987,314.8396756666812,422.36638198069755
2026-12-18,operations.messaging,ridge_log,396.9416822686408,342.6945987567697,459.7038299633522
2026-12-19,operations.messaging,ridge_log,349.8995024925044,302.06279485434476,405.2399256925831
2026-12-20,operations.messaging,ridge_log,262.6680108434606,226.7182236702101,304.2461445119756
2026-12-21,operations.messaging,ridge_log,323.70180157186905,279.43502013031696,374.909080441668
2026-12-22,operations.messaging,ridge_log,315.9507791689076,272.7402193404906,365.93519904066983
2026-12-23,operations.messaging,ridge_log,307.28691105904204,265.2569651258313,355.90445459821825
2026-12-24,operations.messaging,ridge_log,289.9389630618626,250.27299915135424,335.8195651753867
2026-12-25,operations.messaging,ridge_log,327.1708504617896,282.43134629747044,378.92543231036035
2026-12-26,operations.messaging,ridge_log,297.10887441506577,256.4658761287282,344.12065512124104
2026-12-27,operations.messaging,ridge_log,271.1154389761677,234.0145318983016,314.0263017951496
2026-12-28,operations.messaging,ridge_log,330.003452263096,284.87795318244144,382.20492645960513
2026-12-29,operations.messaging,ridge_log,331.84228315319643,286.4662090092724,384.333865000403
2026-12-30,operations.messaging,ridge_log,328.50771533634475,283.5860383565004,380.4732109400331
2026-12-31,operations.messaging,ridge_log,295.2057848096627,254.82211803708665,341.91731993182987
2027-01-01,operations.messaging,ridge_log,333.09474829477665,287.5480023757679,385.7839283668992
2027-01-02,operations.messaging,ridge_log,302.34699042554473,260.9902009701528,350.1851753095388
2027-01-03,operations.messaging,ridge_log,285.9906572771293,246.86272379516262,331.24834527625006
2027-01-04,operations.messaging,ridge_log,415.44891011522407,358.6798710425862,481.1308958550767
2027-01-05,operations.messaging,ridge_log,405.13588147442164,349.77218523025175,469.1908070388842
2027-01-06,operations.messaging,ridge_log,393.66577672480014,339.8650965463359,455.9110931729042
2027-01-07,operations.messaging,ridge_log,384.8533028232921,332.2534868555165,445.7082977828007
2027-01-08,operations.messaging,ridge_log,418.3165223020454,361.15671749395403,484.45092388889583
2027-01-09,operations.messaging,ridge_log,368.2410502264581,317.90496403824443,426.4751725436771
2027-01-10,operations.messaging,ridge_log,341.89732205429715,295.15106100390796,395.97526169491204
2027-01-11,operations.messaging,ridge_log,420.6716304677688,363.19089817210397,487.177591451829
2027-01-12,operations.messaging,ridge_log,410.01174862877616,353.9836243900186,474.83592729469484
2027-01-13,operations.messaging,ridge_log,398.1905915771904,343.77332083891787,461.14977650212677
2027-01-14,operations.messaging,ridge_log,389.0667394042111,335.89276398353024,450.58647748633865
2027-01-15,operations.messaging,ridge_log,422.6650616455233,364.9126871090313,489.48552117260834
2027-01-16,operations.messaging,ridge_log,371.86612935896477,321.0360584123512,430.6721711476185
2027-01-17,operations.messaging,ridge_log,1336.2289252114,1153.986406341331,1547.1800210292306
2027-01-18,operations.messaging,ridge_log,1525.856145089208,1317.773374745071,1766.724242825605
2027-01-19,operations.messaging,ridge_log,1299.5111181326884,1122.2720864682094,1504.6693393541016
2027-01-20,operations.messaging,ridge_log,1037.796461112742,896.2209410274689,1201.664629665408
2027-01-21,operations.messaging,ridge_log,784.658593459404,677.5778371637732,908.589847485101
2027-01-22,operations.messaging,ridge_log,620.6086372391469,535.8827523895716,718.6581488749869
2027-01-23,operations.messaging,ridge_log,374.0607771243016,322.93164441751543,433.21306288282665
2027-01-24,operations.messaging,ridge_log,346.91467445552803,299.48470540232483,401.7841889634561
2027-01-25,operations.messaging,ridge_log,426.36498188959285,368.1084240950098,493.76916837903957
2027-01-26,operations.messaging,ridge_log,415.0964612031593,358.37544987951964,480.7228419787814
2027-01-27,operations.messaging,ridge_log,402.67800306169215,347.6492386712854,466.34515542968734
2027-01-28,operations.messaging,ridge_log,393.0115049849113,339.29998155462914,455.15359865249826
2027-01-29,operations.messaging,ridge_log,426.47276499372293,368.20151973751297,493.89395614808603
2027-01-30,operations.messaging,ridge_log,374.7989812843542,323.5692544690468,434.06773162685
2027-01-31,operations.messaging,ridge_log,347.4085763559512,299.91130394134933,402.356012504623
2027-02-01,operations.messaging,ridge_log,426.73900206308485,368.4314770321227,494.2021967595556
2027-02-02,operations.messaging,ridge_log,415.23601697914523,358.4959885737361,480.8844151129325
2027-02-03,operations.messaging,ridge_log,402.59754844503584,347.57974749926524,466.2520076937498
2027-02-04,operations.messaging,ridge_log,392.7244747719792,339.05206457073456,454.821284416331
2027-02-05,operations.messaging,ridge_log,425.937687593102,367.7393566294658,493.2744609532725
2027-02-06,operations.messaging,ridge_log,374.1343345331305,322.99517825513374,433.29822525608256
2027-02-07,operations.messaging,ridge_log,346.61462498801296,299.2255432805202,401.4368014581788
2027-02-08,operations.messaging,ridge_log,425.5490908415661,367.4037134453986,492.8245562852427
2027-02-09,operations.messaging,ridge_log,413.87181437656125,357.3176840628663,479.30498575173704
2027-02-10,operations.messaging,ridge_log,401.07788723388563,346.2671685196471,464.4925934165639
2027-02-11,operations.messaging,ridge_log,391.0531193201657,337.60846252481525,452.88624348576224
2027-02-12,operations.messaging,ridge_log,423.92413423606524,366.00018753612187,490.94323442840454
2027-02-13,operations.messaging,ridge_log,372.19156822297657,321.31715015103515,431.04895366959926
2027-02-14,operations.messaging,ridge_log,344.6566917956888,297.5344150653068,399.16997014928194
2026-08-17,quality.voice,ridge_log,257.17946761741126,221.99886885251354,297.8623799557607
2026-08-18,quality.voice,ridge_log,238.69700320966618,206.0334383327836,276.4660580613141
2026-08-19,quality.voice,ridge_log,231.4144526880443,199.74266174615835,268.0353752402561
2026-08-20,quality.voice,ridge_log,227.06526083233473,195.98576445922464,263.0005104693832
2026-08-21,quality.voice,ridge_log,234.95666509087835,202.80247805398113,272.1360360134903
2026-08-22,quality.voice,ridge_log,180.8481356101981,156.0627171167678,209.49701296639907
2026-08-23,quality.voice,ridge_log,144.57671522544047,124.73091908218876,167.50721285100687
2026-08-24,quality.voice,ridge_log,255.59099125093047,220.62671909467852,296.02347195577005
2026-08-25,quality.voice,ridge_log,237.1249029352327,204.67543448936766,274.64610793020324
2026-08-26,quality.voice,ridge_log,229.79584480353105,198.34448393021435,266.1615853303227
2026-08-27,quality.voice,ridge_log,225.38463308430292,194.53401295310582,261.05492293904507
2026-08-28,quality.voice,ridge_log,233.12268113000624,201.21825514649197,270.0129148587363
2026-08-29,quality.voice,ridge_log,179.3616431414546,154.77866258246652,207.77616716070773
2026-08-30,quality.voice,ridge_log,142.0258312605389,122.52742717726383,164.55416864519495
2026-08-31,quality.voice,ridge_log,253.2890054824623,218.6382291924074,293.35856605296516
2026-09-01,quality.voice,ridge_log,247.6732953350756,213.78729437121152,286.85750973663085
2026-09-02,quality.voice,ridge_log,241.2075886239844,208.20211974408656,279.37245043860685
2026-09-03,quality.voice,ridge_log,223.08802318067055,192.55016680367123,258.39624043437317
2026-09-04,quality.voice,ridge_log,230.65775463385373,199.08901459488715,267.1593797676188
2026-09-05,quality.voice,ridge_log,177.39432585744328,153.07926434664554,205.49869198485538
2026-09-06,quality.voice,ridge_log,141.7001832376077,122.2461275210439,164.17718050285572
2026-09-07,quality.voice,ridge_log,250.3261174219844,216.0788419579067,289.928563144228
2026-09-08,quality.voice,ridge_log,232.06021053795214,200.30047708170164,268.78294020333016
2026-09-09,quality.voice,ridge_log,224.71593694211086,193.95638317595848,260.28080334155675
2026-09-10,quality.voice,ridge_log,220.23622332290486,190.08673922816595,255.0948393663575
2026-09-11,quality.voice,ridge_log,227.62950551699888,196.4731674976072,263.65371128903394
2026-09-12,quality.voice,ridge_log,175.00184038969186,151.0125994440559,202.72901863034622
2026-09-13,quality.voice,ridge_log,139.73900158520772,120.55202933601834,161.90680827313037
2026-09-14,quality.voice,ridge_log,246.79039599951219,213.02463265647037,285.8354166884662
2026-09-15,quality.voice,ridge_log,228.70749397346754,197.40435012688954,264.90165028159794
2026-09-16,quality.voice,ridge_log,221.3989936249292,191.09115768978603,256.4409265072579
2026-09-17,quality.voice,ridge_log,216.9183908695828,187.22074569283302,251.2539332189407
2026-09-18,quality.voice,ridge_log,224.1337304575702,193.45346446490308,259.60680895003793
2026-09-19,quality.voice,ridge_log,172.26060496041163,148.6446790834975,199.55561305307035
2026-09-20,quality.voice,ridge_log,137.5081026297302,118.62494529113906,159.3241963923587
2026-09-21,quality.voice,ridge_log,242.79631161406246,209.5744825390913,281.2116439436988
2026-09-22,quality.voice,ridge_log,224.94549904986155,194.15468237461516,260.54655712004865
2026-09-23,quality.voice,ridge_log,217.7012198315719,187.89696511496982,252.1601792740931
2026-09-24,quality.voice,ridge_log,213.24276951689967,184.04568872918983,246.9988308749506
2026-09-25,quality.voice,ridge_log,220.28442986829947,190.1283807665515,255.15064592656114
2026-09-26,quality.voice,ridge_log,169.25985277820135,146.05258425160213,196.08177654514617
2026-09-27,quality.voice,ridge_log,135.0798804922101,116.52741051613354,156.51315229459058
2026-09-28,quality.voice,ridge_log,238.4729058541058,205.8398596691961,276.2066305818674
2026-09-29,quality.voice,ridge_log,220.8950856443309,190.65587440314766,255.85757478964044
2026-09-30,quality.voice,ridge_log,213.74060193502135,184.4757238536541,247.57514918579008
2026-10-01,quality.voice,ridge_log,209.32570139218214,180.66206641527265,242.46421640850468
2026-10-02,quality.voice,ridge_log,216.2023291492851,186.60220081748295,250.42498061144315
2026-10-03,quality.voice,ridge_log,166.09272893382317,143.31677507760418,192.41533900960323
2026-10-04,quality.voice,ridge_log,132.52884923532352,114.3237913781784,153.55993757543948
2026-10-05,quality.voice,ridge_log,233.95118903221777,201.93393272368036,270.9720413787031
2026-10-06,quality.voice,ridge_log,216.67731889282896,187.012504096355,250.97485498020785
2026-10-07,quality.voice,ridge_log,209.63377598213123,180.9281858759797,242.82086057394875
2026-10-08,quality.voice,ridge_log,205.28071072065538,177.16794268293347,237.78151173456777
2026-10-09,quality.voice,ridge_log,212.00372629473023,182.97538457287837,245.56444598785941
2026-10-10,quality.voice,ridge_log,162.84782912365446,140.5137818554977,188.65886371919208
2026-10-11,quality.voice,ridge_log,129.92499520679203,112.07454313622763,150.54557229754585
2026-10-12,quality.voice,ridge_log,229.35267705185134,197.96166896615242,265.6485498574015
2026-10-13,quality.voice,ridge_log,212.40309495500853,183.3203652235517,246.02677721281705
2026-10-14,quality.voice,ridge_log,205.48625461746883,177.3454945900241,238.01946070515075
2026-10-15,quality.voice,ridge_log,201.20921816939762,173.65092622859828,233.0681270205116
2026-10-16,quality.voice,ridge_log,207.79122323618753,179.33656112316945,240.68781972019838
2026-10-17,quality.voice,ridge_log,159.602333856683,137.7102742688562,184.901699095089
2026-10-18,quality.voice,ridge_log,127.32851516818451,109.83166465759341,147.53974355777714
2026-10-19,quality.voice,ridge_log,224.78055028978076,194.01219715671954,260.3556033224967
2026-10-20,quality.voice,ridge_log,208.16535535864972,179.65974207320912,241.12093573474345
2026-10-21,quality.voice,ridge_log,201.38530225768227,173.80303031034404,233.27197168918306
2026-10-22,quality.voice,ridge_log,197.19397842700366,170.18250179595685,228.4198636657809
2026-10-23,quality.voice,ridge_log,203.64739184248688,175.75705728958545,235.8906915656446
2026-10-24,quality.voice,ridge_log,156.41748566607671,134.95915453821547,181.2147428771399
2026-10-25,quality.voice,ridge_log,124.78648798564008,107.63582337437303,144.5969524525303
2026-10-26,quality.voice,ridge_log,220.31430996622765,190.15419164419586,255.185236778701
2026-10-27,quality.voice,ridge_log,204.03461852113563,176.09154951405102,236.33896656186283
2026-10-28,quality.voice,ridge_log,197.39608345013988,170.35708315228385,228.65383160620854
2026-10-29,quality.voice,ridge_log,193.2957747002327,166.81517483249013,223.90708766859458
2026-10-30,quality.voice,ridge_log,199.63184518880948,172.28836774236493,231.2420729134563
2026-10-31,quality.voice,ridge_log,153.3367100038802,132.2979342216725,177.64826676774672
2026-11-01,quality.voice,ridge_log,122.3316717643407,105.5153162301289,141.75512157414266
2026-11-02,quality.voice,ridge_log,216.00818586410782,186.43449693005806,250.20022961873687
2026-11-03,quality.voice,ridge_log,200.05798756429988,172.65647593060814,231.73539887030412
2026-11-04,quality.voice,ridge_log,193.56116644038138,167.044424206079,224.21431980902113
2026-11-05,quality.voice,ridge_log,189.55338181396155,163.58243961465544,219.57468690841296
2026-11-06,quality.voice,ridge_log,195.78165730769484,168.96251758798383,226.78488271192103
2026-11-07,quality.voice,ridge_log,150.38628483036433,129.74931261622845,174.2326915854907
2026-11-08,quality.voice,ridge_log,119.98331091867536,103.48676683922554,139.0365293199022
2026-11-09,quality.voice,ridge_log,211.8930250253491,182.8797591527093,245.43629208253878
2026-11-10,quality.voice,ridge_log,196.26132415904925,169.3768610228727,227.34017155908222
2026-11-11,quality.voice,ridge_log,189.90302627719234,163.8844677566374,219.97945465576822
2026-11-12,quality.voice,ridge_log,185.9863976571033,160.50122509342341,215.44534898416146
2026-11-13,quality.voice,ridge_log,192.11466694237404,165.7949162009353,222.53977207573553
2026-11-14,quality.voice,ridge_log,147.57816412554104,127.3236157494684,170.98185591805225
2026-11-15,quality.voice,ridge_log,117.74960927384119,101.5572617891597,136.4506728910918
2026-11-16,quality.voice,ridge_log,207.98100888949367,179.50050082269513,240.90752607750557
2026-11-17,quality.voice,ridge_log,192.65394228888468,166.26075034976836,223.16406701006505
2026-11-18,quality.voice,ridge_log,186.42888430619726,160.88345171083583,215.95759597510073
2026-11-19,quality.voice,ridge_log,182.60025854026546,157.5762272355966,211.5253672693378
2026-11-20,quality.voice,ridge_log,188.6349246235794,162.78906249053946,218.51143012305425
2026-11-21,quality.voice,ridge_log,278.0741153838309,240.04797960904293,322.0511785714934
2026-11-22,quality.voice,ridge_log,179.46475273286603,154.86773019711362,207.89553252019516
2026-11-23,quality.voice,ridge_log,264.63721190922814,228.4409804507385,306.49587676408225
2026-11-24,quality.voice,ridge_log,211.84162888501547,182.83536239428057,245.376793071019
2026-11-25,quality.voice,ridge_log,183.1370317593468,158.03990000915292,212.14676560272076
2026-11-26,quality.voice,ridge_log,179.39258315131337,154.8053890279655,207.8119850254552
2026-11-27,quality.voice,ridge_log,185.3393804215388,159.94232188162317,214.69632608667428
2026-11-28,quality.voice,ridge_log,142.39218331615504,122.84388758863888,164.97827802453565
2026-11-29,quality.voice,ridge_log,113.62626992081645,97.99545928827685,131.67726745494306
2026-11-30,quality.voice,ridge_log,200.76260092148928,173.26513153785316,232.55109822018267
2026-12-01,quality.voice,ridge_log,186.00037883178337,160.5133022422286,215.4615343643855
2026-12-02,quality.voice,ridge_log,180.0236944443321,155.35055244755176,208.5425943250998
2026-12-03,quality.voice,ridge_log,176.35991348914445,152.18572339720896,204.30119907939394
2026-12-04,quality.voice,ridge_log,182.22484381436715,157.25193835343322,211.09076644219545
2026-12-05,quality.voice,ridge_log,140.00957068517133,120.78575099082346,162.22003401131093
2026-12-06,quality.voice,ridge_log,111.73303938622331,96.36005830001841,129.4855591932691
2026-12-07,quality.voice,ridge_log,197.4505381369588,170.40412192913206,228.71687136011445
2026-12-08,quality.voice,ridge_log,182.94981135100326,157.8781762067778,211.9300289147037
2026-12-09,quality.voice,ridge_log,281.6431002860676,243.13092240420107,326.18283266912965
2026-12-10,quality.voice,ridge_log,252.10084246205875,217.6118761190361,291.9830828984039
2026-12-11,quality.voice,ridge_log,239.23148946217083,206.4951355902412,277.0848088758404
2026-12-12,quality.voice,ridge_log,169.7552251662797,146.48049436514432,196.6552469892988
2026-12-13,quality.voice,ridge_log,125.74444957165491,108.4633249891296,145.70594170876274
2026-12-14,quality.voice,ridge_log,207.23557220393158,178.8565814108871,240.04456738734675
2026-12-15,quality.voice,ridge_log,180.09213154485312,155.409669443491,208.62182089359013
2026-12-16,quality.voice,ridge_log,174.3446649985789,150.4449214648307,201.9682360907911
2026-12-17,quality.voice,ridge_log,170.83635464624138,147.4143902577249,197.90682220418964
2026-12-18,quality.voice,ridge_log,176.56158153891693,152.3599272893773,204.53466115531432
2026-12-19,quality.voice,ridge_log,135.6850808720783,117.05019169953735,157.21376568967847
2026-12-20,quality.voice,ridge_log,87.70223891911215,75.60189170885843,101.66617694898001
2026-12-21,quality.voice,ridge_log,155.18876713617405,133.897769006249,179.79231042422245
2026-12-22,quality.voice,ridge_log,143.8153085493368,124.07320455254532,166.625766417507
2026-12-23,quality.voice,ridge_log,139.24091057897624,120.12177083925864,161.33019060640885
2026-12-24,quality.voice,ridge_log,135.2163227989328,116.64527143120824,156.67110544684638
2026-12-25,quality.voice,ridge_log,141.06034957445345,121.69342958705019,163.4364737056597
2026-12-26,quality.voice,ridge_log,114.30037000568258,98.57775707231933,132.45764295502113
2026-12-27,quality.voice,ridge_log,90.87362866902969,78.34138583617158,105.33755293245271
2026-12-28,quality.voice,ridge_log,153.06567412011333,132.06380935200303,177.33450065484718
2026-12-29,quality.voice,ridge_log,149.6137640199867,129.08199753037002,173.3383788161355
2026-12-30,quality.voice,ridge_log,145.6621130985634,125.6685020769297,168.76372939363597
2026-12-31,quality.voice,ridge_log,133.44464180340657,115.11486676150702,154.62010964681295
2027-01-01,quality.voice,ridge_log,139.1821639111147,120.07102458468363,161.26218221813002
2027-01-02,quality.voice,ridge_log,112.80205500174792,97.28349005444463,130.72311072943594
2027-01-03,quality.voice,ridge_log,90.52737385518428,78.04228572427016,104.93670923049307
2027-01-04,quality.voice,ridge_log,186.4714090343394,160.92018521008927,216.00682494975098
2027-01-05,quality.voice,ridge_log,172.89740358607608,149.19475530649538,200.29280632319225
2027-01-06,quality.voice,ridge_log,167.4819934039611,144.51684260551573,194.02362831257804
2027-01-07,quality.voice,ridge_log,164.21622466016245,141.6958224849103,190.24299399165616
2027-01-08,quality.voice,ridge_log,169.8334528021243,146.54806857263347,196.74580762237494
2027-01-09,quality.voice,ridge_log,130.59552660902,112.65375823857518,151.32181649344383
2027-01-10,quality.voice,ridge_log,104.3078716305049,89.94608680325281,120.88977478288268
2027-01-11,quality.voice,ridge_log,184.56349385226645,159.27209940264905,213.79811692887537
2027-01-12,quality.voice,ridge_log,171.18061148043813,147.71176448477914,198.30535293452616
2027-01-13,quality.voice,ridge_log,165.8715371323994,143.12570627534612,192.1592751601475
2027-01-14,quality.voice,ridge_log,162.6903543071563,140.37775274239115,188.47656217164237
2027-01-15,quality.voice,ridge_log,168.31246788209367,145.2342189405395,194.98503144947796
2027-01-16,quality.voice,ridge_log,129.46883465360452,111.68050479496046,150.01749563978913
2027-01-17,quality.voice,ridge_log,164.7601832060788,142.1657020517716,190.87271045634924
2027-01-18,quality.voice,ridge_log,266.0286371403913,229.64291447649683,308.106667483395
2027-01-19,quality.voice,ridge_log,226.7040614175355,195.67375497642385,262.5823660717188
2027-01-20,quality.voice,ridge_log,202.87563080190668,175.09039850429627,234.99725834778175
2027-01-21,quality.voice,ridge_log,184.7282254083921,159.41439699650397,213.98881927912907
2027-01-22,quality.voice,ridge_log,178.345602052291,153.90099102004038,206.59994186292667
2027-01-23,quality.voice,ridge_log,128.69722720346837,111.0139786834051,149.1242402267097
2027-01-24,quality.voice,ridge_log,102.86874176575034,88.70294479806766,119.2237585441988
2027-01-25,quality.voice,ridge_log,182.17183623200432,157.20614960716202,211.0294019363557
2027-01-26,quality.voice,ridge_log,169.0983402286393,145.91306728399383,195.89480069473012
2027-01-27,quality.voice,ridge_log,163.98907870105126,141.4996103917596,189.98003728031364
2027-01-28,quality.voice,ridge_log,160.97963359847077,138.9000064846066,186.49613736751334
2027-01-29,quality.voice,ridge_log,166.68638153186225,143.82958111351778,193.10258405446837
2027-01-30,quality.voice,ridge_log,128.32846777514104,110.69543874730286,148.69734393971905
2027-01-31,quality.voice,ridge_log,102.62218720802244,88.48996726574909,118.93833336683565
2027-02-01,quality.voice,ridge_log,181.8243081432638,156.90594962127074,210.6270842210332
2027-02-02,quality.voice,ridge_log,168.85777988972836,145.7052676479736,195.61631475623057
2027-02-03,quality.voice,ridge_log,163.83647492988885,141.36778896081876,189.80337472395405
2027-02-04,quality.voice,ridge_log,160.91003177864752,138.83988338663005,186.41556245561176
2027-02-05,quality.voice,ridge_log,166.69830521576145,143.83988097086538,193.11638756969484
2027-02-06,quality.voice,ridge_log,128.4031023999685,110.75990925787772,148.78374510473958
2027-02-07,quality.voice,ridge_log,102.73491458425204,88.58734286746326,119.0688328053799
2027-02-08,quality.voice,ridge_log,182.11737971572057,157.15910924999454,210.96636006456023
2027-02-09,quality.voice,ridge_log,169.2182401871784,146.01663867010032,196.03360351081773
2027-02-10,quality.voice,ridge_log,164.27242639486838,141.7443703879789,190.3080562247148
2027-02-11,quality.voice,ridge_log,161.4233569219308,139.28330135992184,187.009816001021
2027-02-12,quality.voice,ridge_log,167.31857354379733,144.3756780743456,193.83444445403674
2027-02-13,quality.voice,ridge_log,128.9503634949506,111.23264161625447,149.41728478268627
2027-02-14,quality.voice,ridge_log,103.22881291260578,89.01397966606237,119.64059679655831
2026-08-17,affordability.voice,ridge_log,787.0755999359463,692.4425828892724,894.5989996888146
2026-08-18,affordability.voice,ridge_log,645.5477824149173,567.9077034539109,733.7595366959415
2026-08-19,affordability.voice,ridge_log,560.5257269919034,493.09406181855985,637.1361168176838
2026-08-20,affordability.voice,ridge_log,561.4873027587831,493.9401832687019,638.2289007853933
2026-08-21,affordability.voice,ridge_log,568.2718255641487,499.9101031359896,645.9391801056814
2026-08-22,affordability.voice,ridge_log,298.4148273578703,262.45424940310824,339.2598612508044
2026-08-23,affordability.voice,ridge_log,0.0,0.0,0.0
2026-08-24,affordability.voice,ridge_log,676.6751189810458,595.2976482315922,769.1342367753139
2026-08-25,affordability.voice,ridge_log,602.1068872962394,529.6826623918253,684.3910777936505
2026-08-26,affordability.voice,ridge_log,721.6341697902456,634.858563323214,820.2280055868516
2026-08-27,affordability.voice,ridge_log,665.2081222078949,585.2074688898678,756.102554132002
2026-08-28,affordability.voice,ridge_log,621.0618753905512,546.3617661777157,705.9324974207314
2026-08-29,affordability.voice,ridge_log,301.60221386627484,265.2589333266702,342.8821705843482
2026-08-30,affordability.voice,ridge_log,0.0,0.0,0.0
2026-08-31,affordability.voice,ridge_log,0.0,0.0,0.0
2026-09-01,affordability.voice,ridge_log,716.0964360689301,629.985733278854,813.934641260778
2026-09-02,affordability.voice,ridge_log,821.6340205135107,722.8516488629209,933.8729594299898
2026-09-03,affordability.voice,ridge_log,673.6600676100019,592.644607539231,765.7077779214382
2026-09-04,affordability.voice,ridge_log,629.2033777429893,553.5257360010542,715.1849178230087
2026-09-05,affordability.voice,ridge_log,305.683157645589,268.849887037688,347.51996418186116
2026-09-06,affordability.voice,ridge_log,0.0,0.0,0.0
2026-09-07,affordability.voice,ridge_log,694.2292843416841,610.7441230311534,789.0836896768512
2026-09-08,affordability.voice,ridge_log,618.2156783502902,543.8573058428736,702.6979332795903
2026-09-09,affordability.voice,ridge_log,741.5135751216468,652.3510915735341,842.8199803245752
2026-09-10,affordability.voice,ridge_log,684.0636432829089,601.7990484457305,777.5309343421711
2026-09-11,affordability.voice,ridge_log,639.1566340620284,562.2839264217931,726.4963082579442
2026-09-12,affordability.voice,ridge_log,310.63967620418754,273.21128716330276,353.15280581852903
2026-09-13,affordability.voice,ridge_log,0.0,0.0,0.0
2026-09-14,affordability.voice,ridge_log,705.9651241270232,621.0708659876946,802.4208992933557
2026-09-15,affordability.voice,ridge_log,628.8852458206167,553.2458014885946,714.823376406971
2026-09-16,affordability.voice,ridge_log,1832.4058750934762,1612.2623191579612,2082.565881758111
2026-09-17,affordability.voice,ridge_log,1653.1908857653648,1454.5652848935156,1878.8967858256178
2026-09-18,affordability.voice,ridge_log,1507.6531420570805,1326.5019424109491,1713.500237265426
2026-09-19,affordability.voice,ridge_log,714.4053527024975,628.4976946243858,812.012807480696
2026-09-20,affordability.voice,ridge_log,0.0,0.0,0.0
2026-09-21,affordability.voice,ridge_log,1529.8514974855464,1346.034989449822,1738.7275857046036
2026-09-22,affordability.voice,ridge_log,1319.795627961168,1161.200072582532,1500.0093333880093
2026-09-23,affordability.voice,ridge_log,1200.0119959517344,1055.7986014660287,1363.8810768714375
2026-09-24,affordability.voice,ridge_log,1161.2013910382166,1021.6479017069494,1319.7747169906932
2026-09-25,affordability.voice,ridge_log,1133.0172423110912,996.8477625880139,1287.7448063654656
2026-09-26,affordability.voice,ridge_log,730.6918713060955,642.8287262635862,830.5216416597925
2026-09-27,affordability.voice,ridge_log,0.0,0.0,0.0
2026-09-28,affordability.voice,ridge_log,1292.1350582702928,1136.8606475005704,1468.5744448050893
2026-09-29,affordability.voice,ridge_log,1016.678303435964,894.4773877724828,1155.5312756151886
2026-09-30,affordability.voice,ridge_log,912.0080787668791,802.3746899569112,1036.5786695339318
2026-10-01,affordability.voice,ridge_log,870.6791150804403,766.0080053006293,989.610317715809
2026-10-02,affordability.voice,ridge_log,1068.8486746329145,940.383775653755,1214.8203583865638
2026-10-03,affordability.voice,ridge_log,490.42351225257386,431.4088679561092,557.4683683087414
2026-10-04,affordability.voice,ridge_log,0.0,0.0,0.0
2026-10-05,affordability.voice,ridge_log,848.5187096105302,746.5083516510992,964.426097553896
2026-10-06,affordability.voice,ridge_log,712.4395429098331,626.7679153498206,809.7787605142663
2026-10-07,affordability.voice,ridge_log,996.097188292017,876.3674024848492,1132.141841894464
2026-10-08,affordability.voice,ridge_log,990.6566824475148,871.5801263770142,1125.9589723090605
2026-10-09,affordability.voice,ridge_log,1265.4887431235582,1113.4136976194834,1438.2922070513503
2026-10-10,affordability.voice,ridge_log,603.7022863886261,531.0865053754997,686.2041710623336
2026-10-11,affordability.voice,ridge_log,0.0,0.0,0.0
2026-10-12,affordability.voice,ridge_log,1124.8206105844895,989.6352826548958,1278.4297341178412
2026-10-13,affordability.voice,ridge_log,978.6191473298437,860.9879119923378,1112.2789006595672
2026-10-14,affordability.voice,ridge_log,896.3828548162771,788.6255527560244,1018.8213644798581
2026-10-15,affordability.voice,ridge_log,872.8637943102889,767.9303748337687,992.0930991244062
2026-10-16,affordability.voice,ridge_log,1091.7503365154755,960.5356846662031,1240.846980314003
2026-10-17,affordability.voice,ridge_log,509.8501600332025,448.5030002727779,579.5458061687842
2026-10-18,affordability.voice,ridge_log,0.0,0.0,0.0
2026-10-19,affordability.voice,ridge_log,910.7401986411536,801.2590414479371,1035.1377855993603
2026-10-20,affordability.voice,ridge_log,775.742205753566,682.4699647650197,881.7191498747684
2026-10-21,affordability.voice,ridge_log,695.6431026000452,611.9881871977075,790.6904251824739
2026-10-22,affordability.voice,ridge_log,663.1780216299305,583.4211180851514,753.7954438232262
2026-10-23,affordability.voice,ridge_log,672.5982231979577,591.7102564826735,764.5010435281109
2026-10-24,affordability.voice,ridge_log,354.0043682158777,311.3692746601776,402.43466360578157
2026-10-25,affordability.voice,ridge_log,0.0,0.0,0.0
2026-10-26,affordability.voice,ridge_log,1027.325985018302,903.846625321317,1167.6318464981382
2026-10-27,affordability.voice,ridge_log,842.4477733201094,741.1663395136268,957.5267745097167
2026-10-28,affordability.voice,ridge_log,731.3002140835772,643.3640266432292,831.212993560497
2026-10-29,affordability.voice,ridge_log,678.5741760313531,596.9686896207929,771.2924225052597
2026-10-30,affordability.voice,ridge_log,688.1396049497931,605.385618235752,782.1630660118607
2026-10-31,affordability.voice,ridge_log,362.15308207021087,318.5395901160197,411.69527952829293
2026-11-01,affordability.voice,ridge_log,0.0,0.0,0.0
2026-11-02,affordability.voice,ridge_log,1050.6574192230069,924.3767048253355,1194.1468837117986
2026-11-03,affordability.voice,ridge_log,861.4611703165267,757.896839171432,979.1345730057238
2026-11-04,affordability.voice,ridge_log,747.6944788941248,657.7898676360048,849.8442760495359
2026-11-05,affordability.voice,ridge_log,693.6768003828385,610.2579746229468,788.455818599565
2026-11-06,affordability.voice,ridge_log,703.3362654943606,618.7576487092427,799.4333296539185
2026-11-07,affordability.voice,ridge_log,370.0958128352487,325.52865442533516,420.7218057146086
2026-11-08,affordability.voice,ridge_log,0.0,0.0,0.0
2026-11-09,affordability.voice,ridge_log,1073.2558584280905,944.2617984495222,1219.828907852973
2026-11-10,affordability.voice,ridge_log,879.8194014802575,774.0508373370718,999.9978074821174
2026-11-11,affordability.voice,ridge_log,763.4742705873213,671.6750139658799,867.7772398055552
2026-11-12,affordability.voice,ridge_log,708.1679928867067,623.0092410732734,804.9243522155955
2026-11-13,affordability.voice,ridge_log,717.872319826057,631.5483905250322,815.9528465495837
2026-11-14,affordability.voice,ridge_log,377.66970785553195,332.1931682977892,429.3291680633266
2026-11-15,affordability.voice,ridge_log,0.0,0.0,0.0
2026-11-16,affordability.voice,ridge_log,1094.672121019196,963.1066568417114,1244.1674459213352
2026-11-17,affordability.voice,ridge_log,897.1638727162673,789.3127955307366,1019.7089532367719
2026-11-18,affordability.voice,ridge_log,778.337096691982,684.7532927765994,884.6681168861325
2026-11-19,affordability.voice,ridge_log,721.7755198328997,634.9829417728251,820.3886430173776
2026-11-20,affordability.voice,ridge_log,731.480553111073,643.5227127548366,831.4179400709934
2026-11-21,affordability.voice,ridge_log,384.738739750689,338.41343686553773,437.3627780900453
2026-11-22,affordability.voice,ridge_log,0.0,0.0,0.0
2026-11-23,affordability.voice,ridge_log,873.9869124397492,768.9186426053906,993.3694681095571
2026-11-24,affordability.voice,ridge_log,778.454237985407,684.8563691689942,884.8012422537017
2026-11-25,affordability.voice,ridge_log,732.1699318927307,644.1293193213955,832.2013854387142
2026-11-26,affordability.voice,ridge_log,936.4351269121511,823.8688354119645,1064.3388185633114
2026-11-27,affordability.voice,ridge_log,872.7453480572165,767.8261501654009,991.958490733834
2026-11-28,affordability.voice,ridge_log,423.2295340671642,372.28272499231394,481.1056888228497
2026-11-29,affordability.voice,ridge_log,0.0,0.0,0.0
2026-11-30,affordability.voice,ridge_log,888.1499222416495,781.3811305389688,1009.4650380886671
2026-12-01,affordability.voice,ridge_log,790.8493121091673,695.7631936267762,898.887639548186
2026-12-02,affordability.voice,ridge_log,948.3331748087329,834.3383105036496,1077.8603697881463
2026-12-03,affordability.voice,ridge_log,874.6271061790734,769.4819696709702,994.0970170751801
2026-12-04,affordability.voice,ridge_log,816.9171147803906,718.7010917705333,928.5124260847322
2026-12-05,affordability.voice,ridge_log,396.9896071792193,349.1933692132116,451.2852915076561
2026-12-06,affordability.voice,ridge_log,0.0,0.0,0.0
2026-12-07,affordability.voice,ridge_log,900.7667687885648,792.4830996860667,1023.8034689273101
2026-12-08,affordability.voice,ridge_log,801.860289701849,705.4521070219562,911.4010786307206
2026-12-09,affordability.voice,ridge_log,961.2648526947934,845.7173098738489,1092.5565910909422
2026-12-10,affordability.voice,ridge_log,886.3074021266799,779.7598378179046,1007.3711038287029
2026-12-11,affordability.voice,ridge_log,827.5975248071516,728.0991281304542,940.650191248762
2026-12-12,affordability.voice,ridge_log,402.0751781872482,353.6683267405595,457.06479495984456
2026-12-13,affordability.voice,ridge_log,0.0,0.0,0.0
2026-12-14,affordability.voice,ridge_log,911.789148680434,802.1820463311013,1036.3298661668368
2026-12-15,affordability.voice,ridge_log,811.4530475585345,713.8930832488202,922.302780142939
2026-12-16,affordability.voice,ridge_log,972.499590232084,855.6031168424083,1105.3243224388464
2026-12-17,affordability.voice,ridge_log,896.4266499449451,788.6640894985817,1018.8711355079148
2026-12-18,affordability.voice,ridge_log,836.8245736641865,736.2183052440579,951.1362823167174
2026-12-19,affordability.voice,ridge_log,406.45632082265365,357.52343508212823,462.0437499180745
2026-12-20,affordability.voice,ridge_log,0.0,0.0,0.0
2026-12-21,affordability.voice,ridge_log,525.7397009043136,462.4847184348138,597.6034945135725
2026-12-22,affordability.voice,ridge_log,467.71883341355175,411.4302906604048,531.6656080043839
2026-12-23,affordability.voice,ridge_log,439.4083588257709,386.51899335291057,499.4921341988158
2026-12-24,affordability.voice,ridge_log,396.13142742893626,348.4382292442123,450.31001207069045
2026-12-25,affordability.voice,ridge_log,0.0,0.0,0.0
2026-12-26,affordability.voice,ridge_log,350.8032860430975,308.55253948095657,398.79678981754535
2026-12-27,affordability.voice,ridge_log,0.0,0.0,0.0
2026-12-28,affordability.voice,ridge_log,0.0,0.0,0.0
2026-12-29,affordability.voice,ridge_log,554.3615169209165,487.6699750810496,630.1307926703976
2026-12-30,affordability.voice,ridge_log,498.2827896111973,438.32449892851366,566.4000537682817
2026-12-31,affordability.voice,ridge_log,399.2553529124317,351.1870717704835,453.86020104410903
2027-01-01,affordability.voice,ridge_log,0.0,0.0,0.0
2027-01-02,affordability.voice,ridge_log,353.46865578587307,310.89788405972024,401.8258525531575
2027-01-03,affordability.voice,ridge_log,0.0,0.0,0.0
2027-01-04,affordability.voice,ridge_log,1012.2539065029612,890.5842185830136,1150.5031642570398
2027-01-05,affordability.voice,ridge_log,832.1783492775016,732.129942942142,945.8560748748996
2027-01-06,affordability.voice,ridge_log,781.4905736167988,687.5281385667276,888.2518896315336
2027-01-07,affordability.voice,ridge_log,782.5431297207722,688.4543165422186,889.4480683156837
2027-01-08,affordability.voice,ridge_log,791.6326272928262,696.4524578552898,899.7778390559622
2027-01-09,affordability.voice,ridge_log,1288.024046151496,1133.2432356903755,1463.9024800060404
2027-01-10,affordability.voice,ridge_log,0.0,0.0,0.0
2027-01-11,affordability.voice,ridge_log,2356.73042878365,2073.632360910377,2678.4351682817646
2027-01-12,affordability.voice,ridge_log,1886.47626732206,1659.840596666613,2144.014245777201
2027-01-13,affordability.voice,ridge_log,1721.4313799246745,1514.6122909280457,1956.448779682379
2027-01-14,affordability.voice,ridge_log,1671.6173136512054,1470.7792915487555,1899.8375225510686
2027-01-15,affordability.voice,ridge_log,1636.6761084303744,1440.0334010537235,1860.1285467293565
2027-01-16,affordability.voice,ridge_log,1059.2369405800675,931.9261016614446,1203.8970913527844
2027-01-17,affordability.voice,ridge_log,0.0,0.0,0.0
2027-01-18,affordability.voice,ridge_log,1885.1378460531837,1658.6628767365476,2142.493195273385
2027-01-19,affordability.voice,ridge_log,1488.1205393727312,1309.3145769660405,1691.3023868242074
2027-01-20,affordability.voice,ridge_log,1339.168908160942,1178.2472450480286,1522.0261215948867
2027-01-21,affordability.voice,ridge_log,1282.463654353341,1128.3504680753188,1457.5833658805627
2027-01-22,affordability.voice,ridge_log,1238.3228064851644,1089.5095160722174,1407.41944481174
2027-01-23,affordability.voice,ridge_log,619.6472816180976,545.1170196113642,704.3248805811605
2027-01-24,affordability.voice,ridge_log,0.0,0.0,0.0
2027-01-25,affordability.voice,ridge_log,1264.7424531121785,1112.7570130311185,1437.4440848463328
2027-01-26,affordability.voice,ridge_log,1358.0877148769964,1194.894511675274,1543.526422849967
2027-01-27,affordability.voice,ridge_log,1108.7268215337294,975.4738399491412,1260.139927677067
2027-01-28,affordability.voice,ridge_log,965.6014275842053,849.5332016220211,1097.484896979202
2027-01-29,affordability.voice,ridge_log,849.9890290617675,747.8021330348479,966.0970439099353
2027-01-30,affordability.voice,ridge_log,419.2931440570402,368.81896879294686,476.6321735348408
2027-01-31,affordability.voice,ridge_log,0.0,0.0,0.0
2027-02-01,affordability.voice,ridge_log,947.8087402071671,833.8768436272312,1077.2643754375783
2027-02-02,affordability.voice,ridge_log,1074.0197195918408,944.933944460103,1220.6969988158003
2027-02-03,affordability.voice,ridge_log,927.0449950556042,815.6061563208843,1053.667391619171
2027-02-04,affordability.voice,ridge_log,855.3134022630244,752.4872202940285,972.1479344095119
2027-02-05,affordability.voice,ridge_log,799.1841514964489,703.0972869265191,908.3597780624608
2027-02-06,affordability.voice,ridge_log,419.2882490634118,368.81466153058653,476.626610613287
2027-02-07,affordability.voice,ridge_log,0.0,0.0,0.0
2027-02-08,affordability.voice,ridge_log,947.3855271573484,833.5044448503844,1076.7834144444912
2027-02-09,affordability.voice,ridge_log,1073.3040415780367,944.3041963531604,1219.8836656532303
2027-02-10,affordability.voice,ridge_log,926.2216816775483,814.8816963944216,1052.731736113979
2027-02-11,affordability.voice,ridge_log,854.3626142464334,751.6505913323958,971.0674101939398
2027-02-12,affordability.voice,ridge_log,798.1156621874919,702.1570888114089,907.1454920678312
2027-02-13,affordability.voice,ridge_log,418.6317151878849,368.23695625351735,475.8804918796982
2027-02-14,affordability.voice,ridge_log,0.0,0.0,0.0
2026-08-17,affordability.back_office,ridge_log,471.0218071125254,413.49338620990795,536.5065417383087
2026-08-18,affordability.back_office,ridge_log,387.0615473513991,339.76373660387156,440.8960884563137
2026-08-19,affordability.back_office,ridge_log,334.1414192185133,293.29195917672797,380.63284662116723
2026-08-20,affordability.back_office,ridge_log,328.40318177629706,288.25292955516016,374.09838038141373
2026-08-21,affordability.back_office,ridge_log,336.53925770116274,295.39761954081695,383.3634053983243
2026-08-22,affordability.back_office,ridge_log,0.0,0.0,0.0
2026-08-23,affordability.back_office,ridge_log,0.0,0.0,0.0
2026-08-24,affordability.back_office,ridge_log,399.42596264707396,350.6215401638804,454.97617056122454
2026-08-25,affordability.back_office,ridge_log,356.9636146377305,313.3332558126211,406.62181396273695
2026-08-26,affordability.back_office,ridge_log,432.0947740224269,379.3096364442314,492.1780547939323
2026-08-27,affordability.back_office,ridge_log,392.09888376608575,344.18727042641143,446.6323977449264
2026-08-28,affordability.back_office,ridge_log,369.7525394630043,324.5638421505871,421.185309871547
2026-08-29,affordability.back_office,ridge_log,0.0,0.0,0.0
2026-08-30,affordability.back_office,ridge_log,0.0,0.0,0.0
2026-08-31,affordability.back_office,ridge_log,0.0,0.0,0.0
2026-09-01,affordability.back_office,ridge_log,445.1843624135569,390.80425030453887,507.08393387185924
2026-09-02,affordability.back_office,ridge_log,490.7278521263604,430.7982373159492,558.9469665479578
2026-09-03,affordability.back_office,ridge_log,395.9941070983935,347.6078583598623,451.0681161371292
2026-09-04,affordability.back_office,ridge_log,373.5977003660262,327.94046779306626,425.5640192505566
2026-09-05,affordability.back_office,ridge_log,0.0,0.0,0.0
2026-09-06,affordability.back_office,ridge_log,0.0,0.0,0.0
2026-09-07,affordability.back_office,ridge_log,407.6017033416253,357.80106174223283,464.286364168844
2026-09-08,affordability.back_office,ridge_log,364.6057740544825,320.0442133255405,415.3243873941168
2026-09-09,affordability.back_office,ridge_log,441.74667077545155,387.78544354224175,503.1692335517542
2026-09-10,affordability.back_office,ridge_log,401.22952793661136,352.20533989505714,457.0299957321679
2026-09-11,affordability.back_office,ridge_log,378.71452477464277,332.4338039477692,431.3908461620512
2026-09-12,affordability.back_office,ridge_log,0.0,0.0,0.0
2026-09-13,affordability.back_office,ridge_log,0.0,0.0,0.0
2026-09-14,affordability.back_office,ridge_log,413.75868441384114,363.20781082063024,471.2976782457423
2026-09-15,affordability.back_office,ridge_log,370.2850541035638,325.031469549195,421.7917154056419
2026-09-16,affordability.back_office,ridge_log,1057.6157685998173,928.6105066728838,1204.4953582313262
2026-09-17,affordability.back_office,ridge_log,946.9627872912223,831.4406603318016,1078.4883433647851
2026-09-18,affordability.back_office,ridge_log,878.7983436003422,771.5820967301923,1000.8655087339475
2026-09-19,affordability.back_office,ridge_log,0.0,0.0,0.0
2026-09-20,affordability.back_office,ridge_log,0.0,0.0,0.0
2026-09-21,affordability.back_office,ridge_log,898.0636241673068,788.4998908128396,1022.8040093156851
2026-09-22,affordability.back_office,ridge_log,782.0790832747296,686.6481387570881,890.7256360472668
2026-09-23,affordability.back_office,ridge_log,716.0044378638859,628.6247302082713,815.4825768172043
2026-09-24,affordability.back_office,ridge_log,682.3602345264419,599.0800940863558,777.169956768666
2026-09-25,affordability.back_office,ridge_log,676.2493067270304,593.7137866606729,770.2110862442349
2026-09-26,affordability.back_office,ridge_log,0.0,0.0,0.0
2026-09-27,affordability.back_office,ridge_log,0.0,0.0,0.0
2026-09-28,affordability.back_office,ridge_log,779.4115985562795,684.3056887196498,887.6880153469568
2026-09-29,affordability.back_office,ridge_log,611.3402296255135,536.7139211938222,696.2953277479115
2026-09-30,affordability.back_office,ridge_log,549.7997753575966,482.67220976178317,626.2156168885642
2026-10-01,affordability.back_office,ridge_log,514.7048234433885,451.85359968438445,586.2509446737121
2026-10-02,affordability.back_office,ridge_log,643.7245767343782,565.1522153564415,733.1732759001585
2026-10-03,affordability.back_office,ridge_log,0.0,0.0,0.0
2026-10-04,affordability.back_office,ridge_log,0.0,0.0,0.0
2026-10-05,affordability.back_office,ridge_log,501.92332154180497,440.6295317822153,571.6959016818025
2026-10-06,affordability.back_office,ridge_log,421.72431927762966,370.20282809508456,480.3686120681541
2026-10-07,affordability.back_office,ridge_log,637.1501176490083,559.3788582218561,725.686555217963
2026-10-08,affordability.back_office,ridge_log,612.725550373074,537.9304397420043,697.8728734224013
2026-10-09,affordability.back_office,ridge_log,787.8871930976219,691.748526766053,897.3396700492848
2026-10-10,affordability.back_office,ridge_log,0.0,0.0,0.0
2026-10-11,affordability.back_office,ridge_log,0.0,0.0,0.0
2026-10-12,affordability.back_office,ridge_log,671.8008461238913,589.8073737637995,765.145364248099
2026-10-13,affordability.back_office,ridge_log,582.7182346689069,511.5795342209817,663.7017898119656
2026-10-14,affordability.back_office,ridge_log,531.8841453500946,466.9396104739461,605.8140422540506
2026-10-15,affordability.back_office,ridge_log,505.856782929232,444.0836984398576,576.1751639814798
2026-10-16,affordability.back_office,ridge_log,643.34656627056,564.8202657040223,732.742813299235
2026-10-17,affordability.back_office,ridge_log,0.0,0.0,0.0
2026-10-18,affordability.back_office,ridge_log,0.0,0.0,0.0
2026-10-19,affordability.back_office,ridge_log,530.5275532454395,465.7483199655664,604.2692115637471
2026-10-20,affordability.back_office,ridge_log,455.04240595810535,399.4610850786152,518.309864025595
2026-10-21,affordability.back_office,ridge_log,410.70835931603534,360.52916974346374,467.82409483749166
2026-10-22,affordability.back_office,ridge_log,386.2480698374646,339.049381833705,439.9697340826699
2026-10-23,affordability.back_office,ridge_log,396.9397568785403,348.4382801229513,452.14498279265274
2026-10-24,affordability.back_office,ridge_log,0.0,0.0,0.0
2026-10-25,affordability.back_office,ridge_log,0.0,0.0,0.0
2026-10-26,affordability.back_office,ridge_log,610.1082688976998,535.6320756510794,694.8924220881744
2026-10-27,affordability.back_office,ridge_log,504.5563098049192,442.94168877897226,574.6942392529196
2026-10-28,affordability.back_office,ridge_log,438.3148076097487,384.77175504934013,499.26117045371035
2026-10-29,affordability.back_office,ridge_log,396.05189496434576,347.6586047382115,451.1339225564234
2026-10-30,affordability.back_office,ridge_log,406.9570350847325,357.2349467155754,463.5522427591033
2026-10-31,affordability.back_office,ridge_log,0.0,0.0,0.0
2026-11-01,affordability.back_office,ridge_log,0.0,0.0,0.0
2026-11-02,affordability.back_office,ridge_log,625.1656899408283,548.8547405241868,712.0391871802224
2026-11-03,affordability.back_office,ridge_log,516.9064758000238,453.7869793245959,588.7580948467364
2026-11-04,affordability.back_office,ridge_log,448.9472619031434,394.1086381382506,511.3689673731553
2026-11-05,affordability.back_office,ridge_log,405.565425779225,356.0129058741644,461.9675359362616
2026-11-06,affordability.back_office,ridge_log,416.62703909175207,365.7266546873583,474.5640413049901
2026-11-07,affordability.back_office,ridge_log,0.0,0.0,0.0
2026-11-08,affordability.back_office,ridge_log,0.0,0.0,0.0
2026-11-09,affordability.back_office,ridge_log,639.4719351488143,561.4177608073995,728.330544460327
2026-11-10,affordability.back_office,ridge_log,528.5776309070712,464.0359968834807,602.048721070191
2026-11-11,affordability.back_office,ridge_log,458.94088238275253,402.8845297130697,522.7492869041109
2026-11-12,affordability.back_office,ridge_log,414.4586874489042,363.8225180481352,472.0948126003949
2026-11-13,affordability.back_office,ridge_log,425.616987060178,373.6211718741123,484.8014203065343
2026-11-14,affordability.back_office,ridge_log,0.0,0.0,0.0
2026-11-15,affordability.back_office,ridge_log,0.0,0.0,0.0
2026-11-16,affordability.back_office,ridge_log,652.5508377604702,572.902990957144,743.2242550168357
2026-11-17,affordability.back_office,ridge_log,539.1870098010712,473.3526163248424,614.1302406841336
2026-11-18,affordability.back_office,ridge_log,467.97338284328384,410.81641434415656,533.0351229146025
2026-11-19,affordability.back_office,ridge_log,422.45027922804417,370.8403293715737,481.1953050788854
2026-11-20,affordability.back_office,ridge_log,433.6484391323239,380.67398648892794,493.9473040295623
2026-11-21,affordability.back_office,ridge_log,0.0,0.0,0.0
2026-11-22,affordability.back_office,ridge_log,0.0,0.0,0.0
2026-11-23,affordability.back_office,ridge_log,516.8934979187453,453.77558280626664,588.7433161750743
2026-11-24,affordability.back_office,ridge_log,462.5383587648716,406.04365134840356,526.8459434478646
2026-11-25,affordability.back_office,ridge_log,436.2244530322773,382.93611148430324,496.8807615645437
2026-11-26,affordability.back_office,ridge_log,551.5961888309743,484.24972913007144,628.2612978685919
2026-11-27,affordability.back_office,ridge_log,522.349565520259,458.566825158672,594.9564591310643
2026-11-28,affordability.back_office,ridge_log,0.0,0.0,0.0
2026-11-29,affordability.back_office,ridge_log,0.0,0.0,0.0
2026-11-30,affordability.back_office,ridge_log,524.4033062725657,460.3703163160364,597.2951737183037
2026-12-01,affordability.back_office,ridge_log,469.05580498123766,411.76694266772546,534.2677402450714
2026-12-02,affordability.back_office,ridge_log,568.0887304118247,498.73264420594995,647.0423185658069
2026-12-03,affordability.back_office,ridge_log,515.8110657448437,452.82504566963655,587.5106874160854
2026-12-04,affordability.back_office,ridge_log,486.63344158846866,427.20273326247326,554.2844220469739
2026-12-05,affordability.back_office,ridge_log,0.0,0.0,0.0
2026-12-06,affordability.back_office,ridge_log,0.0,0.0,0.0
2026-12-07,affordability.back_office,ridge_log,530.4265971814198,465.65966546107853,604.1542469951528
2026-12-08,affordability.back_office,ridge_log,474.24747302895855,416.3260027173056,540.1797959812553
2026-12-09,affordability.back_office,ridge_log,574.1385710420153,504.04530797218155,653.9316255615456
2026-12-10,affordability.back_office,ridge_log,521.0941788411651,457.4644081314614,593.5268769719115
2026-12-11,affordability.back_office,ridge_log,491.4222946324216,431.40806156838835,559.7377688033545
2026-12-12,affordability.back_office,ridge_log,0.0,0.0,0.0
2026-12-13,affordability.back_office,ridge_log,0.0,0.0,0.0
2026-12-14,affordability.back_office,ridge_log,535.0272913558166,469.6997621733551,609.3933262533327
2026-12-15,affordability.back_office,ridge_log,478.18490894931006,419.78365960855,544.6635843137911
2026-12-16,affordability.back_office,ridge_log,578.694365855378,508.0459763386429,659.1195752940098
2026-12-17,affordability.back_office,ridge_log,525.0444323783017,460.9333208048705,598.0252614735671
2026-12-18,affordability.back_office,ridge_log,494.9776905380382,434.530230259596,563.7865058499059
2026-12-19,affordability.back_office,ridge_log,0.0,0.0,0.0
2026-12-20,affordability.back_office,ridge_log,0.0,0.0,0.0
2026-12-21,affordability.back_office,ridge_log,278.6502640406522,244.5624359577897,317.4418260741668
2026-12-22,affordability.back_office,ridge_log,248.91882367926496,218.45379019651503,283.58489783494554
2026-12-23,affordability.back_office,ridge_log,234.3785299436512,205.6852403451244,267.0270158218285
2026-12-24,affordability.back_office,ridge_log,211.6907822432914,185.76200888947122,241.19115195301194
2026-12-25,affordability.back_office,ridge_log,0.0,0.0,0.0
2026-12-26,affordability.back_office,ridge_log,0.0,0.0,0.0
2026-12-27,affordability.back_office,ridge_log,0.0,0.0,0.0
2026-12-28,affordability.back_office,ridge_log,0.0,0.0,0.0
2026-12-29,affordability.back_office,ridge_log,308.99384267506707,271.20863056073284,351.99583192989326
2026-12-30,affordability.back_office,ridge_log,264.76353857902,232.36781667749761,301.62820044024517
2026-12-31,affordability.back_office,ridge_log,212.46601236511714,186.4427767361748,242.07395178660576
2027-01-01,affordability.back_office,ridge_log,0.0,0.0,0.0
2027-01-02,affordability.back_office,ridge_log,0.0,0.0,0.0
2027-01-03,affordability.back_office,ridge_log,0.0,0.0,0.0
2027-01-04,affordability.back_office,ridge_log,591.468041626905,519.2631717295968,673.6657062143717
2027-01-05,affordability.back_office,ridge_log,484.3343918080918,425.1838241355091,551.6663597369586
2027-01-06,affordability.back_office,ridge_log,455.92628217453,400.2372604253508,519.3163855149039
2027-01-07,affordability.back_office,ridge_log,447.9067193994987,393.1948863893615,510.18404082914867
2027-01-08,affordability.back_office,ridge_log,458.76032466012623,402.7259730618543,522.5436752760266
2027-01-09,affordability.back_office,ridge_log,0.0,0.0,0.0
2027-01-10,affordability.back_office,ridge_log,0.0,0.0,0.0
2027-01-11,affordability.back_office,ridge_log,1351.5646021433122,1186.7414910329337,1539.2320693464067
2027-01-12,affordability.back_office,ridge_log,1084.8846954812223,952.5566977616053,1235.548078495203
2027-01-13,affordability.back_office,ridge_log,998.3505339641782,876.5667779381577,1137.006572900045
2027-01-14,affordability.back_office,ridge_log,956.2739086186929,839.6172157029599,1089.0914612352626
2027-01-15,affordability.back_office,ridge_log,952.4527584716676,836.2616750908445,1084.7400943069672
2027-01-16,affordability.back_office,ridge_log,0.0,0.0,0.0
2027-01-17,affordability.back_office,ridge_log,0.0,0.0,0.0
2027-01-18,affordability.back_office,ridge_log,1113.8538896208981,977.9959774799428,1268.5369924264933
2027-01-19,affordability.back_office,ridge_log,877.9321198007191,770.8214228422328,999.8790890830171
2027-01-20,affordability.back_office,ridge_log,793.3339817878369,696.5316208483036,903.542246566846
2027-01-21,affordability.back_office,ridge_log,746.2001664943285,655.1410904226818,849.8682172350708
2027-01-22,affordability.back_office,ridge_log,729.8309416556078,640.7664658667904,831.2276245170668
2027-01-23,affordability.back_office,ridge_log,0.0,0.0,0.0
2027-01-24,affordability.back_office,ridge_log,0.0,0.0,0.0
2027-01-25,affordability.back_office,ridge_log,741.0927041197316,650.655975532299,844.0520514187039
2027-01-26,affordability.back_office,ridge_log,803.5488421363891,705.5017940756863,915.1745048628063
2027-01-27,affordability.back_office,ridge_log,658.1095681187774,577.7843865452289,749.5543060521973
2027-01-28,affordability.back_office,ridge_log,559.161532495387,490.8932309381097,636.8763967147187
2027-01-29,affordability.back_office,ridge_log,492.37748666806004,432.2468628571703,560.8255017827255
2027-01-30,affordability.back_office,ridge_log,0.0,0.0,0.0
2027-01-31,affordability.back_office,ridge_log,0.0,0.0,0.0
2027-02-01,affordability.back_office,ridge_log,545.2989306096529,478.7197957609072,621.0902420061246
2027-02-02,affordability.back_office,ridge_log,625.5463387483135,549.1890070364474,712.4726542172283
2027-02-03,affordability.back_office,ridge_log,543.3895108418022,477.04303998579405,618.9158741560346
2027-02-04,affordability.back_office,ridge_log,490.9707904043925,431.0115734128855,559.2236145591511
2027-02-05,affordability.back_office,ridge_log,460.9570782073655,404.655050815658,525.0452468885721
2027-02-06,affordability.back_office,ridge_log,0.0,0.0,0.0
2027-02-07,affordability.back_office,ridge_log,0.0,0.0,0.0
2027-02-08,affordability.back_office,ridge_log,545.6729488016371,479.04823960231175,621.5161583738569
2027-02-09,affordability.back_office,ridge_log,625.939361900398,549.5341400716796,712.9202126434175
2027-02-10,affordability.back_office,ridge_log,543.6968630754837,477.31294115760375,619.2658741019986
2027-02-11,affordability.back_office,ridge_log,491.21488910744347,431.2259285363266,559.501584014113
2027-02-12,affordability.back_office,ridge_log,461.1518809299258,404.8261167046576,525.2670801303648
2027-02-13,affordability.back_office,ridge_log,0.0,0.0,0.0
2027-02-14,affordability.back_office,ridge_log,0.0,0.0,0.0
2026-08-17,movehome.voice,ridge_log,442.5190974461523,384.8571190942359,508.7810561100501
2026-08-18,movehome.voice,ridge_log,399.96732280268697,347.83680590045617,459.87132604292344
2026-08-19,movehome.voice,ridge_log,370.18733254798804,321.9280259406533,425.6417011456532
2026-08-20,movehome.voice,ridge_log,369.4502167476769,321.28673053015046,424.7944477673039
2026-08-21,movehome.voice,ridge_log,383.84551485203826,333.8107309697684,441.3406470837703
2026-08-22,movehome.voice,ridge_log,195.7137514049722,170.1349063334382,225.09881359160084
2026-08-23,movehome.voice,ridge_log,0.0,0.0,0.0
2026-08-24,movehome.voice,ridge_log,439.9632952276352,382.6335549918303,505.84337377693896
2026-08-25,movehome.voice,ridge_log,397.54493398916946,345.72931230459744,457.08699133586407
2026-08-26,movehome.voice,ridge_log,367.84196099886026,319.8875378521541,422.9458913859873
2026-08-27,movehome.voice,ridge_log,367.00739479896123,319.1614599773751,421.9866268687675
2026-08-28,movehome.voice,ridge_log,381.2022821678119,331.5111018089639,438.3024706934004
2026-08-29,movehome.voice,ridge_log,194.30903830049624,168.91279704397073,223.48421257114202
2026-08-30,movehome.voice,ridge_log,0.0,0.0,0.0
2026-08-31,movehome.voice,ridge_log,0.0,0.0,0.0
2026-09-01,movehome.voice,ridge_log,462.3589647753752,402.11792921096895,531.5853354561037
2026-09-02,movehome.voice,ridge_log,382.0554288882294,332.25334485416556,439.2830919754245
2026-09-03,movehome.voice,ridge_log,363.8855491218411,316.4454344842436,418.3983246026804
2026-09-04,movehome.voice,ridge_log,377.85887857972114,328.6023195313407,434.45950601403894
2026-09-05,movehome.voice,ridge_log,192.54906689127603,167.38161078141528,221.4612716416022
2026-09-06,movehome.voice,ridge_log,0.0,0.0,0.0
2026-09-07,movehome.voice,ridge_log,432.4036364139403,376.05660398882253,497.1541739709287
2026-09-08,movehome.voice,ridge_log,390.5035827998638,339.6032922144924,448.99354308693955
2026-09-09,movehome.voice,ridge_log,361.1329339141051,314.0506418358482,415.2344220882241
2026-09-10,movehome.voice,ridge_log,360.1223498643674,313.1714273179251,414.07283967487103
2026-09-11,movehome.voice,ridge_log,373.85390588547716,325.11796794516744,429.85612260540444
2026-09-12,movehome.voice,ridge_log,190.4532847212177,165.558267032028,219.05234413914394
2026-09-13,movehome.voice,ridge_log,0.0,0.0,0.0
2026-09-14,movehome.voice,ridge_log,427.48876608527837,371.78063570316556,491.50493881907107
2026-09-15,movehome.voice,ridge_log,385.96400188115916,335.6538280902092,443.77567193556985
2026-09-16,movehome.voice,ridge_log,356.8417389818873,310.31727509151534,410.30204999425746
2026-09-17,movehome.voice,ridge_log,355.7513946017027,309.3686685814057,409.04878970695165
2026-09-18,movehome.voice,ridge_log,369.221694531824,321.08791475634325,424.5317804641102
2026-09-19,movehome.voice,ridge_log,188.03895714512333,163.4577867637363,216.27727515483468
2026-09-20,movehome.voice,ridge_log,0.0,0.0,0.0
2026-09-21,movehome.voice,ridge_log,421.86882330234596,366.8912499208212,485.0452814532148
2026-09-22,movehome.voice,ridge_log,380.7911296718082,331.1533965357997,437.82988505474117
2026-09-23,movehome.voice,ridge_log,351.96805783903034,306.07714165814065,404.70015838979083
2026-09-24,movehome.voice,ridge_log,350.802824113501,305.0633809437053,403.36081902126216
2026-09-25,movehome.voice,ridge_log,363.9932412126928,316.53912728472557,418.522107714855
2026-09-26,movehome.voice,ridge_log,185.32179792667026,161.09384105037122,213.1541263546388
2026-09-27,movehome.voice,ridge_log,0.0,0.0,0.0
2026-09-28,movehome.voice,ridge_log,415.57868163341374,361.4187868668537,477.8152861430495
2026-09-29,movehome.voice,ridge_log,375.01644189443806,326.1293816291179,431.1923611728439
2026-09-30,movehome.voice,ridge_log,346.5410577753988,301.35561726246766,398.46227265152214
2026-10-01,movehome.voice,ridge_log,345.3058585241062,300.2809860978989,397.04251372334505
2026-10-02,movehome.voice,ridge_log,358.1991054323888,311.49819249243063,411.8622299691811
2026-10-03,movehome.voice,ridge_log,182.3175791957751,158.48015174476106,209.70102649166392
2026-10-04,movehome.voice,ridge_log,0.0,0.0,0.0
2026-10-05,movehome.voice,ridge_log,408.65471159036474,355.39488911674215,469.8567577705929
2026-10-06,movehome.voice,ridge_log,368.6734270437729,320.6109185724782,423.9015925325881
2026-10-07,movehome.voice,ridge_log,340.5924031480613,296.18025009550786,391.6247883274617
2026-10-08,movehome.voice,ridge_log,339.2928638106197,295.049642648866,390.13107581515305
2026-10-09,movehome.voice,ridge_log,351.87381376262346,305.9951487153204,404.5918326530594
2026-10-10,movehome.voice,ridge_log,179.04446708022806,155.63252349303275,205.9388560206978
2026-10-11,movehome.voice,ridge_log,0.0,0.0,0.0
2026-10-12,movehome.voice,ridge_log,401.1403413095111,348.85733942387753,461.21961337084855
2026-10-13,movehome.voice,ridge_log,361.8027336267596,314.63337182413517,416.00430121593297
2026-10-14,movehome.voice,ridge_log,334.16111502044953,290.5849887293596,384.23255688844426
2026-10-15,movehome.voice,ridge_log,332.8042793989573,289.4045331530413,382.6729870573694
2026-10-16,movehome.voice,ridge_log,345.0610415602129,300.06799379018855,396.7611169609255
2026-10-17,movehome.voice,ridge_log,175.5256929726701,152.57116775378486,201.8943174976898
2026-10-18,movehome.voice,ridge_log,0.0,0.0,0.0
2026-10-19,movehome.voice,ridge_log,393.09208152387896,341.8553024835743,451.9688073369378
2026-10-20,movehome.voice,ridge_log,354.45760259881877,308.2430613521963,407.5616832782712
2026-10-21,movehome.voice,ridge_log,327.2985682302949,284.61452959793286,376.344629442602
2026-10-22,movehome.voice,ridge_log,325.893554965494,283.3921591670833,374.7296834127846
2026-10-23,movehome.voice,ridge_log,337.8186700833681,293.76708477793267,388.4366125907479
2026-10-24,movehome.voice,ridge_log,171.79209212272514,149.32291138930555,197.60285348051872
2026-10-25,movehome.voice,ridge_log,0.0,0.0,0.0
2026-10-26,movehome.voice,ridge_log,384.5849432129276,334.4540383226073,442.19055855839383
2026-10-27,movehome.voice,ridge_log,346.70861153180806,301.50139009077003,398.6548617753923
2026-10-28,movehome.voice,ridge_log,320.07272353263045,278.32799898814005,368.0391212321701
2026-10-29,movehome.voice,ridge_log,318.63119786512783,277.0738625359013,366.3822072286265
2026-10-30,movehome.voice,ridge_log,330.2227908998709,287.15862182400593,379.70578047856935
2026-10-31,movehome.voice,ridge_log,167.8840396238103,145.92288098634847,193.1108717850047
2026-11-01,movehome.voice,ridge_log,0.0,0.0,0.0
2026-11-02,movehome.voice,ridge_log,375.7162261423089,326.7381983527755,431.9967050328912
2026-11-03,movehome.voice,ridge_log,338.64682653354856,294.4875861298977,389.3885096331407
2026-11-04,movehome.voice,ridge_log,312.57077946289957,271.8012601775813,359.41625972983394
2026-11-05,movehome.voice,ridge_log,311.10714202321805,270.52788634363066,357.73393008105256
2026-11-06,movehome.voice,ridge_log,322.3698664782338,280.3265278863978,370.67949621855894
2026-11-07,movehome.voice,ridge_log,163.8523956924686,142.41532525513307,188.4768320049746
2026-11-08,movehome.voice,ridge_log,0.0,0.0,0.0
2026-11-09,movehome.voice,ridge_log,366.6068915449078,318.81301961209266,421.52628164907014
2026-11-10,movehome.voice,ridge_log,330.3846928812213,287.2994775722446,379.891873356517
2026-11-11,movehome.voice,ridge_log,304.89966619741386,265.1273430962675,350.5989522902986
2026-11-12,movehome.voice,ridge_log,303.4309056405383,263.84951211794055,348.91073404389317
2026-11-13,movehome.voice,ridge_log,314.3765415540973,273.3722846232059,361.491833244357
2026-11-14,movehome.voice,ridge_log,159.75822749597205,138.85337301759955,183.77092577620087
2026-11-15,movehome.voice,ridge_log,0.0,0.0,0.0
2026-11-16,movehome.voice,ridge_log,357.4001184011047,310.80306871948005,410.94386075063096
2026-11-17,movehome.voice,ridge_log,322.0543596006848,280.05203490650393,370.3168472727855
2026-11-18,movehome.voice,ridge_log,297.1841535809113,258.4147982986242,341.73061148513773
2026-11-19,movehome.voice,ridge_log,295.72936551785665,257.14912347833496,340.05845345964843
2026-11-20,movehome.voice,ridge_log,306.37698450431157,266.4126193712642,352.29700695944
2026-11-21,movehome.voice,ridge_log,155.6712757813634,135.297699164972,179.07331429386545
2026-11-22,movehome.voice,ridge_log,0.0,0.0,0.0
2026-11-23,movehome.voice,ridge_log,348.2571072836111,302.84859119322243,400.43472900455873
2026-11-24,movehome.voice,ridge_log,313.8035566579331,272.87378413787866,360.8332347055477
2026-11-25,movehome.voice,ridge_log,289.56273900166707,251.78411938881774,332.97042855683895
2026-11-26,movehome.voice,ridge_log,288.1423683321178,250.5483879186604,331.3378304660426
2026-11-27,movehome.voice,ridge_log,298.51804372218277,259.5752911619588,343.263807392839
2026-11-28,movehome.voice,ridge_log,151.6673400086374,131.81424970708068,174.47112274037607
2026-11-29,movehome.voice,ridge_log,0.0,0.0,0.0
2026-11-30,movehome.voice,ridge_log,339.3506413506149,295.0999094742596,390.1974862976485
2026-12-01,movehome.voice,ridge_log,305.7895367020571,265.9015360661218,351.62178451155074
2026-12-02,movehome.voice,ridge_log,282.1818343474482,245.36268563565298,324.48669180757787
2026-12-03,movehome.voice,ridge_log,280.81673997760385,244.17504489600952,322.9176292313476
2026-12-04,movehome.voice,ridge_log,290.9528438957517,252.99351944280872,334.5682386529947
2026-12-05,movehome.voice,ridge_log,147.82492145073647,128.47132124811617,170.0545818076769
2026-12-06,movehome.voice,ridge_log,0.0,0.0,0.0
2026-12-07,movehome.voice,ridge_log,330.8572450646841,287.71060096201563,380.43503283528025
2026-12-08,movehome.voice,ridge_log,298.1718721474275,259.27411970145914,342.8659119250223
2026-12-09,movehome.voice,ridge_log,275.1890094704284,239.2788837442956,316.44902052342024
2026-12-10,movehome.voice,ridge_log,273.8994709469441,238.1569770690786,314.9668031159622
2026-12-11,movehome.voice,ridge_log,283.83364983454305,246.7997755615834,326.38531648942563
2026-12-12,movehome.voice,ridge_log,144.2215554486141,125.33637002532684,165.91281192913365
2026-12-13,movehome.voice,ridge_log,0.0,0.0,0.0
2026-12-14,movehome.voice,ridge_log,322.9489314705365,280.8303180938385,371.34508332279034
2026-12-15,movehome.voice,ridge_log,291.10500854916495,253.1259036541273,334.7431392813835
2026-12-16,movehome.voice,ridge_log,268.72612761257153,233.65613563291922,309.0204747160587
2026-12-17,movehome.voice,ridge_log,267.5309096190239,232.61628841557712,307.6466709223134
2026-12-18,movehome.voice,ridge_log,277.3048566382638,241.11968416871375,318.88101107397216
2026-12-19,movehome.voice,ridge_log,140.93026733869965,122.47292854348706,162.12974966256888
2026-12-20,movehome.voice,ridge_log,0.0,0.0,0.0
2026-12-21,movehome.voice,ridge_log,210.31865180746124,182.84126209872326,241.88593333756216
2026-12-22,movehome.voice,ridge_log,189.60335625925077,164.81882389204242,218.07542197785978
2026-12-23,movehome.voice,ridge_log,175.05566591182819,152.16224123667206,201.35406043761074
2026-12-24,movehome.voice,ridge_log,140.45001796544108,122.05510854988829,161.57774290356076
2026-12-25,movehome.voice,ridge_log,0.0,0.0,0.0
2026-12-26,movehome.voice,ridge_log,107.6790278745394,93.54413980650259,123.91021216463703
2026-12-27,movehome.voice,ridge_log,0.0,0.0,0.0
2026-12-28,movehome.voice,ridge_log,0.0,0.0,0.0
2026-12-29,movehome.voice,ridge_log,218.03330243482984,189.55305696036564,250.75328335782112
2026-12-30,movehome.voice,ridge_log,179.84128769949567,156.3257624738206,206.85473512860443
2026-12-31,movehome.voice,ridge_log,137.80990846143374,119.75819657563683,158.543156349402
2027-01-01,movehome.voice,ridge_log,0.0,0.0,0.0
2027-01-02,movehome.voice,ridge_log,105.67890516163177,91.80402039013873,121.61123726149596
2027-01-03,movehome.voice,ridge_log,0.0,0.0,0.0
2027-01-04,movehome.voice,ridge_log,304.0705131506339,264.40597469895465,349.64590974290445
2027-01-05,movehome.voice,ridge_log,274.39875698754577,238.59135908372375,315.54069094265617
2027-01-06,movehome.voice,ridge_log,253.60051763619558,220.4967592434696,291.6348425716001
2027-01-07,movehome.voice,ridge_log,252.78010474191373,219.78299483413505,290.6918461034357
2027-01-08,movehome.voice,ridge_log,262.3446775816241,228.1042337262285,301.6855280289778
2027-01-09,movehome.voice,ridge_log,133.47216532207702,115.98433259655089,153.55728095820842
2027-01-10,movehome.voice,ridge_log,0.0,0.0,0.0
2027-01-11,movehome.voice,ridge_log,299.9317749668609,260.80524629046613,344.8887740163002
2027-01-12,movehome.voice,ridge_log,270.80151371374166,235.46173467331394,311.40595863168386
2027-01-13,movehome.voice,ridge_log,250.40519637242997,217.71680952502672,287.9620862224703
2027-01-14,movehome.voice,ridge_log,249.7266243163846,217.1264475424812,287.1821240147749
2027-01-15,movehome.voice,ridge_log,259.314301378898,225.4677872546093,298.2023623251018
2027-01-16,movehome.voice,ridge_log,131.99613371514639,114.70017575866726,151.86070524378965
2027-01-17,movehome.voice,ridge_log,0.0,0.0,0.0
2027-01-18,movehome.voice,ridge_log,296.9530937173302,258.21377475523593,341.4650273666893
2027-01-19,movehome.voice,ridge_log,268.259789275164,233.25041832853537,308.48445753713565
2027-01-20,movehome.voice,ridge_log,248.19283337871508,215.79203972137222,285.41915874788816
2027-01-21,movehome.voice,ridge_log,247.65955025439075,215.3280800287657,284.80619409768025
2027-01-22,movehome.voice,ridge_log,257.31383613082835,223.72736983048708,295.9029937062473
2027-01-23,movehome.voice,ridge_log,131.04896383578432,113.87613197023545,150.77201215130484
2027-01-24,movehome.voice,ridge_log,0.0,0.0,0.0
2027-01-25,movehome.voice,ridge_log,295.16931646630644,256.6618772596757,339.4147235996089
2027-01-26,movehome.voice,ridge_log,266.8016008054215,231.98178513291109,306.8083910266393
2027-01-27,movehome.voice,ridge_log,246.98615485726293,214.74222177223467,284.0321820293722
2027-01-28,movehome.voice,ridge_log,246.59837900383297,214.40485432602952,283.5864658993936
2027-01-29,movehome.voice,ridge_log,256.36024882888165,222.89774284379922,294.80692431961324
2027-01-30,movehome.voice,ridge_log,130.6376597768948,113.51829483640155,150.29925230369903
2027-01-31,movehome.voice,ridge_log,0.0,0.0,0.0
2027-02-01,movehome.voice,ridge_log,294.5887470914553,256.1567782298986,338.747407332611
2027-02-02,movehome.voice,ridge_log,266.43115113187054,231.65949157283518,306.38258990110114
2027-02-03,movehome.voice,ridge_log,246.78602059372844,214.5681036965743,283.80214431910815
2027-02-04,movehome.voice,ridge_log,246.54097271182002,214.35491048872967,283.52048213561324
2027-02-05,movehome.voice,ridge_log,256.44823719647644,222.97429328036884,294.9080596387431
2027-02-06,movehome.voice,ridge_log,130.75795254466277,113.6229503055337,150.43751884721823
2027-02-07,movehome.voice,ridge_log,0.0,0.0,0.0
2027-02-08,movehome.voice,ridge_log,295.19494109450835,256.68417084835573,339.44417698102313
2027-02-09,movehome.voice,ridge_log,267.13052368280296,232.26795011755132,307.18646054971856
2027-02-10,movehome.voice,ridge_log,247.57305651570073,215.25282992880076,284.70677673031383
2027-02-11,movehome.voice,ridge_log,247.46524880875788,215.1590365415879,284.58286072704686
2027-02-12,movehome.voice,ridge_log,257.5520445300774,223.93461264513996,296.1767944725987
2027-02-13,movehome.voice,ridge_log,131.39525676967114,114.17740901394747,151.17004711136164
2027-02-14,movehome.voice,ridge_log,0.0,0.0,0.0
2026-08-17,movehome.webchat,ridge_log,445.3349527611916,387.8897933248962,511.2304559916586
2026-08-18,movehome.webchat,ridge_log,402.4136740531228,350.4911998565019,461.9709519546258
2026-08-19,movehome.webchat,ridge_log,385.6737762218647,335.90522635949173,442.75905777023
2026-08-20,movehome.webchat,ridge_log,376.59139679797397,327.9914776077347,432.3354748909785
2026-08-21,movehome.webchat,ridge_log,388.21832738536915,338.1223698693738,445.6793651814703
2026-08-22,movehome.webchat,ridge_log,200.13188059834377,174.23702506997984,229.81801706476332
2026-08-23,movehome.webchat,ridge_log,0.0,0.0,0.0
2026-08-24,movehome.webchat,ridge_log,444.2100006979397,386.90958895654217,509.9393812061628
2026-08-25,movehome.webchat,ridge_log,401.188684647045,349.42382996026487,460.56506721842226
2026-08-26,movehome.webchat,ridge_log,384.3009517585792,334.7090433576971,441.18350703579586
2026-08-27,movehome.webchat,ridge_log,375.0579033164212,326.65529888638065,430.5755289942335
2026-08-28,movehome.webchat,ridge_log,386.44008037278286,336.57293007839195,443.6385227710864
2026-08-29,movehome.webchat,ridge_log,199.11166552098737,173.34808116903295,228.6471458737279
2026-08-30,movehome.webchat,ridge_log,0.0,0.0,0.0
2026-08-31,movehome.webchat,ridge_log,0.0,0.0,0.0
2026-09-01,movehome.webchat,ridge_log,491.7883411421974,428.3660195600683,564.5436596371463
2026-09-02,movehome.webchat,ridge_log,395.3839617892597,344.36600137525113,453.9031555127679
2026-09-03,movehome.webchat,ridge_log,372.23215762142934,324.1931421736031,427.33250279231584
2026-09-04,movehome.webchat,ridge_log,383.3468323586614,333.8776905967384,440.0884919326409
2026-09-05,movehome.webchat,ridge_log,197.4214856259525,171.87537689074736,226.70737553442697
2026-09-06,movehome.webchat,ridge_log,0.0,0.0,0.0
2026-09-07,movehome.webchat,ridge_log,437.3732016335613,380.95248151403445,502.09298563620007
2026-09-08,movehome.webchat,ridge_log,394.6428320894992,343.72023290835125,453.05258249779274
2026-09-09,movehome.webchat,ridge_log,377.68163907462923,328.9414383012175,433.58671426326094
2026-09-10,movehome.webchat,ridge_log,368.2634557196223,320.7350935438678,422.7777389726374
2026-09-11,movehome.webchat,ridge_log,379.10248056004804,330.1794599700877,435.2173727383499
2026-09-12,movehome.webchat,ridge_log,195.15102431623694,169.89705606565488,224.10163308177175
2026-09-13,movehome.webchat,ridge_log,0.0,0.0,0.0
2026-09-14,movehome.webchat,ridge_log,432.0205733027139,376.28857640779773,495.9499296786769
2026-09-15,movehome.webchat,ridge_log,389.6665920607965,339.3842861836415,447.3414964546585
2026-09-16,movehome.webchat,ridge_log,372.7838813112079,324.6738755208375,427.9657000348496
2026-09-17,movehome.webchat,ridge_log,363.3602779130252,316.4628081178116,417.15050431821055
2026-09-18,movehome.webchat,ridge_log,373.9288866688889,325.6715529242136,429.279789403499
2026-09-19,movehome.webchat,ridge_log,192.4182754822153,167.51593029841183,220.96533667417245
2026-09-20,movehome.webchat,ridge_log,0.0,0.0,0.0
2026-09-21,movehome.webchat,ridge_log,425.7258149642699,370.80376525661,488.7256184950859
2026-09-22,movehome.webchat,ridge_log,383.87662057127295,334.3393109068547,440.6965144655997
2026-09-23,movehome.webchat,ridge_log,367.1427054182619,319.758550296281,421.49148642713743
2026-09-24,movehome.webchat,ridge_log,357.76707098261903,311.58927968456993,410.7313432945548
2026-09-25,movehome.webchat,ridge_log,368.08122399359246,320.57630959231807,422.56859691736224
2026-09-26,movehome.webchat,ridge_log,189.35647687842624,164.84809362830632,217.4513994098668
2026-09-27,movehome.webchat,ridge_log,0.0,0.0,0.0
2026-09-28,movehome.webchat,ridge_log,418.7880903366694,364.75871835323056,480.76339358968335
2026-09-29,movehome.webchat,ridge_log,377.54425798149254,328.82173404712455,433.429045975743
2026-09-30,movehome.webchat,ridge_log,361.0185739307365,314.4224114219772,414.46299872096
2026-10-01,movehome.webchat,ridge_log,351.7380467679225,306.3360106207535,403.8120074410453
2026-10-02,movehome.webchat,ridge_log,361.82088247046704,315.1214868413673,415.38378491236426
2026-10-03,movehome.webchat,ridge_log,186.1001081911108,162.01072222685212,213.71415971601013
2026-10-04,movehome.webchat,ridge_log,0.0,0.0,0.0
2026-10-05,movehome.webchat,ridge_log,411.5007591403803,358.40904879344805,472.39993538695
2026-10-06,movehome.webchat,ridge_log,370.93183592838307,323.0601330033235,425.84016137994274
2026-10-07,movehome.webchat,ridge_log,354.6597863040624,308.88180963750295,407.16520298432215
2026-10-08,movehome.webchat,ridge_log,345.5121795148261,300.91122633204657,396.6667605537413
2026-10-09,movehome.webchat,ridge_log,355.39017745386013,309.5182212847418,408.00345167762856
2026-10-10,movehome.webchat,ridge_log,182.77210533090627,159.1109338287249,209.89470756402466
2026-10-11,movehome.webchat,ridge_log,0.0,0.0,0.0
2026-10-12,movehome.webchat,ridge_log,404.1245484735701,351.9819358935379,463.93447279924214
2026-10-13,movehome.webchat,ridge_log,364.26919689951495,317.25477640707527,418.193644220655
2026-10-14,movehome.webchat,ridge_log,348.2807612813881,303.3235744048032,399.84418137650863
2026-10-15,movehome.webchat,ridge_log,339.29281542004793,295.49210843962436,389.52897715222053
2026-10-16,movehome.webchat,ridge_log,348.9922183163521,303.9434881916645,400.6606999365532
2026-10-17,movehome.webchat,ridge_log,179.47393678685663,156.2371409622983,206.10949538953543
2026-10-18,movehome.webchat,ridge_log,0.0,0.0,0.0
2026-10-19,movehome.webchat,ridge_log,396.86783155393107,345.658941468356,455.6061497119953
2026-10-20,movehome.webchat,ridge_log,357.7369401859819,311.56302582056054,410.69676305502645
2026-10-21,movehome.webchat,ridge_log,342.0470287235519,297.8919368409069,392.6899077075652
2026-10-22,movehome.webchat,ridge_log,333.23406320683637,290.2129364818459,382.5755233388799
2026-10-23,movehome.webchat,ridge_log,342.7779757362486,298.5288328281097,393.52879434856425
2026-10-24,movehome.webchat,ridge_log,176.279493980096,153.45372743213196,202.4433262288735
2026-10-25,movehome.webchat,ridge_log,0.0,0.0,0.0
2026-10-26,movehome.webchat,ridge_log,389.8756753296833,339.5664666873335,447.58145524521217
2026-10-27,movehome.webchat,ridge_log,351.4576977187248,306.0917341118567,403.4902589858173
2026-10-28,movehome.webchat,ridge_log,336.0679940110026,292.68222512497863,385.82794335269125
2026-10-29,movehome.webchat,ridge_log,327.43482620044813,285.15988788317935,375.9199075854241
2026-10-30,movehome.webchat,ridge_log,336.84125647937674,293.35599183392935,386.71539421224355
2026-10-31,movehome.webchat,ridge_log,173.23307267243254,150.79928945991608,198.94703704037968
2026-11-01,movehome.webchat,ridge_log,0.0,0.0,0.0
2026-11-02,movehome.webchat,ridge_log,383.22789590338016,333.77405770709663,439.9519920198837
2026-11-03,movehome.webchat,ridge_log,345.4954965321049,300.89668995038676,396.6476139793745
2026-11-04,movehome.webchat,ridge_log,330.3973835823817,287.74125270940704,379.3199485839199
2026-11-05,movehome.webchat,ridge_log,321.9402509425383,280.37230017523353,369.6139432654955
2026-11-06,movehome.webchat,ridge_log,331.2212208974949,288.45908679449036,380.2654427250823
2026-11-07,movehome.webchat,ridge_log,170.35119183414872,148.2882205183686,195.63958616611197
2026-11-08,movehome.webchat,ridge_log,0.0,0.0,0.0
2026-11-09,movehome.webchat,ridge_log,376.9452955144375,328.2998401408275,432.74163416155625
2026-11-10,movehome.webchat,ridge_log,339.8623519303334,295.98836262996304,390.1826176511083
2026-11-11,movehome.webchat,ridge_log,325.04045288731334,283.07359882458553,373.1719549280315
2026-11-12,movehome.webchat,ridge_log,316.74960505362236,275.8495352138656,363.65678984844703
2026-11-13,movehome.webchat,ridge_log,325.91133825238137,283.8324272823134,374.17144474864335
2026-11-14,movehome.webchat,ridge_log,167.62763673304215,145.91510552550363,192.51384113855718
2026-11-15,movehome.webchat,ridge_log,0.0,0.0,0.0
2026-11-16,movehome.webchat,ridge_log,371.00255337917616,323.1217512326246,425.9213217427671
2026-11-17,movehome.webchat,ridge_log,334.530641238142,291.34268368771683,384.06356825948524
2026-11-18,movehome.webchat,ridge_log,319.96650433745555,278.65251574394546,367.3487316551323
2026-11-19,movehome.webchat,ridge_log,311.82910857820065,271.56215951384087,358.00967906118905
2026-11-20,movehome.webchat,ridge_log,320.8732027291104,279.4425491625345,368.3893230454279
2026-11-21,movehome.webchat,ridge_log,165.0408838853635,143.66119042638618,189.54510008101082
2026-11-22,movehome.webchat,ridge_log,0.0,0.0,0.0
2026-11-23,movehome.webchat,ridge_log,365.3457935786109,318.19284728340637,419.4292229372372
2026-11-24,movehome.webchat,ridge_log,329.4494251502182,286.91526818386313,378.23200424438363
2026-11-25,movehome.webchat,ridge_log,315.12491597258656,274.43389503996804,361.79218141283764
2026-11-26,movehome.webchat,ridge_log,307.127922212228,267.46587526946865,352.6142641121479
2026-11-27,movehome.webchat,ridge_log,316.0533191291415,275.2428404691787,362.85768273094527
2026-11-28,movehome.webchat,ridge_log,162.56291131394613,141.5020588344644,186.70120298475675
2026-11-29,movehome.webchat,ridge_log,0.0,0.0,0.0
2026-11-30,movehome.webchat,ridge_log,359.9125438134371,313.45869431089056,413.1936401028546
2026-12-01,movehome.webchat,ridge_log,324.56261764422646,282.6572466901902,372.6235573081476
2026-12-02,movehome.webchat,ridge_log,310.4626392787889,270.37151395634646,356.44142196361565
2026-12-03,movehome.webchat,ridge_log,302.59527166435447,263.5164413225637,347.4122728229308
2026-12-04,movehome.webchat,ridge_log,311.40074930471206,271.18891727106944,357.5180635735604
2026-12-05,movehome.webchat,ridge_log,160.1682920221874,139.41555544734086,183.9529680248469
2026-12-06,movehome.webchat,ridge_log,0.0,0.0,0.0
2026-12-07,movehome.webchat,ridge_log,354.6515998053472,308.87467649639916,407.1558075776929
2026-12-08,movehome.webchat,ridge_log,319.82674320551587,278.5307376908812,367.18833186625767
2026-12-09,movehome.webchat,ridge_log,305.9409876061762,266.4316636583185,351.25205376384554
2026-12-10,movehome.webchat,ridge_log,298.1965733935301,259.68372399977426,342.36401466866874
2026-12-11,movehome.webchat,ridge_log,306.8834151738818,267.2528289762894,352.3336504910018
2026-12-12,movehome.webchat,ridge_log,157.8424319766588,137.38896404733316,181.28364605330108
2026-12-13,movehome.webchat,ridge_log,0.0,0.0,0.0
2026-12-14,movehome.webchat,ridge_log,349.54029238368145,304.4210415137366,401.28970861348085
2026-12-15,movehome.webchat,ridge_log,315.2260362268241,274.52200414094267,361.90823418949697
2026-12-16,movehome.webchat,ridge_log,301.5495851496918,262.6053033967055,346.2121688036437
2026-12-17,movehome.webchat,ridge_log,293.92650880487906,255.96308905036102,337.4633856526114
2026-12-18,movehome.webchat,ridge_log,302.50097620614355,263.4342788704259,347.30405266630396
2026-12-19,movehome.webchat,ridge_log,155.58789750407738,135.42452075164212,178.69618236870042
2026-12-20,movehome.webchat,ridge_log,0.0,0.0,0.0
2026-12-21,movehome.webchat,ridge_log,171.46476015224755,149.2585058892011,196.9175961581719
2026-12-22,movehome.webchat,ridge_log,154.59041207501693,134.55538187286342,177.55139733436152
2026-12-23,movehome.webchat,ridge_log,147.86978710037397,128.69950038830365,169.83833139050898
2026-12-24,movehome.webchat,ridge_log,131.71836200890746,114.626280784587,151.3018102652108
2026-12-25,movehome.webchat,ridge_log,0.0,0.0,0.0
2026-12-26,movehome.webchat,ridge_log,94.04804673058091,81.8030087543543,108.06868433366236
2026-12-27,movehome.webchat,ridge_log,0.0,0.0,0.0
2026-12-28,movehome.webchat,ridge_log,0.0,0.0,0.0
2026-12-29,movehome.webchat,ridge_log,188.30005483588627,163.9276015160204,216.23897453727037
2026-12-30,movehome.webchat,ridge_log,151.1651784285465,131.57087338349885,173.62035623505776
2026-12-31,movehome.webchat,ridge_log,129.949630252272,113.08513192061775,149.27188823751425
2027-01-01,movehome.webchat,ridge_log,0.0,0.0,0.0
2027-01-02,movehome.webchat,ridge_log,92.75008998237814,80.67206023122772,106.57905709974753
2027-01-03,movehome.webchat,ridge_log,0.0,0.0,0.0
2027-01-04,movehome.webchat,ridge_log,335.3311802117437,292.0402172312296,384.98232357127705
2027-01-05,movehome.webchat,ridge_log,302.50184468995116,263.4350356063348,347.3050493999268
2027-01-06,movehome.webchat,ridge_log,289.4723618122304,252.0820575983502,332.3514906119665
2027-01-07,movehome.webchat,ridge_log,282.25471201684996,245.79310352662708,324.06800372771875
2027-01-08,movehome.webchat,ridge_log,290.60136000301543,253.06578747860146,333.64720902042853
2027-01-09,movehome.webchat,ridge_log,149.509979816924,130.12864934337762,171.7207328979743
2027-01-10,movehome.webchat,ridge_log,0.0,0.0,0.0
2027-01-11,movehome.webchat,ridge_log,331.48249310134156,288.68674107764235,380.5652972393824
2027-01-12,movehome.webchat,ridge_log,299.1002046770985,260.47108495538214,343.4010860281611
2027-01-13,movehome.webchat,ridge_log,286.28861434681437,249.30796323888407,328.69759618369835
2027-01-14,movehome.webchat,ridge_log,279.22365927824626,243.15205664814738,320.5893525992369
2027-01-15,movehome.webchat,ridge_log,287.5604091960954,250.4161161172493,330.15719816663426
2027-01-16,movehome.webchat,ridge_log,147.98329824332941,128.79840604110112,169.96860483000023
2027-01-17,movehome.webchat,ridge_log,0.0,0.0,0.0
2027-01-18,movehome.webchat,ridge_log,328.31237916866684,285.9245260228912,376.92704962037357
2027-01-19,movehome.webchat,ridge_log,296.3360234221829,258.0625711799966,340.2287155447065
2027-01-20,movehome.webchat,ridge_log,283.7392158658114,247.08659611633263,325.77172564705563
2027-01-21,movehome.webchat,ridge_log,276.8350135541895,241.07075820916998,317.84797332935284
2027-01-22,movehome.webchat,ridge_log,285.2054447429591,248.3641651766822,327.4544739124165
2027-01-23,movehome.webchat,ridge_log,146.8234540682393,127.78779913244146,168.63748538191072
2027-01-24,movehome.webchat,ridge_log,0.0,0.0,0.0
2027-01-25,movehome.webchat,ridge_log,326.00910288039444,283.9176125258267,374.2836463706184
2027-01-26,movehome.webchat,ridge_log,294.37968622956345,256.3579560903227,337.983484211011
2027-01-27,movehome.webchat,ridge_log,281.9874249885924,245.56020834712484,323.76124617426717
2027-01-28,movehome.webchat,ridge_log,275.24787921311355,239.68784060307192,316.0264653772412
2027-01-29,movehome.webchat,ridge_log,283.6998700584949,247.05231293799295,325.72656960761117
2027-01-30,movehome.webchat,ridge_log,146.1144384964059,127.1700126654047,167.82376881813832
2027-01-31,movehome.webchat,ridge_log,0.0,0.0,0.0
2027-02-01,movehome.webchat,ridge_log,324.75568421293104,282.8254713641202,372.8451341974385
2027-02-02,movehome.webchat,ridge_log,293.3948150529587,255.49980838687003,336.85317618757364
2027-02-03,movehome.webchat,ridge_log,281.1880990531049,244.86373175999046,322.84388303106124
2027-02-04,movehome.webchat,ridge_log,274.61130611710905,239.13317543122764,315.2958889373878
2027-02-05,movehome.webchat,ridge_log,283.19484321826997,246.6122679519928,325.1469649820343
2027-02-06,movehome.webchat,ridge_log,145.9329575557233,127.01188289557624,167.61548841738414
2027-02-07,movehome.webchat,ridge_log,0.0,0.0,0.0
2027-02-08,movehome.webchat,ridge_log,324.7148877069034,282.7899241486182,372.79831323324885
2027-02-09,movehome.webchat,ridge_log,293.52492137491464,255.6131739153203,337.00249543165364
2027-02-10,movehome.webchat,ridge_log,281.47512905844974,245.1138295857363,323.1732990254727
2027-02-11,movehome.webchat,ridge_log,275.05225769508405,239.5173897254032,315.8019562468715
2027-02-12,movehome.webchat,ridge_log,283.81713397025936,247.15448849046012,325.8611499907878
2027-02-13,movehome.webchat,ridge_log,146.3422977094749,127.36855321065629,168.0852762140943
2027-02-14,movehome.webchat,ridge_log,0.0,0.0,0.0
2026-08-17,welsh.voice,ridge_log,65.55012387057984,52.864582171760325,81.18950730268327
2026-08-18,welsh.voice,ridge_log,59.36252406229644,47.85519948852176,73.54657127474206
2026-08-19,welsh.voice,ridge_log,53.26619899279902,42.919711386390304,66.01637799215014
2026-08-20,welsh.voice,ridge_log,54.44902936012768,43.8773120947252,67.4774124981789
2026-08-21,welsh.voice,ridge_log,58.76063544882647,47.36792001166894,72.80311721965937
2026-08-22,welsh.voice,ridge_log,29.03385400418008,23.301589154608983,36.08453555025873
2026-08-23,welsh.voice,ridge_log,0.0,0.0,0.0
2026-08-24,welsh.voice,ridge_log,65.20663897581241,52.58650224786181,80.76523405318237
2026-08-25,welsh.voice,ridge_log,59.073011664963666,47.620814842662774,73.18896496524091
2026-08-26,welsh.voice,ridge_log,53.02605466132835,42.725294343785734,65.71975121928645
2026-08-27,welsh.voice,ridge_log,54.22452238305739,43.69555480626955,67.20010101767923
2026-08-28,welsh.voice,ridge_log,58.54147128874302,47.190488183120685,72.53240519770657
2026-08-29,welsh.voice,ridge_log,28.935309290450714,23.221808917073314,35.96281291688526
2026-08-30,welsh.voice,ridge_log,0.0,0.0,0.0
2026-08-31,welsh.voice,ridge_log,0.0,0.0,0.0
2026-09-01,welsh.voice,ridge_log,73.89170691860251,59.61779552851645,91.493047864962
2026-09-02,welsh.voice,ridge_log,62.13513546302471,50.09986171111163,76.97130658773665
2026-09-03,welsh.voice,ridge_log,54.15311264229824,43.63774261255033,67.11189555880914
2026-09-04,welsh.voice,ridge_log,58.488658376852555,47.147731687149296,72.46717058015942
2026-09-05,welsh.voice,ridge_log,28.92096843429194,23.210198787341188,35.945099061819754
2026-09-06,welsh.voice,ridge_log,0.0,0.0,0.0
2026-09-07,welsh.voice,ridge_log,65.06388031725422,52.47092710172736,80.5888982640878
2026-09-08,welsh.voice,ridge_log,58.99203020557309,47.55525353732568,73.08893649980219
2026-09-09,welsh.voice,ridge_log,52.99708249645808,42.70183893854077,65.68396474156398
2026-09-10,welsh.voice,ridge_log,54.23988954852218,43.70799581974084,67.21908257211346
2026-09-11,welsh.voice,ridge_log,58.60665129476605,47.24325688238726,72.61291567539904
2026-09-12,welsh.voice,ridge_log,28.992551387772117,23.268151211332587,36.0335184733996
2026-09-13,welsh.voice,ridge_log,0.0,0.0,0.0
2026-09-14,welsh.voice,ridge_log,65.2756336407223,52.642359234471186,80.85045640538905
2026-09-15,welsh.voice,ridge_log,59.208505492859366,47.73050849709689,73.35632722053761
2026-09-16,welsh.voice,ridge_log,53.213544662348696,42.87708327543809,65.95133925472449
2026-09-17,welsh.voice,ridge_log,54.48327735414718,43.9050387275865,67.5197156909332
2026-09-18,welsh.voice,ridge_log,58.8927477389485,47.47487602674515,72.966302592533
2026-09-19,welsh.voice,ridge_log,29.14820005631991,23.394161905147765,36.22577602938318
2026-09-20,welsh.voice,ridge_log,0.0,0.0,0.0
2026-09-21,welsh.voice,ridge_log,65.67038115859636,52.961940565125836,81.33804935253814
2026-09-22,welsh.voice,ridge_log,59.58975710341636,48.03916375520267,73.82724999517082
2026-09-23,welsh.voice,ridge_log,53.57693559059128,43.17127880837279,66.40020047777483
2026-09-24,welsh.voice,ridge_log,54.8754403088063,44.22252763684776,68.0041161802757
2026-09-25,welsh.voice,ridge_log,59.337595518526626,47.835017734796885,73.51577948613166
2026-09-26,welsh.voice,ridge_log,29.382767992270015,23.584064386368098,36.51551482701402
2026-09-27,welsh.voice,ridge_log,0.0,0.0,0.0
2026-09-28,welsh.voice,ridge_log,66.23487999273546,53.41894986955097,82.0353194751787
2026-09-29,welsh.voice,ridge_log,60.12294236051128,48.470822084216415,74.48584152294907
2026-09-30,welsh.voice,ridge_log,54.074984174997816,43.574491044367356,67.01539111507654
2026-10-01,welsh.voice,ridge_log,55.403121907183454,44.64973029103936,68.65590957746977
2026-10-02,welsh.voice,ridge_log,59.92616004352257,48.311510240911495,74.24277559968729
2026-10-03,welsh.voice,ridge_log,29.688337640512714,23.83144872793153,36.89295508591263
2026-10-04,welsh.voice,ridge_log,0.0,0.0,0.0
2026-10-05,welsh.voice,ridge_log,66.95017971704449,53.99804518329156,82.91885916796545
2026-10-06,welsh.voice,ridge_log,60.79023380458702,49.011050655584484,75.3100812891078
2026-10-07,welsh.voice,ridge_log,54.69111763228595,44.07330292088388,67.77644043058389
2026-10-08,welsh.voice,ridge_log,56.04886063127911,45.172510122089676,69.45352737951646
2026-10-09,welsh.voice,ridge_log,60.63908702769016,48.88868462185993,75.12338447896411
2026-10-10,welsh.voice,ridge_log,30.054930562833654,24.128236544495543,37.34577141864381
2026-10-11,welsh.voice,ridge_log,0.0,0.0,0.0
2026-10-12,welsh.voice,ridge_log,67.79329279062983,54.68061615777126,83.96027417303851
2026-10-13,welsh.voice,ridge_log,61.570378946485064,49.642643791101264,76.27371817526416
2026-10-14,welsh.voice,ridge_log,55.40590162939337,44.65198071006031,68.65934309606891
2026-10-15,welsh.voice,ridge_log,56.79249778474475,45.77454696910695,70.37206952316471
2026-10-16,welsh.voice,ridge_log,61.454363957017826,49.54871989536786,76.13041622131534
2026-10-17,welsh.voice,ridge_log,30.47135926634435,24.465370619226324,37.86014501094853
2026-10-18,welsh.voice,ridge_log,0.0,0.0,0.0
2026-10-19,welsh.voice,ridge_log,68.73913614674909,55.44635593991701,85.12858183469353
2026-10-20,welsh.voice,ridge_log,62.44048591921615,50.34706859826626,77.34847610016206
2026-10-21,welsh.voice,ridge_log,56.198664530172614,45.29378898307777,69.63856546398443
2026-10-22,welsh.voice,ridge_log,57.61285311853703,46.43869363833725,71.38537412117074
2026-10-23,welsh.voice,ridge_log,62.34913944326694,50.27311593988939,77.23564474492105
2026-10-24,welsh.voice,ridge_log,30.926146334596627,24.833559017773677,38.42189893438971
2026-10-25,welsh.voice,ridge_log,0.0,0.0,0.0
2026-10-26,welsh.voice,ridge_log,69.76256478431726,56.274907535594096,86.39272299579856
2026-10-27,welsh.voice,ridge_log,63.37786563904862,51.10595635468866,78.50632946084289
2026-10-28,welsh.voice,ridge_log,57.04914742672588,45.98232644936334,70.6890836895673
2026-10-29,welsh.voice,ridge_log,58.48940047746256,47.14833248003509,72.46808722436141
2026-10-30,welsh.voice,ridge_log,63.30151347133895,51.04414285048619,78.41201910602351
2026-10-31,welsh.voice,ridge_log,31.408413949447535,25.22399523106704,39.01759688559187
2026-11-01,welsh.voice,ridge_log,0.0,0.0,0.0
2026-11-02,welsh.voice,ridge_log,70.84027215359602,57.14740233172432,87.72390935811171
2026-11-03,welsh.voice,ridge_log,64.36172161650522,51.902470552273634,79.72159039066932
2026-11-04,welsh.voice,ridge_log,57.93898856780039,46.70272772627923,71.78821729984993
2026-11-05,welsh.voice,ridge_log,59.40374477266118,47.888571121964425,73.5974871810879
2026-11-06,welsh.voice,ridge_log,64.2920816757774,51.846091160594696,79.63557099244323
2026-11-07,welsh.voice,ridge_log,31.908633803000505,25.62896529213109,39.635469479015455
2026-11-08,welsh.voice,ridge_log,0.0,0.0,0.0
2026-11-09,welsh.voice,ridge_log,71.95231293522424,58.04769291404122,89.09750442207627
2026-11-10,welsh.voice,ridge_log,65.37446601917239,52.722372360803035,80.97253436281804
2026-11-11,welsh.voice,ridge_log,58.852844171927934,47.442570731666976,72.91701362435884
2026-11-12,welsh.voice,ridge_log,60.34069981563894,48.64711506673967,74.75481598004308
2026-11-13,welsh.voice,ridge_log,65.30502050358302,52.66615037263304,80.88675511892345
2026-11-14,welsh.voice,ridge_log,32.41913220287503,26.042256701302215,40.26603815402644
2026-11-15,welsh.voice,ridge_log,0.0,0.0,0.0
2026-11-16,welsh.voice,ridge_log,73.0830278693922,58.963101794123844,90.49416583772152
2026-11-17,welsh.voice,ridge_log,66.40246869422518,53.55462702469362,82.24232538444532
2026-11-18,welsh.voice,ridge_log,59.77897858767229,48.1923544682251,74.06097676226781
2026-11-19,welsh.voice,ridge_log,61.28880405148372,49.4146852212587,75.92591628499186
2026-11-20,welsh.voice,ridge_log,66.32854682674686,53.494781053019295,82.15101694147744
2026-11-21,welsh.voice,ridge_log,32.934271776890576,26.459305531459233,40.9023396168959
2026-11-22,welsh.voice,ridge_log,0.0,0.0,0.0
2026-11-23,welsh.voice,ridge_log,74.22122234823684,59.884565994967815,91.90006600235725
2026-11-24,welsh.voice,ridge_log,67.43611706775098,54.39145235653977,83.51908998445506
2026-11-25,welsh.voice,ridge_log,60.70922584489882,48.94546789602668,75.21002009044689
2026-11-26,welsh.voice,ridge_log,62.24018675421952,50.18490957058351,77.10106615899716
2026-11-27,welsh.voice,ridge_log,67.35467199711198,54.32551571888779,83.41848886544736
2026-11-28,welsh.voice,ridge_log,33.45027698526344,26.8770551654649,41.53971031310651
2026-11-29,welsh.voice,ridge_log,0.0,0.0,0.0
2026-11-30,welsh.voice,ridge_log,75.35956066368058,60.806146643641476,93.30614383425642
2026-12-01,welsh.voice,ridge_log,68.4691683833164,55.22779431972918,84.79511709724233
2026-12-02,welsh.voice,ridge_log,61.63832058557111,49.697648264702295,76.35763982780429
2026-12-03,welsh.voice,ridge_log,63.18979778653487,50.953699603630675,78.27402766204999
2026-12-04,welsh.voice,ridge_log,68.37828092679926,55.154213276205475,84.68285272374925
2026-12-05,welsh.voice,ridge_log,33.96472711049311,27.29354582881798,42.17516016741563
2026-12-06,welsh.voice,ridge_log,0.0,0.0,0.0
2026-12-07,welsh.voice,ridge_log,76.49326453508914,61.723975319916214,94.70649719133766
2026-12-08,welsh.voice,ridge_log,69.49749101701589,56.06030801706631,86.06530333244905
2026-12-09,welsh.voice,ridge_log,62.56269984265344,50.44601105264055,77.49943499011879
2026-12-10,welsh.voice,ridge_log,64.13411915458742,51.71820720837297,79.44045536091016
2026-12-11,welsh.voice,ridge_log,69.39567894711173,55.9778825797845,85.93954485399861
2026-12-12,welsh.voice,ridge_log,34.4757959630747,27.70729906745465,42.80643346678532
2026-12-13,welsh.voice,ridge_log,0.0,0.0,0.0
2026-12-14,welsh.voice,ridge_log,77.61832199117683,62.634803995460054,96.09617047840533
2026-12-15,welsh.voice,ridge_log,70.51739524389097,56.88600630573557,87.32509113420663
2026-12-16,welsh.voice,ridge_log,63.47896734382414,51.18780669162712,78.63121049482324
2026-12-17,welsh.voice,ridge_log,65.06956538605985,52.475529643279884,80.59592047278622
2026-12-18,welsh.voice,ridge_log,70.40284090854585,56.79326493241671,87.18359338323799
2026-12-19,welsh.voice,ridge_log,34.98136146045973,28.11659687699513,43.43090901048084
2026-12-20,welsh.voice,ridge_log,0.0,0.0,0.0
2026-12-21,welsh.voice,ridge_log,49.14103520303882,39.580044198107764,60.920967182338295
2026-12-22,welsh.voice,ridge_log,44.609464595619094,35.91135649495477,55.32356183426746
2026-12-23,welsh.voice,ridge_log,40.11821711239006,32.27531375371161,49.7759636922515
2026-12-24,welsh.voice,ridge_log,37.067384122833225,29.805407744780698,46.007568499676125
2026-12-25,welsh.voice,ridge_log,0.0,0.0,0.0
2026-12-26,welsh.voice,ridge_log,27.659810233782892,22.189185107368406,34.38731385491282
2026-12-27,welsh.voice,ridge_log,0.0,0.0,0.0
2026-12-28,welsh.voice,ridge_log,0.0,0.0,0.0
2026-12-29,welsh.voice,ridge_log,56.753674695735555,45.7431164118928,70.32411516365569
2026-12-30,welsh.voice,ridge_log,47.78239733895396,38.4801125283143,59.2427748942013
2026-12-31,welsh.voice,ridge_log,37.57805223320873,30.218836548882184,46.63834680144745
2027-01-01,welsh.voice,ridge_log,0.0,0.0,0.0
2027-01-02,welsh.voice,ridge_log,28.051730024937733,22.50647715531263,34.871413988193986
2027-01-03,welsh.voice,ridge_log,0.0,0.0,0.0
2027-01-04,welsh.voice,ridge_log,80.90735763702233,65.29755509755883,100.15879408266026
2027-01-05,welsh.voice,ridge_log,73.49124009959198,59.29358394235708,90.99839042526897
2027-01-06,welsh.voice,ridge_log,66.14318572532059,53.344715644718704,81.92205852720295
2027-01-07,welsh.voice,ridge_log,67.78147062382293,54.67104511899762,83.94567140824822
2027-01-08,welsh.voice,ridge_log,73.31341485689627,59.14961944578281,90.77874031922025
2027-01-09,welsh.voice,ridge_log,36.43746381600102,29.29543425350203,45.22948963921482
2027-01-10,welsh.voice,ridge_log,0.0,0.0,0.0
2027-01-11,welsh.voice,ridge_log,81.90627575643926,66.1062633664229,101.39265980125995
2027-01-12,welsh.voice,ridge_log,74.3895467387986,60.02083875231679,92.10798063628097
2027-01-13,welsh.voice,ridge_log,66.94336820294791,53.992530689494394,82.91044557172349
2027-01-14,welsh.voice,ridge_log,68.59106827209013,55.32648253661972,84.94568809093579
2027-01-15,welsh.voice,ridge_log,74.1768026052148,59.848604475415335,91.845198644284
2027-01-16,welsh.voice,ridge_log,36.86650873831858,29.64278221891372,45.75944681097571
2027-01-17,welsh.voice,ridge_log,0.0,0.0,0.0
2027-01-18,welsh.voice,ridge_log,82.82883156059178,66.85314991578505,102.53220263075974
2027-01-19,welsh.voice,ridge_log,75.21527527380725,60.68933548004486,93.12792222349677
2027-01-20,welsh.voice,ridge_log,67.67526564206594,54.58506324994156,83.81448679602902
2027-01-21,welsh.voice,ridge_log,69.32773722531137,55.922878039219256,85.85562309928959
2027-01-22,welsh.voice,ridge_log,74.95814018771203,60.48116299193177,92.81030843552458
2027-01-23,welsh.voice,ridge_log,37.25256163082686,29.955324518749638,46.23630013896445
2027-01-24,welsh.voice,ridge_log,0.0,0.0,0.0
2027-01-25,welsh.voice,ridge_log,83.64875844410665,67.51694971846503,103.5449780061006
2027-01-26,welsh.voice,ridge_log,75.94428059333259,61.27952662633236,94.02839109572444
2027-01-27,welsh.voice,ridge_log,68.31692305445277,55.10453891575291,84.60706335344658
2027-01-28,welsh.voice,ridge_log,69.96883284837129,56.44189888930028,86.64750573337344
2027-01-29,welsh.voice,ridge_log,75.63284272920842,61.0273914702481,93.64370240448211
2027-01-30,welsh.voice,ridge_log,37.58320182044445,30.223005573047253,46.64470758220772
2027-01-31,welsh.voice,ridge_log,0.0,0.0,0.0
2027-02-01,welsh.voice,ridge_log,84.33856297331369,68.07540452654803,104.39702598138427
2027-02-02,welsh.voice,ridge_log,76.55164674527053,61.77124063146728,94.77861101760497
2027-02-03,welsh.voice,ridge_log,68.84601046513542,55.53287969329401,85.26059321289597
2027-02-04,welsh.voice,ridge_log,70.49166220493133,56.8651732454625,87.2933056314807
2027-02-05,welsh.voice,ridge_log,76.17664383957519,61.46764422572696,94.31540665608752
2027-02-06,welsh.voice,ridge_log,37.84635920850689,30.436053621332714,46.969760129974105
2027-02-07,welsh.voice,ridge_log,0.0,0.0,0.0
2027-02-08,welsh.voice,ridge_log,84.872387633988,68.50758050656013,105.05640730178081
2027-02-09,welsh.voice,ridge_log,77.01434175122282,62.14583117097429,95.35013284198136
2027-02-10,welsh.voice,ridge_log,69.24225488679198,55.853672893513426,85.7500351386804
2027-02-11,welsh.voice,ridge_log,70.87600778583281,57.17633333289571,87.76805008465615
2027-02-12,welsh.voice,ridge_log,76.56834892961957,61.784762455056836,94.7992415901148
2027-02-13,welsh.voice,ridge_log,38.031710398955646,30.586111005863092,47.19870630218876
2027-02-14,welsh.voice,ridge_log,0.0,0.0,0.0
2026-08-17,complaints.back_office,ridge_log,173.18767729347428,148.53247685822893,201.8840628415633
2026-08-18,complaints.back_office,ridge_log,153.89721391929712,131.97133233717736,179.41448190665565
2026-08-19,complaints.back_office,ridge_log,143.68535542512222,123.20430268785604,167.51968308923355
2026-08-20,complaints.back_office,ridge_log,144.95658687524087,124.29567345260931,169.0004167243663
2026-08-21,complaints.back_office,ridge_log,146.21181533823645,125.3733054192128,170.46251003928555
2026-08-22,complaints.back_office,ridge_log,0.0,0.0,0.0
2026-08-23,complaints.back_office,ridge_log,0.0,0.0,0.0
2026-08-24,complaints.back_office,ridge_log,171.7863131018337,147.32938523444483,200.2517502572269
2026-08-25,complaints.back_office,ridge_log,152.72400729005557,130.96411731268321,178.0479278328742
2026-08-26,complaints.back_office,ridge_log,142.65871270518778,122.32291491989398,166.3238470307965
2026-08-27,complaints.back_office,ridge_log,143.99177482940837,123.46736822132736,167.87660119281057
2026-08-28,complaints.back_office,ridge_log,145.31114705827534,124.60006854767501,169.4134093298033
2026-08-29,complaints.back_office,ridge_log,0.0,0.0,0.0
2026-08-30,complaints.back_office,ridge_log,0.0,0.0,0.0
2026-08-31,complaints.back_office,ridge_log,0.0,0.0,0.0
2026-09-01,complaints.back_office,ridge_log,191.50376323156507,164.25710412077447,223.2186864539528
2026-09-02,complaints.back_office,ridge_log,173.75763545615933,149.0217942644565,202.547951563029
2026-09-03,complaints.back_office,ridge_log,143.54999334720296,123.08809236715985,167.36201299565786
2026-09-04,complaints.back_office,ridge_log,144.9425876606881,124.28365492247383,168.98411040355288
2026-09-05,complaints.back_office,ridge_log,0.0,0.0,0.0
2026-09-06,complaints.back_office,ridge_log,0.0,0.0,0.0
2026-09-07,complaints.back_office,ridge_log,170.8329588091021,146.51091665152694,199.14128074570397
2026-09-08,complaints.back_office,ridge_log,152.03747329726545,130.37471785385884,177.2482512871976
2026-09-09,complaints.back_office,ridge_log,142.16919583187635,121.90265753534322,165.7536565283434
2026-09-10,complaints.back_office,ridge_log,143.65208384856123,123.17573855348653,167.48092827200244
2026-09-11,complaints.back_office,ridge_log,145.124911952077,124.44018298926107,169.1964822031462
2026-09-12,complaints.back_office,ridge_log,0.0,0.0,0.0
2026-09-13,complaints.back_office,ridge_log,0.0,0.0,0.0
2026-09-14,complaints.back_office,ridge_log,171.3276177290672,146.93558855822334,199.717460717213
2026-09-15,complaints.back_office,ridge_log,152.56093309737173,130.82411573675913,177.8579785973463
2026-09-16,complaints.back_office,ridge_log,142.7362549591856,122.38948607736369,166.41416844600994
2026-09-17,complaints.back_office,ridge_log,144.30289526185814,123.73446965613013,168.2389950659817
2026-09-18,complaints.back_office,ridge_log,145.86067754067417,125.07184849205481,170.05350383717467
2026-09-19,complaints.back_office,ridge_log,0.0,0.0,0.0
2026-09-20,complaints.back_office,ridge_log,0.0,0.0,0.0
2026-09-21,complaints.back_office,ridge_log,172.46923823055786,147.91568643076542,201.04722318883572
2026-09-22,complaints.back_office,ridge_log,153.65841867790883,131.76632313512445,179.13633260048462
2026-09-23,complaints.back_office,ridge_log,143.83793078658272,123.33529086385191,167.69740325937724
2026-09-24,complaints.back_office,ridge_log,145.4910758039339,124.75454000346863,169.62299079162048
2026-09-25,complaints.back_office,ridge_log,147.13610393234654,126.16682067539415,171.53912375092767
2026-09-26,complaints.back_office,ridge_log,0.0,0.0,0.0
2026-09-27,complaints.back_office,ridge_log,0.0,0.0,0.0
2026-09-28,complaints.back_office,ridge_log,174.23349104728598,149.4303232387448,203.10222936915267
2026-09-29,complaints.back_office,ridge_log,155.30589072459208,133.18070194657577,181.05531224202608
2026-09-30,complaints.back_office,ridge_log,145.4495359641611,124.71887744438365,169.5746050803137
2026-10-01,complaints.back_office,ridge_log,147.18948431179032,126.21264851070372,171.6013013530403
2026-10-02,complaints.back_office,ridge_log,148.92157862840116,127.69967677669565,173.61884923040643
2026-10-03,complaints.back_office,ridge_log,0.0,0.0,0.0
2026-10-04,complaints.back_office,ridge_log,0.0,0.0,0.0
2026-10-05,complaints.back_office,ridge_log,176.57789747921043,151.44303039782517,205.832999960022
2026-10-06,complaints.back_office,ridge_log,157.46332300833672,135.03288906890825,183.56829486825342
2026-10-07,complaints.back_office,ridge_log,147.53160789514044,126.5063666033186,171.99980777544775
2026-10-08,complaints.back_office,ridge_log,149.3562491940046,128.0728478051139,174.1251546137661
2026-10-09,complaints.back_office,ridge_log,151.1728240356533,129.63240383558863,176.2411056221479
2026-10-10,complaints.back_office,ridge_log,0.0,0.0,0.0
2026-10-11,complaints.back_office,ridge_log,0.0,0.0,0.0
2026-10-12,complaints.back_office,ridge_log,179.4435559699646,153.9032400616784,209.17092627837056
2026-10-13,complaints.back_office,ridge_log,160.0763467610337,137.27620812070896,186.61195159941607
2026-10-14,complaints.back_office,ridge_log,150.03154761141593,128.65260135839335,174.91174393258729
2026-10-15,complaints.back_office,ridge_log,151.9365264860579,130.28805354222877,177.13066818405736
2026-10-16,complaints.back_office,ridge_log,153.83277714522507,131.9160124256139,179.33942578788273
2026-10-17,complaints.back_office,ridge_log,0.0,0.0,0.0
2026-10-18,complaints.back_office,ridge_log,0.0,0.0,0.0
2026-10-19,complaints.back_office,ridge_log,182.75772689792944,156.74850420286882,213.03128102742804
2026-10-20,complaints.back_office,ridge_log,163.07866282420736,139.853740306206,190.10905700663812
2026-10-21,complaints.back_office,ridge_log,152.88597882209902,131.1031722383445,178.2365926864761
2026-10-22,complaints.back_office,ridge_log,154.86498598911464,132.8021787922781,180.5417452816981
2026-10-23,complaints.back_office,ridge_log,156.83420351458932,134.49278079598267,182.8354948774866
2026-10-24,complaints.back_office,ridge_log,0.0,0.0,0.0
2026-10-25,complaints.back_office,ridge_log,0.0,0.0,0.0
2026-10-26,complaints.back_office,ridge_log,186.43726570625512,159.90744200511324,217.31721721533125
2026-10-27,complaints.back_office,ridge_log,166.3952000523171,142.7010359506278,193.9721680281392
2026-10-28,complaints.back_office,ridge_log,156.0237941078636,133.79703248524117,181.8915279337371
2026-10-29,complaints.back_office,ridge_log,158.06897814277457,135.5528528466975,184.27376351345515
2026-10-30,complaints.back_office,ridge_log,160.1029827016057,137.2990754646763,186.64297721092427
2026-10-31,complaints.back_office,ridge_log,0.0,0.0,0.0
2026-11-01,complaints.back_office,ridge_log,0.0,0.0,0.0
2026-11-02,complaints.back_office,ridge_log,190.39277164998876,163.30330162327783,221.9246006263595
2026-11-03,complaints.back_office,ridge_log,169.9458829782121,145.74934909601825,198.10801255556464
2026-11-04,complaints.back_office,ridge_log,159.36974205007522,136.66957765722802,185.78889663003042
2026-11-05,complaints.back_office,ridge_log,161.47221529250965,138.47458163998408,188.23786282477704
2026-11-06,complaints.back_office,ridge_log,163.56187804840076,140.26858763296084,190.67190733212735
2026-11-07,complaints.back_office,ridge_log,0.0,0.0,0.0
2026-11-08,complaints.back_office,ridge_log,0.0,0.0,0.0
2026-11-09,complaints.back_office,ridge_log,194.53316357330561,166.8578885549549,226.74733969792285
2026-11-10,complaints.back_office,ridge_log,173.64973170200898,148.92915731571216,202.42226499500657
2026-11-11,complaints.back_office,ridge_log,162.84827772464362,139.65595133372963,189.84070385511282
2026-11-12,complaints.back_office,ridge_log,164.9986687863932,141.50209346415065,192.34548484800308
2026-11-13,complaints.back_office,ridge_log,167.13447150731724,143.33571129092755,194.83327330429492
2026-11-14,complaints.back_office,ridge_log,0.0,0.0,0.0
2026-11-15,complaints.back_office,ridge_log,0.0,0.0,0.0
2026-11-16,complaints.back_office,ridge_log,198.77024931847978,170.49548854479497,231.68270797978485
2026-11-17,complaints.back_office,ridge_log,177.42889308484067,152.17362255303942,206.82424181176287
2026-11-18,complaints.back_office,ridge_log,166.3872887254788,142.69424396100163,193.96295289446164
2026-11-19,complaints.back_office,ridge_log,168.57627846842547,144.57352362291826,196.51269372964882
2026-11-20,complaints.back_office,ridge_log,170.7488457121208,146.43870432939656,199.04330559582564
2026-11-21,complaints.back_office,ridge_log,0.0,0.0,0.0
2026-11-22,complaints.back_office,ridge_log,0.0,0.0,0.0
2026-11-23,complaints.back_office,ridge_log,257.1439357253234,220.6101508034726,299.67652677748583
2026-11-24,complaints.back_office,ridge_log,203.06257837908242,174.1805157276934,236.6824238163455
2026-11-25,complaints.back_office,ridge_log,169.9212597384081,145.72820968505334,198.0793313430441
2026-11-26,complaints.back_office,ridge_log,172.14003301170175,147.633058942726,200.6637641103367
2026-11-27,complaints.back_office,ridge_log,174.34056914467442,149.5222513491013,203.2269542100731
2026-11-28,complaints.back_office,ridge_log,0.0,0.0,0.0
2026-11-29,complaints.back_office,ridge_log,0.0,0.0,0.0
2026-11-30,complaints.back_office,ridge_log,207.21942392862033,177.74922833776694,241.52432811369297
2026-12-01,complaints.back_office,ridge_log,184.93738832200629,158.61977536680672,215.5701562130056
2026-12-02,complaints.back_office,ridge_log,173.39347760982565,148.70915943528593,202.123779574904
2026-12-03,complaints.back_office,ridge_log,175.63403245754554,150.63270849269756,204.7335835756381
2026-12-04,complaints.back_office,ridge_log,177.85460741827046,152.53910452534143,207.3201149530455
2026-12-05,complaints.back_office,ridge_log,0.0,0.0,0.0
2026-12-06,complaints.back_office,ridge_log,0.0,0.0,0.0
2026-12-07,complaints.back_office,ridge_log,211.30047060333072,181.25286650684842,246.27794168833074
2026-12-08,complaints.back_office,ridge_log,188.55295772648356,161.72379450165005,219.78158067616434
2026-12-09,complaints.back_office,ridge_log,176.75700902818036,151.59680027832744,206.04162954905217
2026-12-10,complaints.back_office,ridge_log,179.01228762895394,153.53298989275854,208.66858381489328
2026-12-11,complaints.back_office,ridge_log,181.2459397682534,155.45061287418537,211.27034752325525
2026-12-12,complaints.back_office,ridge_log,0.0,0.0,0.0
2026-12-13,complaints.back_office,ridge_log,0.0,0.0,0.0
2026-12-14,complaints.back_office,ridge_log,215.21779601933642,184.61594758437727,250.84085232328923
2026-12-15,complaints.back_office,ridge_log,192.01740575898017,164.69807373169976,223.81697857983366
2026-12-16,complaints.back_office,ridge_log,179.97438101980921,154.35896111903978,209.78923265019813
2026-12-17,complaints.back_office,ridge_log,182.23821771097036,156.30249797904943,212.42615540154853
2026-12-18,complaints.back_office,ridge_log,184.4788741407824,158.22613424617066,215.03607772536262
2026-12-19,complaints.back_office,ridge_log,0.0,0.0,0.0
2026-12-20,complaints.back_office,ridge_log,0.0,0.0,0.0
2026-12-21,complaints.back_office,ridge_log,122.49484835508312,105.0119429060241,142.83692641168503
2026-12-22,complaints.back_office,ridge_log,109.22334757610649,93.61816567275658,127.37824845788883
2026-12-23,complaints.back_office,ridge_log,102.32687663911659,87.69744465857858,119.34522152234261
2026-12-24,complaints.back_office,ridge_log,88.83398470103803,76.11359988206698,103.62866658180836
2026-12-25,complaints.back_office,ridge_log,0.0,0.0,0.0
2026-12-26,complaints.back_office,ridge_log,0.0,0.0,0.0
2026-12-27,complaints.back_office,ridge_log,0.0,0.0,0.0
2026-12-28,complaints.back_office,ridge_log,0.0,0.0,0.0
2026-12-29,complaints.back_office,ridge_log,139.76441336554663,119.83811666900563,162.95255977862126
2026-12-30,complaints.back_office,ridge_log,127.0937886525362,108.96020031345182,148.19378379888283
2026-12-31,complaints.back_office,ridge_log,90.20372357468635,77.28954070850446,105.22414191509297
2027-01-01,complaints.back_office,ridge_log,0.0,0.0,0.0
2027-01-02,complaints.back_office,ridge_log,0.0,0.0,0.0
2027-01-03,complaints.back_office,ridge_log,0.0,0.0,0.0
2027-01-04,complaints.back_office,ridge_log,225.75180351326762,193.65954685459315,263.11089111720736
2027-01-05,complaints.back_office,ridge_log,201.3023954211624,172.66937295293624,234.63215821794768
2027-01-06,complaints.back_office,ridge_log,188.5681412556647,161.7368297831895,219.79926648967728
2027-01-07,complaints.back_office,ridge_log,190.82558007098163,163.67487397335347,222.42873697892773
2027-01-08,complaints.back_office,ridge_log,193.05537081929845,165.58918189423065,225.02600292922529
2027-01-09,complaints.back_office,ridge_log,0.0,0.0,0.0
2027-01-10,complaints.back_office,ridge_log,0.0,0.0,0.0
2027-01-11,complaints.back_office,ridge_log,228.68699965104796,196.1794556039332,266.52981506415466
2027-01-12,complaints.back_office,ridge_log,203.87847463232822,174.88097457630127,237.63278185291477
2027-01-13,complaints.back_office,ridge_log,190.94191519148484,163.7747493732418,222.5642444239805
2027-01-14,complaints.back_office,ridge_log,193.18678337398788,165.70200149155593,225.17907260807038
2027-01-15,complaints.back_office,ridge_log,195.40248908614038,167.60421720319079,227.75993227232252
2027-01-16,complaints.back_office,ridge_log,0.0,0.0,0.0
2027-01-17,complaints.back_office,ridge_log,0.0,0.0,0.0
2027-01-18,complaints.back_office,ridge_log,231.31598520881303,198.43647809848807,269.5920641465682
2027-01-19,complaints.back_office,ridge_log,206.17866445428282,176.8557211299914,240.31204882372512
2027-01-20,complaints.back_office,ridge_log,193.05460972118092,165.58852848038183,225.02511640019696
2027-01-21,complaints.back_office,ridge_log,195.28118035697221,167.50007188762993,227.61863155521252
2027-01-22,complaints.back_office,ridge_log,197.47701975664327,169.38523207987558,230.17635088802106
2027-01-23,complaints.back_office,ridge_log,0.0,0.0,0.0
2027-01-24,complaints.back_office,ridge_log,0.0,0.0,0.0
2027-01-25,complaints.back_office,ridge_log,233.61259921452083,200.4081547617098,272.2671659974948
2027-01-26,complaints.back_office,ridge_log,208.1794288150119,178.57340655246594,242.64254425367218
2027-01-27,complaints.back_office,ridge_log,194.8839938332346,167.15908145656343,227.15598767941412
2027-01-28,complaints.back_office,ridge_log,197.08610724926015,169.04962798347404,229.7210150024731
2027-01-29,complaints.back_office,ridge_log,199.25587960727847,170.91240923978256,232.24837137868542
2027-01-30,complaints.back_office,ridge_log,0.0,0.0,0.0
2027-01-31,complaints.back_office,ridge_log,0.0,0.0,0.0
2027-02-01,complaints.back_office,ridge_log,235.54910308598113,202.0706716156989,274.5228106456574
2027-02-02,complaints.back_office,ridge_log,209.8559527123534,180.0127268019752,244.59536356495158
2027-02-03,complaints.back_office,ridge_log,196.40678039707515,168.46641596011085,228.92973335255377
2027-02-04,complaints.back_office,ridge_log,198.57799701446498,170.33043713418155,231.45877200576538
2027-02-05,complaints.back_office,ridge_log,200.71525993510355,172.16530856373782,233.94826130640865
2027-02-06,complaints.back_office,ridge_log,0.0,0.0,0.0
2027-02-07,complaints.back_office,ridge_log,0.0,0.0,0.0
2027-02-08,complaints.back_office,ridge_log,237.0977066125455,203.40017035877082,276.32662798281905
2027-02-09,complaints.back_office,ridge_log,211.18365282499488,181.15257673816214,246.14187204220357
2027-02-10,complaints.back_office,ridge_log,197.6001754601772,169.49096304990232,230.31980296558268
2027-02-11,complaints.back_office,ridge_log,199.7340758709145,171.3229477156029,232.80537560611748
2027-02-12,complaints.back_office,ridge_log,201.83246589981547,173.12444619991007,235.2495856633269
2027-02-13,complaints.back_office,ridge_log,0.0,0.0,0.0
2027-02-14,complaints.back_office,ridge_log,0.0,0.0,0.0
2026-08-17,billing.back_office,ridge_log,683.6782190754458,606.1577038385245,771.0596408414478
2026-08-18,billing.back_office,ridge_log,559.0822710610993,495.6657931019978,630.5593077572296
2026-08-19,billing.back_office,ridge_log,466.5114065859359,413.5737840326888,526.1719861795093
2026-08-20,billing.back_office,ridge_log,459.5959723789378,407.4411645432013,518.3738127638429
2026-08-21,billing.back_office,ridge_log,469.4007368740382,416.13604732751594,529.4301328073752
2026-08-22,billing.back_office,ridge_log,0.0,0.0,0.0
2026-08-23,billing.back_office,ridge_log,0.0,0.0,0.0
2026-08-24,billing.back_office,ridge_log,545.3276747256659,483.46819233943785,615.0489689591745
2026-08-25,billing.back_office,ridge_log,496.2270099455975,439.9256345240043,559.6807176941991
2026-08-26,billing.back_office,ridge_log,639.7646836880174,567.2151016955211,721.5406440589131
2026-08-27,billing.back_office,ridge_log,571.1805652226722,506.3945821185621,644.2019212333605
2026-08-28,billing.back_office,ridge_log,524.4190732906878,464.92640699090305,591.4714328293372
2026-08-29,billing.back_office,ridge_log,0.0,0.0,0.0
2026-08-30,billing.back_office,ridge_log,0.0,0.0,0.0
2026-08-31,billing.back_office,ridge_log,0.0,0.0,0.0
2026-09-01,billing.back_office,ridge_log,624.3781585635642,553.5703035484684,704.1900645300711
2026-09-02,billing.back_office,ridge_log,683.9295297459449,606.3805665930078,771.3430307387556
2026-09-03,billing.back_office,ridge_log,569.6900756044422,505.07281324504936,642.5211740569295
2026-09-04,billing.back_office,ridge_log,523.1794313984184,463.82709033182414,590.0735535118737
2026-09-05,billing.back_office,ridge_log,0.0,0.0,0.0
2026-09-06,billing.back_office,ridge_log,0.0,0.0,0.0
2026-09-07,billing.back_office,ridge_log,542.6680231577614,481.10960854667,612.0498190098075
2026-09-08,billing.back_office,ridge_log,494.05397220023224,437.99858074405023,557.2302966982189
2026-09-09,billing.back_office,ridge_log,637.2930538187386,565.0232558831785,718.7535163438563
2026-09-10,billing.back_office,ridge_log,569.2756557729704,504.70530499332705,642.0538544908725
2026-09-11,billing.back_office,ridge_log,522.9552441576642,463.6282806836098,589.8207492874895
2026-09-12,billing.back_office,ridge_log,0.0,0.0,0.0
2026-09-13,billing.back_office,ridge_log,0.0,0.0,0.0
2026-09-14,billing.back_office,ridge_log,542.9458178261127,481.35595735806993,612.3630735261414
2026-09-15,billing.back_office,ridge_log,494.468702531375,438.36636434743906,557.6979663985128
2026-09-16,billing.back_office,ridge_log,779.7744141830011,691.3759824515761,879.4222933667365
2026-09-17,billing.back_office,ridge_log,691.1545102348596,612.7876922818976,779.4902633044777
2026-09-18,billing.back_office,ridge_log,629.909408570602,558.4754260005137,710.4273658287572
2026-09-19,billing.back_office,ridge_log,0.0,0.0,0.0
2026-09-20,billing.back_office,ridge_log,0.0,0.0,0.0
2026-09-21,billing.back_office,ridge_log,638.0605494335739,565.7038723744571,719.6189810017646
2026-09-22,billing.back_office,ridge_log,576.1959421168087,510.8422273664893,649.8574994074432
2026-09-23,billing.back_office,ridge_log,535.1885317910102,474.4767821536759,603.6155878403633
2026-09-24,billing.back_office,ridge_log,523.2129921284682,463.8568520475783,590.1113981916221
2026-09-25,billing.back_office,ridge_log,530.2156369842368,470.06681009721,598.0079144940038
2026-09-26,billing.back_office,ridge_log,0.0,0.0,0.0
2026-09-27,billing.back_office,ridge_log,0.0,0.0,0.0
2026-09-28,billing.back_office,ridge_log,674.3997816208755,597.9295688201466,760.5968322698711
2026-09-29,billing.back_office,ridge_log,542.6778918773565,481.11836014495213,612.060947448672
2026-09-30,billing.back_office,ridge_log,503.75520222727624,446.6016489759259,568.1698663379103
2026-10-01,billing.back_office,ridge_log,492.1925564119424,436.3478738759617,555.1312754825946
2026-10-02,billing.back_office,ridge_log,686.5514985377207,608.7057332321467,774.2996877926312
2026-10-03,billing.back_office,ridge_log,0.0,0.0,0.0
2026-10-04,billing.back_office,ridge_log,0.0,0.0,0.0
2026-10-05,billing.back_office,ridge_log,564.338374522291,500.32691510244257,636.4863406888103
2026-10-06,billing.back_office,ridge_log,509.01042138304285,451.26198677272964,574.0959020845203
2026-10-07,billing.back_office,ridge_log,472.21957984463063,418.6358023424312,532.6087945744075
2026-10-08,billing.back_office,ridge_log,466.2546657289323,413.34610577904937,525.8824729449283
2026-10-09,billing.back_office,ridge_log,657.3506655334174,582.8103820175775,741.3714358805478
2026-10-10,billing.back_office,ridge_log,0.0,0.0,0.0
2026-10-11,billing.back_office,ridge_log,0.0,0.0,0.0
2026-10-12,billing.back_office,ridge_log,558.3210037831633,494.99069991108064,629.700866469044
2026-10-13,billing.back_office,ridge_log,509.2501521977663,451.4745804902891,574.3662339842007
2026-10-14,billing.back_office,ridge_log,477.82499022026155,423.60669034269347,538.9297226415
2026-10-15,billing.back_office,ridge_log,471.9601058206536,418.40570031140516,532.3161992903997
2026-10-16,billing.back_office,ridge_log,665.6259914529555,590.1489559229824,750.7030880458468
2026-10-17,billing.back_office,ridge_log,0.0,0.0,0.0
2026-10-18,billing.back_office,ridge_log,0.0,0.0,0.0
2026-10-19,billing.back_office,ridge_log,565.9311787431473,501.7394167495373,638.2824626906468
2026-10-20,billing.back_office,ridge_log,516.3610650592088,457.78055080203046,582.3848384531879
2026-10-21,billing.back_office,ridge_log,484.65192564073493,429.6608289491602,546.628100604887
2026-10-22,billing.back_office,ridge_log,478.85127818328993,424.5168043536872,540.0870138932926
2026-10-23,billing.back_office,ridge_log,490.48961752048035,434.83770460493923,553.2109603737522
2026-10-24,billing.back_office,ridge_log,0.0,0.0,0.0
2026-10-25,billing.back_office,ridge_log,0.0,0.0,0.0
2026-10-26,billing.back_office,ridge_log,791.6572089846939,701.9136662483069,892.8218994872904
2026-10-27,billing.back_office,ridge_log,654.6701496703791,580.4332957303687,738.3487583569492
2026-10-28,billing.back_office,ridge_log,552.4314583037142,489.76784038984584,623.0595341082037
2026-10-29,billing.back_office,ridge_log,486.7561526125812,431.5268612114281,549.0009272909937
2026-10-30,billing.back_office,ridge_log,498.69763255079835,442.1165870927512,562.4667095702442
2026-10-31,billing.back_office,ridge_log,0.0,0.0,0.0
2026-11-01,billing.back_office,ridge_log,0.0,0.0,0.0
2026-11-02,billing.back_office,ridge_log,805.37458855019,714.0782631123666,908.2902708806598
2026-11-03,billing.back_office,ridge_log,666.1322807687155,590.5979341985632,751.2740040237329
2026-11-04,billing.back_office,ridge_log,562.1963618743467,498.427374434668,634.0709050722995
2026-11-05,billing.back_office,ridge_log,495.4350851156549,439.22335416084195,558.7877054882821
2026-11-06,billing.back_office,ridge_log,507.65686018493545,450.06164626839404,572.5695619248702
2026-11-07,billing.back_office,ridge_log,0.0,0.0,0.0
2026-11-08,billing.back_office,ridge_log,0.0,0.0,0.0
2026-11-09,billing.back_office,ridge_log,820.0938718355833,727.1313499967655,924.8884366903585
2026-11-10,billing.back_office,ridge_log,678.3634223250397,601.4445325236672,765.0664225578083
2026-11-11,billing.back_office,ridge_log,572.5592614232942,507.6172123883233,645.7566048205591
2026-11-12,billing.back_office,ridge_log,504.5954976207012,447.34682444176,569.1174234980497
2026-11-13,billing.back_office,ridge_log,517.0622457894547,458.4023591344135,583.1755232846112
2026-11-14,billing.back_office,ridge_log,0.0,0.0,0.0
2026-11-15,billing.back_office,ridge_log,0.0,0.0,0.0
2026-11-16,billing.back_office,ridge_log,835.3021732805614,740.6180990643936,942.0380426985619
2026-11-17,billing.back_office,ridge_log,690.9350418542202,612.5930673273181,779.2427802918058
2026-11-18,billing.back_office,ridge_log,583.155478654248,517.0139568819129,657.7054047141986
2026-11-19,billing.back_office,ridge_log,513.9139558517732,455.61044995670136,579.6253614058397
2026-11-20,billing.back_office,ridge_log,526.5809613588737,466.8435732170861,593.9092809175908
2026-11-21,billing.back_office,ridge_log,0.0,0.0,0.0
2026-11-22,billing.back_office,ridge_log,0.0,0.0,0.0
2026-11-23,billing.back_office,ridge_log,617.5645933952468,547.528021705655,696.5067635006558
2026-11-24,billing.back_office,ridge_log,563.6986601521104,499.75961524868865,635.7649682563874
2026-11-25,billing.back_office,ridge_log,529.2603034324322,469.2196185856734,596.9306348201926
2026-11-26,billing.back_office,ridge_log,720.3800904409256,638.7049893594883,812.446421341487
2026-11-27,billing.back_office,ridge_log,668.7041046877008,592.8786322743453,754.1741153275916
2026-11-28,billing.back_office,ridge_log,0.0,0.0,0.0
2026-11-29,billing.back_office,ridge_log,0.0,0.0,0.0
2026-11-30,billing.back_office,ridge_log,628.1675039516765,556.9307018523118,708.4631111073131
2026-12-01,billing.back_office,ridge_log,573.2753958572281,508.2522816920253,646.564152161418
2026-12-02,billing.back_office,ridge_log,741.1483263978279,657.1222983496726,835.8656746640786
2026-12-03,billing.back_office,ridge_log,663.5462906007696,588.30467346773,748.357918181944
2026-12-04,billing.back_office,ridge_log,610.8858863809056,541.6053323162773,688.9755349571817
2026-12-05,billing.back_office,ridge_log,0.0,0.0,0.0
2026-12-06,billing.back_office,ridge_log,0.0,0.0,0.0
2026-12-07,billing.back_office,ridge_log,638.0394868431478,565.6851940313943,719.5952298203046
2026-12-08,billing.back_office,ridge_log,582.1503960911858,516.1226478577388,656.5720256827143
2026-12-09,billing.back_office,ridge_log,752.4380125422456,667.1340123226564,848.5964631767541
2026-12-10,billing.back_office,ridge_log,673.4910841207886,597.1237342431303,759.5721416320964
2026-12-11,billing.back_office,ridge_log,619.888329898839,549.5887154153777,699.1271196033845
2026-12-12,billing.back_office,ridge_log,0.0,0.0,0.0
2026-12-13,billing.back_office,ridge_log,0.0,0.0,0.0
2026-12-14,billing.back_office,ridge_log,646.9429126944968,573.580768085723,729.635157423417
2026-12-15,billing.back_office,ridge_log,590.119913752538,523.1900304499072,665.5588338717864
2026-12-16,billing.back_office,ridge_log,762.5324900912219,676.0858131640847,859.9794774765373
2026-12-17,billing.back_office,ridge_log,682.3456212267678,604.9759536701573,769.5569399543771
2026-12-18,billing.back_office,ridge_log,627.8706842503045,556.6674816074203,708.1284030564228
2026-12-19,billing.back_office,ridge_log,0.0,0.0,0.0
2026-12-20,billing.back_office,ridge_log,0.0,0.0,0.0
2026-12-21,billing.back_office,ridge_log,297.70602164813516,263.87686513894687,335.8189836288983
2026-12-22,billing.back_office,ridge_log,271.4371450021925,240.58157809495628,306.19694553438325
2026-12-23,billing.back_office,ridge_log,254.5773613574376,225.6302916430172,287.1850494369021
2026-12-24,billing.back_office,ridge_log,229.9679225449372,203.8065970535774,259.4342725835981
2026-12-25,billing.back_office,ridge_log,0.0,0.0,0.0
2026-12-26,billing.back_office,ridge_log,0.0,0.0,0.0
2026-12-27,billing.back_office,ridge_log,0.0,0.0,0.0
2026-12-28,billing.back_office,ridge_log,0.0,0.0,0.0
2026-12-29,billing.back_office,ridge_log,346.12024620359415,306.8106865289008,390.4131721595952
2026-12-30,billing.back_office,ridge_log,275.6222741416712,244.29295814117478,310.9162967449822
2026-12-31,billing.back_office,ridge_log,232.145327423599,205.73752361519138,261.8896181673562
2027-01-01,billing.back_office,ridge_log,0.0,0.0,0.0
2027-01-02,billing.back_office,ridge_log,0.0,0.0,0.0
2027-01-03,billing.back_office,ridge_log,0.0,0.0,0.0
2027-01-04,billing.back_office,ridge_log,748.3224764727512,663.4843475360362,843.9555884308315
2027-01-05,billing.back_office,ridge_log,608.1707043350259,539.1975039957912,685.913766192547
2027-01-06,billing.back_office,ridge_log,570.2048410977011,505.52930821007703,643.1016481768004
2027-01-07,billing.back_office,ridge_log,562.7232984359691,498.8946627250054,634.6651038693075
2027-01-08,billing.back_office,ridge_log,575.6846221021106,510.38878785804445,649.2809105735155
2027-01-09,billing.back_office,ridge_log,0.0,0.0,0.0
2027-01-10,billing.back_office,ridge_log,0.0,0.0,0.0
2027-01-11,billing.back_office,ridge_log,905.9412362064973,803.2609470840233,1021.6940189001976
2027-01-12,billing.back_office,ridge_log,730.0008859178615,647.2367280876978,823.2952891464738
2027-01-13,billing.back_office,ridge_log,678.4873337564425,601.554417403842,765.2061509973162
2027-01-14,billing.back_office,ridge_log,663.6731892460195,588.4172074145155,748.5010151462488
2027-01-15,billing.back_office,ridge_log,672.868782796408,596.5718763097024,758.8704049805629
2027-01-16,billing.back_office,ridge_log,0.0,0.0,0.0
2027-01-17,billing.back_office,ridge_log,0.0,0.0,0.0
2027-01-18,billing.back_office,ridge_log,856.6022482416287,759.5070438397772,966.0570230461747
2027-01-19,billing.back_office,ridge_log,689.468582253964,611.292608316953,777.589130509657
2027-01-20,billing.back_office,ridge_log,640.1053601106881,567.5172141597196,721.9248070403102
2027-01-21,billing.back_office,ridge_log,625.4421008724437,554.5138095010697,705.3898166180184
2027-01-22,billing.back_office,ridge_log,633.4179938706375,561.5868457534127,714.3838139409592
2027-01-23,billing.back_office,ridge_log,0.0,0.0,0.0
2027-01-24,billing.back_office,ridge_log,0.0,0.0,0.0
2027-01-25,billing.back_office,ridge_log,716.6929130689625,635.4351938360754,808.2885842917481
2027-01-26,billing.back_office,ridge_log,889.9600524214916,789.0888045675302,1003.6728739058607
2027-01-27,billing.back_office,ridge_log,747.8722746205013,663.0851077239479,843.4479193516656
2027-01-28,billing.back_office,ridge_log,656.1139927091376,581.7136983333306,739.9769046257472
2027-01-29,billing.back_office,ridge_log,591.8351987907183,524.7111483060391,667.4930710844682
2027-01-30,billing.back_office,ridge_log,0.0,0.0,0.0
2027-01-31,billing.back_office,ridge_log,0.0,0.0,0.0
2027-02-01,billing.back_office,ridge_log,682.6306576732084,605.2287245033881,769.8783606450519
2027-02-02,billing.back_office,ridge_log,856.4802109795093,759.3988209762931,965.9194080093317
2027-02-03,billing.back_office,ridge_log,727.3140387748481,644.8540272100228,820.2654721696302
2027-02-04,billing.back_office,ridge_log,644.8900559393965,571.7602910240347,727.3202582436093
2027-02-05,billing.back_office,ridge_log,588.0071359708804,521.3164153141231,663.1763648847399
2027-02-06,billing.back_office,ridge_log,0.0,0.0,0.0
2027-02-07,billing.back_office,ridge_log,0.0,0.0,0.0
2027-02-08,billing.back_office,ridge_log,685.5922928496445,607.8551079032019,773.2180417132942
2027-02-09,billing.back_office,ridge_log,860.1568277261177,762.6592513181523,970.0653363942744
2027-02-10,billing.back_office,ridge_log,730.4045535276189,647.59470124987,823.7504839945414
2027-02-11,billing.back_office,ridge_log,647.6020597232521,574.1653008560428,730.3784430484111
2027-02-12,billing.back_office,ridge_log,590.4537167053744,523.4860475086974,665.9352460007957
2027-02-13,billing.back_office,ridge_log,0.0,0.0,0.0
2027-02-14,billing.back_office,ridge_log,0.0,0.0,0.0
