date,interval,interval_start,line_key,channel,contacts,on_phone_required,rostered_required,service_level,occupancy,binding_constraint
2026-08-17,16,08:00,billing.voice,voice,41.65,13.0,18.0,0.8414,0.7154,service_level
2026-08-17,17,08:30,billing.voice,voice,120.89,33.0,45.68,0.8568,0.8182,service_level
2026-08-17,18,09:00,billing.voice,voice,166.88,44.0,60.91,0.8518,0.8471,service_level
2026-08-17,19,09:30,billing.voice,voice,199.38,53.0,73.37,0.8992,0.8401,occupancy
2026-08-17,20,10:00,billing.voice,voice,206.74,55.0,76.14,0.9062,0.8395,occupancy
2026-08-17,21,10:30,billing.voice,voice,187.54,50.0,69.21,0.8941,0.8377,occupancy
2026-08-17,22,11:00,billing.voice,voice,151.24,40.0,55.37,0.839,0.8444,service_level
2026-08-17,23,11:30,billing.voice,voice,108.66,30.0,41.53,0.8561,0.8089,service_level
2026-08-17,24,12:00,billing.voice,voice,64.96,19.0,26.3,0.8451,0.7636,service_level
2026-08-17,25,12:30,billing.voice,voice,40.72,13.0,18.0,0.8621,0.6996,service_level
2026-08-17,26,13:00,billing.voice,voice,66.3,19.0,26.3,0.8188,0.7793,service_level
2026-08-17,27,13:30,billing.voice,voice,120.29,32.0,44.3,0.8042,0.8395,service_level
2026-08-17,28,14:00,billing.voice,voice,157.89,42.0,58.14,0.8594,0.8396,occupancy
2026-08-17,29,14:30,billing.voice,voice,168.47,45.0,62.29,0.879,0.8361,occupancy
2026-08-17,30,15:00,billing.voice,voice,158.1,42.0,58.14,0.8569,0.8407,occupancy
2026-08-17,31,15:30,billing.voice,voice,132.94,35.0,48.45,0.8017,0.8483,service_level
2026-08-17,32,16:00,billing.voice,voice,100.34,28.0,38.76,0.8584,0.8004,service_level
2026-08-17,33,16:30,billing.voice,voice,67.98,20.0,27.69,0.8619,0.7591,service_level
2026-08-17,34,17:00,billing.voice,voice,24.8,9.0,12.46,0.887,0.6154,service_level
2026-08-17,35,17:30,billing.voice,voice,13.53,6.0,8.31,0.912,0.5037,service_level
2026-08-18,16,08:00,billing.voice,voice,33.94,11.0,15.23,0.8433,0.689,service_level
2026-08-18,17,08:30,billing.voice,voice,98.51,27.0,37.38,0.8235,0.8149,service_level
2026-08-18,18,09:00,billing.voice,voice,135.99,36.0,49.83,0.8193,0.8436,service_level
2026-08-18,19,09:30,billing.voice,voice,162.47,43.0,59.52,0.8546,0.8438,service_level
2026-08-18,20,10:00,billing.voice,voice,168.47,45.0,62.29,0.879,0.8361,occupancy
2026-08-18,21,10:30,billing.voice,voice,152.82,41.0,56.76,0.8694,0.8325,occupancy
2026-08-18,22,11:00,billing.voice,voice,123.25,33.0,45.68,0.8235,0.8341,service_level
2026-08-18,23,11:30,billing.voice,voice,88.54,25.0,34.61,0.8531,0.791,service_level
2026-08-18,24,12:00,billing.voice,voice,52.94,16.0,22.15,0.849,0.7389,service_level
2026-08-18,25,12:30,billing.voice,voice,33.18,11.0,15.23,0.8619,0.6737,service_level
2026-08-18,26,13:00,billing.voice,voice,54.02,16.0,22.15,0.8259,0.7541,service_level
2026-08-18,27,13:30,billing.voice,voice,98.02,27.0,37.38,0.8317,0.8108,service_level
2026-08-18,28,14:00,billing.voice,voice,128.66,34.0,47.07,0.8035,0.8451,service_level
2026-08-18,29,14:30,billing.voice,voice,137.28,37.0,51.22,0.8579,0.8286,service_level
2026-08-18,30,15:00,billing.voice,voice,128.83,34.0,47.07,0.8007,0.8463,service_level
2026-08-18,31,15:30,billing.voice,voice,108.33,30.0,41.53,0.8605,0.8065,service_level
2026-08-18,32,16:00,billing.voice,voice,81.77,23.0,31.84,0.8313,0.794,service_level
2026-08-18,33,16:30,billing.voice,voice,55.39,17.0,23.53,0.8756,0.7277,service_level
2026-08-18,34,17:00,billing.voice,voice,20.21,7.0,9.69,0.8059,0.6447,service_level
2026-08-18,35,17:30,billing.voice,voice,11.03,5.0,6.92,0.8908,0.4925,service_level
2026-08-19,16,08:00,billing.voice,voice,28.23,10.0,13.84,0.8906,0.6304,service_level
2026-08-19,17,08:30,billing.voice,voice,81.95,23.0,31.84,0.8281,0.7957,service_level
2026-08-19,18,09:00,billing.voice,voice,113.12,31.0,42.91,0.851,0.8149,service_level
2026-08-19,19,09:30,billing.voice,voice,135.14,36.0,49.83,0.8316,0.8384,service_level
2026-08-19,20,10:00,billing.voice,voice,140.14,37.0,51.22,0.8196,0.8459,service_level
2026-08-19,21,10:30,billing.voice,voice,127.12,34.0,47.07,0.8275,0.835,service_level
2026-08-19,22,11:00,billing.voice,voice,102.52,28.0,38.76,0.8251,0.8177,service_level
2026-08-19,23,11:30,billing.voice,voice,73.65,21.0,29.07,0.8322,0.7833,service_level
2026-08-19,24,12:00,billing.voice,voice,44.04,14.0,19.38,0.8722,0.7025,service_level
2026-08-19,25,12:30,billing.voice,voice,27.6,9.0,12.46,0.8074,0.685,service_level
2026-08-19,26,13:00,billing.voice,voice,44.94,14.0,19.38,0.8539,0.7169,service_level
2026-08-19,27,13:30,billing.voice,voice,81.54,23.0,31.84,0.8354,0.7917,service_level
2026-08-19,28,14:00,billing.voice,voice,107.02,29.0,40.14,0.8186,0.8242,service_level
2026-08-19,29,14:30,billing.voice,voice,114.2,31.0,42.91,0.8354,0.8227,service_level
2026-08-19,30,15:00,billing.voice,voice,107.17,29.0,40.14,0.8161,0.8253,service_level
2026-08-19,31,15:30,billing.voice,voice,90.11,25.0,34.61,0.8274,0.805,service_level
2026-08-19,32,16:00,billing.voice,voice,68.02,20.0,27.69,0.8612,0.7595,service_level
2026-08-19,33,16:30,billing.voice,voice,46.08,14.0,19.38,0.8281,0.735,service_level
2026-08-19,34,17:00,billing.voice,voice,16.81,7.0,9.69,0.912,0.5363,service_level
2026-08-19,35,17:30,billing.voice,voice,9.17,4.0,5.54,0.8312,0.5121,service_level
2026-08-20,16,08:00,billing.voice,voice,27.87,10.0,13.84,0.8981,0.6224,service_level
2026-08-20,17,08:30,billing.voice,voice,80.9,23.0,31.84,0.8463,0.7856,service_level
2026-08-20,18,09:00,billing.voice,voice,111.68,30.0,41.53,0.8096,0.8314,service_level
2026-08-20,19,09:30,billing.voice,voice,133.43,36.0,49.83,0.8545,0.8277,service_level
2026-08-20,20,10:00,billing.voice,voice,138.36,37.0,51.22,0.8443,0.8351,service_level
2026-08-20,21,10:30,billing.voice,voice,125.51,34.0,47.07,0.8502,0.8244,service_level
2026-08-20,22,11:00,billing.voice,voice,101.22,28.0,38.76,0.8457,0.8073,service_level
2026-08-20,23,11:30,billing.voice,voice,72.72,21.0,29.07,0.849,0.7733,service_level
2026-08-20,24,12:00,billing.voice,voice,43.48,14.0,19.38,0.8826,0.6935,service_level
2026-08-20,25,12:30,billing.voice,voice,27.25,9.0,12.46,0.819,0.6763,service_level
2026-08-20,26,13:00,billing.voice,voice,44.37,14.0,19.38,0.8657,0.7078,service_level
2026-08-20,27,13:30,billing.voice,voice,80.5,23.0,31.84,0.8529,0.7817,service_level
2026-08-20,28,14:00,billing.voice,voice,105.66,29.0,40.14,0.8403,0.8137,service_level
2026-08-20,29,14:30,billing.voice,voice,112.74,31.0,42.91,0.8561,0.8122,service_level
2026-08-20,30,15:00,billing.voice,voice,105.8,29.0,40.14,0.8381,0.8148,service_level
2026-08-20,31,15:30,billing.voice,voice,88.97,25.0,34.61,0.8465,0.7948,service_level
2026-08-20,32,16:00,billing.voice,voice,67.15,19.0,26.3,0.8001,0.7893,service_level
2026-08-20,33,16:30,billing.voice,voice,45.49,14.0,19.38,0.8418,0.7257,service_level
2026-08-20,34,17:00,billing.voice,voice,16.6,6.0,8.31,0.8054,0.6177,service_level
2026-08-20,35,17:30,billing.voice,voice,9.06,4.0,5.54,0.8374,0.5056,service_level
2026-08-21,16,08:00,billing.voice,voice,28.73,10.0,13.84,0.8796,0.6417,service_level
2026-08-21,17,08:30,billing.voice,voice,83.41,23.0,31.84,0.8,0.8099,service_level
2026-08-21,18,09:00,billing.voice,voice,115.13,31.0,42.91,0.8209,0.8295,service_level
2026-08-21,19,09:30,billing.voice,voice,137.55,37.0,51.22,0.8546,0.8303,service_level
2026-08-21,20,10:00,billing.voice,voice,142.64,38.0,52.6,0.8427,0.8383,service_level
2026-08-21,21,10:30,billing.voice,voice,129.39,35.0,48.45,0.8534,0.8256,service_level
2026-08-21,22,11:00,billing.voice,voice,104.34,29.0,40.14,0.8593,0.8036,service_level
2026-08-21,23,11:30,billing.voice,voice,74.96,21.0,29.07,0.8062,0.7972,service_level
2026-08-21,24,12:00,billing.voice,voice,44.82,14.0,19.38,0.8564,0.715,service_level
2026-08-21,25,12:30,billing.voice,voice,28.1,10.0,13.84,0.8934,0.6275,service_level
2026-08-21,26,13:00,billing.voice,voice,45.74,14.0,19.38,0.8361,0.7296,service_level
2026-08-21,27,13:30,billing.voice,voice,82.99,23.0,31.84,0.8083,0.8058,service_level
2026-08-21,28,14:00,billing.voice,voice,108.93,30.0,41.53,0.8523,0.8109,service_level
2026-08-21,29,14:30,billing.voice,voice,116.23,31.0,42.91,0.8027,0.8374,service_level
2026-08-21,30,15:00,billing.voice,voice,109.08,30.0,41.53,0.8502,0.812,service_level
2026-08-21,31,15:30,billing.voice,voice,91.72,26.0,35.99,0.8658,0.7878,service_level
2026-08-21,32,16:00,billing.voice,voice,69.23,20.0,27.69,0.8399,0.7731,service_level
2026-08-21,33,16:30,billing.voice,voice,46.9,14.0,19.38,0.8076,0.7481,service_level
2026-08-21,34,17:00,billing.voice,voice,17.11,7.0,9.69,0.9048,0.5458,service_level
2026-08-21,35,17:30,billing.voice,voice,9.34,4.0,5.54,0.8223,0.5212,service_level
2026-08-22,17,08:30,billing.voice,voice,45.06,14.0,19.38,0.8512,0.7188,service_level
2026-08-22,18,09:00,billing.voice,voice,113.1,31.0,42.91,0.8513,0.8148,service_level
2026-08-22,19,09:30,billing.voice,voice,135.12,36.0,49.83,0.832,0.8382,service_level
2026-08-22,20,10:00,billing.voice,voice,140.11,37.0,51.22,0.82,0.8457,service_level
2026-08-22,21,10:30,billing.voice,voice,127.1,34.0,47.07,0.8279,0.8348,service_level
2026-08-22,22,11:00,billing.voice,voice,102.5,28.0,38.76,0.8254,0.8175,service_level
2026-08-22,23,11:30,billing.voice,voice,73.64,21.0,29.07,0.8324,0.7831,service_level
2026-08-22,24,12:00,billing.voice,voice,44.03,14.0,19.38,0.8724,0.7023,service_level
2026-08-22,25,12:30,billing.voice,voice,16.56,6.0,8.31,0.807,0.6164,service_level
2026-08-22,26,13:00,billing.voice,voice,26.96,9.0,12.46,0.8284,0.6689,service_level
2026-08-24,16,08:00,billing.voice,voice,33.28,11.0,15.23,0.8597,0.6756,service_level
2026-08-24,17,08:30,billing.voice,voice,96.6,27.0,37.38,0.8538,0.7991,service_level
2026-08-24,18,09:00,billing.voice,voice,133.35,36.0,49.83,0.8555,0.8273,service_level
2026-08-24,19,09:30,billing.voice,voice,159.31,42.0,58.14,0.8424,0.8471,service_level
2026-08-24,20,10:00,billing.voice,voice,165.2,44.0,60.91,0.8702,0.8385,occupancy
2026-08-24,21,10:30,billing.voice,voice,149.86,40.0,55.37,0.8561,0.8367,service_level
2026-08-24,22,11:00,billing.voice,voice,120.85,33.0,45.68,0.8573,0.8179,service_level
2026-08-24,23,11:30,billing.voice,voice,86.83,24.0,33.22,0.813,0.808,service_level
2026-08-24,24,12:00,billing.voice,voice,51.91,16.0,22.15,0.8687,0.7246,service_level
2026-08-24,25,12:30,billing.voice,voice,32.54,11.0,15.23,0.8766,0.6607,service_level
2026-08-24,26,13:00,billing.voice,voice,52.98,16.0,22.15,0.8482,0.7394,service_level
2026-08-24,27,13:30,billing.voice,voice,96.12,27.0,37.38,0.8607,0.7951,service_level
2026-08-24,28,14:00,billing.voice,voice,126.16,34.0,47.07,0.8413,0.8287,service_level
2026-08-24,29,14:30,billing.voice,voice,134.62,36.0,49.83,0.8389,0.8351,service_level
2026-08-24,30,15:00,billing.voice,voice,126.33,34.0,47.07,0.8389,0.8298,service_level
2026-08-24,31,15:30,billing.voice,voice,106.23,29.0,40.14,0.8315,0.8181,service_level
2026-08-24,32,16:00,billing.voice,voice,80.18,23.0,31.84,0.8579,0.7786,service_level
2026-08-24,33,16:30,billing.voice,voice,54.32,16.0,22.15,0.8192,0.7582,service_level
2026-08-24,34,17:00,billing.voice,voice,19.82,7.0,9.69,0.821,0.6322,service_level
2026-08-24,35,17:30,billing.voice,voice,10.81,5.0,6.92,0.8981,0.483,service_level
2026-08-25,16,08:00,billing.voice,voice,30.01,10.0,13.84,0.8478,0.6703,service_level
2026-08-25,17,08:30,billing.voice,voice,87.12,24.0,33.22,0.8074,0.8107,service_level
2026-08-25,18,09:00,billing.voice,voice,120.26,32.0,44.3,0.8047,0.8393,service_level
2026-08-25,19,09:30,billing.voice,voice,143.68,38.0,52.6,0.8286,0.8444,service_level
2026-08-25,20,10:00,billing.voice,voice,148.99,40.0,55.37,0.8661,0.8319,occupancy
2026-08-25,21,10:30,billing.voice,voice,135.15,36.0,49.83,0.8315,0.8384,service_level
2026-08-25,22,11:00,billing.voice,voice,108.99,30.0,41.53,0.8514,0.8114,service_level
2026-08-25,23,11:30,billing.voice,voice,78.3,22.0,30.45,0.8205,0.7949,service_level
2026-08-25,24,12:00,billing.voice,voice,46.82,14.0,19.38,0.8097,0.7468,service_level
2026-08-25,25,12:30,billing.voice,voice,29.35,10.0,13.84,0.8649,0.6554,service_level
2026-08-25,26,13:00,billing.voice,voice,47.78,15.0,20.76,0.8738,0.7113,service_level
2026-08-25,27,13:30,billing.voice,voice,86.69,24.0,33.22,0.8156,0.8067,service_level
2026-08-25,28,14:00,billing.voice,voice,113.78,31.0,42.91,0.8416,0.8197,service_level
2026-08-25,29,14:30,billing.voice,voice,121.41,33.0,45.68,0.8499,0.8217,service_level
2026-08-25,30,15:00,billing.voice,voice,113.94,31.0,42.91,0.8393,0.8208,service_level
2026-08-25,31,15:30,billing.voice,voice,95.81,27.0,37.38,0.8651,0.7925,service_level
2026-08-25,32,16:00,billing.voice,voice,72.31,21.0,29.07,0.8559,0.769,service_level
2026-08-25,33,16:30,billing.voice,voice,48.99,15.0,20.76,0.8501,0.7294,service_level
2026-08-25,34,17:00,billing.voice,voice,17.87,7.0,9.69,0.8847,0.5702,service_level
2026-08-25,35,17:30,billing.voice,voice,9.75,5.0,6.92,0.9296,0.4356,service_level
2026-08-26,16,08:00,billing.voice,voice,38.21,12.0,16.61,0.8313,0.7111,service_level
2026-08-26,17,08:30,billing.voice,voice,110.92,30.0,41.53,0.8223,0.8257,service_level
2026-08-26,18,09:00,billing.voice,voice,153.11,41.0,56.76,0.8663,0.834,occupancy
2026-08-26,19,09:30,billing.voice,voice,182.92,49.0,67.83,0.8979,0.8337,occupancy
2026-08-26,20,10:00,billing.voice,voice,189.68,50.0,69.21,0.8753,0.8472,occupancy
2026-08-26,21,10:30,billing.voice,voice,172.06,46.0,63.68,0.8843,0.8354,occupancy
2026-08-26,22,11:00,billing.voice,voice,138.76,37.0,51.22,0.839,0.8376,service_level
2026-08-26,23,11:30,billing.voice,voice,99.69,27.0,37.38,0.8025,0.8246,service_level
2026-08-26,24,12:00,billing.voice,voice,59.6,18.0,24.92,0.8703,0.7395,service_level
2026-08-26,25,12:30,billing.voice,voice,37.36,12.0,16.61,0.8522,0.6953,service_level
2026-08-26,26,13:00,billing.voice,voice,60.82,18.0,24.92,0.8485,0.7547,service_level
2026-08-26,27,13:30,billing.voice,voice,110.36,30.0,41.53,0.8311,0.8216,service_level
2026-08-26,28,14:00,billing.voice,voice,144.86,39.0,53.99,0.866,0.8295,occupancy
2026-08-26,29,14:30,billing.voice,voice,154.57,41.0,56.76,0.8495,0.8419,service_level
2026-08-26,30,15:00,billing.voice,voice,145.05,39.0,53.99,0.8638,0.8306,occupancy
2026-08-26,31,15:30,billing.voice,voice,121.97,33.0,45.68,0.8422,0.8255,service_level
2026-08-26,32,16:00,billing.voice,voice,92.06,26.0,35.99,0.8609,0.7908,service_level
2026-08-26,33,16:30,billing.voice,voice,62.37,18.0,24.92,0.8172,0.7738,service_level
2026-08-26,34,17:00,billing.voice,voice,22.75,8.0,11.07,0.8448,0.6351,service_level
2026-08-26,35,17:30,billing.voice,voice,12.41,5.0,6.92,0.8357,0.5545,service_level
2026-08-27,16,08:00,billing.voice,voice,34.8,11.0,15.23,0.8197,0.7066,service_level
2026-08-27,17,08:30,billing.voice,voice,101.03,28.0,38.76,0.8484,0.8059,service_level
2026-08-27,18,09:00,billing.voice,voice,139.47,37.0,51.22,0.8293,0.8418,service_level
2026-08-27,19,09:30,billing.voice,voice,166.62,44.0,60.91,0.8548,0.8457,occupancy
2026-08-27,20,10:00,billing.voice,voice,172.78,46.0,63.68,0.8775,0.8389,occupancy
2026-08-27,21,10:30,billing.voice,voice,156.73,42.0,58.14,0.8719,0.8334,occupancy
2026-08-27,22,11:00,billing.voice,voice,126.4,34.0,47.07,0.838,0.8303,service_level
2026-08-27,23,11:30,billing.voice,voice,90.81,25.0,34.61,0.8149,0.8112,service_level
2026-08-27,24,12:00,billing.voice,voice,54.29,16.0,22.15,0.8198,0.7578,service_level
2026-08-27,25,12:30,billing.voice,voice,34.03,11.0,15.23,0.8408,0.691,service_level
2026-08-27,26,13:00,billing.voice,voice,55.4,17.0,23.53,0.8754,0.7279,service_level
2026-08-27,27,13:30,billing.voice,voice,100.53,28.0,38.76,0.8557,0.8018,service_level
2026-08-27,28,14:00,billing.voice,voice,131.95,35.0,48.45,0.8174,0.842,service_level
2026-08-27,29,14:30,billing.voice,voice,140.79,37.0,51.22,0.8097,0.8498,service_level
2026-08-27,30,15:00,billing.voice,voice,132.13,35.0,48.45,0.8147,0.8431,service_level
2026-08-27,31,15:30,billing.voice,voice,111.1,30.0,41.53,0.8193,0.8271,service_level
2026-08-27,32,16:00,billing.voice,voice,83.86,24.0,33.22,0.863,0.7804,service_level
2026-08-27,33,16:30,billing.voice,voice,56.81,17.0,23.53,0.8499,0.7463,service_level
2026-08-27,34,17:00,billing.voice,voice,20.72,8.0,11.07,0.9,0.5786,service_level
2026-08-27,35,17:30,billing.voice,voice,11.31,5.0,6.92,0.8807,0.5051,service_level
2026-08-28,16,08:00,billing.voice,voice,32.43,11.0,15.23,0.8789,0.6585,service_level
2026-08-28,17,08:30,billing.voice,voice,94.15,26.0,35.99,0.8281,0.8087,service_level
2026-08-28,18,09:00,billing.voice,voice,129.96,35.0,48.45,0.8458,0.8293,service_level
2026-08-28,19,09:30,billing.voice,voice,155.27,41.0,56.76,0.8408,0.8458,service_level
2026-08-28,20,10:00,billing.voice,voice,161.01,43.0,59.52,0.8706,0.8362,occupancy
2026-08-28,21,10:30,billing.voice,voice,146.05,39.0,53.99,0.852,0.8364,service_level
2026-08-28,22,11:00,billing.voice,voice,117.78,32.0,44.3,0.8431,0.822,service_level
2026-08-28,23,11:30,billing.voice,voice,84.62,24.0,33.22,0.8513,0.7874,service_level
2026-08-28,24,12:00,billing.voice,voice,50.59,15.0,20.76,0.8138,0.7533,service_level
2026-08-28,25,12:30,billing.voice,voice,31.71,11.0,15.23,0.8937,0.6439,service_level
2026-08-28,26,13:00,billing.voice,voice,51.63,16.0,22.15,0.8737,0.7207,service_level
2026-08-28,27,13:30,billing.voice,voice,93.68,26.0,35.99,0.836,0.8047,service_level
2026-08-28,28,14:00,billing.voice,voice,122.96,33.0,45.68,0.8279,0.8321,service_level
2026-08-28,29,14:30,billing.voice,voice,131.2,35.0,48.45,0.8286,0.8372,service_level
2026-08-28,30,15:00,billing.voice,voice,123.12,33.0,45.68,0.8253,0.8333,service_level
2026-08-28,31,15:30,billing.voice,voice,103.53,28.0,38.76,0.8076,0.8258,service_level
2026-08-28,32,16:00,billing.voice,voice,78.15,22.0,30.45,0.8235,0.7933,service_level
2026-08-28,33,16:30,billing.voice,voice,52.94,16.0,22.15,0.849,0.7389,service_level
2026-08-28,34,17:00,billing.voice,voice,19.31,7.0,9.69,0.8393,0.6161,service_level
2026-08-28,35,17:30,billing.voice,voice,10.54,5.0,6.92,0.907,0.4707,service_level
2026-08-29,17,08:30,billing.voice,voice,45.04,14.0,19.38,0.8516,0.7186,service_level
2026-08-29,18,09:00,billing.voice,voice,113.06,31.0,42.91,0.8518,0.8145,service_level
2026-08-29,19,09:30,billing.voice,voice,135.07,36.0,49.83,0.8326,0.8379,service_level
2026-08-29,20,10:00,billing.voice,voice,140.06,37.0,51.22,0.8207,0.8454,service_level
2026-08-29,21,10:30,billing.voice,voice,127.05,34.0,47.07,0.8286,0.8346,service_level
2026-08-29,22,11:00,billing.voice,voice,102.46,28.0,38.76,0.826,0.8172,service_level
2026-08-29,23,11:30,billing.voice,voice,73.61,21.0,29.07,0.8329,0.7829,service_level
2026-08-29,24,12:00,billing.voice,voice,44.01,14.0,19.38,0.8727,0.7021,service_level
2026-08-29,25,12:30,billing.voice,voice,16.55,6.0,8.31,0.8072,0.6161,service_level
2026-08-29,26,13:00,billing.voice,voice,26.95,9.0,12.46,0.8286,0.6687,service_level
2026-08-17,16,08:00,billing.webchat,webchat,40.6,10.0,13.84,0.8932,0.6274,service_level
2026-08-17,17,08:30,billing.webchat,webchat,117.85,23.0,31.84,0.8345,0.7919,service_level
2026-08-17,18,09:00,billing.webchat,webchat,162.69,31.0,42.91,0.8577,0.8111,service_level
2026-08-17,19,09:30,billing.webchat,webchat,194.36,37.0,51.22,0.8881,0.8118,occupancy
2026-08-17,20,10:00,billing.webchat,webchat,201.55,38.0,52.6,0.8792,0.8197,occupancy
2026-08-17,21,10:30,billing.webchat,webchat,182.83,35.0,48.45,0.8862,0.8073,occupancy
2026-08-17,22,11:00,billing.webchat,webchat,147.44,28.0,38.76,0.8324,0.8138,service_level
2026-08-17,23,11:30,billing.webchat,webchat,105.93,21.0,29.07,0.8381,0.7796,service_level
2026-08-17,24,12:00,billing.webchat,webchat,63.33,14.0,19.38,0.8758,0.6991,service_level
2026-08-17,25,12:30,billing.webchat,webchat,39.7,9.0,12.46,0.8114,0.6817,service_level
2026-08-17,26,13:00,billing.webchat,webchat,64.63,14.0,19.38,0.858,0.7134,service_level
2026-08-17,27,13:30,billing.webchat,webchat,117.27,23.0,31.84,0.8416,0.788,service_level
2026-08-17,28,14:00,billing.webchat,webchat,153.92,30.0,41.53,0.8827,0.7929,occupancy
2026-08-17,29,14:30,billing.webchat,webchat,164.24,31.0,42.91,0.8428,0.8188,service_level
2026-08-17,30,15:00,billing.webchat,webchat,154.13,30.0,41.53,0.881,0.794,occupancy
2026-08-17,31,15:30,billing.webchat,webchat,129.6,25.0,34.61,0.8341,0.8012,service_level
2026-08-17,32,16:00,billing.webchat,webchat,97.82,20.0,27.69,0.8661,0.7559,service_level
2026-08-17,33,16:30,billing.webchat,webchat,66.27,14.0,19.38,0.8329,0.7315,service_level
2026-08-17,34,17:00,billing.webchat,webchat,24.17,7.0,9.69,0.9137,0.5337,service_level
2026-08-17,35,17:30,billing.webchat,webchat,13.19,4.0,5.54,0.8333,0.5097,service_level
2026-08-18,16,08:00,billing.webchat,webchat,32.98,8.0,11.07,0.8423,0.6371,service_level
2026-08-18,17,08:30,billing.webchat,webchat,95.73,19.0,26.3,0.8193,0.7787,service_level
2026-08-18,18,09:00,billing.webchat,webchat,132.15,25.0,34.61,0.8023,0.8169,service_level
2026-08-18,19,09:30,billing.webchat,webchat,157.88,30.0,41.53,0.8471,0.8133,service_level
2026-08-18,20,10:00,billing.webchat,webchat,163.71,31.0,42.91,0.848,0.8162,service_level
2026-08-18,21,10:30,billing.webchat,webchat,148.51,28.0,38.76,0.8203,0.8197,service_level
2026-08-18,22,11:00,billing.webchat,webchat,119.76,23.0,31.84,0.8099,0.8047,service_level
2026-08-18,23,11:30,billing.webchat,webchat,86.04,18.0,24.92,0.8709,0.7388,service_level
2026-08-18,24,12:00,billing.webchat,webchat,51.44,12.0,16.61,0.8894,0.6625,service_level
2026-08-18,25,12:30,billing.webchat,webchat,32.25,8.0,11.07,0.8578,0.623,service_level
2026-08-18,26,13:00,billing.webchat,webchat,52.5,12.0,16.61,0.8748,0.6761,service_level
2026-08-18,27,13:30,billing.webchat,webchat,95.25,19.0,26.3,0.8261,0.7748,service_level
2026-08-18,28,14:00,billing.webchat,webchat,125.03,24.0,33.22,0.8182,0.8051,service_level
2026-08-18,29,14:30,billing.webchat,webchat,133.41,26.0,35.99,0.8566,0.793,service_level
2026-08-18,30,15:00,billing.webchat,webchat,125.19,24.0,33.22,0.816,0.8062,service_level
2026-08-18,31,15:30,billing.webchat,webchat,105.27,21.0,29.07,0.8462,0.7747,service_level
2026-08-18,32,16:00,billing.webchat,webchat,79.46,16.0,22.15,0.8028,0.7675,service_level
2026-08-18,33,16:30,billing.webchat,webchat,53.83,12.0,16.61,0.8545,0.6932,service_level
2026-08-18,34,17:00,billing.webchat,webchat,19.64,6.0,8.31,0.9103,0.5058,service_level
2026-08-18,35,17:30,billing.webchat,webchat,10.72,4.0,5.54,0.9104,0.414,service_level
2026-08-19,16,08:00,billing.webchat,webchat,28.19,7.0,9.69,0.832,0.6224,service_level
2026-08-19,17,08:30,billing.webchat,webchat,81.84,17.0,23.53,0.8529,0.744,service_level
2026-08-19,18,09:00,billing.webchat,webchat,112.97,22.0,30.45,0.8223,0.7936,service_level
2026-08-19,19,09:30,billing.webchat,webchat,134.97,26.0,35.99,0.8399,0.8023,service_level
2026-08-19,20,10:00,billing.webchat,webchat,139.96,27.0,37.38,0.8495,0.8011,service_level
2026-08-19,21,10:30,billing.webchat,webchat,126.96,25.0,34.61,0.8629,0.7848,service_level
2026-08-19,22,11:00,billing.webchat,webchat,102.39,20.0,27.69,0.807,0.7912,service_level
2026-08-19,23,11:30,billing.webchat,webchat,73.56,15.0,20.76,0.8056,0.7579,service_level
2026-08-19,24,12:00,billing.webchat,webchat,43.98,10.0,13.84,0.8358,0.6797,service_level
2026-08-19,25,12:30,billing.webchat,webchat,27.57,7.0,9.69,0.8471,0.6086,service_level
2026-08-19,26,13:00,billing.webchat,webchat,44.88,10.0,13.84,0.8175,0.6936,service_level
2026-08-19,27,13:30,billing.webchat,webchat,81.43,17.0,23.53,0.8582,0.7403,service_level
2026-08-19,28,14:00,billing.webchat,webchat,106.88,21.0,29.07,0.8257,0.7866,service_level
2026-08-19,29,14:30,billing.webchat,webchat,114.05,22.0,30.45,0.8077,0.8012,service_level
2026-08-19,30,15:00,billing.webchat,webchat,107.03,21.0,29.07,0.8238,0.7877,service_level
2026-08-19,31,15:30,billing.webchat,webchat,90.0,18.0,24.92,0.8185,0.7727,service_level
2026-08-19,32,16:00,billing.webchat,webchat,67.93,14.0,19.38,0.8043,0.7499,service_level
2026-08-19,33,16:30,billing.webchat,webchat,46.02,11.0,15.23,0.8908,0.6465,service_level
2026-08-19,34,17:00,billing.webchat,webchat,16.79,5.0,6.92,0.8688,0.5189,service_level
2026-08-19,35,17:30,billing.webchat,webchat,9.16,3.0,4.15,0.8079,0.4719,service_level
2026-08-20,16,08:00,billing.webchat,webchat,27.47,7.0,9.69,0.8493,0.6065,service_level
2026-08-20,17,08:30,billing.webchat,webchat,79.75,17.0,23.53,0.8786,0.725,service_level
2026-08-20,18,09:00,billing.webchat,webchat,110.09,22.0,30.45,0.8574,0.7734,service_level
2026-08-20,19,09:30,billing.webchat,webchat,131.53,25.0,34.61,0.8105,0.8131,service_level
2026-08-20,20,10:00,billing.webchat,webchat,136.39,26.0,35.99,0.8235,0.8107,service_level
2026-08-20,21,10:30,billing.webchat,webchat,123.72,24.0,33.22,0.8343,0.7967,service_level
2026-08-20,22,11:00,billing.webchat,webchat,99.77,20.0,27.69,0.8428,0.771,service_level
2026-08-20,23,11:30,billing.webchat,webchat,71.68,15.0,20.76,0.8364,0.7385,service_level
2026-08-20,24,12:00,billing.webchat,webchat,42.86,10.0,13.84,0.8568,0.6623,service_level
2026-08-20,25,12:30,billing.webchat,webchat,26.86,7.0,9.69,0.863,0.5931,service_level
2026-08-20,26,13:00,billing.webchat,webchat,43.73,10.0,13.84,0.8405,0.6759,service_level
2026-08-20,27,13:30,billing.webchat,webchat,79.35,16.0,22.15,0.8046,0.7665,service_level
2026-08-20,28,14:00,billing.webchat,webchat,104.16,21.0,29.07,0.8593,0.7665,service_level
2026-08-20,29,14:30,billing.webchat,webchat,111.14,22.0,30.45,0.8453,0.7807,service_level
2026-08-20,30,15:00,billing.webchat,webchat,104.3,21.0,29.07,0.8577,0.7676,service_level
2026-08-20,31,15:30,billing.webchat,webchat,87.7,18.0,24.92,0.8505,0.753,service_level
2026-08-20,32,16:00,billing.webchat,webchat,66.2,14.0,19.38,0.834,0.7307,service_level
2026-08-20,33,16:30,billing.webchat,webchat,44.84,10.0,13.84,0.8182,0.693,service_level
2026-08-20,34,17:00,billing.webchat,webchat,16.36,5.0,6.92,0.8801,0.5056,service_level
2026-08-20,35,17:30,billing.webchat,webchat,8.93,3.0,4.15,0.8193,0.4599,service_level
2026-08-21,16,08:00,billing.webchat,webchat,28.14,7.0,9.69,0.8333,0.6213,service_level
2026-08-21,17,08:30,billing.webchat,webchat,81.69,17.0,23.53,0.8549,0.7426,service_level
2026-08-21,18,09:00,billing.webchat,webchat,112.76,22.0,30.45,0.8251,0.7921,service_level
2026-08-21,19,09:30,billing.webchat,webchat,134.72,26.0,35.99,0.8427,0.8008,service_level
2026-08-21,20,10:00,billing.webchat,webchat,139.7,27.0,37.38,0.8522,0.7996,service_level
2026-08-21,21,10:30,billing.webchat,webchat,126.72,25.0,34.61,0.8653,0.7834,service_level
2026-08-21,22,11:00,billing.webchat,webchat,102.2,20.0,27.69,0.8098,0.7897,service_level
2026-08-21,23,11:30,billing.webchat,webchat,73.42,15.0,20.76,0.808,0.7565,service_level
2026-08-21,24,12:00,billing.webchat,webchat,43.9,10.0,13.84,0.8374,0.6784,service_level
2026-08-21,25,12:30,billing.webchat,webchat,27.52,7.0,9.69,0.8483,0.6075,service_level
2026-08-21,26,13:00,billing.webchat,webchat,44.8,10.0,13.84,0.8192,0.6923,service_level
2026-08-21,27,13:30,billing.webchat,webchat,81.28,17.0,23.53,0.8601,0.7389,service_level
2026-08-21,28,14:00,billing.webchat,webchat,106.68,21.0,29.07,0.8283,0.7851,service_level
2026-08-21,29,14:30,billing.webchat,webchat,113.84,22.0,30.45,0.8107,0.7997,service_level
2026-08-21,30,15:00,billing.webchat,webchat,106.83,21.0,29.07,0.8264,0.7862,service_level
2026-08-21,31,15:30,billing.webchat,webchat,89.83,18.0,24.92,0.821,0.7713,service_level
2026-08-21,32,16:00,billing.webchat,webchat,67.8,14.0,19.38,0.8066,0.7485,service_level
2026-08-21,33,16:30,billing.webchat,webchat,45.93,11.0,15.23,0.892,0.6453,service_level
2026-08-21,34,17:00,billing.webchat,webchat,16.76,5.0,6.92,0.8697,0.5179,service_level
2026-08-21,35,17:30,billing.webchat,webchat,9.14,3.0,4.15,0.8088,0.471,service_level
2026-08-22,17,08:30,billing.webchat,webchat,44.34,10.0,13.84,0.8286,0.6853,service_level
2026-08-22,18,09:00,billing.webchat,webchat,111.3,22.0,30.45,0.8434,0.7818,service_level
2026-08-22,19,09:30,billing.webchat,webchat,132.97,26.0,35.99,0.8611,0.7904,service_level
2026-08-22,20,10:00,billing.webchat,webchat,137.88,26.0,35.99,0.8049,0.8196,service_level
2026-08-22,21,10:30,billing.webchat,webchat,125.07,24.0,33.22,0.8176,0.8054,service_level
2026-08-22,22,11:00,billing.webchat,webchat,100.87,20.0,27.69,0.8285,0.7794,service_level
2026-08-22,23,11:30,billing.webchat,webchat,72.47,15.0,20.76,0.824,0.7466,service_level
2026-08-22,24,12:00,billing.webchat,webchat,43.32,10.0,13.84,0.8483,0.6696,service_level
2026-08-22,25,12:30,billing.webchat,webchat,16.3,5.0,6.92,0.8817,0.5037,service_level
2026-08-22,26,13:00,billing.webchat,webchat,26.53,7.0,9.69,0.8702,0.5857,service_level
2026-08-24,16,08:00,billing.webchat,webchat,32.86,8.0,11.07,0.8449,0.6348,service_level
2026-08-24,17,08:30,billing.webchat,webchat,95.39,19.0,26.3,0.8241,0.7759,service_level
2026-08-24,18,09:00,billing.webchat,webchat,131.68,25.0,34.61,0.8085,0.814,service_level
2026-08-24,19,09:30,billing.webchat,webchat,157.32,30.0,41.53,0.8526,0.8104,service_level
2026-08-24,20,10:00,billing.webchat,webchat,163.13,31.0,42.91,0.8535,0.8133,service_level
2026-08-24,21,10:30,billing.webchat,webchat,147.98,28.0,38.76,0.8264,0.8168,service_level
2026-08-24,22,11:00,billing.webchat,webchat,119.34,23.0,31.84,0.8156,0.8019,service_level
2026-08-24,23,11:30,billing.webchat,webchat,85.74,18.0,24.92,0.8744,0.7361,service_level
2026-08-24,24,12:00,billing.webchat,webchat,51.26,12.0,16.61,0.8918,0.6602,service_level
2026-08-24,25,12:30,billing.webchat,webchat,32.13,8.0,11.07,0.8601,0.6207,service_level
2026-08-24,26,13:00,billing.webchat,webchat,52.31,12.0,16.61,0.8775,0.6737,service_level
2026-08-24,27,13:30,billing.webchat,webchat,94.92,19.0,26.3,0.8308,0.772,service_level
2026-08-24,28,14:00,billing.webchat,webchat,124.58,24.0,33.22,0.8238,0.8022,service_level
2026-08-24,29,14:30,billing.webchat,webchat,132.93,26.0,35.99,0.8614,0.7902,service_level
2026-08-24,30,15:00,billing.webchat,webchat,124.75,24.0,33.22,0.8217,0.8033,service_level
2026-08-24,31,15:30,billing.webchat,webchat,104.9,21.0,29.07,0.8507,0.772,service_level
2026-08-24,32,16:00,billing.webchat,webchat,79.18,16.0,22.15,0.8076,0.7648,service_level
2026-08-24,33,16:30,billing.webchat,webchat,53.64,12.0,16.61,0.8575,0.6908,service_level
2026-08-24,34,17:00,billing.webchat,webchat,19.57,6.0,8.31,0.9116,0.504,service_level
2026-08-24,35,17:30,billing.webchat,webchat,10.68,4.0,5.54,0.9114,0.4125,service_level
2026-08-25,16,08:00,billing.webchat,webchat,29.54,8.0,11.07,0.9061,0.5707,service_level
2026-08-25,17,08:30,billing.webchat,webchat,85.76,18.0,24.92,0.8741,0.7363,service_level
2026-08-25,18,09:00,billing.webchat,webchat,118.38,23.0,31.84,0.828,0.7955,service_level
2026-08-25,19,09:30,billing.webchat,webchat,141.44,27.0,37.38,0.8335,0.8096,service_level
2026-08-25,20,10:00,billing.webchat,webchat,146.66,28.0,38.76,0.8409,0.8095,service_level
2026-08-25,21,10:30,billing.webchat,webchat,133.04,26.0,35.99,0.8603,0.7908,service_level
2026-08-25,22,11:00,billing.webchat,webchat,107.29,21.0,29.07,0.8202,0.7896,service_level
2026-08-25,23,11:30,billing.webchat,webchat,77.08,16.0,22.15,0.8402,0.7445,service_level
2026-08-25,24,12:00,billing.webchat,webchat,46.09,11.0,15.23,0.8898,0.6475,service_level
2026-08-25,25,12:30,billing.webchat,webchat,28.89,7.0,9.69,0.814,0.6378,service_level
2026-08-25,26,13:00,billing.webchat,webchat,47.03,11.0,15.23,0.8761,0.6608,service_level
2026-08-25,27,13:30,billing.webchat,webchat,85.33,17.0,23.53,0.801,0.7758,service_level
2026-08-25,28,14:00,billing.webchat,webchat,112.0,22.0,30.45,0.8348,0.7868,service_level
2026-08-25,29,14:30,billing.webchat,webchat,119.51,23.0,31.84,0.8133,0.803,service_level
2026-08-25,30,15:00,billing.webchat,webchat,112.16,22.0,30.45,0.8329,0.7879,service_level
2026-08-25,31,15:30,billing.webchat,webchat,94.31,19.0,26.3,0.839,0.7671,service_level
2026-08-25,32,16:00,billing.webchat,webchat,71.18,15.0,20.76,0.8439,0.7334,service_level
2026-08-25,33,16:30,billing.webchat,webchat,48.22,11.0,15.23,0.8571,0.6775,service_level
2026-08-25,34,17:00,billing.webchat,webchat,17.59,5.0,6.92,0.846,0.5437,service_level
2026-08-25,35,17:30,billing.webchat,webchat,9.6,4.0,5.54,0.9363,0.3709,service_level
2026-08-26,16,08:00,billing.webchat,webchat,38.29,9.0,12.46,0.8419,0.6575,service_level
2026-08-26,17,08:30,billing.webchat,webchat,111.16,22.0,30.45,0.8451,0.7808,service_level
2026-08-26,18,09:00,billing.webchat,webchat,153.44,29.0,40.14,0.8316,0.8177,service_level
2026-08-26,19,09:30,billing.webchat,webchat,183.32,35.0,48.45,0.8826,0.8094,occupancy
2026-08-26,20,10:00,billing.webchat,webchat,190.09,36.0,49.83,0.8761,0.8161,occupancy
2026-08-26,21,10:30,billing.webchat,webchat,172.44,33.0,45.68,0.8755,0.8075,occupancy
2026-08-26,22,11:00,billing.webchat,webchat,139.06,27.0,37.38,0.8586,0.796,service_level
2026-08-26,23,11:30,billing.webchat,webchat,99.91,20.0,27.69,0.8411,0.772,service_level
2026-08-26,24,12:00,billing.webchat,webchat,59.73,13.0,18.0,0.8482,0.7101,service_level
2026-08-26,25,12:30,billing.webchat,webchat,37.44,9.0,12.46,0.8586,0.643,service_level
2026-08-26,26,13:00,billing.webchat,webchat,60.96,13.0,18.0,0.8279,0.7247,service_level
2026-08-26,27,13:30,billing.webchat,webchat,110.6,22.0,30.45,0.8516,0.777,service_level
2026-08-26,28,14:00,billing.webchat,webchat,145.17,28.0,38.76,0.8562,0.8013,service_level
2026-08-26,29,14:30,billing.webchat,webchat,154.9,30.0,41.53,0.8746,0.798,occupancy
2026-08-26,30,15:00,billing.webchat,webchat,145.37,28.0,38.76,0.8542,0.8023,service_level
2026-08-26,31,15:30,billing.webchat,webchat,122.24,24.0,33.22,0.8513,0.7871,service_level
2026-08-26,32,16:00,billing.webchat,webchat,92.26,19.0,26.3,0.8645,0.7505,service_level
2026-08-26,33,16:30,billing.webchat,webchat,62.5,14.0,19.38,0.8863,0.69,service_level
2026-08-26,34,17:00,billing.webchat,webchat,22.8,6.0,8.31,0.8389,0.5873,service_level
2026-08-26,35,17:30,billing.webchat,webchat,12.44,4.0,5.54,0.8596,0.4807,service_level
2026-08-27,16,08:00,billing.webchat,webchat,34.09,8.0,11.07,0.8165,0.6586,service_level
2026-08-27,17,08:30,billing.webchat,webchat,98.97,20.0,27.69,0.8527,0.7648,service_level
2026-08-27,18,09:00,billing.webchat,webchat,136.62,26.0,35.99,0.8208,0.8121,service_level
2026-08-27,19,09:30,billing.webchat,webchat,163.22,31.0,42.91,0.8527,0.8137,service_level
2026-08-27,20,10:00,billing.webchat,webchat,169.25,32.0,44.3,0.8517,0.8174,service_level
2026-08-27,21,10:30,billing.webchat,webchat,153.53,29.0,40.14,0.8306,0.8182,service_level
2026-08-27,22,11:00,billing.webchat,webchat,123.82,24.0,33.22,0.8332,0.7973,service_level
2026-08-27,23,11:30,billing.webchat,webchat,88.95,18.0,24.92,0.8337,0.7637,service_level
2026-08-27,24,12:00,billing.webchat,webchat,53.18,12.0,16.61,0.8646,0.6849,service_level
2026-08-27,25,12:30,billing.webchat,webchat,33.34,8.0,11.07,0.8343,0.644,service_level
2026-08-27,26,13:00,billing.webchat,webchat,54.27,12.0,16.61,0.8472,0.699,service_level
2026-08-27,27,13:30,billing.webchat,webchat,98.48,20.0,27.69,0.8586,0.761,service_level
2026-08-27,28,14:00,billing.webchat,webchat,129.25,25.0,34.61,0.8382,0.799,service_level
2026-08-27,29,14:30,billing.webchat,webchat,137.92,26.0,35.99,0.8044,0.8198,service_level
2026-08-27,30,15:00,billing.webchat,webchat,129.43,25.0,34.61,0.8361,0.8001,service_level
2026-08-27,31,15:30,billing.webchat,webchat,108.83,22.0,30.45,0.8708,0.7645,service_level
2026-08-27,32,16:00,billing.webchat,webchat,82.15,17.0,23.53,0.8487,0.7468,service_level
2026-08-27,33,16:30,billing.webchat,webchat,55.65,12.0,16.61,0.823,0.7167,service_level
2026-08-27,34,17:00,billing.webchat,webchat,20.3,6.0,8.31,0.8976,0.5229,service_level
2026-08-27,35,17:30,billing.webchat,webchat,11.08,4.0,5.54,0.9008,0.428,service_level
2026-08-28,16,08:00,billing.webchat,webchat,31.56,8.0,11.07,0.8713,0.6098,service_level
2026-08-28,17,08:30,billing.webchat,webchat,91.63,19.0,26.3,0.8717,0.7453,service_level
2026-08-28,18,09:00,billing.webchat,webchat,126.48,25.0,34.61,0.8676,0.7819,service_level
2026-08-28,19,09:30,billing.webchat,webchat,151.11,29.0,40.14,0.8556,0.8053,service_level
2026-08-28,20,10:00,billing.webchat,webchat,156.7,30.0,41.53,0.8585,0.8072,service_level
2026-08-28,21,10:30,billing.webchat,webchat,142.14,27.0,37.38,0.8254,0.8136,service_level
2026-08-28,22,11:00,billing.webchat,webchat,114.63,23.0,31.84,0.8704,0.7702,service_level
2026-08-28,23,11:30,billing.webchat,webchat,82.35,17.0,23.53,0.8459,0.7487,service_level
2026-08-28,24,12:00,billing.webchat,webchat,49.24,11.0,15.23,0.8394,0.6918,service_level
2026-08-28,25,12:30,billing.webchat,webchat,30.86,8.0,11.07,0.8842,0.5963,service_level
2026-08-28,26,13:00,billing.webchat,webchat,50.25,11.0,15.23,0.8202,0.7059,service_level
2026-08-28,27,13:30,billing.webchat,webchat,91.17,18.0,24.92,0.8003,0.7828,service_level
2026-08-28,28,14:00,billing.webchat,webchat,119.67,23.0,31.84,0.8113,0.8041,service_level
2026-08-28,29,14:30,billing.webchat,webchat,127.69,25.0,34.61,0.8554,0.7893,service_level
2026-08-28,30,15:00,billing.webchat,webchat,119.83,23.0,31.84,0.8091,0.8052,service_level
2026-08-28,31,15:30,billing.webchat,webchat,100.76,20.0,27.69,0.8299,0.7786,service_level
2026-08-28,32,16:00,billing.webchat,webchat,76.05,16.0,22.15,0.8547,0.7346,service_level
2026-08-28,33,16:30,billing.webchat,webchat,51.52,12.0,16.61,0.8883,0.6635,service_level
2026-08-28,34,17:00,billing.webchat,webchat,18.79,5.0,6.92,0.8076,0.5809,service_level
2026-08-28,35,17:30,billing.webchat,webchat,10.26,4.0,5.54,0.9217,0.3962,service_level
2026-08-29,17,08:30,billing.webchat,webchat,44.48,10.0,13.84,0.8259,0.6874,service_level
2026-08-29,18,09:00,billing.webchat,webchat,111.63,22.0,30.45,0.8394,0.7842,service_level
2026-08-29,19,09:30,billing.webchat,webchat,133.36,26.0,35.99,0.8571,0.7927,service_level
2026-08-29,20,10:00,billing.webchat,webchat,138.29,27.0,37.38,0.8661,0.7916,service_level
2026-08-29,21,10:30,billing.webchat,webchat,125.45,24.0,33.22,0.8127,0.8078,service_level
2026-08-29,22,11:00,billing.webchat,webchat,101.17,20.0,27.69,0.8244,0.7817,service_level
2026-08-29,23,11:30,billing.webchat,webchat,72.68,15.0,20.76,0.8205,0.7488,service_level
2026-08-29,24,12:00,billing.webchat,webchat,43.45,10.0,13.84,0.8459,0.6716,service_level
2026-08-29,25,12:30,billing.webchat,webchat,16.34,5.0,6.92,0.8804,0.5052,service_level
2026-08-29,26,13:00,billing.webchat,webchat,26.61,7.0,9.69,0.8686,0.5874,service_level
2026-08-17,16,08:00,billing.email,email,17.07,14.78,20.46,1.0,0.85,workload
2026-08-17,17,08:30,billing.email,email,49.55,14.78,20.46,1.0,0.85,workload
2026-08-17,18,09:00,billing.email,email,68.4,14.78,20.46,1.0,0.85,workload
2026-08-17,19,09:30,billing.email,email,81.71,14.78,20.46,1.0,0.85,workload
2026-08-17,20,10:00,billing.email,email,84.74,14.78,20.46,1.0,0.85,workload
2026-08-17,21,10:30,billing.email,email,76.86,14.78,20.46,1.0,0.85,workload
2026-08-17,22,11:00,billing.email,email,61.99,14.78,20.46,1.0,0.85,workload
2026-08-17,23,11:30,billing.email,email,44.53,14.78,20.46,1.0,0.85,workload
2026-08-17,24,12:00,billing.email,email,26.63,14.78,20.46,1.0,0.85,workload
2026-08-17,25,12:30,billing.email,email,16.69,14.78,20.46,1.0,0.85,workload
2026-08-17,26,13:00,billing.email,email,27.17,14.78,20.46,1.0,0.85,workload
2026-08-17,27,13:30,billing.email,email,49.3,14.78,20.46,1.0,0.85,workload
2026-08-17,28,14:00,billing.email,email,64.71,14.78,20.46,1.0,0.85,workload
2026-08-17,29,14:30,billing.email,email,69.05,14.78,20.46,1.0,0.85,workload
2026-08-17,30,15:00,billing.email,email,64.8,14.78,20.46,1.0,0.85,workload
2026-08-17,31,15:30,billing.email,email,54.49,14.78,20.46,1.0,0.85,workload
2026-08-17,32,16:00,billing.email,email,41.13,14.78,20.46,1.0,0.85,workload
2026-08-17,33,16:30,billing.email,email,27.86,14.78,20.46,1.0,0.85,workload
2026-08-17,34,17:00,billing.email,email,10.16,14.78,20.46,1.0,0.85,workload
2026-08-17,35,17:30,billing.email,email,5.55,14.78,20.46,1.0,0.85,workload
2026-08-18,16,08:00,billing.email,email,13.79,11.95,16.54,1.0,0.85,workload
2026-08-18,17,08:30,billing.email,email,40.05,11.95,16.54,1.0,0.85,workload
2026-08-18,18,09:00,billing.email,email,55.28,11.95,16.54,1.0,0.85,workload
2026-08-18,19,09:30,billing.email,email,66.04,11.95,16.54,1.0,0.85,workload
2026-08-18,20,10:00,billing.email,email,68.48,11.95,16.54,1.0,0.85,workload
2026-08-18,21,10:30,billing.email,email,62.12,11.95,16.54,1.0,0.85,workload
2026-08-18,22,11:00,billing.email,email,50.1,11.95,16.54,1.0,0.85,workload
2026-08-18,23,11:30,billing.email,email,35.99,11.95,16.54,1.0,0.85,workload
2026-08-18,24,12:00,billing.email,email,21.52,11.95,16.54,1.0,0.85,workload
2026-08-18,25,12:30,billing.email,email,13.49,11.95,16.54,1.0,0.85,workload
2026-08-18,26,13:00,billing.email,email,21.96,11.95,16.54,1.0,0.85,workload
2026-08-18,27,13:30,billing.email,email,39.85,11.95,16.54,1.0,0.85,workload
2026-08-18,28,14:00,billing.email,email,52.3,11.95,16.54,1.0,0.85,workload
2026-08-18,29,14:30,billing.email,email,55.81,11.95,16.54,1.0,0.85,workload
2026-08-18,30,15:00,billing.email,email,52.37,11.95,16.54,1.0,0.85,workload
2026-08-18,31,15:30,billing.email,email,44.04,11.95,16.54,1.0,0.85,workload
2026-08-18,32,16:00,billing.email,email,33.24,11.95,16.54,1.0,0.85,workload
2026-08-18,33,16:30,billing.email,email,22.52,11.95,16.54,1.0,0.85,workload
2026-08-18,34,17:00,billing.email,email,8.21,11.95,16.54,1.0,0.85,workload
2026-08-18,35,17:30,billing.email,email,4.48,11.95,16.54,1.0,0.85,workload
2026-08-19,16,08:00,billing.email,email,11.63,10.07,13.94,1.0,0.85,workload
2026-08-19,17,08:30,billing.email,email,33.76,10.07,13.94,1.0,0.85,workload
2026-08-19,18,09:00,billing.email,email,46.6,10.07,13.94,1.0,0.85,workload
2026-08-19,19,09:30,billing.email,email,55.67,10.07,13.94,1.0,0.85,workload
2026-08-19,20,10:00,billing.email,email,57.73,10.07,13.94,1.0,0.85,workload
2026-08-19,21,10:30,billing.email,email,52.37,10.07,13.94,1.0,0.85,workload
2026-08-19,22,11:00,billing.email,email,42.23,10.07,13.94,1.0,0.85,workload
2026-08-19,23,11:30,billing.email,email,30.34,10.07,13.94,1.0,0.85,workload
2026-08-19,24,12:00,billing.email,email,18.14,10.07,13.94,1.0,0.85,workload
2026-08-19,25,12:30,billing.email,email,11.37,10.07,13.94,1.0,0.85,workload
2026-08-19,26,13:00,billing.email,email,18.51,10.07,13.94,1.0,0.85,workload
2026-08-19,27,13:30,billing.email,email,33.59,10.07,13.94,1.0,0.85,workload
2026-08-19,28,14:00,billing.email,email,44.09,10.07,13.94,1.0,0.85,workload
2026-08-19,29,14:30,billing.email,email,47.04,10.07,13.94,1.0,0.85,workload
2026-08-19,30,15:00,billing.email,email,44.15,10.07,13.94,1.0,0.85,workload
2026-08-19,31,15:30,billing.email,email,37.12,10.07,13.94,1.0,0.85,workload
2026-08-19,32,16:00,billing.email,email,28.02,10.07,13.94,1.0,0.85,workload
2026-08-19,33,16:30,billing.email,email,18.98,10.07,13.94,1.0,0.85,workload
2026-08-19,34,17:00,billing.email,email,6.92,10.07,13.94,1.0,0.85,workload
2026-08-19,35,17:30,billing.email,email,3.78,10.07,13.94,1.0,0.85,workload
2026-08-20,16,08:00,billing.email,email,11.21,9.71,13.44,1.0,0.85,workload
2026-08-20,17,08:30,billing.email,email,32.54,9.71,13.44,1.0,0.85,workload
2026-08-20,18,09:00,billing.email,email,44.91,9.71,13.44,1.0,0.85,workload
2026-08-20,19,09:30,billing.email,email,53.66,9.71,13.44,1.0,0.85,workload
2026-08-20,20,10:00,billing.email,email,55.64,9.71,13.44,1.0,0.85,workload
2026-08-20,21,10:30,billing.email,email,50.47,9.71,13.44,1.0,0.85,workload
2026-08-20,22,11:00,billing.email,email,40.71,9.71,13.44,1.0,0.85,workload
2026-08-20,23,11:30,billing.email,email,29.24,9.71,13.44,1.0,0.85,workload
2026-08-20,24,12:00,billing.email,email,17.48,9.71,13.44,1.0,0.85,workload
2026-08-20,25,12:30,billing.email,email,10.96,9.71,13.44,1.0,0.85,workload
2026-08-20,26,13:00,billing.email,email,17.84,9.71,13.44,1.0,0.85,workload
2026-08-20,27,13:30,billing.email,email,32.37,9.71,13.44,1.0,0.85,workload
2026-08-20,28,14:00,billing.email,email,42.49,9.71,13.44,1.0,0.85,workload
2026-08-20,29,14:30,billing.email,email,45.34,9.71,13.44,1.0,0.85,workload
2026-08-20,30,15:00,billing.email,email,42.55,9.71,13.44,1.0,0.85,workload
2026-08-20,31,15:30,billing.email,email,35.78,9.71,13.44,1.0,0.85,workload
2026-08-20,32,16:00,billing.email,email,27.01,9.71,13.44,1.0,0.85,workload
2026-08-20,33,16:30,billing.email,email,18.29,9.71,13.44,1.0,0.85,workload
2026-08-20,34,17:00,billing.email,email,6.67,9.71,13.44,1.0,0.85,workload
2026-08-20,35,17:30,billing.email,email,3.64,9.71,13.44,1.0,0.85,workload
2026-08-21,16,08:00,billing.email,email,11.92,10.32,14.29,1.0,0.85,workload
2026-08-21,17,08:30,billing.email,email,34.59,10.32,14.29,1.0,0.85,workload
2026-08-21,18,09:00,billing.email,email,47.75,10.32,14.29,1.0,0.85,workload
2026-08-21,19,09:30,billing.email,email,57.05,10.32,14.29,1.0,0.85,workload
2026-08-21,20,10:00,billing.email,email,59.16,10.32,14.29,1.0,0.85,workload
2026-08-21,21,10:30,billing.email,email,53.67,10.32,14.29,1.0,0.85,workload
2026-08-21,22,11:00,billing.email,email,43.28,10.32,14.29,1.0,0.85,workload
2026-08-21,23,11:30,billing.email,email,31.09,10.32,14.29,1.0,0.85,workload
2026-08-21,24,12:00,billing.email,email,18.59,10.32,14.29,1.0,0.85,workload
2026-08-21,25,12:30,billing.email,email,11.65,10.32,14.29,1.0,0.85,workload
2026-08-21,26,13:00,billing.email,email,18.97,10.32,14.29,1.0,0.85,workload
2026-08-21,27,13:30,billing.email,email,34.42,10.32,14.29,1.0,0.85,workload
2026-08-21,28,14:00,billing.email,email,45.18,10.32,14.29,1.0,0.85,workload
2026-08-21,29,14:30,billing.email,email,48.21,10.32,14.29,1.0,0.85,workload
2026-08-21,30,15:00,billing.email,email,45.24,10.32,14.29,1.0,0.85,workload
2026-08-21,31,15:30,billing.email,email,38.04,10.32,14.29,1.0,0.85,workload
2026-08-21,32,16:00,billing.email,email,28.71,10.32,14.29,1.0,0.85,workload
2026-08-21,33,16:30,billing.email,email,19.45,10.32,14.29,1.0,0.85,workload
2026-08-21,34,17:00,billing.email,email,7.1,10.32,14.29,1.0,0.85,workload
2026-08-21,35,17:30,billing.email,email,3.87,10.32,14.29,1.0,0.85,workload
2026-08-24,16,08:00,billing.email,email,13.58,11.76,16.28,1.0,0.85,workload
2026-08-24,17,08:30,billing.email,email,39.42,11.76,16.28,1.0,0.85,workload
2026-08-24,18,09:00,billing.email,email,54.42,11.76,16.28,1.0,0.85,workload
2026-08-24,19,09:30,billing.email,email,65.02,11.76,16.28,1.0,0.85,workload
2026-08-24,20,10:00,billing.email,email,67.42,11.76,16.28,1.0,0.85,workload
2026-08-24,21,10:30,billing.email,email,61.16,11.76,16.28,1.0,0.85,workload
2026-08-24,22,11:00,billing.email,email,49.32,11.76,16.28,1.0,0.85,workload
2026-08-24,23,11:30,billing.email,email,35.43,11.76,16.28,1.0,0.85,workload
2026-08-24,24,12:00,billing.email,email,21.18,11.76,16.28,1.0,0.85,workload
2026-08-24,25,12:30,billing.email,email,13.28,11.76,16.28,1.0,0.85,workload
2026-08-24,26,13:00,billing.email,email,21.62,11.76,16.28,1.0,0.85,workload
2026-08-24,27,13:30,billing.email,email,39.23,11.76,16.28,1.0,0.85,workload
2026-08-24,28,14:00,billing.email,email,51.49,11.76,16.28,1.0,0.85,workload
2026-08-24,29,14:30,billing.email,email,54.94,11.76,16.28,1.0,0.85,workload
2026-08-24,30,15:00,billing.email,email,51.56,11.76,16.28,1.0,0.85,workload
2026-08-24,31,15:30,billing.email,email,43.35,11.76,16.28,1.0,0.85,workload
2026-08-24,32,16:00,billing.email,email,32.72,11.76,16.28,1.0,0.85,workload
2026-08-24,33,16:30,billing.email,email,22.17,11.76,16.28,1.0,0.85,workload
2026-08-24,34,17:00,billing.email,email,8.09,11.76,16.28,1.0,0.85,workload
2026-08-24,35,17:30,billing.email,email,4.41,11.76,16.28,1.0,0.85,workload
2026-08-25,16,08:00,billing.email,email,12.19,10.55,14.61,1.0,0.85,workload
2026-08-25,17,08:30,billing.email,email,35.38,10.55,14.61,1.0,0.85,workload
2026-08-25,18,09:00,billing.email,email,48.83,10.55,14.61,1.0,0.85,workload
2026-08-25,19,09:30,billing.email,email,58.34,10.55,14.61,1.0,0.85,workload
2026-08-25,20,10:00,billing.email,email,60.5,10.55,14.61,1.0,0.85,workload
2026-08-25,21,10:30,billing.email,email,54.88,10.55,14.61,1.0,0.85,workload
2026-08-25,22,11:00,billing.email,email,44.26,10.55,14.61,1.0,0.85,workload
2026-08-25,23,11:30,billing.email,email,31.8,10.55,14.61,1.0,0.85,workload
2026-08-25,24,12:00,billing.email,email,19.01,10.55,14.61,1.0,0.85,workload
2026-08-25,25,12:30,billing.email,email,11.92,10.55,14.61,1.0,0.85,workload
2026-08-25,26,13:00,billing.email,email,19.4,10.55,14.61,1.0,0.85,workload
2026-08-25,27,13:30,billing.email,email,35.2,10.55,14.61,1.0,0.85,workload
2026-08-25,28,14:00,billing.email,email,46.2,10.55,14.61,1.0,0.85,workload
2026-08-25,29,14:30,billing.email,email,49.3,10.55,14.61,1.0,0.85,workload
2026-08-25,30,15:00,billing.email,email,46.26,10.55,14.61,1.0,0.85,workload
2026-08-25,31,15:30,billing.email,email,38.9,10.55,14.61,1.0,0.85,workload
2026-08-25,32,16:00,billing.email,email,29.36,10.55,14.61,1.0,0.85,workload
2026-08-25,33,16:30,billing.email,email,19.89,10.55,14.61,1.0,0.85,workload
2026-08-25,34,17:00,billing.email,email,7.26,10.55,14.61,1.0,0.85,workload
2026-08-25,35,17:30,billing.email,email,3.96,10.55,14.61,1.0,0.85,workload
2026-08-26,16,08:00,billing.email,email,15.89,13.77,19.06,1.0,0.85,workload
2026-08-26,17,08:30,billing.email,email,46.14,13.77,19.06,1.0,0.85,workload
2026-08-26,18,09:00,billing.email,email,63.69,13.77,19.06,1.0,0.85,workload
2026-08-26,19,09:30,billing.email,email,76.09,13.77,19.06,1.0,0.85,workload
2026-08-26,20,10:00,billing.email,email,78.91,13.77,19.06,1.0,0.85,workload
2026-08-26,21,10:30,billing.email,email,71.58,13.77,19.06,1.0,0.85,workload
2026-08-26,22,11:00,billing.email,email,57.72,13.77,19.06,1.0,0.85,workload
2026-08-26,23,11:30,billing.email,email,41.47,13.77,19.06,1.0,0.85,workload
2026-08-26,24,12:00,billing.email,email,24.79,13.77,19.06,1.0,0.85,workload
2026-08-26,25,12:30,billing.email,email,15.54,13.77,19.06,1.0,0.85,workload
2026-08-26,26,13:00,billing.email,email,25.3,13.77,19.06,1.0,0.85,workload
2026-08-26,27,13:30,billing.email,email,45.91,13.77,19.06,1.0,0.85,workload
2026-08-26,28,14:00,billing.email,email,60.26,13.77,19.06,1.0,0.85,workload
2026-08-26,29,14:30,billing.email,email,64.3,13.77,19.06,1.0,0.85,workload
2026-08-26,30,15:00,billing.email,email,60.34,13.77,19.06,1.0,0.85,workload
2026-08-26,31,15:30,billing.email,email,50.74,13.77,19.06,1.0,0.85,workload
2026-08-26,32,16:00,billing.email,email,38.3,13.77,19.06,1.0,0.85,workload
2026-08-26,33,16:30,billing.email,email,25.94,13.77,19.06,1.0,0.85,workload
2026-08-26,34,17:00,billing.email,email,9.46,13.77,19.06,1.0,0.85,workload
2026-08-26,35,17:30,billing.email,email,5.16,13.77,19.06,1.0,0.85,workload
2026-08-27,16,08:00,billing.email,email,14.08,12.2,16.88,1.0,0.85,workload
2026-08-27,17,08:30,billing.email,email,40.88,12.2,16.88,1.0,0.85,workload
2026-08-27,18,09:00,billing.email,email,56.43,12.2,16.88,1.0,0.85,workload
2026-08-27,19,09:30,billing.email,email,67.41,12.2,16.88,1.0,0.85,workload
2026-08-27,20,10:00,billing.email,email,69.9,12.2,16.88,1.0,0.85,workload
2026-08-27,21,10:30,billing.email,email,63.41,12.2,16.88,1.0,0.85,workload
2026-08-27,22,11:00,billing.email,email,51.14,12.2,16.88,1.0,0.85,workload
2026-08-27,23,11:30,billing.email,email,36.74,12.2,16.88,1.0,0.85,workload
2026-08-27,24,12:00,billing.email,email,21.97,12.2,16.88,1.0,0.85,workload
2026-08-27,25,12:30,billing.email,email,13.77,12.2,16.88,1.0,0.85,workload
2026-08-27,26,13:00,billing.email,email,22.42,12.2,16.88,1.0,0.85,workload
2026-08-27,27,13:30,billing.email,email,40.67,12.2,16.88,1.0,0.85,workload
2026-08-27,28,14:00,billing.email,email,53.38,12.2,16.88,1.0,0.85,workload
2026-08-27,29,14:30,billing.email,email,56.96,12.2,16.88,1.0,0.85,workload
2026-08-27,30,15:00,billing.email,email,53.46,12.2,16.88,1.0,0.85,workload
2026-08-27,31,15:30,billing.email,email,44.95,12.2,16.88,1.0,0.85,workload
2026-08-27,32,16:00,billing.email,email,33.93,12.2,16.88,1.0,0.85,workload
2026-08-27,33,16:30,billing.email,email,22.98,12.2,16.88,1.0,0.85,workload
2026-08-27,34,17:00,billing.email,email,8.38,12.2,16.88,1.0,0.85,workload
2026-08-27,35,17:30,billing.email,email,4.58,12.2,16.88,1.0,0.85,workload
2026-08-28,16,08:00,billing.email,email,13.5,11.69,16.18,1.0,0.85,workload
2026-08-28,17,08:30,billing.email,email,39.18,11.69,16.18,1.0,0.85,workload
2026-08-28,18,09:00,billing.email,email,54.08,11.69,16.18,1.0,0.85,workload
2026-08-28,19,09:30,billing.email,email,64.61,11.69,16.18,1.0,0.85,workload
2026-08-28,20,10:00,billing.email,email,67.0,11.69,16.18,1.0,0.85,workload
2026-08-28,21,10:30,billing.email,email,60.78,11.69,16.18,1.0,0.85,workload
2026-08-28,22,11:00,billing.email,email,49.02,11.69,16.18,1.0,0.85,workload
2026-08-28,23,11:30,billing.email,email,35.21,11.69,16.18,1.0,0.85,workload
2026-08-28,24,12:00,billing.email,email,21.05,11.69,16.18,1.0,0.85,workload
2026-08-28,25,12:30,billing.email,email,13.2,11.69,16.18,1.0,0.85,workload
2026-08-28,26,13:00,billing.email,email,21.49,11.69,16.18,1.0,0.85,workload
2026-08-28,27,13:30,billing.email,email,38.98,11.69,16.18,1.0,0.85,workload
2026-08-28,28,14:00,billing.email,email,51.17,11.69,16.18,1.0,0.85,workload
2026-08-28,29,14:30,billing.email,email,54.6,11.69,16.18,1.0,0.85,workload
2026-08-28,30,15:00,billing.email,email,51.24,11.69,16.18,1.0,0.85,workload
2026-08-28,31,15:30,billing.email,email,43.09,11.69,16.18,1.0,0.85,workload
2026-08-28,32,16:00,billing.email,email,32.52,11.69,16.18,1.0,0.85,workload
2026-08-28,33,16:30,billing.email,email,22.03,11.69,16.18,1.0,0.85,workload
2026-08-28,34,17:00,billing.email,email,8.04,11.69,16.18,1.0,0.85,workload
2026-08-28,35,17:30,billing.email,email,4.39,11.69,16.18,1.0,0.85,workload
2026-08-17,16,08:00,billing.messaging,messaging,10.5,6.04,8.36,1.0,0.8,workload
2026-08-17,17,08:30,billing.messaging,messaging,30.47,6.04,8.36,1.0,0.8,workload
2026-08-17,18,09:00,billing.messaging,messaging,42.06,6.04,8.36,1.0,0.8,workload
2026-08-17,19,09:30,billing.messaging,messaging,50.25,6.04,8.36,1.0,0.8,workload
2026-08-17,20,10:00,billing.messaging,messaging,52.11,6.04,8.36,1.0,0.8,workload
2026-08-17,21,10:30,billing.messaging,messaging,47.27,6.04,8.36,1.0,0.8,workload
2026-08-17,22,11:00,billing.messaging,messaging,38.12,6.04,8.36,1.0,0.8,workload
2026-08-17,23,11:30,billing.messaging,messaging,27.39,6.04,8.36,1.0,0.8,workload
2026-08-17,24,12:00,billing.messaging,messaging,16.37,6.04,8.36,1.0,0.8,workload
2026-08-17,25,12:30,billing.messaging,messaging,10.26,6.04,8.36,1.0,0.8,workload
2026-08-17,26,13:00,billing.messaging,messaging,16.71,6.04,8.36,1.0,0.8,workload
2026-08-17,27,13:30,billing.messaging,messaging,30.32,6.04,8.36,1.0,0.8,workload
2026-08-17,28,14:00,billing.messaging,messaging,39.79,6.04,8.36,1.0,0.8,workload
2026-08-17,29,14:30,billing.messaging,messaging,42.46,6.04,8.36,1.0,0.8,workload
2026-08-17,30,15:00,billing.messaging,messaging,39.85,6.04,8.36,1.0,0.8,workload
2026-08-17,31,15:30,billing.messaging,messaging,33.51,6.04,8.36,1.0,0.8,workload
2026-08-17,32,16:00,billing.messaging,messaging,25.29,6.04,8.36,1.0,0.8,workload
2026-08-17,33,16:30,billing.messaging,messaging,17.13,6.04,8.36,1.0,0.8,workload
2026-08-17,34,17:00,billing.messaging,messaging,6.25,6.04,8.36,1.0,0.8,workload
2026-08-17,35,17:30,billing.messaging,messaging,3.41,6.04,8.36,1.0,0.8,workload
2026-08-18,16,08:00,billing.messaging,messaging,8.58,4.94,6.83,1.0,0.8,workload
2026-08-18,17,08:30,billing.messaging,messaging,24.92,4.94,6.83,1.0,0.8,workload
2026-08-18,18,09:00,billing.messaging,messaging,34.39,4.94,6.83,1.0,0.8,workload
2026-08-18,19,09:30,billing.messaging,messaging,41.09,4.94,6.83,1.0,0.8,workload
2026-08-18,20,10:00,billing.messaging,messaging,42.61,4.94,6.83,1.0,0.8,workload
2026-08-18,21,10:30,billing.messaging,messaging,38.65,4.94,6.83,1.0,0.8,workload
2026-08-18,22,11:00,billing.messaging,messaging,31.17,4.94,6.83,1.0,0.8,workload
2026-08-18,23,11:30,billing.messaging,messaging,22.39,4.94,6.83,1.0,0.8,workload
2026-08-18,24,12:00,billing.messaging,messaging,13.39,4.94,6.83,1.0,0.8,workload
2026-08-18,25,12:30,billing.messaging,messaging,8.39,4.94,6.83,1.0,0.8,workload
2026-08-18,26,13:00,billing.messaging,messaging,13.66,4.94,6.83,1.0,0.8,workload
2026-08-18,27,13:30,billing.messaging,messaging,24.79,4.94,6.83,1.0,0.8,workload
2026-08-18,28,14:00,billing.messaging,messaging,32.54,4.94,6.83,1.0,0.8,workload
2026-08-18,29,14:30,billing.messaging,messaging,34.72,4.94,6.83,1.0,0.8,workload
2026-08-18,30,15:00,billing.messaging,messaging,32.58,4.94,6.83,1.0,0.8,workload
2026-08-18,31,15:30,billing.messaging,messaging,27.4,4.94,6.83,1.0,0.8,workload
2026-08-18,32,16:00,billing.messaging,messaging,20.68,4.94,6.83,1.0,0.8,workload
2026-08-18,33,16:30,billing.messaging,messaging,14.01,4.94,6.83,1.0,0.8,workload
2026-08-18,34,17:00,billing.messaging,messaging,5.11,4.94,6.83,1.0,0.8,workload
2026-08-18,35,17:30,billing.messaging,messaging,2.79,4.94,6.83,1.0,0.8,workload
2026-08-19,16,08:00,billing.messaging,messaging,7.36,4.23,5.86,1.0,0.8,workload
2026-08-19,17,08:30,billing.messaging,messaging,21.37,4.23,5.86,1.0,0.8,workload
2026-08-19,18,09:00,billing.messaging,messaging,29.5,4.23,5.86,1.0,0.8,workload
2026-08-19,19,09:30,billing.messaging,messaging,35.25,4.23,5.86,1.0,0.8,workload
2026-08-19,20,10:00,billing.messaging,messaging,36.55,4.23,5.86,1.0,0.8,workload
2026-08-19,21,10:30,billing.messaging,messaging,33.15,4.23,5.86,1.0,0.8,workload
2026-08-19,22,11:00,billing.messaging,messaging,26.74,4.23,5.86,1.0,0.8,workload
2026-08-19,23,11:30,billing.messaging,messaging,19.21,4.23,5.86,1.0,0.8,workload
2026-08-19,24,12:00,billing.messaging,messaging,11.48,4.23,5.86,1.0,0.8,workload
2026-08-19,25,12:30,billing.messaging,messaging,7.2,4.23,5.86,1.0,0.8,workload
2026-08-19,26,13:00,billing.messaging,messaging,11.72,4.23,5.86,1.0,0.8,workload
2026-08-19,27,13:30,billing.messaging,messaging,21.27,4.23,5.86,1.0,0.8,workload
2026-08-19,28,14:00,billing.messaging,messaging,27.91,4.23,5.86,1.0,0.8,workload
2026-08-19,29,14:30,billing.messaging,messaging,29.78,4.23,5.86,1.0,0.8,workload
2026-08-19,30,15:00,billing.messaging,messaging,27.95,4.23,5.86,1.0,0.8,workload
2026-08-19,31,15:30,billing.messaging,messaging,23.5,4.23,5.86,1.0,0.8,workload
2026-08-19,32,16:00,billing.messaging,messaging,17.74,4.23,5.86,1.0,0.8,workload
2026-08-19,33,16:30,billing.messaging,messaging,12.02,4.23,5.86,1.0,0.8,workload
2026-08-19,34,17:00,billing.messaging,messaging,4.38,4.23,5.86,1.0,0.8,workload
2026-08-19,35,17:30,billing.messaging,messaging,2.39,4.23,5.86,1.0,0.8,workload
2026-08-20,16,08:00,billing.messaging,messaging,7.18,4.13,5.72,1.0,0.8,workload
2026-08-20,17,08:30,billing.messaging,messaging,20.84,4.13,5.72,1.0,0.8,workload
2026-08-20,18,09:00,billing.messaging,messaging,28.77,4.13,5.72,1.0,0.8,workload
2026-08-20,19,09:30,billing.messaging,messaging,34.37,4.13,5.72,1.0,0.8,workload
2026-08-20,20,10:00,billing.messaging,messaging,35.64,4.13,5.72,1.0,0.8,workload
2026-08-20,21,10:30,billing.messaging,messaging,32.33,4.13,5.72,1.0,0.8,workload
2026-08-20,22,11:00,billing.messaging,messaging,26.07,4.13,5.72,1.0,0.8,workload
2026-08-20,23,11:30,billing.messaging,messaging,18.73,4.13,5.72,1.0,0.8,workload
2026-08-20,24,12:00,billing.messaging,messaging,11.2,4.13,5.72,1.0,0.8,workload
2026-08-20,25,12:30,billing.messaging,messaging,7.02,4.13,5.72,1.0,0.8,workload
2026-08-20,26,13:00,billing.messaging,messaging,11.43,4.13,5.72,1.0,0.8,workload
2026-08-20,27,13:30,billing.messaging,messaging,20.74,4.13,5.72,1.0,0.8,workload
2026-08-20,28,14:00,billing.messaging,messaging,27.22,4.13,5.72,1.0,0.8,workload
2026-08-20,29,14:30,billing.messaging,messaging,29.04,4.13,5.72,1.0,0.8,workload
2026-08-20,30,15:00,billing.messaging,messaging,27.25,4.13,5.72,1.0,0.8,workload
2026-08-20,31,15:30,billing.messaging,messaging,22.92,4.13,5.72,1.0,0.8,workload
2026-08-20,32,16:00,billing.messaging,messaging,17.3,4.13,5.72,1.0,0.8,workload
2026-08-20,33,16:30,billing.messaging,messaging,11.72,4.13,5.72,1.0,0.8,workload
2026-08-20,34,17:00,billing.messaging,messaging,4.27,4.13,5.72,1.0,0.8,workload
2026-08-20,35,17:30,billing.messaging,messaging,2.33,4.13,5.72,1.0,0.8,workload
2026-08-21,16,08:00,billing.messaging,messaging,7.39,4.25,5.88,1.0,0.8,workload
2026-08-21,17,08:30,billing.messaging,messaging,21.45,4.25,5.88,1.0,0.8,workload
2026-08-21,18,09:00,billing.messaging,messaging,29.6,4.25,5.88,1.0,0.8,workload
2026-08-21,19,09:30,billing.messaging,messaging,35.37,4.25,5.88,1.0,0.8,workload
2026-08-21,20,10:00,billing.messaging,messaging,36.67,4.25,5.88,1.0,0.8,workload
2026-08-21,21,10:30,billing.messaging,messaging,33.27,4.25,5.88,1.0,0.8,workload
2026-08-21,22,11:00,billing.messaging,messaging,26.83,4.25,5.88,1.0,0.8,workload
2026-08-21,23,11:30,billing.messaging,messaging,19.28,4.25,5.88,1.0,0.8,workload
2026-08-21,24,12:00,billing.messaging,messaging,11.52,4.25,5.88,1.0,0.8,workload
2026-08-21,25,12:30,billing.messaging,messaging,7.22,4.25,5.88,1.0,0.8,workload
2026-08-21,26,13:00,billing.messaging,messaging,11.76,4.25,5.88,1.0,0.8,workload
2026-08-21,27,13:30,billing.messaging,messaging,21.34,4.25,5.88,1.0,0.8,workload
2026-08-21,28,14:00,billing.messaging,messaging,28.01,4.25,5.88,1.0,0.8,workload
2026-08-21,29,14:30,billing.messaging,messaging,29.89,4.25,5.88,1.0,0.8,workload
2026-08-21,30,15:00,billing.messaging,messaging,28.05,4.25,5.88,1.0,0.8,workload
2026-08-21,31,15:30,billing.messaging,messaging,23.58,4.25,5.88,1.0,0.8,workload
2026-08-21,32,16:00,billing.messaging,messaging,17.8,4.25,5.88,1.0,0.8,workload
2026-08-21,33,16:30,billing.messaging,messaging,12.06,4.25,5.88,1.0,0.8,workload
2026-08-21,34,17:00,billing.messaging,messaging,4.4,4.25,5.88,1.0,0.8,workload
2026-08-21,35,17:30,billing.messaging,messaging,2.4,4.25,5.88,1.0,0.8,workload
2026-08-22,17,08:30,billing.messaging,messaging,11.42,4.35,6.02,1.0,0.8,workload
2026-08-22,18,09:00,billing.messaging,messaging,28.66,4.35,6.02,1.0,0.8,workload
2026-08-22,19,09:30,billing.messaging,messaging,34.24,4.35,6.02,1.0,0.8,workload
2026-08-22,20,10:00,billing.messaging,messaging,35.51,4.35,6.02,1.0,0.8,workload
2026-08-22,21,10:30,billing.messaging,messaging,32.21,4.35,6.02,1.0,0.8,workload
2026-08-22,22,11:00,billing.messaging,messaging,25.98,4.35,6.02,1.0,0.8,workload
2026-08-22,23,11:30,billing.messaging,messaging,18.66,4.35,6.02,1.0,0.8,workload
2026-08-22,24,12:00,billing.messaging,messaging,11.16,4.35,6.02,1.0,0.8,workload
2026-08-22,25,12:30,billing.messaging,messaging,4.2,4.35,6.02,1.0,0.8,workload
2026-08-22,26,13:00,billing.messaging,messaging,6.83,4.35,6.02,1.0,0.8,workload
2026-08-24,16,08:00,billing.messaging,messaging,8.54,4.91,6.8,1.0,0.8,workload
2026-08-24,17,08:30,billing.messaging,messaging,24.79,4.91,6.8,1.0,0.8,workload
2026-08-24,18,09:00,billing.messaging,messaging,34.22,4.91,6.8,1.0,0.8,workload
2026-08-24,19,09:30,billing.messaging,messaging,40.89,4.91,6.8,1.0,0.8,workload
2026-08-24,20,10:00,billing.messaging,messaging,42.4,4.91,6.8,1.0,0.8,workload
2026-08-24,21,10:30,billing.messaging,messaging,38.46,4.91,6.8,1.0,0.8,workload
2026-08-24,22,11:00,billing.messaging,messaging,31.02,4.91,6.8,1.0,0.8,workload
2026-08-24,23,11:30,billing.messaging,messaging,22.28,4.91,6.8,1.0,0.8,workload
2026-08-24,24,12:00,billing.messaging,messaging,13.32,4.91,6.8,1.0,0.8,workload
2026-08-24,25,12:30,billing.messaging,messaging,8.35,4.91,6.8,1.0,0.8,workload
2026-08-24,26,13:00,billing.messaging,messaging,13.6,4.91,6.8,1.0,0.8,workload
2026-08-24,27,13:30,billing.messaging,messaging,24.67,4.91,6.8,1.0,0.8,workload
2026-08-24,28,14:00,billing.messaging,messaging,32.38,4.91,6.8,1.0,0.8,workload
2026-08-24,29,14:30,billing.messaging,messaging,34.55,4.91,6.8,1.0,0.8,workload
2026-08-24,30,15:00,billing.messaging,messaging,32.42,4.91,6.8,1.0,0.8,workload
2026-08-24,31,15:30,billing.messaging,messaging,27.26,4.91,6.8,1.0,0.8,workload
2026-08-24,32,16:00,billing.messaging,messaging,20.58,4.91,6.8,1.0,0.8,workload
2026-08-24,33,16:30,billing.messaging,messaging,13.94,4.91,6.8,1.0,0.8,workload
2026-08-24,34,17:00,billing.messaging,messaging,5.09,4.91,6.8,1.0,0.8,workload
2026-08-24,35,17:30,billing.messaging,messaging,2.78,4.91,6.8,1.0,0.8,workload
2026-08-25,16,08:00,billing.messaging,messaging,7.73,4.45,6.15,1.0,0.8,workload
2026-08-25,17,08:30,billing.messaging,messaging,22.44,4.45,6.15,1.0,0.8,workload
2026-08-25,18,09:00,billing.messaging,messaging,30.97,4.45,6.15,1.0,0.8,workload
2026-08-25,19,09:30,billing.messaging,messaging,37.0,4.45,6.15,1.0,0.8,workload
2026-08-25,20,10:00,billing.messaging,messaging,38.37,4.45,6.15,1.0,0.8,workload
2026-08-25,21,10:30,billing.messaging,messaging,34.81,4.45,6.15,1.0,0.8,workload
2026-08-25,22,11:00,billing.messaging,messaging,28.07,4.45,6.15,1.0,0.8,workload
2026-08-25,23,11:30,billing.messaging,messaging,20.17,4.45,6.15,1.0,0.8,workload
2026-08-25,24,12:00,billing.messaging,messaging,12.06,4.45,6.15,1.0,0.8,workload
2026-08-25,25,12:30,billing.messaging,messaging,7.56,4.45,6.15,1.0,0.8,workload
2026-08-25,26,13:00,billing.messaging,messaging,12.3,4.45,6.15,1.0,0.8,workload
2026-08-25,27,13:30,billing.messaging,messaging,22.33,4.45,6.15,1.0,0.8,workload
2026-08-25,28,14:00,billing.messaging,messaging,29.3,4.45,6.15,1.0,0.8,workload
2026-08-25,29,14:30,billing.messaging,messaging,31.27,4.45,6.15,1.0,0.8,workload
2026-08-25,30,15:00,billing.messaging,messaging,29.34,4.45,6.15,1.0,0.8,workload
2026-08-25,31,15:30,billing.messaging,messaging,24.67,4.45,6.15,1.0,0.8,workload
2026-08-25,32,16:00,billing.messaging,messaging,18.62,4.45,6.15,1.0,0.8,workload
2026-08-25,33,16:30,billing.messaging,messaging,12.62,4.45,6.15,1.0,0.8,workload
2026-08-25,34,17:00,billing.messaging,messaging,4.6,4.45,6.15,1.0,0.8,workload
2026-08-25,35,17:30,billing.messaging,messaging,2.51,4.45,6.15,1.0,0.8,workload
2026-08-26,16,08:00,billing.messaging,messaging,10.01,5.76,7.97,1.0,0.8,workload
2026-08-26,17,08:30,billing.messaging,messaging,29.06,5.76,7.97,1.0,0.8,workload
2026-08-26,18,09:00,billing.messaging,messaging,40.11,5.76,7.97,1.0,0.8,workload
2026-08-26,19,09:30,billing.messaging,messaging,47.92,5.76,7.97,1.0,0.8,workload
2026-08-26,20,10:00,billing.messaging,messaging,49.69,5.76,7.97,1.0,0.8,workload
2026-08-26,21,10:30,billing.messaging,messaging,45.07,5.76,7.97,1.0,0.8,workload
2026-08-26,22,11:00,billing.messaging,messaging,36.35,5.76,7.97,1.0,0.8,workload
2026-08-26,23,11:30,billing.messaging,messaging,26.12,5.76,7.97,1.0,0.8,workload
2026-08-26,24,12:00,billing.messaging,messaging,15.61,5.76,7.97,1.0,0.8,workload
2026-08-26,25,12:30,billing.messaging,messaging,9.79,5.76,7.97,1.0,0.8,workload
2026-08-26,26,13:00,billing.messaging,messaging,15.93,5.76,7.97,1.0,0.8,workload
2026-08-26,27,13:30,billing.messaging,messaging,28.91,5.76,7.97,1.0,0.8,workload
2026-08-26,28,14:00,billing.messaging,messaging,37.95,5.76,7.97,1.0,0.8,workload
2026-08-26,29,14:30,billing.messaging,messaging,40.49,5.76,7.97,1.0,0.8,workload
2026-08-26,30,15:00,billing.messaging,messaging,38.0,5.76,7.97,1.0,0.8,workload
2026-08-26,31,15:30,billing.messaging,messaging,31.95,5.76,7.97,1.0,0.8,workload
2026-08-26,32,16:00,billing.messaging,messaging,24.12,5.76,7.97,1.0,0.8,workload
2026-08-26,33,16:30,billing.messaging,messaging,16.34,5.76,7.97,1.0,0.8,workload
2026-08-26,34,17:00,billing.messaging,messaging,5.96,5.76,7.97,1.0,0.8,workload
2026-08-26,35,17:30,billing.messaging,messaging,3.25,5.76,7.97,1.0,0.8,workload
2026-08-27,16,08:00,billing.messaging,messaging,8.89,5.12,7.08,1.0,0.8,workload
2026-08-27,17,08:30,billing.messaging,messaging,25.82,5.12,7.08,1.0,0.8,workload
2026-08-27,18,09:00,billing.messaging,messaging,35.64,5.12,7.08,1.0,0.8,workload
2026-08-27,19,09:30,billing.messaging,messaging,42.58,5.12,7.08,1.0,0.8,workload
2026-08-27,20,10:00,billing.messaging,messaging,44.16,5.12,7.08,1.0,0.8,workload
2026-08-27,21,10:30,billing.messaging,messaging,40.05,5.12,7.08,1.0,0.8,workload
2026-08-27,22,11:00,billing.messaging,messaging,32.3,5.12,7.08,1.0,0.8,workload
2026-08-27,23,11:30,billing.messaging,messaging,23.21,5.12,7.08,1.0,0.8,workload
2026-08-27,24,12:00,billing.messaging,messaging,13.87,5.12,7.08,1.0,0.8,workload
2026-08-27,25,12:30,billing.messaging,messaging,8.7,5.12,7.08,1.0,0.8,workload
2026-08-27,26,13:00,billing.messaging,messaging,14.16,5.12,7.08,1.0,0.8,workload
2026-08-27,27,13:30,billing.messaging,messaging,25.69,5.12,7.08,1.0,0.8,workload
2026-08-27,28,14:00,billing.messaging,messaging,33.72,5.12,7.08,1.0,0.8,workload
2026-08-27,29,14:30,billing.messaging,messaging,35.98,5.12,7.08,1.0,0.8,workload
2026-08-27,30,15:00,billing.messaging,messaging,33.77,5.12,7.08,1.0,0.8,workload
2026-08-27,31,15:30,billing.messaging,messaging,28.39,5.12,7.08,1.0,0.8,workload
2026-08-27,32,16:00,billing.messaging,messaging,21.43,5.12,7.08,1.0,0.8,workload
2026-08-27,33,16:30,billing.messaging,messaging,14.52,5.12,7.08,1.0,0.8,workload
2026-08-27,34,17:00,billing.messaging,messaging,5.3,5.12,7.08,1.0,0.8,workload
2026-08-27,35,17:30,billing.messaging,messaging,2.89,5.12,7.08,1.0,0.8,workload
2026-08-28,16,08:00,billing.messaging,messaging,8.28,4.76,6.59,1.0,0.8,workload
2026-08-28,17,08:30,billing.messaging,messaging,24.03,4.76,6.59,1.0,0.8,workload
2026-08-28,18,09:00,billing.messaging,messaging,33.17,4.76,6.59,1.0,0.8,workload
2026-08-28,19,09:30,billing.messaging,messaging,39.63,4.76,6.59,1.0,0.8,workload
2026-08-28,20,10:00,billing.messaging,messaging,41.1,4.76,6.59,1.0,0.8,workload
2026-08-28,21,10:30,billing.messaging,messaging,37.28,4.76,6.59,1.0,0.8,workload
2026-08-28,22,11:00,billing.messaging,messaging,30.06,4.76,6.59,1.0,0.8,workload
2026-08-28,23,11:30,billing.messaging,messaging,21.6,4.76,6.59,1.0,0.8,workload
2026-08-28,24,12:00,billing.messaging,messaging,12.91,4.76,6.59,1.0,0.8,workload
2026-08-28,25,12:30,billing.messaging,messaging,8.09,4.76,6.59,1.0,0.8,workload
2026-08-28,26,13:00,billing.messaging,messaging,13.18,4.76,6.59,1.0,0.8,workload
2026-08-28,27,13:30,billing.messaging,messaging,23.91,4.76,6.59,1.0,0.8,workload
2026-08-28,28,14:00,billing.messaging,messaging,31.38,4.76,6.59,1.0,0.8,workload
2026-08-28,29,14:30,billing.messaging,messaging,33.49,4.76,6.59,1.0,0.8,workload
2026-08-28,30,15:00,billing.messaging,messaging,31.43,4.76,6.59,1.0,0.8,workload
2026-08-28,31,15:30,billing.messaging,messaging,26.43,4.76,6.59,1.0,0.8,workload
2026-08-28,32,16:00,billing.messaging,messaging,19.95,4.76,6.59,1.0,0.8,workload
2026-08-28,33,16:30,billing.messaging,messaging,13.51,4.76,6.59,1.0,0.8,workload
2026-08-28,34,17:00,billing.messaging,messaging,4.93,4.76,6.59,1.0,0.8,workload
2026-08-28,35,17:30,billing.messaging,messaging,2.69,4.76,6.59,1.0,0.8,workload
2026-08-29,17,08:30,billing.messaging,messaging,11.49,4.38,6.06,1.0,0.8,workload
2026-08-29,18,09:00,billing.messaging,messaging,28.83,4.38,6.06,1.0,0.8,workload
2026-08-29,19,09:30,billing.messaging,messaging,34.44,4.38,6.06,1.0,0.8,workload
2026-08-29,20,10:00,billing.messaging,messaging,35.71,4.38,6.06,1.0,0.8,workload
2026-08-29,21,10:30,billing.messaging,messaging,32.4,4.38,6.06,1.0,0.8,workload
2026-08-29,22,11:00,billing.messaging,messaging,26.13,4.38,6.06,1.0,0.8,workload
2026-08-29,23,11:30,billing.messaging,messaging,18.77,4.38,6.06,1.0,0.8,workload
2026-08-29,24,12:00,billing.messaging,messaging,11.22,4.38,6.06,1.0,0.8,workload
2026-08-29,25,12:30,billing.messaging,messaging,4.22,4.38,6.06,1.0,0.8,workload
2026-08-29,26,13:00,billing.messaging,messaging,6.87,4.38,6.06,1.0,0.8,workload
2026-08-17,16,08:00,metering.voice,voice,12.23,5.0,6.92,0.8436,0.5465,service_level
2026-08-17,17,08:30,metering.voice,voice,35.52,12.0,16.61,0.8913,0.661,service_level
2026-08-17,18,09:00,metering.voice,voice,49.03,15.0,20.76,0.8493,0.7299,service_level
2026-08-17,19,09:30,metering.voice,voice,58.57,17.0,23.53,0.8128,0.7695,service_level
2026-08-17,20,10:00,metering.voice,voice,60.74,18.0,24.92,0.8501,0.7536,service_level
2026-08-17,21,10:30,metering.voice,voice,55.09,16.0,22.15,0.8006,0.769,service_level
2026-08-17,22,11:00,metering.voice,voice,44.43,14.0,19.38,0.8644,0.7088,service_level
2026-08-17,23,11:30,metering.voice,voice,31.92,11.0,15.23,0.8895,0.6481,service_level
2026-08-17,24,12:00,metering.voice,voice,19.08,7.0,9.69,0.8471,0.6089,service_level
2026-08-17,25,12:30,metering.voice,voice,11.96,5.0,6.92,0.8551,0.5344,service_level
2026-08-17,26,13:00,metering.voice,voice,19.48,7.0,9.69,0.8335,0.6214,service_level
2026-08-17,27,13:30,metering.voice,voice,35.34,11.0,15.23,0.804,0.7175,service_level
2026-08-17,28,14:00,metering.voice,voice,46.38,14.0,19.38,0.8207,0.7399,service_level
2026-08-17,29,14:30,metering.voice,voice,49.49,15.0,20.76,0.8393,0.7369,service_level
2026-08-17,30,15:00,metering.voice,voice,46.45,14.0,19.38,0.8191,0.7409,service_level
2026-08-17,31,15:30,metering.voice,voice,39.06,12.0,16.61,0.8084,0.7269,service_level
2026-08-17,32,16:00,metering.voice,voice,29.48,10.0,13.84,0.8617,0.6584,service_level
2026-08-17,33,16:30,metering.voice,voice,19.97,7.0,9.69,0.8152,0.6371,service_level
2026-08-17,34,17:00,metering.voice,voice,7.29,4.0,5.54,0.9153,0.4067,service_level
2026-08-17,35,17:30,metering.voice,voice,3.98,3.0,4.15,0.9391,0.2959,service_level
2026-08-18,16,08:00,metering.voice,voice,11.14,5.0,6.92,0.8868,0.4976,service_level
2026-08-18,17,08:30,metering.voice,voice,32.34,11.0,15.23,0.8808,0.6567,service_level
2026-08-18,18,09:00,metering.voice,voice,44.65,14.0,19.38,0.86,0.7122,service_level
2026-08-18,19,09:30,metering.voice,voice,53.34,16.0,22.15,0.8407,0.7445,service_level
2026-08-18,20,10:00,metering.voice,voice,55.31,17.0,23.53,0.8769,0.7266,service_level
2026-08-18,21,10:30,metering.voice,voice,50.17,15.0,20.76,0.8239,0.747,service_level
2026-08-18,22,11:00,metering.voice,voice,40.46,13.0,18.0,0.8676,0.6951,service_level
2026-08-18,23,11:30,metering.voice,voice,29.07,10.0,13.84,0.8717,0.6492,service_level
2026-08-18,24,12:00,metering.voice,voice,17.38,7.0,9.69,0.898,0.5545,service_level
2026-08-18,25,12:30,metering.voice,voice,10.89,5.0,6.92,0.8953,0.4866,service_level
2026-08-18,26,13:00,metering.voice,voice,17.74,7.0,9.69,0.8885,0.5659,service_level
2026-08-18,27,13:30,metering.voice,voice,32.18,11.0,15.23,0.8842,0.6534,service_level
2026-08-18,28,14:00,metering.voice,voice,42.24,13.0,18.0,0.8269,0.7257,service_level
2026-08-18,29,14:30,metering.voice,voice,45.07,14.0,19.38,0.851,0.719,service_level
2026-08-18,30,15:00,metering.voice,voice,42.3,13.0,18.0,0.8255,0.7266,service_level
2026-08-18,31,15:30,metering.voice,voice,35.57,12.0,16.61,0.8903,0.6619,service_level
2026-08-18,32,16:00,metering.voice,voice,26.85,9.0,12.46,0.8318,0.6662,service_level
2026-08-18,33,16:30,metering.voice,voice,18.19,7.0,9.69,0.8757,0.5802,service_level
2026-08-18,34,17:00,metering.voice,voice,6.63,4.0,5.54,0.9366,0.3704,service_level
2026-08-18,35,17:30,metering.voice,voice,3.62,3.0,4.15,0.9521,0.2695,service_level
2026-08-19,16,08:00,metering.voice,voice,10.34,5.0,6.92,0.9131,0.4618,service_level
2026-08-19,17,08:30,metering.voice,voice,30.01,10.0,13.84,0.8478,0.6703,service_level
2026-08-19,18,09:00,metering.voice,voice,41.43,13.0,18.0,0.8464,0.7117,service_level
2026-08-19,19,09:30,metering.voice,voice,49.49,15.0,20.76,0.8392,0.7369,service_level
2026-08-19,20,10:00,metering.voice,voice,51.32,16.0,22.15,0.879,0.7164,service_level
2026-08-19,21,10:30,metering.voice,voice,46.56,14.0,19.38,0.8164,0.7427,service_level
2026-08-19,22,11:00,metering.voice,voice,37.55,12.0,16.61,0.8479,0.6988,service_level
2026-08-19,23,11:30,metering.voice,voice,26.97,9.0,12.46,0.8278,0.6694,service_level
2026-08-19,24,12:00,metering.voice,voice,16.13,6.0,8.31,0.8252,0.6003,service_level
2026-08-19,25,12:30,metering.voice,voice,10.11,5.0,6.92,0.9198,0.4516,service_level
2026-08-19,26,13:00,metering.voice,voice,16.46,6.0,8.31,0.8113,0.6126,service_level
2026-08-19,27,13:30,metering.voice,voice,29.86,10.0,13.84,0.8518,0.6669,service_level
2026-08-19,28,14:00,metering.voice,voice,39.2,12.0,16.61,0.8044,0.7295,service_level
2026-08-19,29,14:30,metering.voice,voice,41.82,13.0,18.0,0.8372,0.7185,service_level
2026-08-19,30,15:00,metering.voice,voice,39.25,12.0,16.61,0.8029,0.7305,service_level
2026-08-19,31,15:30,metering.voice,voice,33.0,11.0,15.23,0.8662,0.6701,service_level
2026-08-19,32,16:00,metering.voice,voice,24.91,9.0,12.46,0.8844,0.6181,service_level
2026-08-19,33,16:30,metering.voice,voice,16.88,7.0,9.69,0.9105,0.5384,service_level
2026-08-19,34,17:00,metering.voice,voice,6.16,3.0,4.15,0.821,0.4583,service_level
2026-08-19,35,17:30,metering.voice,voice,3.36,2.0,2.77,0.8077,0.3751,service_level
2026-08-20,16,08:00,metering.voice,voice,10.16,5.0,6.92,0.9182,0.454,service_level
2026-08-20,17,08:30,metering.voice,voice,29.51,10.0,13.84,0.861,0.659,service_level
2026-08-20,18,09:00,metering.voice,voice,40.73,13.0,18.0,0.862,0.6997,service_level
2026-08-20,19,09:30,metering.voice,voice,48.66,15.0,20.76,0.8568,0.7245,service_level
2026-08-20,20,10:00,metering.voice,voice,50.46,15.0,20.76,0.8171,0.7513,service_level
2026-08-20,21,10:30,metering.voice,voice,45.77,14.0,19.38,0.8353,0.7302,service_level
2026-08-20,22,11:00,metering.voice,voice,36.91,12.0,16.61,0.8625,0.687,service_level
2026-08-20,23,11:30,metering.voice,voice,26.52,9.0,12.46,0.8416,0.6581,service_level
2026-08-20,24,12:00,metering.voice,voice,15.86,6.0,8.31,0.8362,0.5902,service_level
2026-08-20,25,12:30,metering.voice,voice,9.94,5.0,6.92,0.9246,0.4439,service_level
2026-08-20,26,13:00,metering.voice,voice,16.18,6.0,8.31,0.8231,0.6023,service_level
2026-08-20,27,13:30,metering.voice,voice,29.36,10.0,13.84,0.8647,0.6557,service_level
2026-08-20,28,14:00,metering.voice,voice,38.53,12.0,16.61,0.8228,0.7172,service_level
2026-08-20,29,14:30,metering.voice,voice,41.12,13.0,18.0,0.8535,0.7064,service_level
2026-08-20,30,15:00,metering.voice,voice,38.59,12.0,16.61,0.8214,0.7181,service_level
2026-08-20,31,15:30,metering.voice,voice,32.45,11.0,15.23,0.8786,0.6588,service_level
2026-08-20,32,16:00,metering.voice,voice,24.49,9.0,12.46,0.8941,0.6077,service_level
2026-08-20,33,16:30,metering.voice,voice,16.59,6.0,8.31,0.8056,0.6175,service_level
2026-08-20,34,17:00,metering.voice,voice,6.05,3.0,4.15,0.8281,0.4506,service_level
2026-08-20,35,17:30,metering.voice,voice,3.3,2.0,2.77,0.8134,0.3688,service_level
2026-08-21,16,08:00,metering.voice,voice,10.61,5.0,6.92,0.9047,0.4738,service_level
2026-08-21,17,08:30,metering.voice,voice,30.79,10.0,13.84,0.8257,0.6878,service_level
2026-08-21,18,09:00,metering.voice,voice,42.51,13.0,18.0,0.82,0.7303,service_level
2026-08-21,19,09:30,metering.voice,voice,50.79,15.0,20.76,0.809,0.7562,service_level
2026-08-21,20,10:00,metering.voice,voice,52.66,16.0,22.15,0.8544,0.7351,service_level
2026-08-21,21,10:30,metering.voice,voice,47.77,15.0,20.76,0.8738,0.7113,service_level
2026-08-21,22,11:00,metering.voice,voice,38.53,12.0,16.61,0.823,0.717,service_level
2026-08-21,23,11:30,metering.voice,voice,27.68,9.0,12.46,0.8048,0.6868,service_level
2026-08-21,24,12:00,metering.voice,voice,16.55,6.0,8.31,0.8074,0.616,service_level
2026-08-21,25,12:30,metering.voice,voice,10.37,5.0,6.92,0.912,0.4633,service_level
2026-08-21,26,13:00,metering.voice,voice,16.89,7.0,9.69,0.9102,0.5388,service_level
2026-08-21,27,13:30,metering.voice,voice,30.64,10.0,13.84,0.8302,0.6843,service_level
2026-08-21,28,14:00,metering.voice,voice,40.22,13.0,18.0,0.8725,0.6909,service_level
2026-08-21,29,14:30,metering.voice,voice,42.91,13.0,18.0,0.8093,0.7372,service_level
2026-08-21,30,15:00,metering.voice,voice,40.27,13.0,18.0,0.8714,0.6919,service_level
2026-08-21,31,15:30,metering.voice,voice,33.86,11.0,15.23,0.8452,0.6876,service_level
2026-08-21,32,16:00,metering.voice,voice,25.56,9.0,12.46,0.8682,0.6343,service_level
2026-08-21,33,16:30,metering.voice,voice,17.32,7.0,9.69,0.8996,0.5525,service_level
2026-08-21,34,17:00,metering.voice,voice,6.32,3.0,4.15,0.8097,0.4702,service_level
2026-08-21,35,17:30,metering.voice,voice,3.45,3.0,4.15,0.9578,0.2566,service_level
2026-08-22,17,08:30,metering.voice,voice,16.32,6.0,8.31,0.8172,0.6075,service_level
2026-08-22,18,09:00,metering.voice,voice,40.96,13.0,18.0,0.857,0.7037,service_level
2026-08-22,19,09:30,metering.voice,voice,48.94,15.0,20.76,0.8511,0.7286,service_level
2026-08-22,20,10:00,metering.voice,voice,50.74,15.0,20.76,0.8101,0.7555,service_level
2026-08-22,21,10:30,metering.voice,voice,46.03,14.0,19.38,0.8292,0.7343,service_level
2026-08-22,22,11:00,metering.voice,voice,37.12,12.0,16.61,0.8578,0.6909,service_level
2026-08-22,23,11:30,metering.voice,voice,26.67,9.0,12.46,0.8372,0.6618,service_level
2026-08-22,24,12:00,metering.voice,voice,15.94,6.0,8.31,0.8326,0.5935,service_level
2026-08-22,25,12:30,metering.voice,voice,6.0,3.0,4.15,0.8318,0.4465,service_level
2026-08-22,26,13:00,metering.voice,voice,9.76,5.0,6.92,0.9293,0.4361,service_level
2026-08-24,16,08:00,metering.voice,voice,12.16,5.0,6.92,0.8469,0.5431,service_level
2026-08-24,17,08:30,metering.voice,voice,35.3,11.0,15.23,0.8052,0.7166,service_level
2026-08-24,18,09:00,metering.voice,voice,48.72,15.0,20.76,0.8555,0.7255,service_level
2026-08-24,19,09:30,metering.voice,voice,58.21,17.0,23.53,0.8208,0.7647,service_level
2026-08-24,20,10:00,metering.voice,voice,60.36,18.0,24.92,0.857,0.749,service_level
2026-08-24,21,10:30,metering.voice,voice,54.76,16.0,22.15,0.8089,0.7643,service_level
2026-08-24,22,11:00,metering.voice,voice,44.16,14.0,19.38,0.8698,0.7044,service_level
2026-08-24,23,11:30,metering.voice,voice,31.73,11.0,15.23,0.8934,0.6441,service_level
2026-08-24,24,12:00,metering.voice,voice,18.97,7.0,9.69,0.8511,0.6052,service_level
2026-08-24,25,12:30,metering.voice,voice,11.89,5.0,6.92,0.8582,0.5311,service_level
2026-08-24,26,13:00,metering.voice,voice,19.36,7.0,9.69,0.8378,0.6176,service_level
2026-08-24,27,13:30,metering.voice,voice,35.12,11.0,15.23,0.8105,0.7131,service_level
2026-08-24,28,14:00,metering.voice,voice,46.1,14.0,19.38,0.8276,0.7354,service_level
2026-08-24,29,14:30,metering.voice,voice,49.19,15.0,20.76,0.8458,0.7324,service_level
2026-08-24,30,15:00,metering.voice,voice,46.16,14.0,19.38,0.8261,0.7364,service_level
2026-08-24,31,15:30,metering.voice,voice,38.82,12.0,16.61,0.8151,0.7224,service_level
2026-08-24,32,16:00,metering.voice,voice,29.3,10.0,13.84,0.8662,0.6543,service_level
2026-08-24,33,16:30,metering.voice,voice,19.85,7.0,9.69,0.8198,0.6332,service_level
2026-08-24,34,17:00,metering.voice,voice,7.24,4.0,5.54,0.9168,0.4042,service_level
2026-08-24,35,17:30,metering.voice,voice,3.95,3.0,4.15,0.94,0.2941,service_level
2026-08-25,16,08:00,metering.voice,voice,11.07,5.0,6.92,0.8893,0.4944,service_level
2026-08-25,17,08:30,metering.voice,voice,32.13,11.0,15.23,0.8852,0.6524,service_level
2026-08-25,18,09:00,metering.voice,voice,44.36,14.0,19.38,0.8659,0.7076,service_level
2026-08-25,19,09:30,metering.voice,voice,52.99,16.0,22.15,0.8479,0.7397,service_level
2026-08-25,20,10:00,metering.voice,voice,54.95,16.0,22.15,0.8042,0.767,service_level
2026-08-25,21,10:30,metering.voice,voice,49.85,15.0,20.76,0.8314,0.7422,service_level
2026-08-25,22,11:00,metering.voice,voice,40.2,13.0,18.0,0.8729,0.6906,service_level
2026-08-25,23,11:30,metering.voice,voice,28.88,10.0,13.84,0.8761,0.645,service_level
2026-08-25,24,12:00,metering.voice,voice,17.27,7.0,9.69,0.9009,0.5509,service_level
2026-08-25,25,12:30,metering.voice,voice,10.82,5.0,6.92,0.8977,0.4835,service_level
2026-08-25,26,13:00,metering.voice,voice,17.62,7.0,9.69,0.8916,0.5622,service_level
2026-08-25,27,13:30,metering.voice,voice,31.97,11.0,15.23,0.8885,0.6491,service_level
2026-08-25,28,14:00,metering.voice,voice,41.96,13.0,18.0,0.8337,0.7209,service_level
2026-08-25,29,14:30,metering.voice,voice,44.78,14.0,19.38,0.8573,0.7143,service_level
2026-08-25,30,15:00,metering.voice,voice,42.02,13.0,18.0,0.8323,0.7219,service_level
2026-08-25,31,15:30,metering.voice,voice,35.34,11.0,15.23,0.8041,0.7174,service_level
2026-08-25,32,16:00,metering.voice,voice,26.67,9.0,12.46,0.8371,0.6618,service_level
2026-08-25,33,16:30,metering.voice,voice,18.07,7.0,9.69,0.8791,0.5764,service_level
2026-08-25,34,17:00,metering.voice,voice,6.59,4.0,5.54,0.9379,0.368,service_level
2026-08-25,35,17:30,metering.voice,voice,3.6,3.0,4.15,0.9529,0.2677,service_level
2026-08-26,16,08:00,metering.voice,voice,10.27,5.0,6.92,0.9152,0.4586,service_level
2026-08-26,17,08:30,metering.voice,voice,29.81,10.0,13.84,0.8533,0.6657,service_level
2026-08-26,18,09:00,metering.voice,voice,41.14,13.0,18.0,0.8529,0.7068,service_level
2026-08-26,19,09:30,metering.voice,voice,49.16,15.0,20.76,0.8465,0.7319,service_level
2026-08-26,20,10:00,metering.voice,voice,50.97,15.0,20.76,0.8044,0.7589,service_level
2026-08-26,21,10:30,metering.voice,voice,46.24,14.0,19.38,0.8243,0.7376,service_level
2026-08-26,22,11:00,metering.voice,voice,37.29,12.0,16.61,0.8539,0.694,service_level
2026-08-26,23,11:30,metering.voice,voice,26.79,9.0,12.46,0.8335,0.6648,service_level
2026-08-26,24,12:00,metering.voice,voice,16.02,6.0,8.31,0.8297,0.5962,service_level
2026-08-26,25,12:30,metering.voice,voice,10.04,5.0,6.92,0.9218,0.4485,service_level
2026-08-26,26,13:00,metering.voice,voice,16.35,6.0,8.31,0.8162,0.6084,service_level
2026-08-26,27,13:30,metering.voice,voice,29.66,10.0,13.84,0.8571,0.6623,service_level
2026-08-26,28,14:00,metering.voice,voice,38.93,12.0,16.61,0.812,0.7245,service_level
2026-08-26,29,14:30,metering.voice,voice,41.54,13.0,18.0,0.8439,0.7136,service_level
2026-08-26,30,15:00,metering.voice,voice,38.98,12.0,16.61,0.8105,0.7254,service_level
2026-08-26,31,15:30,metering.voice,voice,32.78,11.0,15.23,0.8713,0.6655,service_level
2026-08-26,32,16:00,metering.voice,voice,24.74,9.0,12.46,0.8884,0.6139,service_level
2026-08-26,33,16:30,metering.voice,voice,16.76,7.0,9.69,0.9132,0.5347,service_level
2026-08-26,34,17:00,metering.voice,voice,6.11,3.0,4.15,0.8239,0.4551,service_level
2026-08-26,35,17:30,metering.voice,voice,3.34,2.0,2.77,0.81,0.3725,service_level
2026-08-27,16,08:00,metering.voice,voice,10.09,5.0,6.92,0.9203,0.4507,service_level
2026-08-27,17,08:30,metering.voice,voice,29.29,10.0,13.84,0.8663,0.6542,service_level
2026-08-27,18,09:00,metering.voice,voice,40.44,13.0,18.0,0.8681,0.6947,service_level
2026-08-27,19,09:30,metering.voice,voice,48.31,15.0,20.76,0.8637,0.7193,service_level
2026-08-27,20,10:00,metering.voice,voice,50.09,15.0,20.76,0.8257,0.7459,service_level
2026-08-27,21,10:30,metering.voice,voice,45.44,14.0,19.38,0.8429,0.7249,service_level
2026-08-27,22,11:00,metering.voice,voice,36.65,12.0,16.61,0.8684,0.682,service_level
2026-08-27,23,11:30,metering.voice,voice,26.33,9.0,12.46,0.8472,0.6533,service_level
2026-08-27,24,12:00,metering.voice,voice,15.74,6.0,8.31,0.8406,0.5859,service_level
2026-08-27,25,12:30,metering.voice,voice,9.87,5.0,6.92,0.9265,0.4407,service_level
2026-08-27,26,13:00,metering.voice,voice,16.06,6.0,8.31,0.8278,0.5979,service_level
2026-08-27,27,13:30,metering.voice,voice,29.15,10.0,13.84,0.8698,0.6509,service_level
2026-08-27,28,14:00,metering.voice,voice,38.26,12.0,16.61,0.8301,0.712,service_level
2026-08-27,29,14:30,metering.voice,voice,40.82,13.0,18.0,0.86,0.7013,service_level
2026-08-27,30,15:00,metering.voice,voice,38.31,12.0,16.61,0.8287,0.713,service_level
2026-08-27,31,15:30,metering.voice,voice,32.21,11.0,15.23,0.8836,0.654,service_level
2026-08-27,32,16:00,metering.voice,voice,24.31,9.0,12.46,0.8979,0.6033,service_level
2026-08-27,33,16:30,metering.voice,voice,16.47,6.0,8.31,0.8108,0.6131,service_level
2026-08-27,34,17:00,metering.voice,voice,6.01,3.0,4.15,0.831,0.4473,service_level
2026-08-27,35,17:30,metering.voice,voice,3.28,2.0,2.77,0.8158,0.3661,service_level
2026-08-28,16,08:00,metering.voice,voice,10.53,5.0,6.92,0.9073,0.4703,service_level
2026-08-28,17,08:30,metering.voice,voice,30.56,10.0,13.84,0.8325,0.6826,service_level
2026-08-28,18,09:00,metering.voice,voice,42.19,13.0,18.0,0.8282,0.7248,service_level
2026-08-28,19,09:30,metering.voice,voice,50.4,15.0,20.76,0.8184,0.7504,service_level
2026-08-28,20,10:00,metering.voice,voice,52.27,16.0,22.15,0.8621,0.7295,service_level
2026-08-28,21,10:30,metering.voice,voice,47.41,15.0,20.76,0.8803,0.7059,service_level
2026-08-28,22,11:00,metering.voice,voice,38.24,12.0,16.61,0.8306,0.7116,service_level
2026-08-28,23,11:30,metering.voice,voice,27.47,9.0,12.46,0.8119,0.6817,service_level
2026-08-28,24,12:00,metering.voice,voice,16.42,6.0,8.31,0.8128,0.6113,service_level
2026-08-28,25,12:30,metering.voice,voice,10.3,5.0,6.92,0.9144,0.4598,service_level
2026-08-28,26,13:00,metering.voice,voice,16.76,7.0,9.69,0.9132,0.5347,service_level
2026-08-28,27,13:30,metering.voice,voice,30.41,10.0,13.84,0.8368,0.6792,service_level
2026-08-28,28,14:00,metering.voice,voice,39.91,13.0,18.0,0.8785,0.6857,service_level
2026-08-28,29,14:30,metering.voice,voice,42.59,13.0,18.0,0.8179,0.7317,service_level
2026-08-28,30,15:00,metering.voice,voice,39.97,13.0,18.0,0.8775,0.6866,service_level
2026-08-28,31,15:30,metering.voice,voice,33.61,11.0,15.23,0.8516,0.6824,service_level
2026-08-28,32,16:00,metering.voice,voice,25.37,9.0,12.46,0.8732,0.6295,service_level
2026-08-28,33,16:30,metering.voice,voice,17.18,7.0,9.69,0.9029,0.5483,service_level
2026-08-28,34,17:00,metering.voice,voice,6.27,3.0,4.15,0.8131,0.4667,service_level
2026-08-28,35,17:30,metering.voice,voice,3.42,2.0,2.77,0.8014,0.382,service_level
2026-08-29,17,08:30,metering.voice,voice,16.19,6.0,8.31,0.8226,0.6027,service_level
2026-08-29,18,09:00,metering.voice,voice,40.64,13.0,18.0,0.8639,0.6981,service_level
2026-08-29,19,09:30,metering.voice,voice,48.55,15.0,20.76,0.859,0.7228,service_level
2026-08-29,20,10:00,metering.voice,voice,50.34,15.0,20.76,0.8198,0.7496,service_level
2026-08-29,21,10:30,metering.voice,voice,45.67,14.0,19.38,0.8377,0.7285,service_level
2026-08-29,22,11:00,metering.voice,voice,36.83,12.0,16.61,0.8644,0.6854,service_level
2026-08-29,23,11:30,metering.voice,voice,26.46,9.0,12.46,0.8434,0.6566,service_level
2026-08-29,24,12:00,metering.voice,voice,15.82,6.0,8.31,0.8376,0.5888,service_level
2026-08-29,25,12:30,metering.voice,voice,5.95,3.0,4.15,0.8349,0.4429,service_level
2026-08-29,26,13:00,metering.voice,voice,9.69,4.0,5.54,0.8024,0.5408,service_level
2026-08-17,16,08:00,metering.email,email,5.03,4.35,6.03,1.0,0.85,workload
2026-08-17,17,08:30,metering.email,email,14.59,4.35,6.03,1.0,0.85,workload
2026-08-17,18,09:00,metering.email,email,20.14,4.35,6.03,1.0,0.85,workload
2026-08-17,19,09:30,metering.email,email,24.06,4.35,6.03,1.0,0.85,workload
2026-08-17,20,10:00,metering.email,email,24.95,4.35,6.03,1.0,0.85,workload
2026-08-17,21,10:30,metering.email,email,22.64,4.35,6.03,1.0,0.85,workload
2026-08-17,22,11:00,metering.email,email,18.26,4.35,6.03,1.0,0.85,workload
2026-08-17,23,11:30,metering.email,email,13.12,4.35,6.03,1.0,0.85,workload
2026-08-17,24,12:00,metering.email,email,7.84,4.35,6.03,1.0,0.85,workload
2026-08-17,25,12:30,metering.email,email,4.92,4.35,6.03,1.0,0.85,workload
2026-08-17,26,13:00,metering.email,email,8.0,4.35,6.03,1.0,0.85,workload
2026-08-17,27,13:30,metering.email,email,14.52,4.35,6.03,1.0,0.85,workload
2026-08-17,28,14:00,metering.email,email,19.06,4.35,6.03,1.0,0.85,workload
2026-08-17,29,14:30,metering.email,email,20.33,4.35,6.03,1.0,0.85,workload
2026-08-17,30,15:00,metering.email,email,19.08,4.35,6.03,1.0,0.85,workload
2026-08-17,31,15:30,metering.email,email,16.05,4.35,6.03,1.0,0.85,workload
2026-08-17,32,16:00,metering.email,email,12.11,4.35,6.03,1.0,0.85,workload
2026-08-17,33,16:30,metering.email,email,8.2,4.35,6.03,1.0,0.85,workload
2026-08-17,34,17:00,metering.email,email,2.99,4.35,6.03,1.0,0.85,workload
2026-08-17,35,17:30,metering.email,email,1.63,4.35,6.03,1.0,0.85,workload
2026-08-18,16,08:00,metering.email,email,4.61,3.99,5.52,1.0,0.85,workload
2026-08-18,17,08:30,metering.email,email,13.37,3.99,5.52,1.0,0.85,workload
2026-08-18,18,09:00,metering.email,email,18.46,3.99,5.52,1.0,0.85,workload
2026-08-18,19,09:30,metering.email,email,22.05,3.99,5.52,1.0,0.85,workload
2026-08-18,20,10:00,metering.email,email,22.87,3.99,5.52,1.0,0.85,workload
2026-08-18,21,10:30,metering.email,email,20.74,3.99,5.52,1.0,0.85,workload
2026-08-18,22,11:00,metering.email,email,16.73,3.99,5.52,1.0,0.85,workload
2026-08-18,23,11:30,metering.email,email,12.02,3.99,5.52,1.0,0.85,workload
2026-08-18,24,12:00,metering.email,email,7.19,3.99,5.52,1.0,0.85,workload
2026-08-18,25,12:30,metering.email,email,4.5,3.99,5.52,1.0,0.85,workload
2026-08-18,26,13:00,metering.email,email,7.33,3.99,5.52,1.0,0.85,workload
2026-08-18,27,13:30,metering.email,email,13.31,3.99,5.52,1.0,0.85,workload
2026-08-18,28,14:00,metering.email,email,17.46,3.99,5.52,1.0,0.85,workload
2026-08-18,29,14:30,metering.email,email,18.64,3.99,5.52,1.0,0.85,workload
2026-08-18,30,15:00,metering.email,email,17.49,3.99,5.52,1.0,0.85,workload
2026-08-18,31,15:30,metering.email,email,14.71,3.99,5.52,1.0,0.85,workload
2026-08-18,32,16:00,metering.email,email,11.1,3.99,5.52,1.0,0.85,workload
2026-08-18,33,16:30,metering.email,email,7.52,3.99,5.52,1.0,0.85,workload
2026-08-18,34,17:00,metering.email,email,2.74,3.99,5.52,1.0,0.85,workload
2026-08-18,35,17:30,metering.email,email,1.5,3.99,5.52,1.0,0.85,workload
2026-08-19,16,08:00,metering.email,email,4.29,3.72,5.15,1.0,0.85,workload
2026-08-19,17,08:30,metering.email,email,12.46,3.72,5.15,1.0,0.85,workload
2026-08-19,18,09:00,metering.email,email,17.21,3.72,5.15,1.0,0.85,workload
2026-08-19,19,09:30,metering.email,email,20.56,3.72,5.15,1.0,0.85,workload
2026-08-19,20,10:00,metering.email,email,21.32,3.72,5.15,1.0,0.85,workload
2026-08-19,21,10:30,metering.email,email,19.34,3.72,5.15,1.0,0.85,workload
2026-08-19,22,11:00,metering.email,email,15.59,3.72,5.15,1.0,0.85,workload
2026-08-19,23,11:30,metering.email,email,11.2,3.72,5.15,1.0,0.85,workload
2026-08-19,24,12:00,metering.email,email,6.7,3.72,5.15,1.0,0.85,workload
2026-08-19,25,12:30,metering.email,email,4.2,3.72,5.15,1.0,0.85,workload
2026-08-19,26,13:00,metering.email,email,6.84,3.72,5.15,1.0,0.85,workload
2026-08-19,27,13:30,metering.email,email,12.4,3.72,5.15,1.0,0.85,workload
2026-08-19,28,14:00,metering.email,email,16.28,3.72,5.15,1.0,0.85,workload
2026-08-19,29,14:30,metering.email,email,17.37,3.72,5.15,1.0,0.85,workload
2026-08-19,30,15:00,metering.email,email,16.3,3.72,5.15,1.0,0.85,workload
2026-08-19,31,15:30,metering.email,email,13.71,3.72,5.15,1.0,0.85,workload
2026-08-19,32,16:00,metering.email,email,10.35,3.72,5.15,1.0,0.85,workload
2026-08-19,33,16:30,metering.email,email,7.01,3.72,5.15,1.0,0.85,workload
2026-08-19,34,17:00,metering.email,email,2.56,3.72,5.15,1.0,0.85,workload
2026-08-19,35,17:30,metering.email,email,1.4,3.72,5.15,1.0,0.85,workload
2026-08-20,16,08:00,metering.email,email,4.26,3.69,5.11,1.0,0.85,workload
2026-08-20,17,08:30,metering.email,email,12.38,3.69,5.11,1.0,0.85,workload
2026-08-20,18,09:00,metering.email,email,17.09,3.69,5.11,1.0,0.85,workload
2026-08-20,19,09:30,metering.email,email,20.42,3.69,5.11,1.0,0.85,workload
2026-08-20,20,10:00,metering.email,email,21.17,3.69,5.11,1.0,0.85,workload
2026-08-20,21,10:30,metering.email,email,19.21,3.69,5.11,1.0,0.85,workload
2026-08-20,22,11:00,metering.email,email,15.49,3.69,5.11,1.0,0.85,workload
2026-08-20,23,11:30,metering.email,email,11.13,3.69,5.11,1.0,0.85,workload
2026-08-20,24,12:00,metering.email,email,6.65,3.69,5.11,1.0,0.85,workload
2026-08-20,25,12:30,metering.email,email,4.17,3.69,5.11,1.0,0.85,workload
2026-08-20,26,13:00,metering.email,email,6.79,3.69,5.11,1.0,0.85,workload
2026-08-20,27,13:30,metering.email,email,12.32,3.69,5.11,1.0,0.85,workload
2026-08-20,28,14:00,metering.email,email,16.17,3.69,5.11,1.0,0.85,workload
2026-08-20,29,14:30,metering.email,email,17.25,3.69,5.11,1.0,0.85,workload
2026-08-20,30,15:00,metering.email,email,16.19,3.69,5.11,1.0,0.85,workload
2026-08-20,31,15:30,metering.email,email,13.61,3.69,5.11,1.0,0.85,workload
2026-08-20,32,16:00,metering.email,email,10.28,3.69,5.11,1.0,0.85,workload
2026-08-20,33,16:30,metering.email,email,6.96,3.69,5.11,1.0,0.85,workload
2026-08-20,34,17:00,metering.email,email,2.54,3.69,5.11,1.0,0.85,workload
2026-08-20,35,17:30,metering.email,email,1.39,3.69,5.11,1.0,0.85,workload
2026-08-21,16,08:00,metering.email,email,4.38,3.79,5.25,1.0,0.85,workload
2026-08-21,17,08:30,metering.email,email,12.72,3.79,5.25,1.0,0.85,workload
2026-08-21,18,09:00,metering.email,email,17.56,3.79,5.25,1.0,0.85,workload
2026-08-21,19,09:30,metering.email,email,20.98,3.79,5.25,1.0,0.85,workload
2026-08-21,20,10:00,metering.email,email,21.75,3.79,5.25,1.0,0.85,workload
2026-08-21,21,10:30,metering.email,email,19.73,3.79,5.25,1.0,0.85,workload
2026-08-21,22,11:00,metering.email,email,15.91,3.79,5.25,1.0,0.85,workload
2026-08-21,23,11:30,metering.email,email,11.43,3.79,5.25,1.0,0.85,workload
2026-08-21,24,12:00,metering.email,email,6.83,3.79,5.25,1.0,0.85,workload
2026-08-21,25,12:30,metering.email,email,4.28,3.79,5.25,1.0,0.85,workload
2026-08-21,26,13:00,metering.email,email,6.97,3.79,5.25,1.0,0.85,workload
2026-08-21,27,13:30,metering.email,email,12.66,3.79,5.25,1.0,0.85,workload
2026-08-21,28,14:00,metering.email,email,16.61,3.79,5.25,1.0,0.85,workload
2026-08-21,29,14:30,metering.email,email,17.72,3.79,5.25,1.0,0.85,workload
2026-08-21,30,15:00,metering.email,email,16.63,3.79,5.25,1.0,0.85,workload
2026-08-21,31,15:30,metering.email,email,13.99,3.79,5.25,1.0,0.85,workload
2026-08-21,32,16:00,metering.email,email,10.56,3.79,5.25,1.0,0.85,workload
2026-08-21,33,16:30,metering.email,email,7.15,3.79,5.25,1.0,0.85,workload
2026-08-21,34,17:00,metering.email,email,2.61,3.79,5.25,1.0,0.85,workload
2026-08-21,35,17:30,metering.email,email,1.42,3.79,5.25,1.0,0.85,workload
2026-08-24,16,08:00,metering.email,email,5.01,4.34,6.0,1.0,0.85,workload
2026-08-24,17,08:30,metering.email,email,14.54,4.34,6.0,1.0,0.85,workload
2026-08-24,18,09:00,metering.email,email,20.07,4.34,6.0,1.0,0.85,workload
2026-08-24,19,09:30,metering.email,email,23.97,4.34,6.0,1.0,0.85,workload
2026-08-24,20,10:00,metering.email,email,24.86,4.34,6.0,1.0,0.85,workload
2026-08-24,21,10:30,metering.email,email,22.55,4.34,6.0,1.0,0.85,workload
2026-08-24,22,11:00,metering.email,email,18.19,4.34,6.0,1.0,0.85,workload
2026-08-24,23,11:30,metering.email,email,13.07,4.34,6.0,1.0,0.85,workload
2026-08-24,24,12:00,metering.email,email,7.81,4.34,6.0,1.0,0.85,workload
2026-08-24,25,12:30,metering.email,email,4.9,4.34,6.0,1.0,0.85,workload
2026-08-24,26,13:00,metering.email,email,7.97,4.34,6.0,1.0,0.85,workload
2026-08-24,27,13:30,metering.email,email,14.46,4.34,6.0,1.0,0.85,workload
2026-08-24,28,14:00,metering.email,email,18.98,4.34,6.0,1.0,0.85,workload
2026-08-24,29,14:30,metering.email,email,20.26,4.34,6.0,1.0,0.85,workload
2026-08-24,30,15:00,metering.email,email,19.01,4.34,6.0,1.0,0.85,workload
2026-08-24,31,15:30,metering.email,email,15.99,4.34,6.0,1.0,0.85,workload
2026-08-24,32,16:00,metering.email,email,12.07,4.34,6.0,1.0,0.85,workload
2026-08-24,33,16:30,metering.email,email,8.17,4.34,6.0,1.0,0.85,workload
2026-08-24,34,17:00,metering.email,email,2.98,4.34,6.0,1.0,0.85,workload
2026-08-24,35,17:30,metering.email,email,1.63,4.34,6.0,1.0,0.85,workload
2026-08-25,16,08:00,metering.email,email,4.59,3.97,5.5,1.0,0.85,workload
2026-08-25,17,08:30,metering.email,email,13.32,3.97,5.5,1.0,0.85,workload
2026-08-25,18,09:00,metering.email,email,18.39,3.97,5.5,1.0,0.85,workload
2026-08-25,19,09:30,metering.email,email,21.97,3.97,5.5,1.0,0.85,workload
2026-08-25,20,10:00,metering.email,email,22.78,3.97,5.5,1.0,0.85,workload
2026-08-25,21,10:30,metering.email,email,20.66,3.97,5.5,1.0,0.85,workload
2026-08-25,22,11:00,metering.email,email,16.66,3.97,5.5,1.0,0.85,workload
2026-08-25,23,11:30,metering.email,email,11.97,3.97,5.5,1.0,0.85,workload
2026-08-25,24,12:00,metering.email,email,7.16,3.97,5.5,1.0,0.85,workload
2026-08-25,25,12:30,metering.email,email,4.49,3.97,5.5,1.0,0.85,workload
2026-08-25,26,13:00,metering.email,email,7.3,3.97,5.5,1.0,0.85,workload
2026-08-25,27,13:30,metering.email,email,13.25,3.97,5.5,1.0,0.85,workload
2026-08-25,28,14:00,metering.email,email,17.4,3.97,5.5,1.0,0.85,workload
2026-08-25,29,14:30,metering.email,email,18.56,3.97,5.5,1.0,0.85,workload
2026-08-25,30,15:00,metering.email,email,17.42,3.97,5.5,1.0,0.85,workload
2026-08-25,31,15:30,metering.email,email,14.65,3.97,5.5,1.0,0.85,workload
2026-08-25,32,16:00,metering.email,email,11.06,3.97,5.5,1.0,0.85,workload
2026-08-25,33,16:30,metering.email,email,7.49,3.97,5.5,1.0,0.85,workload
2026-08-25,34,17:00,metering.email,email,2.73,3.97,5.5,1.0,0.85,workload
2026-08-25,35,17:30,metering.email,email,1.49,3.97,5.5,1.0,0.85,workload
2026-08-26,16,08:00,metering.email,email,4.28,3.7,5.13,1.0,0.85,workload
2026-08-26,17,08:30,metering.email,email,12.41,3.7,5.13,1.0,0.85,workload
2026-08-26,18,09:00,metering.email,email,17.13,3.7,5.13,1.0,0.85,workload
2026-08-26,19,09:30,metering.email,email,20.47,3.7,5.13,1.0,0.85,workload
2026-08-26,20,10:00,metering.email,email,21.23,3.7,5.13,1.0,0.85,workload
2026-08-26,21,10:30,metering.email,email,19.26,3.7,5.13,1.0,0.85,workload
2026-08-26,22,11:00,metering.email,email,15.53,3.7,5.13,1.0,0.85,workload
2026-08-26,23,11:30,metering.email,email,11.16,3.7,5.13,1.0,0.85,workload
2026-08-26,24,12:00,metering.email,email,6.67,3.7,5.13,1.0,0.85,workload
2026-08-26,25,12:30,metering.email,email,4.18,3.7,5.13,1.0,0.85,workload
2026-08-26,26,13:00,metering.email,email,6.81,3.7,5.13,1.0,0.85,workload
2026-08-26,27,13:30,metering.email,email,12.35,3.7,5.13,1.0,0.85,workload
2026-08-26,28,14:00,metering.email,email,16.21,3.7,5.13,1.0,0.85,workload
2026-08-26,29,14:30,metering.email,email,17.3,3.7,5.13,1.0,0.85,workload
2026-08-26,30,15:00,metering.email,email,16.23,3.7,5.13,1.0,0.85,workload
2026-08-26,31,15:30,metering.email,email,13.65,3.7,5.13,1.0,0.85,workload
2026-08-26,32,16:00,metering.email,email,10.3,3.7,5.13,1.0,0.85,workload
2026-08-26,33,16:30,metering.email,email,6.98,3.7,5.13,1.0,0.85,workload
2026-08-26,34,17:00,metering.email,email,2.55,3.7,5.13,1.0,0.85,workload
2026-08-26,35,17:30,metering.email,email,1.39,3.7,5.13,1.0,0.85,workload
2026-08-27,16,08:00,metering.email,email,4.25,3.68,5.09,1.0,0.85,workload
2026-08-27,17,08:30,metering.email,email,12.33,3.68,5.09,1.0,0.85,workload
2026-08-27,18,09:00,metering.email,email,17.02,3.68,5.09,1.0,0.85,workload
2026-08-27,19,09:30,metering.email,email,20.33,3.68,5.09,1.0,0.85,workload
2026-08-27,20,10:00,metering.email,email,21.08,3.68,5.09,1.0,0.85,workload
2026-08-27,21,10:30,metering.email,email,19.12,3.68,5.09,1.0,0.85,workload
2026-08-27,22,11:00,metering.email,email,15.42,3.68,5.09,1.0,0.85,workload
2026-08-27,23,11:30,metering.email,email,11.08,3.68,5.09,1.0,0.85,workload
2026-08-27,24,12:00,metering.email,email,6.62,3.68,5.09,1.0,0.85,workload
2026-08-27,25,12:30,metering.email,email,4.15,3.68,5.09,1.0,0.85,workload
2026-08-27,26,13:00,metering.email,email,6.76,3.68,5.09,1.0,0.85,workload
2026-08-27,27,13:30,metering.email,email,12.27,3.68,5.09,1.0,0.85,workload
2026-08-27,28,14:00,metering.email,email,16.1,3.68,5.09,1.0,0.85,workload
2026-08-27,29,14:30,metering.email,email,17.18,3.68,5.09,1.0,0.85,workload
2026-08-27,30,15:00,metering.email,email,16.12,3.68,5.09,1.0,0.85,workload
2026-08-27,31,15:30,metering.email,email,13.56,3.68,5.09,1.0,0.85,workload
2026-08-27,32,16:00,metering.email,email,10.23,3.68,5.09,1.0,0.85,workload
2026-08-27,33,16:30,metering.email,email,6.93,3.68,5.09,1.0,0.85,workload
2026-08-27,34,17:00,metering.email,email,2.53,3.68,5.09,1.0,0.85,workload
2026-08-27,35,17:30,metering.email,email,1.38,3.68,5.09,1.0,0.85,workload
2026-08-28,16,08:00,metering.email,email,4.36,3.78,5.23,1.0,0.85,workload
2026-08-28,17,08:30,metering.email,email,12.66,3.78,5.23,1.0,0.85,workload
2026-08-28,18,09:00,metering.email,email,17.48,3.78,5.23,1.0,0.85,workload
2026-08-28,19,09:30,metering.email,email,20.88,3.78,5.23,1.0,0.85,workload
2026-08-28,20,10:00,metering.email,email,21.66,3.78,5.23,1.0,0.85,workload
2026-08-28,21,10:30,metering.email,email,19.64,3.78,5.23,1.0,0.85,workload
2026-08-28,22,11:00,metering.email,email,15.84,3.78,5.23,1.0,0.85,workload
2026-08-28,23,11:30,metering.email,email,11.38,3.78,5.23,1.0,0.85,workload
2026-08-28,24,12:00,metering.email,email,6.8,3.78,5.23,1.0,0.85,workload
2026-08-28,25,12:30,metering.email,email,4.27,3.78,5.23,1.0,0.85,workload
2026-08-28,26,13:00,metering.email,email,6.94,3.78,5.23,1.0,0.85,workload
2026-08-28,27,13:30,metering.email,email,12.6,3.78,5.23,1.0,0.85,workload
2026-08-28,28,14:00,metering.email,email,16.54,3.78,5.23,1.0,0.85,workload
2026-08-28,29,14:30,metering.email,email,17.65,3.78,5.23,1.0,0.85,workload
2026-08-28,30,15:00,metering.email,email,16.56,3.78,5.23,1.0,0.85,workload
2026-08-28,31,15:30,metering.email,email,13.93,3.78,5.23,1.0,0.85,workload
2026-08-28,32,16:00,metering.email,email,10.51,3.78,5.23,1.0,0.85,workload
2026-08-28,33,16:30,metering.email,email,7.12,3.78,5.23,1.0,0.85,workload
2026-08-28,34,17:00,metering.email,email,2.6,3.78,5.23,1.0,0.85,workload
2026-08-28,35,17:30,metering.email,email,1.42,3.78,5.23,1.0,0.85,workload
2026-08-17,0,00:00,operations.voice,voice,2.11,2.0,2.77,0.9435,0.1929,service_level
2026-08-17,1,00:30,operations.voice,voice,2.11,2.0,2.77,0.9435,0.1929,service_level
2026-08-17,2,01:00,operations.voice,voice,2.11,2.0,2.77,0.9435,0.1929,service_level
2026-08-17,3,01:30,operations.voice,voice,2.11,2.0,2.77,0.9435,0.1929,service_level
2026-08-17,4,02:00,operations.voice,voice,2.11,2.0,2.77,0.9435,0.1929,service_level
2026-08-17,5,02:30,operations.voice,voice,2.11,2.0,2.77,0.9435,0.1929,service_level
2026-08-17,6,03:00,operations.voice,voice,2.11,2.0,2.77,0.9435,0.1929,service_level
2026-08-17,7,03:30,operations.voice,voice,2.11,2.0,2.77,0.9434,0.1929,service_level
2026-08-17,8,04:00,operations.voice,voice,2.11,2.0,2.77,0.9432,0.1933,service_level
2026-08-17,9,04:30,operations.voice,voice,2.15,2.0,2.77,0.9412,0.197,service_level
2026-08-17,10,05:00,operations.voice,voice,2.43,2.0,2.77,0.9261,0.2229,service_level
2026-08-17,11,05:30,operations.voice,voice,3.73,2.0,2.77,0.8393,0.3417,service_level
2026-08-17,12,06:00,operations.voice,voice,7.4,3.0,4.15,0.8301,0.4517,service_level
2026-08-17,13,06:30,operations.voice,voice,13.45,5.0,6.92,0.8938,0.4925,service_level
2026-08-17,14,07:00,operations.voice,voice,18.67,6.0,8.31,0.8608,0.5698,service_level
2026-08-17,15,07:30,operations.voice,voice,20.57,7.0,9.69,0.9137,0.5382,service_level
2026-08-17,16,08:00,operations.voice,voice,21.94,7.0,9.69,0.8851,0.5741,service_level
2026-08-17,17,08:30,operations.voice,voice,26.54,8.0,11.07,0.878,0.6076,service_level
2026-08-17,18,09:00,operations.voice,voice,33.58,9.0,12.46,0.8155,0.6833,service_level
2026-08-17,19,09:30,operations.voice,voice,39.27,11.0,15.23,0.8885,0.6538,service_level
2026-08-17,20,10:00,operations.voice,voice,40.59,11.0,15.23,0.8649,0.6758,service_level
2026-08-17,21,10:30,operations.voice,voice,37.01,10.0,13.84,0.8441,0.6778,service_level
2026-08-17,22,11:00,operations.voice,voice,30.26,9.0,12.46,0.8909,0.6157,service_level
2026-08-17,23,11:30,operations.voice,voice,22.33,7.0,9.69,0.8759,0.5843,service_level
2026-08-17,24,12:00,operations.voice,voice,14.21,5.0,6.92,0.8712,0.5204,service_level
2026-08-17,25,12:30,operations.voice,voice,9.71,4.0,5.54,0.8915,0.4447,service_level
2026-08-17,26,13:00,operations.voice,voice,14.51,5.0,6.92,0.8612,0.5316,service_level
2026-08-17,27,13:30,operations.voice,voice,24.66,7.0,9.69,0.8105,0.6452,service_level
2026-08-17,28,14:00,operations.voice,voice,31.87,9.0,12.46,0.8579,0.6484,service_level
2026-08-17,29,14:30,operations.voice,voice,34.22,10.0,13.84,0.8984,0.6267,service_level
2026-08-17,30,15:00,operations.voice,voice,32.95,9.0,12.46,0.8319,0.6705,service_level
2026-08-17,31,15:30,operations.voice,voice,29.28,8.0,11.07,0.8075,0.6703,service_level
2026-08-17,32,16:00,operations.voice,voice,24.6,7.0,9.69,0.8125,0.6436,service_level
2026-08-17,33,16:30,operations.voice,voice,20.26,6.0,8.31,0.8096,0.6182,service_level
2026-08-17,34,17:00,operations.voice,voice,17.06,6.0,8.31,0.9027,0.5206,service_level
2026-08-17,35,17:30,operations.voice,voice,15.09,5.0,6.92,0.8415,0.5526,service_level
2026-08-17,36,18:00,operations.voice,voice,13.91,5.0,6.92,0.8803,0.5095,service_level
2026-08-17,37,18:30,operations.voice,voice,12.93,5.0,6.92,0.9076,0.4735,service_level
2026-08-17,38,19:00,operations.voice,voice,11.72,4.0,5.54,0.8108,0.5364,service_level
2026-08-17,39,19:30,operations.voice,voice,10.15,4.0,5.54,0.8762,0.4646,service_level
2026-08-17,40,20:00,operations.voice,voice,8.35,4.0,5.54,0.9318,0.3824,service_level
2026-08-17,41,20:30,operations.voice,voice,6.58,3.0,4.15,0.8721,0.4017,service_level
2026-08-17,42,21:00,operations.voice,voice,5.05,3.0,4.15,0.9339,0.3084,service_level
2026-08-17,43,21:30,operations.voice,voice,3.89,2.0,2.77,0.8273,0.3558,service_level
2026-08-17,44,22:00,operations.voice,voice,3.09,2.0,2.77,0.8855,0.2831,service_level
2026-08-17,45,22:30,operations.voice,voice,2.61,2.0,2.77,0.9161,0.2387,service_level
2026-08-17,46,23:00,operations.voice,voice,2.34,2.0,2.77,0.9313,0.2142,service_level
2026-08-17,47,23:30,operations.voice,voice,2.21,2.0,2.77,0.9384,0.202,service_level
2026-08-18,0,00:00,operations.voice,voice,1.98,2.0,2.77,0.9494,0.1816,service_level
2026-08-18,1,00:30,operations.voice,voice,1.98,2.0,2.77,0.9494,0.1816,service_level
2026-08-18,2,01:00,operations.voice,voice,1.98,2.0,2.77,0.9494,0.1816,service_level
2026-08-18,3,01:30,operations.voice,voice,1.98,2.0,2.77,0.9494,0.1816,service_level
2026-08-18,4,02:00,operations.voice,voice,1.98,2.0,2.77,0.9494,0.1816,service_level
2026-08-18,5,02:30,operations.voice,voice,1.98,2.0,2.77,0.9494,0.1816,service_level
2026-08-18,6,03:00,operations.voice,voice,1.98,2.0,2.77,0.9494,0.1816,service_level
2026-08-18,7,03:30,operations.voice,voice,1.98,2.0,2.77,0.9494,0.1817,service_level
2026-08-18,8,04:00,operations.voice,voice,1.99,2.0,2.77,0.9492,0.1821,service_level
2026-08-18,9,04:30,operations.voice,voice,2.03,2.0,2.77,0.9474,0.1855,service_level
2026-08-18,10,05:00,operations.voice,voice,2.29,2.0,2.77,0.9338,0.2099,service_level
2026-08-18,11,05:30,operations.voice,voice,3.51,2.0,2.77,0.8557,0.3218,service_level
2026-08-18,12,06:00,operations.voice,voice,6.97,3.0,4.15,0.8529,0.4254,service_level
2026-08-18,13,06:30,operations.voice,voice,12.66,5.0,6.92,0.9143,0.4638,service_level
2026-08-18,14,07:00,operations.voice,voice,17.58,6.0,8.31,0.8901,0.5366,service_level
2026-08-18,15,07:30,operations.voice,voice,19.37,6.0,8.31,0.8393,0.5914,service_level
2026-08-18,16,08:00,operations.voice,voice,20.67,7.0,9.69,0.912,0.5406,service_level
2026-08-18,17,08:30,operations.voice,voice,25.0,8.0,11.07,0.9086,0.5722,service_level
2026-08-18,18,09:00,operations.voice,voice,31.63,9.0,12.46,0.8632,0.6435,service_level
2026-08-18,19,09:30,operations.voice,voice,36.99,10.0,13.84,0.8447,0.6773,service_level
2026-08-18,20,10:00,operations.voice,voice,38.23,10.0,13.84,0.815,0.7001,service_level
2026-08-18,21,10:30,operations.voice,voice,34.86,10.0,13.84,0.8874,0.6384,service_level
2026-08-18,22,11:00,operations.voice,voice,28.5,8.0,11.07,0.8299,0.6523,service_level
2026-08-18,23,11:30,operations.voice,voice,21.03,7.0,9.69,0.9047,0.5503,service_level
2026-08-18,24,12:00,operations.voice,voice,13.38,5.0,6.92,0.8956,0.4901,service_level
2026-08-18,25,12:30,operations.voice,voice,9.15,4.0,5.54,0.9097,0.4188,service_level
2026-08-18,26,13:00,operations.voice,voice,13.67,5.0,6.92,0.8874,0.5007,service_level
2026-08-18,27,13:30,operations.voice,voice,23.23,7.0,9.69,0.8529,0.6077,service_level
2026-08-18,28,14:00,operations.voice,voice,30.01,9.0,12.46,0.8955,0.6107,service_level
2026-08-18,29,14:30,operations.voice,voice,32.23,9.0,12.46,0.8495,0.6558,service_level
2026-08-18,30,15:00,operations.voice,voice,31.03,9.0,12.46,0.8757,0.6315,service_level
2026-08-18,31,15:30,operations.voice,voice,27.58,8.0,11.07,0.8539,0.6313,service_level
2026-08-18,32,16:00,operations.voice,voice,23.17,7.0,9.69,0.8545,0.6061,service_level
2026-08-18,33,16:30,operations.voice,voice,19.08,6.0,8.31,0.8486,0.5822,service_level
2026-08-18,34,17:00,operations.voice,voice,16.06,5.0,6.92,0.8041,0.5883,service_level
2026-08-18,35,17:30,operations.voice,voice,14.21,5.0,6.92,0.8711,0.5204,service_level
2026-08-18,36,18:00,operations.voice,voice,13.1,5.0,6.92,0.9032,0.4798,service_level
2026-08-18,37,18:30,operations.voice,voice,12.18,5.0,6.92,0.9256,0.446,service_level
2026-08-18,38,19:00,operations.voice,voice,11.03,4.0,5.54,0.8412,0.5052,service_level
2026-08-18,39,19:30,operations.voice,voice,9.56,4.0,5.54,0.8967,0.4375,service_level
2026-08-18,40,20:00,operations.voice,voice,7.87,3.0,4.15,0.8034,0.4802,service_level
2026-08-18,41,20:30,operations.voice,voice,6.2,3.0,4.15,0.8896,0.3784,service_level
2026-08-18,42,21:00,operations.voice,voice,4.76,3.0,4.15,0.9433,0.2904,service_level
2026-08-18,43,21:30,operations.voice,voice,3.66,2.0,2.77,0.8449,0.3351,service_level
2026-08-18,44,22:00,operations.voice,voice,2.91,2.0,2.77,0.8973,0.2666,service_level
2026-08-18,45,22:30,operations.voice,voice,2.46,2.0,2.77,0.9249,0.2248,service_level
2026-08-18,46,23:00,operations.voice,voice,2.2,2.0,2.77,0.9385,0.2018,service_level
2026-08-18,47,23:30,operations.voice,voice,2.08,2.0,2.77,0.9449,0.1903,service_level
2026-08-19,0,00:00,operations.voice,voice,1.96,2.0,2.77,0.9506,0.1793,service_level
2026-08-19,1,00:30,operations.voice,voice,1.96,2.0,2.77,0.9506,0.1793,service_level
2026-08-19,2,01:00,operations.voice,voice,1.96,2.0,2.77,0.9506,0.1793,service_level
2026-08-19,3,01:30,operations.voice,voice,1.96,2.0,2.77,0.9506,0.1793,service_level
2026-08-19,4,02:00,operations.voice,voice,1.96,2.0,2.77,0.9506,0.1793,service_level
2026-08-19,5,02:30,operations.voice,voice,1.96,2.0,2.77,0.9506,0.1793,service_level
2026-08-19,6,03:00,operations.voice,voice,1.96,2.0,2.77,0.9506,0.1793,service_level
2026-08-19,7,03:30,operations.voice,voice,1.96,2.0,2.77,0.9506,0.1794,service_level
2026-08-19,8,04:00,operations.voice,voice,1.96,2.0,2.77,0.9504,0.1797,service_level
2026-08-19,9,04:30,operations.voice,voice,2.0,2.0,2.77,0.9487,0.1831,service_level
2026-08-19,10,05:00,operations.voice,voice,2.26,2.0,2.77,0.9354,0.2072,service_level
2026-08-19,11,05:30,operations.voice,voice,3.47,2.0,2.77,0.859,0.3177,service_level
2026-08-19,12,06:00,operations.voice,voice,6.88,3.0,4.15,0.8575,0.42,service_level
2026-08-19,13,06:30,operations.voice,voice,12.5,5.0,6.92,0.9182,0.4578,service_level
2026-08-19,14,07:00,operations.voice,voice,17.35,6.0,8.31,0.8956,0.5297,service_level
2026-08-19,15,07:30,operations.voice,voice,19.13,6.0,8.31,0.8471,0.5838,service_level
2026-08-19,16,08:00,operations.voice,voice,20.4,6.0,8.31,0.8044,0.6226,service_level
2026-08-19,17,08:30,operations.voice,voice,24.68,7.0,9.69,0.8101,0.6456,service_level
2026-08-19,18,09:00,operations.voice,voice,31.22,9.0,12.46,0.8719,0.6353,service_level
2026-08-19,19,09:30,operations.voice,voice,36.51,10.0,13.84,0.8551,0.6686,service_level
2026-08-19,20,10:00,operations.voice,voice,37.74,10.0,13.84,0.8272,0.6911,service_level
2026-08-19,21,10:30,operations.voice,voice,34.41,10.0,13.84,0.8952,0.6302,service_level
2026-08-19,22,11:00,operations.voice,voice,28.13,8.0,11.07,0.8398,0.6439,service_level
2026-08-19,23,11:30,operations.voice,voice,20.76,7.0,9.69,0.9101,0.5432,service_level
2026-08-19,24,12:00,operations.voice,voice,13.21,5.0,6.92,0.9003,0.4838,service_level
2026-08-19,25,12:30,operations.voice,voice,9.03,4.0,5.54,0.9132,0.4134,service_level
2026-08-19,26,13:00,operations.voice,voice,13.49,5.0,6.92,0.8925,0.4942,service_level
2026-08-19,27,13:30,operations.voice,voice,22.93,7.0,9.69,0.8609,0.5999,service_level
2026-08-19,28,14:00,operations.voice,voice,29.62,9.0,12.46,0.9023,0.6028,service_level
2026-08-19,29,14:30,operations.voice,voice,31.82,9.0,12.46,0.859,0.6474,service_level
2026-08-19,30,15:00,operations.voice,voice,30.63,9.0,12.46,0.8837,0.6234,service_level
2026-08-19,31,15:30,operations.voice,voice,27.22,8.0,11.07,0.8625,0.6232,service_level
2026-08-19,32,16:00,operations.voice,voice,22.87,7.0,9.69,0.8624,0.5983,service_level
2026-08-19,33,16:30,operations.voice,voice,18.83,6.0,8.31,0.856,0.5748,service_level
2026-08-19,34,17:00,operations.voice,voice,15.86,5.0,6.92,0.8124,0.5808,service_level
2026-08-19,35,17:30,operations.voice,voice,14.03,5.0,6.92,0.8768,0.5137,service_level
2026-08-19,36,18:00,operations.voice,voice,12.93,5.0,6.92,0.9076,0.4737,service_level
2026-08-19,37,18:30,operations.voice,voice,12.02,5.0,6.92,0.929,0.4402,service_level
2026-08-19,38,19:00,operations.voice,voice,10.89,4.0,5.54,0.8471,0.4987,service_level
2026-08-19,39,19:30,operations.voice,voice,9.43,4.0,5.54,0.9007,0.4319,service_level
2026-08-19,40,20:00,operations.voice,voice,7.77,3.0,4.15,0.8094,0.4741,service_level
2026-08-19,41,20:30,operations.voice,voice,6.12,3.0,4.15,0.8931,0.3735,service_level
2026-08-19,42,21:00,operations.voice,voice,4.7,3.0,4.15,0.9451,0.2867,service_level
2026-08-19,43,21:30,operations.voice,voice,3.61,2.0,2.77,0.8484,0.3308,service_level
2026-08-19,44,22:00,operations.voice,voice,2.87,2.0,2.77,0.8997,0.2632,service_level
2026-08-19,45,22:30,operations.voice,voice,2.42,2.0,2.77,0.9266,0.222,service_level
2026-08-19,46,23:00,operations.voice,voice,2.18,2.0,2.77,0.94,0.1992,service_level
2026-08-19,47,23:30,operations.voice,voice,2.05,2.0,2.77,0.9462,0.1878,service_level
2026-08-20,0,00:00,operations.voice,voice,1.94,2.0,2.77,0.9514,0.1778,service_level
2026-08-20,1,00:30,operations.voice,voice,1.94,2.0,2.77,0.9514,0.1778,service_level
2026-08-20,2,01:00,operations.voice,voice,1.94,2.0,2.77,0.9514,0.1778,service_level
2026-08-20,3,01:30,operations.voice,voice,1.94,2.0,2.77,0.9514,0.1778,service_level
2026-08-20,4,02:00,operations.voice,voice,1.94,2.0,2.77,0.9514,0.1778,service_level
2026-08-20,5,02:30,operations.voice,voice,1.94,2.0,2.77,0.9514,0.1778,service_level
2026-08-20,6,03:00,operations.voice,voice,1.94,2.0,2.77,0.9514,0.1778,service_level
2026-08-20,7,03:30,operations.voice,voice,1.94,2.0,2.77,0.9514,0.1779,service_level
2026-08-20,8,04:00,operations.voice,voice,1.95,2.0,2.77,0.9512,0.1782,service_level
2026-08-20,9,04:30,operations.voice,voice,1.98,2.0,2.77,0.9494,0.1816,service_level
2026-08-20,10,05:00,operations.voice,voice,2.24,2.0,2.77,0.9364,0.2055,service_level
2026-08-20,11,05:30,operations.voice,voice,3.44,2.0,2.77,0.8611,0.3151,service_level
2026-08-20,12,06:00,operations.voice,voice,6.82,3.0,4.15,0.8603,0.4166,service_level
2026-08-20,13,06:30,operations.voice,voice,12.4,5.0,6.92,0.9206,0.4541,service_level
2026-08-20,14,07:00,operations.voice,voice,17.21,6.0,8.31,0.899,0.5254,service_level
2026-08-20,15,07:30,operations.voice,voice,18.97,6.0,8.31,0.8519,0.579,service_level
2026-08-20,16,08:00,operations.voice,voice,20.23,6.0,8.31,0.8104,0.6176,service_level
2026-08-20,17,08:30,operations.voice,voice,24.47,7.0,9.69,0.8164,0.6403,service_level
2026-08-20,18,09:00,operations.voice,voice,30.97,9.0,12.46,0.8771,0.6301,service_level
2026-08-20,19,09:30,operations.voice,voice,36.21,10.0,13.84,0.8614,0.6632,service_level
2026-08-20,20,10:00,operations.voice,voice,37.43,10.0,13.84,0.8345,0.6855,service_level
2026-08-20,21,10:30,operations.voice,voice,34.13,9.0,12.46,0.8003,0.6945,service_level
2026-08-20,22,11:00,operations.voice,voice,27.9,8.0,11.07,0.8457,0.6387,service_level
2026-08-20,23,11:30,operations.voice,voice,20.59,7.0,9.69,0.9133,0.5388,service_level
2026-08-20,24,12:00,operations.voice,voice,13.1,5.0,6.92,0.9032,0.4798,service_level
2026-08-20,25,12:30,operations.voice,voice,8.96,4.0,5.54,0.9154,0.41,service_level
2026-08-20,26,13:00,operations.voice,voice,13.38,5.0,6.92,0.8955,0.4902,service_level
2026-08-20,27,13:30,operations.voice,voice,22.74,7.0,9.69,0.8657,0.595,service_level
2026-08-20,28,14:00,operations.voice,voice,29.38,8.0,11.07,0.8044,0.6726,service_level
2026-08-20,29,14:30,operations.voice,voice,31.56,9.0,12.46,0.8647,0.6421,service_level
2026-08-20,30,15:00,operations.voice,voice,30.38,9.0,12.46,0.8885,0.6183,service_level
2026-08-20,31,15:30,operations.voice,voice,27.0,8.0,11.07,0.8677,0.6181,service_level
2026-08-20,32,16:00,operations.voice,voice,22.68,7.0,9.69,0.8672,0.5934,service_level
2026-08-20,33,16:30,operations.voice,voice,18.68,6.0,8.31,0.8605,0.5701,service_level
2026-08-20,34,17:00,operations.voice,voice,15.73,5.0,6.92,0.8175,0.576,service_level
2026-08-20,35,17:30,operations.voice,voice,13.91,5.0,6.92,0.8803,0.5096,service_level
2026-08-20,36,18:00,operations.voice,voice,12.83,5.0,6.92,0.9102,0.4698,service_level
2026-08-20,37,18:30,operations.voice,voice,11.92,4.0,5.54,0.8011,0.5458,service_level
2026-08-20,38,19:00,operations.voice,voice,10.8,4.0,5.54,0.8508,0.4946,service_level
2026-08-20,39,19:30,operations.voice,voice,9.36,4.0,5.54,0.9031,0.4284,service_level
2026-08-20,40,20:00,operations.voice,voice,7.7,3.0,4.15,0.813,0.4702,service_level
2026-08-20,41,20:30,operations.voice,voice,6.07,3.0,4.15,0.8952,0.3704,service_level
2026-08-20,42,21:00,operations.voice,voice,4.66,3.0,4.15,0.9463,0.2844,service_level
2026-08-20,43,21:30,operations.voice,voice,3.58,2.0,2.77,0.8506,0.3281,service_level
2026-08-20,44,22:00,operations.voice,voice,2.85,2.0,2.77,0.9012,0.2611,service_level
2026-08-20,45,22:30,operations.voice,voice,2.4,2.0,2.77,0.9277,0.2201,service_level
2026-08-20,46,23:00,operations.voice,voice,2.16,2.0,2.77,0.9409,0.1975,service_level
2026-08-20,47,23:30,operations.voice,voice,2.03,2.0,2.77,0.947,0.1863,service_level
2026-08-21,0,00:00,operations.voice,voice,2.04,2.0,2.77,0.9465,0.1872,service_level
2026-08-21,1,00:30,operations.voice,voice,2.04,2.0,2.77,0.9465,0.1872,service_level
2026-08-21,2,01:00,operations.voice,voice,2.04,2.0,2.77,0.9465,0.1872,service_level
2026-08-21,3,01:30,operations.voice,voice,2.04,2.0,2.77,0.9465,0.1872,service_level
2026-08-21,4,02:00,operations.voice,voice,2.04,2.0,2.77,0.9465,0.1872,service_level
2026-08-21,5,02:30,operations.voice,voice,2.04,2.0,2.77,0.9465,0.1872,service_level
2026-08-21,6,03:00,operations.voice,voice,2.04,2.0,2.77,0.9465,0.1872,service_level
2026-08-21,7,03:30,operations.voice,voice,2.05,2.0,2.77,0.9465,0.1873,service_level
2026-08-21,8,04:00,operations.voice,voice,2.05,2.0,2.77,0.9463,0.1876,service_level
2026-08-21,9,04:30,operations.voice,voice,2.09,2.0,2.77,0.9444,0.1912,service_level
2026-08-21,10,05:00,operations.voice,voice,2.36,2.0,2.77,0.93,0.2163,service_level
2026-08-21,11,05:30,operations.voice,voice,3.62,2.0,2.77,0.8477,0.3316,service_level
2026-08-21,12,06:00,operations.voice,voice,7.18,3.0,4.15,0.8418,0.4385,service_level
2026-08-21,13,06:30,operations.voice,voice,13.05,5.0,6.92,0.9045,0.478,service_level
2026-08-21,14,07:00,operations.voice,voice,18.12,6.0,8.31,0.8762,0.553,service_level
2026-08-21,15,07:30,operations.voice,voice,19.97,6.0,8.31,0.8196,0.6095,service_level
2026-08-21,16,08:00,operations.voice,voice,21.3,7.0,9.69,0.8993,0.5572,service_level
2026-08-21,17,08:30,operations.voice,voice,25.76,8.0,11.07,0.8942,0.5897,service_level
2026-08-21,18,09:00,operations.voice,voice,32.59,9.0,12.46,0.8408,0.6632,service_level
2026-08-21,19,09:30,operations.voice,voice,38.12,10.0,13.84,0.8179,0.698,service_level
2026-08-21,20,10:00,operations.voice,voice,39.4,11.0,15.23,0.8864,0.6559,service_level
2026-08-21,21,10:30,operations.voice,voice,35.93,10.0,13.84,0.8672,0.6579,service_level
2026-08-21,22,11:00,operations.voice,voice,29.37,8.0,11.07,0.8048,0.6723,service_level
2026-08-21,23,11:30,operations.voice,voice,21.68,7.0,9.69,0.8911,0.5671,service_level
2026-08-21,24,12:00,operations.voice,voice,13.79,5.0,6.92,0.8839,0.5051,service_level
2026-08-21,25,12:30,operations.voice,voice,9.43,4.0,5.54,0.9009,0.4316,service_level
2026-08-21,26,13:00,operations.voice,voice,14.09,5.0,6.92,0.8749,0.516,service_level
2026-08-21,27,13:30,operations.voice,voice,23.94,7.0,9.69,0.8328,0.6263,service_level
2026-08-21,28,14:00,operations.voice,voice,30.93,9.0,12.46,0.8779,0.6293,service_level
2026-08-21,29,14:30,operations.voice,voice,33.22,9.0,12.46,0.8251,0.6759,service_level
2026-08-21,30,15:00,operations.voice,voice,31.98,9.0,12.46,0.8552,0.6508,service_level
2026-08-21,31,15:30,operations.voice,voice,28.42,8.0,11.07,0.832,0.6506,service_level
2026-08-21,32,16:00,operations.voice,voice,23.88,7.0,9.69,0.8346,0.6247,service_level
2026-08-21,33,16:30,operations.voice,voice,19.66,6.0,8.31,0.83,0.6001,service_level
2026-08-21,34,17:00,operations.voice,voice,16.55,6.0,8.31,0.9137,0.5053,service_level
2026-08-21,35,17:30,operations.voice,voice,14.64,5.0,6.92,0.8569,0.5364,service_level
2026-08-21,36,18:00,operations.voice,voice,13.5,5.0,6.92,0.8923,0.4945,service_level
2026-08-21,37,18:30,operations.voice,voice,12.55,5.0,6.92,0.917,0.4596,service_level
2026-08-21,38,19:00,operations.voice,voice,11.37,4.0,5.54,0.8266,0.5206,service_level
2026-08-21,39,19:30,operations.voice,voice,9.85,4.0,5.54,0.8868,0.4509,service_level
2026-08-21,40,20:00,operations.voice,voice,8.11,4.0,5.54,0.9379,0.3712,service_level
2026-08-21,41,20:30,operations.voice,voice,6.39,3.0,4.15,0.8811,0.3899,service_level
2026-08-21,42,21:00,operations.voice,voice,4.9,3.0,4.15,0.9387,0.2993,service_level
2026-08-21,43,21:30,operations.voice,voice,3.77,2.0,2.77,0.8363,0.3453,service_level
2026-08-21,44,22:00,operations.voice,voice,3.0,2.0,2.77,0.8915,0.2748,service_level
2026-08-21,45,22:30,operations.voice,voice,2.53,2.0,2.77,0.9206,0.2317,service_level
2026-08-21,46,23:00,operations.voice,voice,2.27,2.0,2.77,0.935,0.2079,service_level
2026-08-21,47,23:30,operations.voice,voice,2.14,2.0,2.77,0.9417,0.1961,service_level
2026-08-22,0,00:00,operations.voice,voice,1.81,2.0,2.77,0.9573,0.166,service_level
2026-08-22,1,00:30,operations.voice,voice,1.81,2.0,2.77,0.9573,0.166,service_level
2026-08-22,2,01:00,operations.voice,voice,1.81,2.0,2.77,0.9573,0.166,service_level
2026-08-22,3,01:30,operations.voice,voice,1.81,2.0,2.77,0.9573,0.166,service_level
2026-08-22,4,02:00,operations.voice,voice,1.81,2.0,2.77,0.9573,0.166,service_level
2026-08-22,5,02:30,operations.voice,voice,1.81,2.0,2.77,0.9573,0.166,service_level
2026-08-22,6,03:00,operations.voice,voice,1.81,2.0,2.77,0.9573,0.166,service_level
2026-08-22,7,03:30,operations.voice,voice,1.81,2.0,2.77,0.9573,0.1661,service_level
2026-08-22,8,04:00,operations.voice,voice,1.82,2.0,2.77,0.9571,0.1664,service_level
2026-08-22,9,04:30,operations.voice,voice,1.85,2.0,2.77,0.9556,0.1695,service_level
2026-08-22,10,05:00,operations.voice,voice,2.1,2.0,2.77,0.944,0.1918,service_level
2026-08-22,11,05:30,operations.voice,voice,3.21,2.0,2.77,0.8773,0.2941,service_level
2026-08-22,12,06:00,operations.voice,voice,6.37,3.0,4.15,0.8819,0.3888,service_level
2026-08-22,13,06:30,operations.voice,voice,11.57,4.0,5.54,0.8175,0.5299,service_level
2026-08-22,14,07:00,operations.voice,voice,16.07,5.0,6.92,0.8039,0.5885,service_level
2026-08-22,15,07:30,operations.voice,voice,17.71,6.0,8.31,0.8869,0.5405,service_level
2026-08-22,16,08:00,operations.voice,voice,18.89,6.0,8.31,0.8543,0.5765,service_level
2026-08-22,17,08:30,operations.voice,voice,22.85,7.0,9.69,0.863,0.5977,service_level
2026-08-22,18,09:00,operations.voice,voice,28.9,8.0,11.07,0.8185,0.6617,service_level
2026-08-22,19,09:30,operations.voice,voice,33.8,9.0,12.46,0.8094,0.6878,service_level
2026-08-22,20,10:00,operations.voice,voice,34.94,10.0,13.84,0.886,0.6398,service_level
2026-08-22,21,10:30,operations.voice,voice,31.86,9.0,12.46,0.858,0.6483,service_level
2026-08-22,22,11:00,operations.voice,voice,26.04,8.0,11.07,0.8885,0.5962,service_level
2026-08-22,23,11:30,operations.voice,voice,19.22,6.0,8.31,0.8441,0.5867,service_level
2026-08-22,24,12:00,operations.voice,voice,12.23,5.0,6.92,0.9244,0.4479,service_level
2026-08-22,25,12:30,operations.voice,voice,8.36,4.0,5.54,0.9317,0.3827,service_level
2026-08-22,26,13:00,operations.voice,voice,12.49,5.0,6.92,0.9183,0.4576,service_level
2026-08-22,27,13:30,operations.voice,voice,21.23,7.0,9.69,0.9007,0.5554,service_level
2026-08-22,28,14:00,operations.voice,voice,27.43,8.0,11.07,0.8575,0.6279,service_level
2026-08-22,29,14:30,operations.voice,voice,29.46,8.0,11.07,0.8022,0.6743,service_level
2026-08-22,30,15:00,operations.voice,voice,28.36,8.0,11.07,0.8336,0.6493,service_level
2026-08-22,31,15:30,operations.voice,voice,25.2,8.0,11.07,0.9049,0.5769,service_level
2026-08-22,32,16:00,operations.voice,voice,21.17,7.0,9.69,0.9018,0.5539,service_level
2026-08-22,33,16:30,operations.voice,voice,17.43,6.0,8.31,0.8937,0.5321,service_level
2026-08-22,34,17:00,operations.voice,voice,14.68,5.0,6.92,0.8557,0.5377,service_level
2026-08-22,35,17:30,operations.voice,voice,12.99,5.0,6.92,0.9062,0.4757,service_level
2026-08-22,36,18:00,operations.voice,voice,11.97,5.0,6.92,0.93,0.4385,service_level
2026-08-22,37,18:30,operations.voice,voice,11.13,4.0,5.54,0.8372,0.5095,service_level
2026-08-22,38,19:00,operations.voice,voice,10.08,4.0,5.54,0.8785,0.4617,service_level
2026-08-22,39,19:30,operations.voice,voice,8.73,4.0,5.54,0.9217,0.3999,service_level
2026-08-22,40,20:00,operations.voice,voice,7.19,3.0,4.15,0.8414,0.4389,service_level
2026-08-22,41,20:30,operations.voice,voice,5.66,3.0,4.15,0.9117,0.3458,service_level
2026-08-22,42,21:00,operations.voice,voice,4.35,3.0,4.15,0.955,0.2654,service_level
2026-08-22,43,21:30,operations.voice,voice,3.34,2.0,2.77,0.868,0.3062,service_level
2026-08-22,44,22:00,operations.voice,voice,2.66,2.0,2.77,0.9129,0.2437,service_level
2026-08-22,45,22:30,operations.voice,voice,2.24,2.0,2.77,0.9364,0.2055,service_level
2026-08-22,46,23:00,operations.voice,voice,2.01,2.0,2.77,0.948,0.1844,service_level
2026-08-22,47,23:30,operations.voice,voice,1.9,2.0,2.77,0.9534,0.1739,service_level
2026-08-23,0,00:00,operations.voice,voice,1.71,2.0,2.77,0.9619,0.1561,service_level
2026-08-23,1,00:30,operations.voice,voice,1.71,2.0,2.77,0.9619,0.1561,service_level
2026-08-23,2,01:00,operations.voice,voice,1.71,2.0,2.77,0.9619,0.1561,service_level
2026-08-23,3,01:30,operations.voice,voice,1.71,2.0,2.77,0.9619,0.1561,service_level
2026-08-23,4,02:00,operations.voice,voice,1.71,2.0,2.77,0.9619,0.1561,service_level
2026-08-23,5,02:30,operations.voice,voice,1.71,2.0,2.77,0.9619,0.1561,service_level
2026-08-23,6,03:00,operations.voice,voice,1.71,2.0,2.77,0.9619,0.1561,service_level
2026-08-23,7,03:30,operations.voice,voice,1.71,2.0,2.77,0.9619,0.1562,service_level
2026-08-23,8,04:00,operations.voice,voice,1.71,2.0,2.77,0.9618,0.1565,service_level
2026-08-23,9,04:30,operations.voice,voice,1.74,2.0,2.77,0.9604,0.1595,service_level
2026-08-23,10,05:00,operations.voice,voice,1.97,2.0,2.77,0.9501,0.1804,service_level
2026-08-23,11,05:30,operations.voice,voice,3.02,2.0,2.77,0.8902,0.2766,service_level
2026-08-23,12,06:00,operations.voice,voice,5.99,3.0,4.15,0.8985,0.3657,service_level
2026-08-23,13,06:30,operations.voice,voice,10.88,4.0,5.54,0.8475,0.4983,service_level
2026-08-23,14,07:00,operations.voice,voice,15.11,5.0,6.92,0.8407,0.5535,service_level
2026-08-23,15,07:30,operations.voice,voice,16.65,6.0,8.31,0.9116,0.5083,service_level
2026-08-23,16,08:00,operations.voice,voice,17.76,6.0,8.31,0.8855,0.5422,service_level
2026-08-23,17,08:30,operations.voice,voice,21.49,7.0,9.69,0.8953,0.5621,service_level
2026-08-23,18,09:00,operations.voice,voice,27.18,8.0,11.07,0.8634,0.6223,service_level
2026-08-23,19,09:30,operations.voice,voice,31.79,9.0,12.46,0.8595,0.6469,service_level
2026-08-23,20,10:00,operations.voice,voice,32.86,9.0,12.46,0.8342,0.6686,service_level
2026-08-23,21,10:30,operations.voice,voice,29.96,9.0,12.46,0.8963,0.6097,service_level
2026-08-23,22,11:00,operations.voice,voice,24.49,7.0,9.69,0.8158,0.6408,service_level
2026-08-23,23,11:30,operations.voice,voice,18.08,6.0,8.31,0.8772,0.5518,service_level
2026-08-23,24,12:00,operations.voice,voice,11.5,4.0,5.54,0.8208,0.5265,service_level
2026-08-23,25,12:30,operations.voice,voice,7.86,3.0,4.15,0.8037,0.4799,service_level
2026-08-23,26,13:00,operations.voice,voice,11.75,4.0,5.54,0.8093,0.538,service_level
2026-08-23,27,13:30,operations.voice,voice,19.97,6.0,8.31,0.8197,0.6094,service_level
2026-08-23,28,14:00,operations.voice,voice,25.8,8.0,11.07,0.8936,0.5905,service_level
2026-08-23,29,14:30,operations.voice,voice,27.7,8.0,11.07,0.8507,0.6342,service_level
2026-08-23,30,15:00,operations.voice,voice,26.67,8.0,11.07,0.8751,0.6106,service_level
2026-08-23,31,15:30,operations.voice,voice,23.7,7.0,9.69,0.8396,0.6201,service_level
2026-08-23,32,16:00,operations.voice,voice,19.91,6.0,8.31,0.8215,0.6078,service_level
2026-08-23,33,16:30,operations.voice,voice,16.4,6.0,8.31,0.917,0.5005,service_level
2026-08-23,34,17:00,operations.voice,voice,13.81,5.0,6.92,0.8834,0.5057,service_level
2026-08-23,35,17:30,operations.voice,voice,12.21,5.0,6.92,0.9248,0.4473,service_level
2026-08-23,36,18:00,operations.voice,voice,11.26,4.0,5.54,0.8315,0.5155,service_level
2026-08-23,37,18:30,operations.voice,voice,10.47,4.0,5.54,0.8642,0.4792,service_level
2026-08-23,38,19:00,operations.voice,voice,9.48,4.0,5.54,0.8991,0.4342,service_level
2026-08-23,39,19:30,operations.voice,voice,8.21,4.0,5.54,0.9353,0.3761,service_level
2026-08-23,40,20:00,operations.voice,voice,6.76,3.0,4.15,0.8633,0.4128,service_level
2026-08-23,41,20:30,operations.voice,voice,5.33,3.0,4.15,0.9243,0.3252,service_level
2026-08-23,42,21:00,operations.voice,voice,4.09,2.0,2.77,0.8109,0.3745,service_level
2026-08-23,43,21:30,operations.voice,voice,3.15,2.0,2.77,0.8819,0.288,service_level
2026-08-23,44,22:00,operations.voice,voice,2.5,2.0,2.77,0.9222,0.2292,service_level
2026-08-23,45,22:30,operations.voice,voice,2.11,2.0,2.77,0.9432,0.1933,service_level
2026-08-23,46,23:00,operations.voice,voice,1.89,2.0,2.77,0.9536,0.1734,service_level
2026-08-23,47,23:30,operations.voice,voice,1.79,2.0,2.77,0.9585,0.1635,service_level
2026-08-24,0,00:00,operations.voice,voice,2.14,2.0,2.77,0.9418,0.1958,service_level
2026-08-24,1,00:30,operations.voice,voice,2.14,2.0,2.77,0.9418,0.1958,service_level
2026-08-24,2,01:00,operations.voice,voice,2.14,2.0,2.77,0.9418,0.1958,service_level
2026-08-24,3,01:30,operations.voice,voice,2.14,2.0,2.77,0.9418,0.1958,service_level
2026-08-24,4,02:00,operations.voice,voice,2.14,2.0,2.77,0.9418,0.1958,service_level
2026-08-24,5,02:30,operations.voice,voice,2.14,2.0,2.77,0.9418,0.1958,service_level
2026-08-24,6,03:00,operations.voice,voice,2.14,2.0,2.77,0.9418,0.1958,service_level
2026-08-24,7,03:30,operations.voice,voice,2.14,2.0,2.77,0.9418,0.1959,service_level
2026-08-24,8,04:00,operations.voice,voice,2.14,2.0,2.77,0.9416,0.1963,service_level
2026-08-24,9,04:30,operations.voice,voice,2.18,2.0,2.77,0.9395,0.2,service_level
2026-08-24,10,05:00,operations.voice,voice,2.47,2.0,2.77,0.924,0.2263,service_level
2026-08-24,11,05:30,operations.voice,voice,3.79,2.0,2.77,0.8349,0.3469,service_level
2026-08-24,12,06:00,operations.voice,voice,7.51,3.0,4.15,0.8238,0.4587,service_level
2026-08-24,13,06:30,operations.voice,voice,13.65,5.0,6.92,0.888,0.5,service_level
2026-08-24,14,07:00,operations.voice,voice,18.95,6.0,8.31,0.8524,0.5785,service_level
2026-08-24,15,07:30,operations.voice,voice,20.89,7.0,9.69,0.9076,0.5464,service_level
2026-08-24,16,08:00,operations.voice,voice,22.28,7.0,9.69,0.8772,0.5828,service_level
2026-08-24,17,08:30,operations.voice,voice,26.95,8.0,11.07,0.8689,0.6169,service_level
2026-08-24,18,09:00,operations.voice,voice,34.1,9.0,12.46,0.8012,0.6938,service_level
2026-08-24,19,09:30,operations.voice,voice,39.87,11.0,15.23,0.8782,0.6638,service_level
2026-08-24,20,10:00,operations.voice,voice,41.21,11.0,15.23,0.8526,0.6861,service_level
2026-08-24,21,10:30,operations.voice,voice,37.58,10.0,13.84,0.831,0.6882,service_level
2026-08-24,22,11:00,operations.voice,voice,30.72,9.0,12.46,0.882,0.6251,service_level
2026-08-24,23,11:30,operations.voice,voice,22.68,7.0,9.69,0.8674,0.5932,service_level
2026-08-24,24,12:00,operations.voice,voice,14.42,5.0,6.92,0.8642,0.5283,service_level
2026-08-24,25,12:30,operations.voice,voice,9.86,4.0,5.54,0.8864,0.4515,service_level
2026-08-24,26,13:00,operations.voice,voice,14.74,5.0,6.92,0.8538,0.5398,service_level
2026-08-24,27,13:30,operations.voice,voice,25.04,8.0,11.07,0.9078,0.5732,service_level
2026-08-24,28,14:00,operations.voice,voice,32.35,9.0,12.46,0.8466,0.6583,service_level
2026-08-24,29,14:30,operations.voice,voice,34.75,10.0,13.84,0.8894,0.6363,service_level
2026-08-24,30,15:00,operations.voice,voice,33.46,9.0,12.46,0.8188,0.6808,service_level
2026-08-24,31,15:30,operations.voice,voice,29.73,9.0,12.46,0.9005,0.6049,service_level
2026-08-24,32,16:00,operations.voice,voice,24.98,7.0,9.69,0.8002,0.6534,service_level
2026-08-24,33,16:30,operations.voice,voice,20.57,7.0,9.69,0.9139,0.538,service_level
2026-08-24,34,17:00,operations.voice,voice,17.32,6.0,8.31,0.8965,0.5286,service_level
2026-08-24,35,17:30,operations.voice,voice,15.32,5.0,6.92,0.8331,0.5611,service_level
2026-08-24,36,18:00,operations.voice,voice,14.12,5.0,6.92,0.8738,0.5173,service_level
2026-08-24,37,18:30,operations.voice,voice,13.13,5.0,6.92,0.9025,0.4808,service_level
2026-08-24,38,19:00,operations.voice,voice,11.9,4.0,5.54,0.8023,0.5446,service_level
2026-08-24,39,19:30,operations.voice,voice,10.3,4.0,5.54,0.8704,0.4717,service_level
2026-08-24,40,20:00,operations.voice,voice,8.48,4.0,5.54,0.9285,0.3883,service_level
2026-08-24,41,20:30,operations.voice,voice,6.68,3.0,4.15,0.8672,0.4079,service_level
2026-08-24,42,21:00,operations.voice,voice,5.13,3.0,4.15,0.9313,0.3131,service_level
2026-08-24,43,21:30,operations.voice,voice,3.94,2.0,2.77,0.8226,0.3612,service_level
2026-08-24,44,22:00,operations.voice,voice,3.14,2.0,2.77,0.8823,0.2874,service_level
2026-08-24,45,22:30,operations.voice,voice,2.65,2.0,2.77,0.9137,0.2424,service_level
2026-08-24,46,23:00,operations.voice,voice,2.38,2.0,2.77,0.9293,0.2175,service_level
2026-08-24,47,23:30,operations.voice,voice,2.24,2.0,2.77,0.9366,0.2051,service_level
2026-08-25,0,00:00,operations.voice,voice,2.01,2.0,2.77,0.9479,0.1845,service_level
2026-08-25,1,00:30,operations.voice,voice,2.01,2.0,2.77,0.9479,0.1845,service_level
2026-08-25,2,01:00,operations.voice,voice,2.01,2.0,2.77,0.9479,0.1845,service_level
2026-08-25,3,01:30,operations.voice,voice,2.01,2.0,2.77,0.9479,0.1845,service_level
2026-08-25,4,02:00,operations.voice,voice,2.01,2.0,2.77,0.9479,0.1845,service_level
2026-08-25,5,02:30,operations.voice,voice,2.01,2.0,2.77,0.9479,0.1845,service_level
2026-08-25,6,03:00,operations.voice,voice,2.01,2.0,2.77,0.9479,0.1845,service_level
2026-08-25,7,03:30,operations.voice,voice,2.02,2.0,2.77,0.9479,0.1845,service_level
2026-08-25,8,04:00,operations.voice,voice,2.02,2.0,2.77,0.9477,0.1849,service_level
2026-08-25,9,04:30,operations.voice,voice,2.06,2.0,2.77,0.9459,0.1884,service_level
2026-08-25,10,05:00,operations.voice,voice,2.33,2.0,2.77,0.9319,0.2132,service_level
2026-08-25,11,05:30,operations.voice,voice,3.57,2.0,2.77,0.8516,0.3268,service_level
2026-08-25,12,06:00,operations.voice,voice,7.08,3.0,4.15,0.8473,0.4321,service_level
2026-08-25,13,06:30,operations.voice,voice,12.86,5.0,6.92,0.9094,0.4711,service_level
2026-08-25,14,07:00,operations.voice,voice,17.86,6.0,8.31,0.8831,0.545,service_level
2026-08-25,15,07:30,operations.voice,voice,19.68,6.0,8.31,0.8294,0.6006,service_level
2026-08-25,16,08:00,operations.voice,voice,20.99,7.0,9.69,0.9056,0.5491,service_level
2026-08-25,17,08:30,operations.voice,voice,25.39,8.0,11.07,0.9014,0.5812,service_level
2026-08-25,18,09:00,operations.voice,voice,32.12,9.0,12.46,0.852,0.6536,service_level
2026-08-25,19,09:30,operations.voice,voice,37.56,10.0,13.84,0.8314,0.6879,service_level
2026-08-25,20,10:00,operations.voice,voice,38.83,11.0,15.23,0.8957,0.6464,service_level
2026-08-25,21,10:30,operations.voice,voice,35.4,10.0,13.84,0.8774,0.6484,service_level
2026-08-25,22,11:00,operations.voice,voice,28.94,8.0,11.07,0.8174,0.6625,service_level
2026-08-25,23,11:30,operations.voice,voice,21.36,7.0,9.69,0.8979,0.5589,service_level
2026-08-25,24,12:00,operations.voice,voice,13.59,5.0,6.92,0.8898,0.4977,service_level
2026-08-25,25,12:30,operations.voice,voice,9.29,4.0,5.54,0.9053,0.4253,service_level
2026-08-25,26,13:00,operations.voice,voice,13.88,5.0,6.92,0.8811,0.5085,service_level
2026-08-25,27,13:30,operations.voice,voice,23.59,7.0,9.69,0.8428,0.6172,service_level
2026-08-25,28,14:00,operations.voice,voice,30.48,9.0,12.46,0.8867,0.6202,service_level
2026-08-25,29,14:30,operations.voice,voice,32.73,9.0,12.46,0.8373,0.6661,service_level
2026-08-25,30,15:00,operations.voice,voice,31.52,9.0,12.46,0.8655,0.6414,service_level
2026-08-25,31,15:30,operations.voice,voice,28.01,8.0,11.07,0.843,0.6411,service_level
2026-08-25,32,16:00,operations.voice,voice,23.53,7.0,9.69,0.8445,0.6156,service_level
2026-08-25,33,16:30,operations.voice,voice,19.37,6.0,8.31,0.8393,0.5914,service_level
2026-08-25,34,17:00,operations.voice,voice,16.31,6.0,8.31,0.9187,0.498,service_level
2026-08-25,35,17:30,operations.voice,voice,14.43,5.0,6.92,0.864,0.5286,service_level
2026-08-25,36,18:00,operations.voice,voice,13.31,5.0,6.92,0.8977,0.4873,service_level
2026-08-25,37,18:30,operations.voice,voice,12.37,5.0,6.92,0.9213,0.453,service_level
2026-08-25,38,19:00,operations.voice,voice,11.21,4.0,5.54,0.8338,0.5131,service_level
2026-08-25,39,19:30,operations.voice,voice,9.71,4.0,5.54,0.8917,0.4444,service_level
2026-08-25,40,20:00,operations.voice,voice,7.99,4.0,5.54,0.9407,0.3658,service_level
2026-08-25,41,20:30,operations.voice,voice,6.29,3.0,4.15,0.8853,0.3843,service_level
2026-08-25,42,21:00,operations.voice,voice,4.83,3.0,4.15,0.941,0.295,service_level
2026-08-25,43,21:30,operations.voice,voice,3.72,2.0,2.77,0.8405,0.3403,service_level
2026-08-25,44,22:00,operations.voice,voice,2.96,2.0,2.77,0.8944,0.2708,service_level
2026-08-25,45,22:30,operations.voice,voice,2.49,2.0,2.77,0.9227,0.2284,service_level
2026-08-25,46,23:00,operations.voice,voice,2.24,2.0,2.77,0.9367,0.2049,service_level
2026-08-25,47,23:30,operations.voice,voice,2.11,2.0,2.77,0.9432,0.1932,service_level
2026-08-26,0,00:00,operations.voice,voice,1.99,2.0,2.77,0.9492,0.1822,service_level
2026-08-26,1,00:30,operations.voice,voice,1.99,2.0,2.77,0.9492,0.1822,service_level
2026-08-26,2,01:00,operations.voice,voice,1.99,2.0,2.77,0.9492,0.1822,service_level
2026-08-26,3,01:30,operations.voice,voice,1.99,2.0,2.77,0.9492,0.1822,service_level
2026-08-26,4,02:00,operations.voice,voice,1.99,2.0,2.77,0.9492,0.1822,service_level
2026-08-26,5,02:30,operations.voice,voice,1.99,2.0,2.77,0.9492,0.1822,service_level
2026-08-26,6,03:00,operations.voice,voice,1.99,2.0,2.77,0.9492,0.1822,service_level
2026-08-26,7,03:30,operations.voice,voice,1.99,2.0,2.77,0.9491,0.1822,service_level
2026-08-26,8,04:00,operations.voice,voice,1.99,2.0,2.77,0.9489,0.1826,service_level
2026-08-26,9,04:30,operations.voice,voice,2.03,2.0,2.77,0.9471,0.186,service_level
2026-08-26,10,05:00,operations.voice,voice,2.3,2.0,2.77,0.9335,0.2105,service_level
2026-08-26,11,05:30,operations.voice,voice,3.52,2.0,2.77,0.8549,0.3227,service_level
2026-08-26,12,06:00,operations.voice,voice,6.99,3.0,4.15,0.8519,0.4267,service_level
2026-08-26,13,06:30,operations.voice,voice,12.7,5.0,6.92,0.9134,0.4652,service_level
2026-08-26,14,07:00,operations.voice,voice,17.63,6.0,8.31,0.8888,0.5382,service_level
2026-08-26,15,07:30,operations.voice,voice,19.43,6.0,8.31,0.8375,0.5931,service_level
2026-08-26,16,08:00,operations.voice,voice,20.73,7.0,9.69,0.9108,0.5422,service_level
2026-08-26,17,08:30,operations.voice,voice,25.07,8.0,11.07,0.9073,0.5739,service_level
2026-08-26,18,09:00,operations.voice,voice,31.72,9.0,12.46,0.8611,0.6454,service_level
2026-08-26,19,09:30,operations.voice,voice,37.09,10.0,13.84,0.8423,0.6793,service_level
2026-08-26,20,10:00,operations.voice,voice,38.34,10.0,13.84,0.8122,0.7021,service_level
2026-08-26,21,10:30,operations.voice,voice,34.96,10.0,13.84,0.8856,0.6402,service_level
2026-08-26,22,11:00,operations.voice,voice,28.58,8.0,11.07,0.8276,0.6542,service_level
2026-08-26,23,11:30,operations.voice,voice,21.09,7.0,9.69,0.9035,0.5519,service_level
2026-08-26,24,12:00,operations.voice,voice,13.42,5.0,6.92,0.8946,0.4915,service_level
2026-08-26,25,12:30,operations.voice,voice,9.17,4.0,5.54,0.9089,0.42,service_level
2026-08-26,26,13:00,operations.voice,voice,13.71,5.0,6.92,0.8863,0.5021,service_level
2026-08-26,27,13:30,operations.voice,voice,23.3,7.0,9.69,0.8511,0.6094,service_level
2026-08-26,28,14:00,operations.voice,voice,30.1,9.0,12.46,0.8939,0.6124,service_level
2026-08-26,29,14:30,operations.voice,voice,32.32,9.0,12.46,0.8473,0.6577,service_level
2026-08-26,30,15:00,operations.voice,voice,31.12,9.0,12.46,0.8739,0.6333,service_level
2026-08-26,31,15:30,operations.voice,voice,27.66,8.0,11.07,0.8519,0.6331,service_level
2026-08-26,32,16:00,operations.voice,voice,23.24,7.0,9.69,0.8527,0.6079,service_level
2026-08-26,33,16:30,operations.voice,voice,19.13,6.0,8.31,0.8469,0.5839,service_level
2026-08-26,34,17:00,operations.voice,voice,16.11,5.0,6.92,0.8022,0.5901,service_level
2026-08-26,35,17:30,operations.voice,voice,14.25,5.0,6.92,0.8698,0.522,service_level
2026-08-26,36,18:00,operations.voice,voice,13.14,5.0,6.92,0.9022,0.4812,service_level
2026-08-26,37,18:30,operations.voice,voice,12.21,5.0,6.92,0.9248,0.4473,service_level
2026-08-26,38,19:00,operations.voice,voice,11.07,4.0,5.54,0.8398,0.5067,service_level
2026-08-26,39,19:30,operations.voice,voice,9.58,4.0,5.54,0.8958,0.4388,service_level
2026-08-26,40,20:00,operations.voice,voice,7.89,3.0,4.15,0.802,0.4816,service_level
2026-08-26,41,20:30,operations.voice,voice,6.22,3.0,4.15,0.8888,0.3795,service_level
2026-08-26,42,21:00,operations.voice,voice,4.77,3.0,4.15,0.9428,0.2913,service_level
2026-08-26,43,21:30,operations.voice,voice,3.67,2.0,2.77,0.844,0.336,service_level
2026-08-26,44,22:00,operations.voice,voice,2.92,2.0,2.77,0.8968,0.2674,service_level
2026-08-26,45,22:30,operations.voice,voice,2.46,2.0,2.77,0.9245,0.2255,service_level
2026-08-26,46,23:00,operations.voice,voice,2.21,2.0,2.77,0.9382,0.2023,service_level
2026-08-26,47,23:30,operations.voice,voice,2.08,2.0,2.77,0.9446,0.1908,service_level
2026-08-27,0,00:00,operations.voice,voice,1.97,2.0,2.77,0.9499,0.1807,service_level
2026-08-27,1,00:30,operations.voice,voice,1.97,2.0,2.77,0.9499,0.1807,service_level
2026-08-27,2,01:00,operations.voice,voice,1.97,2.0,2.77,0.9499,0.1807,service_level
2026-08-27,3,01:30,operations.voice,voice,1.97,2.0,2.77,0.9499,0.1807,service_level
2026-08-27,4,02:00,operations.voice,voice,1.97,2.0,2.77,0.9499,0.1807,service_level
2026-08-27,5,02:30,operations.voice,voice,1.97,2.0,2.77,0.9499,0.1807,service_level
2026-08-27,6,03:00,operations.voice,voice,1.97,2.0,2.77,0.9499,0.1807,service_level
2026-08-27,7,03:30,operations.voice,voice,1.97,2.0,2.77,0.9499,0.1808,service_level
2026-08-27,8,04:00,operations.voice,voice,1.98,2.0,2.77,0.9497,0.1812,service_level
2026-08-27,9,04:30,operations.voice,voice,2.02,2.0,2.77,0.9479,0.1846,service_level
2026-08-27,10,05:00,operations.voice,voice,2.28,2.0,2.77,0.9344,0.2089,service_level
2026-08-27,11,05:30,operations.voice,voice,3.5,2.0,2.77,0.857,0.3202,service_level
2026-08-27,12,06:00,operations.voice,voice,6.94,3.0,4.15,0.8547,0.4233,service_level
2026-08-27,13,06:30,operations.voice,voice,12.6,5.0,6.92,0.9158,0.4615,service_level
2026-08-27,14,07:00,operations.voice,voice,17.49,6.0,8.31,0.8923,0.534,service_level
2026-08-27,15,07:30,operations.voice,voice,19.28,6.0,8.31,0.8423,0.5884,service_level
2026-08-27,16,08:00,operations.voice,voice,20.56,7.0,9.69,0.9139,0.538,service_level
2026-08-27,17,08:30,operations.voice,voice,24.87,7.0,9.69,0.8036,0.6507,service_level
2026-08-27,18,09:00,operations.voice,voice,31.47,9.0,12.46,0.8666,0.6404,service_level
2026-08-27,19,09:30,operations.voice,voice,36.8,10.0,13.84,0.8488,0.674,service_level
2026-08-27,20,10:00,operations.voice,voice,38.04,10.0,13.84,0.8198,0.6966,service_level
2026-08-27,21,10:30,operations.voice,voice,34.69,10.0,13.84,0.8905,0.6352,service_level
2026-08-27,22,11:00,operations.voice,voice,28.36,8.0,11.07,0.8338,0.6491,service_level
2026-08-27,23,11:30,operations.voice,voice,20.93,7.0,9.69,0.9068,0.5476,service_level
2026-08-27,24,12:00,operations.voice,voice,13.31,5.0,6.92,0.8975,0.4876,service_level
2026-08-27,25,12:30,operations.voice,voice,9.1,4.0,5.54,0.911,0.4167,service_level
2026-08-27,26,13:00,operations.voice,voice,13.6,5.0,6.92,0.8894,0.4982,service_level
2026-08-27,27,13:30,operations.voice,voice,23.11,7.0,9.69,0.856,0.6047,service_level
2026-08-27,28,14:00,operations.voice,voice,29.86,9.0,12.46,0.8981,0.6076,service_level
2026-08-27,29,14:30,operations.voice,voice,32.07,9.0,12.46,0.8532,0.6526,service_level
2026-08-27,30,15:00,operations.voice,voice,30.88,9.0,12.46,0.8788,0.6284,service_level
2026-08-27,31,15:30,operations.voice,voice,27.44,8.0,11.07,0.8572,0.6282,service_level
2026-08-27,32,16:00,operations.voice,voice,23.05,7.0,9.69,0.8576,0.6031,service_level
2026-08-27,33,16:30,operations.voice,voice,18.98,6.0,8.31,0.8515,0.5794,service_level
2026-08-27,34,17:00,operations.voice,voice,15.98,5.0,6.92,0.8073,0.5854,service_level
2026-08-27,35,17:30,operations.voice,voice,14.14,5.0,6.92,0.8733,0.5179,service_level
2026-08-27,36,18:00,operations.voice,voice,13.04,5.0,6.92,0.9049,0.4775,service_level
2026-08-27,37,18:30,operations.voice,voice,12.12,5.0,6.92,0.9269,0.4438,service_level
2026-08-27,38,19:00,operations.voice,voice,10.98,4.0,5.54,0.8435,0.5027,service_level
2026-08-27,39,19:30,operations.voice,voice,9.51,4.0,5.54,0.8982,0.4354,service_level
2026-08-27,40,20:00,operations.voice,voice,7.83,3.0,4.15,0.8057,0.4779,service_level
2026-08-27,41,20:30,operations.voice,voice,6.17,3.0,4.15,0.8909,0.3765,service_level
2026-08-27,42,21:00,operations.voice,voice,4.73,3.0,4.15,0.944,0.289,service_level
2026-08-27,43,21:30,operations.voice,voice,3.64,2.0,2.77,0.8462,0.3334,service_level
2026-08-27,44,22:00,operations.voice,voice,2.9,2.0,2.77,0.8982,0.2653,service_level
2026-08-27,45,22:30,operations.voice,voice,2.44,2.0,2.77,0.9255,0.2237,service_level
2026-08-27,46,23:00,operations.voice,voice,2.19,2.0,2.77,0.9391,0.2008,service_level
2026-08-27,47,23:30,operations.voice,voice,2.07,2.0,2.77,0.9454,0.1893,service_level
2026-08-28,0,00:00,operations.voice,voice,2.08,2.0,2.77,0.9448,0.1903,service_level
2026-08-28,1,00:30,operations.voice,voice,2.08,2.0,2.77,0.9448,0.1903,service_level
2026-08-28,2,01:00,operations.voice,voice,2.08,2.0,2.77,0.9448,0.1903,service_level
2026-08-28,3,01:30,operations.voice,voice,2.08,2.0,2.77,0.9448,0.1903,service_level
2026-08-28,4,02:00,operations.voice,voice,2.08,2.0,2.77,0.9448,0.1903,service_level
2026-08-28,5,02:30,operations.voice,voice,2.08,2.0,2.77,0.9448,0.1903,service_level
2026-08-28,6,03:00,operations.voice,voice,2.08,2.0,2.77,0.9448,0.1903,service_level
2026-08-28,7,03:30,operations.voice,voice,2.08,2.0,2.77,0.9448,0.1904,service_level
2026-08-28,8,04:00,operations.voice,voice,2.08,2.0,2.77,0.9446,0.1907,service_level
2026-08-28,9,04:30,operations.voice,voice,2.12,2.0,2.77,0.9426,0.1944,service_level
2026-08-28,10,05:00,operations.voice,voice,2.4,2.0,2.77,0.9279,0.2199,service_level
2026-08-28,11,05:30,operations.voice,voice,3.68,2.0,2.77,0.8431,0.3372,service_level
2026-08-28,12,06:00,operations.voice,voice,7.3,3.0,4.15,0.8354,0.4458,service_level
2026-08-28,13,06:30,operations.voice,voice,13.27,5.0,6.92,0.8987,0.4859,service_level
2026-08-28,14,07:00,operations.voice,voice,18.42,6.0,8.31,0.8679,0.5622,service_level
2026-08-28,15,07:30,operations.voice,voice,20.3,6.0,8.31,0.808,0.6196,service_level
2026-08-28,16,08:00,operations.voice,voice,21.65,7.0,9.69,0.8916,0.5664,service_level
2026-08-28,17,08:30,operations.voice,voice,26.19,8.0,11.07,0.8855,0.5995,service_level
2026-08-28,18,09:00,operations.voice,voice,33.14,9.0,12.46,0.8272,0.6743,service_level
2026-08-28,19,09:30,operations.voice,voice,38.75,10.0,13.84,0.8015,0.7096,service_level
2026-08-28,20,10:00,operations.voice,voice,40.05,11.0,15.23,0.8749,0.6668,service_level
2026-08-28,21,10:30,operations.voice,voice,36.52,10.0,13.84,0.8549,0.6688,service_level
2026-08-28,22,11:00,operations.voice,voice,29.86,9.0,12.46,0.8982,0.6075,service_level
2026-08-28,23,11:30,operations.voice,voice,22.04,7.0,9.69,0.8829,0.5765,service_level
2026-08-28,24,12:00,operations.voice,voice,14.02,5.0,6.92,0.877,0.5135,service_level
2026-08-28,25,12:30,operations.voice,voice,9.58,4.0,5.54,0.8958,0.4388,service_level
2026-08-28,26,13:00,operations.voice,voice,14.32,5.0,6.92,0.8675,0.5246,service_level
2026-08-28,27,13:30,operations.voice,voice,24.34,7.0,9.69,0.8208,0.6367,service_level
2026-08-28,28,14:00,operations.voice,voice,31.44,9.0,12.46,0.8671,0.6398,service_level
2026-08-28,29,14:30,operations.voice,voice,33.77,9.0,12.46,0.8104,0.6871,service_level
2026-08-28,30,15:00,operations.voice,voice,32.51,9.0,12.46,0.8427,0.6616,service_level
2026-08-28,31,15:30,operations.voice,voice,28.89,8.0,11.07,0.8188,0.6614,service_level
2026-08-28,32,16:00,operations.voice,voice,24.27,7.0,9.69,0.8227,0.635,service_level
2026-08-28,33,16:30,operations.voice,voice,19.99,6.0,8.31,0.819,0.61,service_level
2026-08-28,34,17:00,operations.voice,voice,16.83,6.0,8.31,0.9078,0.5137,service_level
2026-08-28,35,17:30,operations.voice,voice,14.89,5.0,6.92,0.8486,0.5453,service_level
2026-08-28,36,18:00,operations.voice,voice,13.73,5.0,6.92,0.8858,0.5027,service_level
2026-08-28,37,18:30,operations.voice,voice,12.76,5.0,6.92,0.912,0.4673,service_level
2026-08-28,38,19:00,operations.voice,voice,11.56,4.0,5.54,0.818,0.5293,service_level
2026-08-28,39,19:30,operations.voice,voice,10.01,4.0,5.54,0.881,0.4584,service_level
2026-08-28,40,20:00,operations.voice,voice,8.24,4.0,5.54,0.9346,0.3774,service_level
2026-08-28,41,20:30,operations.voice,voice,6.49,3.0,4.15,0.8762,0.3964,service_level
2026-08-28,42,21:00,operations.voice,voice,4.98,3.0,4.15,0.9361,0.3043,service_level
2026-08-28,43,21:30,operations.voice,voice,3.83,2.0,2.77,0.8314,0.3511,service_level
2026-08-28,44,22:00,operations.voice,voice,3.05,2.0,2.77,0.8882,0.2793,service_level
2026-08-28,45,22:30,operations.voice,voice,2.57,2.0,2.77,0.9181,0.2356,service_level
2026-08-28,46,23:00,operations.voice,voice,2.31,2.0,2.77,0.933,0.2114,service_level
2026-08-28,47,23:30,operations.voice,voice,2.18,2.0,2.77,0.9399,0.1993,service_level
2026-08-29,0,00:00,operations.voice,voice,1.84,2.0,2.77,0.9559,0.1688,service_level
2026-08-29,1,00:30,operations.voice,voice,1.84,2.0,2.77,0.9559,0.1688,service_level
2026-08-29,2,01:00,operations.voice,voice,1.84,2.0,2.77,0.9559,0.1688,service_level
2026-08-29,3,01:30,operations.voice,voice,1.84,2.0,2.77,0.9559,0.1688,service_level
2026-08-29,4,02:00,operations.voice,voice,1.84,2.0,2.77,0.9559,0.1688,service_level
2026-08-29,5,02:30,operations.voice,voice,1.84,2.0,2.77,0.9559,0.1688,service_level
2026-08-29,6,03:00,operations.voice,voice,1.84,2.0,2.77,0.9559,0.1688,service_level
2026-08-29,7,03:30,operations.voice,voice,1.84,2.0,2.77,0.9559,0.1689,service_level
2026-08-29,8,04:00,operations.voice,voice,1.85,2.0,2.77,0.9557,0.1692,service_level
2026-08-29,9,04:30,operations.voice,voice,1.88,2.0,2.77,0.9541,0.1724,service_level
2026-08-29,10,05:00,operations.voice,voice,2.13,2.0,2.77,0.9422,0.1951,service_level
2026-08-29,11,05:30,operations.voice,voice,3.27,2.0,2.77,0.8735,0.2991,service_level
2026-08-29,12,06:00,operations.voice,voice,6.48,3.0,4.15,0.8769,0.3954,service_level
2026-08-29,13,06:30,operations.voice,voice,11.77,4.0,5.54,0.8083,0.5388,service_level
2026-08-29,14,07:00,operations.voice,voice,16.34,6.0,8.31,0.9182,0.4987,service_level
2026-08-29,15,07:30,operations.voice,voice,18.01,6.0,8.31,0.8792,0.5496,service_level
2026-08-29,16,08:00,operations.voice,voice,19.21,6.0,8.31,0.8446,0.5862,service_level
2026-08-29,17,08:30,operations.voice,voice,23.23,7.0,9.69,0.8528,0.6078,service_level
2026-08-29,18,09:00,operations.voice,voice,29.39,8.0,11.07,0.8041,0.6729,service_level
2026-08-29,19,09:30,operations.voice,voice,34.37,10.0,13.84,0.8958,0.6295,service_level
2026-08-29,20,10:00,operations.voice,voice,35.53,10.0,13.84,0.875,0.6507,service_level
2026-08-29,21,10:30,operations.voice,voice,32.4,9.0,12.46,0.8455,0.6592,service_level
2026-08-29,22,11:00,operations.voice,voice,26.48,8.0,11.07,0.8792,0.6063,service_level
2026-08-29,23,11:30,operations.voice,voice,19.55,6.0,8.31,0.8337,0.5967,service_level
2026-08-29,24,12:00,operations.voice,voice,12.44,5.0,6.92,0.9197,0.4555,service_level
2026-08-29,25,12:30,operations.voice,voice,8.5,4.0,5.54,0.928,0.3892,service_level
2026-08-29,26,13:00,operations.voice,voice,12.71,5.0,6.92,0.9132,0.4653,service_level
2026-08-29,27,13:30,operations.voice,voice,21.59,7.0,9.69,0.893,0.5648,service_level
2026-08-29,28,14:00,operations.voice,voice,27.89,8.0,11.07,0.8459,0.6385,service_level
2026-08-29,29,14:30,operations.voice,voice,29.96,9.0,12.46,0.8965,0.6095,service_level
2026-08-29,30,15:00,operations.voice,voice,28.84,8.0,11.07,0.8202,0.6603,service_level
2026-08-29,31,15:30,operations.voice,voice,25.63,8.0,11.07,0.8968,0.5867,service_level
2026-08-29,32,16:00,operations.voice,voice,21.53,7.0,9.69,0.8942,0.5633,service_level
2026-08-29,33,16:30,operations.voice,voice,17.73,6.0,8.31,0.8864,0.5412,service_level
2026-08-29,34,17:00,operations.voice,voice,14.93,5.0,6.92,0.8471,0.5468,service_level
2026-08-29,35,17:30,operations.voice,voice,13.21,5.0,6.92,0.9004,0.4837,service_level
2026-08-29,36,18:00,operations.voice,voice,12.18,5.0,6.92,0.9256,0.446,service_level
2026-08-29,37,18:30,operations.voice,voice,11.32,4.0,5.54,0.829,0.5181,service_level
2026-08-29,38,19:00,operations.voice,voice,10.26,4.0,5.54,0.8722,0.4695,service_level
2026-08-29,39,19:30,operations.voice,voice,8.88,4.0,5.54,0.9175,0.4067,service_level
2026-08-29,40,20:00,operations.voice,voice,7.31,3.0,4.15,0.8349,0.4463,service_level
2026-08-29,41,20:30,operations.voice,voice,5.76,3.0,4.15,0.9079,0.3516,service_level
2026-08-29,42,21:00,operations.voice,voice,4.42,3.0,4.15,0.953,0.2699,service_level
2026-08-29,43,21:30,operations.voice,voice,3.4,2.0,2.77,0.864,0.3114,service_level
2026-08-29,44,22:00,operations.voice,voice,2.71,2.0,2.77,0.9102,0.2478,service_level
2026-08-29,45,22:30,operations.voice,voice,2.28,2.0,2.77,0.9344,0.209,service_level
2026-08-29,46,23:00,operations.voice,voice,2.05,2.0,2.77,0.9463,0.1875,service_level
2026-08-29,47,23:30,operations.voice,voice,1.93,2.0,2.77,0.9519,0.1768,service_level
2026-08-30,0,00:00,operations.voice,voice,1.77,2.0,2.77,0.9591,0.1621,service_level
2026-08-30,1,00:30,operations.voice,voice,1.77,2.0,2.77,0.9591,0.1621,service_level
2026-08-30,2,01:00,operations.voice,voice,1.77,2.0,2.77,0.9591,0.1621,service_level
2026-08-30,3,01:30,operations.voice,voice,1.77,2.0,2.77,0.9591,0.1621,service_level
2026-08-30,4,02:00,operations.voice,voice,1.77,2.0,2.77,0.9591,0.1621,service_level
2026-08-30,5,02:30,operations.voice,voice,1.77,2.0,2.77,0.9591,0.1621,service_level
2026-08-30,6,03:00,operations.voice,voice,1.77,2.0,2.77,0.9591,0.1621,service_level
2026-08-30,7,03:30,operations.voice,voice,1.77,2.0,2.77,0.9591,0.1622,service_level
2026-08-30,8,04:00,operations.voice,voice,1.77,2.0,2.77,0.959,0.1625,service_level
2026-08-30,9,04:30,operations.voice,voice,1.81,2.0,2.77,0.9575,0.1656,service_level
2026-08-30,10,05:00,operations.voice,voice,2.05,2.0,2.77,0.9464,0.1873,service_level
2026-08-30,11,05:30,operations.voice,voice,3.14,2.0,2.77,0.8825,0.2872,service_level
2026-08-30,12,06:00,operations.voice,voice,6.22,3.0,4.15,0.8886,0.3797,service_level
2026-08-30,13,06:30,operations.voice,voice,11.3,4.0,5.54,0.8297,0.5174,service_level
2026-08-30,14,07:00,operations.voice,voice,15.69,5.0,6.92,0.819,0.5747,service_level
2026-08-30,15,07:30,operations.voice,voice,17.29,6.0,8.31,0.8972,0.5277,service_level
2026-08-30,16,08:00,operations.voice,voice,18.44,6.0,8.31,0.8672,0.5629,service_level
2026-08-30,17,08:30,operations.voice,voice,22.31,7.0,9.69,0.8765,0.5836,service_level
2026-08-30,18,09:00,operations.voice,voice,28.22,8.0,11.07,0.8373,0.6461,service_level
2026-08-30,19,09:30,operations.voice,voice,33.01,9.0,12.46,0.8305,0.6716,service_level
2026-08-30,20,10:00,operations.voice,voice,34.12,9.0,12.46,0.8006,0.6942,service_level
2026-08-30,21,10:30,operations.voice,voice,31.11,9.0,12.46,0.8742,0.633,service_level
2026-08-30,22,11:00,operations.voice,voice,25.43,8.0,11.07,0.9006,0.5822,service_level
2026-08-30,23,11:30,operations.voice,voice,18.77,6.0,8.31,0.8578,0.5729,service_level
2026-08-30,24,12:00,operations.voice,voice,11.94,4.0,5.54,0.8002,0.5467,service_level
2026-08-30,25,12:30,operations.voice,voice,8.16,4.0,5.54,0.9366,0.3737,service_level
2026-08-30,26,13:00,operations.voice,voice,12.2,5.0,6.92,0.9251,0.4468,service_level
2026-08-30,27,13:30,operations.voice,voice,20.73,7.0,9.69,0.9107,0.5423,service_level
2026-08-30,28,14:00,operations.voice,voice,26.78,8.0,11.07,0.8726,0.6131,service_level
2026-08-30,29,14:30,operations.voice,voice,28.76,8.0,11.07,0.8225,0.6584,service_level
2026-08-30,30,15:00,operations.voice,voice,27.7,8.0,11.07,0.8509,0.634,service_level
2026-08-30,31,15:30,operations.voice,voice,24.61,7.0,9.69,0.8121,0.6439,service_level
2026-08-30,32,16:00,operations.voice,voice,20.68,7.0,9.69,0.9118,0.5409,service_level
2026-08-30,33,16:30,operations.voice,voice,17.02,6.0,8.31,0.9034,0.5196,service_level
2026-08-30,34,17:00,operations.voice,voice,14.34,5.0,6.92,0.8671,0.5251,service_level
2026-08-30,35,17:30,operations.voice,voice,12.68,5.0,6.92,0.9138,0.4645,service_level
2026-08-30,36,18:00,operations.voice,voice,11.69,4.0,5.54,0.812,0.5353,service_level
2026-08-30,37,18:30,operations.voice,voice,10.87,4.0,5.54,0.8482,0.4975,service_level
2026-08-30,38,19:00,operations.voice,voice,9.85,4.0,5.54,0.8869,0.4508,service_level
2026-08-30,39,19:30,operations.voice,voice,8.53,4.0,5.54,0.9272,0.3905,service_level
2026-08-30,40,20:00,operations.voice,voice,7.02,3.0,4.15,0.8503,0.4286,service_level
2026-08-30,41,20:30,operations.voice,voice,5.53,3.0,4.15,0.9168,0.3377,service_level
2026-08-30,42,21:00,operations.voice,voice,4.25,3.0,4.15,0.9577,0.2592,service_level
2026-08-30,43,21:30,operations.voice,voice,3.27,2.0,2.77,0.8736,0.299,service_level
2026-08-30,44,22:00,operations.voice,voice,2.6,2.0,2.77,0.9166,0.2379,service_level
2026-08-30,45,22:30,operations.voice,voice,2.19,2.0,2.77,0.9391,0.2007,service_level
2026-08-30,46,23:00,operations.voice,voice,1.97,2.0,2.77,0.9503,0.1801,service_level
2026-08-30,47,23:30,operations.voice,voice,1.85,2.0,2.77,0.9554,0.1698,service_level
2026-08-17,0,00:00,operations.messaging,messaging,0.72,1.02,1.41,1.0,0.8,workload
2026-08-17,1,00:30,operations.messaging,messaging,0.72,1.02,1.41,1.0,0.8,workload
2026-08-17,2,01:00,operations.messaging,messaging,0.72,1.02,1.41,1.0,0.8,workload
2026-08-17,3,01:30,operations.messaging,messaging,0.72,1.02,1.41,1.0,0.8,workload
2026-08-17,4,02:00,operations.messaging,messaging,0.72,1.02,1.41,1.0,0.8,workload
2026-08-17,5,02:30,operations.messaging,messaging,0.72,1.02,1.41,1.0,0.8,workload
2026-08-17,6,03:00,operations.messaging,messaging,0.72,1.02,1.41,1.0,0.8,workload
2026-08-17,7,03:30,operations.messaging,messaging,0.72,1.02,1.41,1.0,0.8,workload
2026-08-17,8,04:00,operations.messaging,messaging,0.72,1.02,1.41,1.0,0.8,workload
2026-08-17,9,04:30,operations.messaging,messaging,0.73,1.02,1.41,1.0,0.8,workload
2026-08-17,10,05:00,operations.messaging,messaging,0.83,1.02,1.41,1.0,0.8,workload
2026-08-17,11,05:30,operations.messaging,messaging,1.27,1.02,1.41,1.0,0.8,workload
2026-08-17,12,06:00,operations.messaging,messaging,2.52,1.02,1.41,1.0,0.8,workload
2026-08-17,13,06:30,operations.messaging,messaging,4.58,1.02,1.41,1.0,0.8,workload
2026-08-17,14,07:00,operations.messaging,messaging,6.36,1.02,1.41,1.0,0.8,workload
2026-08-17,15,07:30,operations.messaging,messaging,7.01,1.02,1.41,1.0,0.8,workload
2026-08-17,16,08:00,operations.messaging,messaging,7.48,1.02,1.41,1.0,0.8,workload
2026-08-17,17,08:30,operations.messaging,messaging,9.04,1.02,1.41,1.0,0.8,workload
2026-08-17,18,09:00,operations.messaging,messaging,11.44,1.02,1.41,1.0,0.8,workload
2026-08-17,19,09:30,operations.messaging,messaging,13.38,1.02,1.41,1.0,0.8,workload
2026-08-17,20,10:00,operations.messaging,messaging,13.83,1.02,1.41,1.0,0.8,workload
2026-08-17,21,10:30,operations.messaging,messaging,12.61,1.02,1.41,1.0,0.8,workload
2026-08-17,22,11:00,operations.messaging,messaging,10.31,1.02,1.41,1.0,0.8,workload
2026-08-17,23,11:30,operations.messaging,messaging,7.61,1.02,1.41,1.0,0.8,workload
2026-08-17,24,12:00,operations.messaging,messaging,4.84,1.02,1.41,1.0,0.8,workload
2026-08-17,25,12:30,operations.messaging,messaging,3.31,1.02,1.41,1.0,0.8,workload
2026-08-17,26,13:00,operations.messaging,messaging,4.94,1.02,1.41,1.0,0.8,workload
2026-08-17,27,13:30,operations.messaging,messaging,8.4,1.02,1.41,1.0,0.8,workload
2026-08-17,28,14:00,operations.messaging,messaging,10.86,1.02,1.41,1.0,0.8,workload
2026-08-17,29,14:30,operations.messaging,messaging,11.66,1.02,1.41,1.0,0.8,workload
2026-08-17,30,15:00,operations.messaging,messaging,11.23,1.02,1.41,1.0,0.8,workload
2026-08-17,31,15:30,operations.messaging,messaging,9.98,1.02,1.41,1.0,0.8,workload
2026-08-17,32,16:00,operations.messaging,messaging,8.38,1.02,1.41,1.0,0.8,workload
2026-08-17,33,16:30,operations.messaging,messaging,6.9,1.02,1.41,1.0,0.8,workload
2026-08-17,34,17:00,operations.messaging,messaging,5.81,1.02,1.41,1.0,0.8,workload
2026-08-17,35,17:30,operations.messaging,messaging,5.14,1.02,1.41,1.0,0.8,workload
2026-08-17,36,18:00,operations.messaging,messaging,4.74,1.02,1.41,1.0,0.8,workload
2026-08-17,37,18:30,operations.messaging,messaging,4.4,1.02,1.41,1.0,0.8,workload
2026-08-17,38,19:00,operations.messaging,messaging,3.99,1.02,1.41,1.0,0.8,workload
2026-08-17,39,19:30,operations.messaging,messaging,3.46,1.02,1.41,1.0,0.8,workload
2026-08-17,40,20:00,operations.messaging,messaging,2.85,1.02,1.41,1.0,0.8,workload
2026-08-17,41,20:30,operations.messaging,messaging,2.24,1.02,1.41,1.0,0.8,workload
2026-08-17,42,21:00,operations.messaging,messaging,1.72,1.02,1.41,1.0,0.8,workload
2026-08-17,43,21:30,operations.messaging,messaging,1.32,1.02,1.41,1.0,0.8,workload
2026-08-17,44,22:00,operations.messaging,messaging,1.05,1.02,1.41,1.0,0.8,workload
2026-08-17,45,22:30,operations.messaging,messaging,0.89,1.02,1.41,1.0,0.8,workload
2026-08-17,46,23:00,operations.messaging,messaging,0.8,1.02,1.41,1.0,0.8,workload
2026-08-17,47,23:30,operations.messaging,messaging,0.75,1.02,1.41,1.0,0.8,workload
2026-08-18,0,00:00,operations.messaging,messaging,0.7,1.0,1.38,1.0,0.8,workload
2026-08-18,1,00:30,operations.messaging,messaging,0.7,1.0,1.38,1.0,0.8,workload
2026-08-18,2,01:00,operations.messaging,messaging,0.7,1.0,1.38,1.0,0.8,workload
2026-08-18,3,01:30,operations.messaging,messaging,0.7,1.0,1.38,1.0,0.8,workload
2026-08-18,4,02:00,operations.messaging,messaging,0.7,1.0,1.38,1.0,0.8,workload
2026-08-18,5,02:30,operations.messaging,messaging,0.7,1.0,1.38,1.0,0.8,workload
2026-08-18,6,03:00,operations.messaging,messaging,0.7,1.0,1.38,1.0,0.8,workload
2026-08-18,7,03:30,operations.messaging,messaging,0.7,1.0,1.38,1.0,0.8,workload
2026-08-18,8,04:00,operations.messaging,messaging,0.7,1.0,1.38,1.0,0.8,workload
2026-08-18,9,04:30,operations.messaging,messaging,0.72,1.0,1.38,1.0,0.8,workload
2026-08-18,10,05:00,operations.messaging,messaging,0.81,1.0,1.38,1.0,0.8,workload
2026-08-18,11,05:30,operations.messaging,messaging,1.24,1.0,1.38,1.0,0.8,workload
2026-08-18,12,06:00,operations.messaging,messaging,2.46,1.0,1.38,1.0,0.8,workload
2026-08-18,13,06:30,operations.messaging,messaging,4.47,1.0,1.38,1.0,0.8,workload
2026-08-18,14,07:00,operations.messaging,messaging,6.21,1.0,1.38,1.0,0.8,workload
2026-08-18,15,07:30,operations.messaging,messaging,6.84,1.0,1.38,1.0,0.8,workload
2026-08-18,16,08:00,operations.messaging,messaging,7.3,1.0,1.38,1.0,0.8,workload
2026-08-18,17,08:30,operations.messaging,messaging,8.83,1.0,1.38,1.0,0.8,workload
2026-08-18,18,09:00,operations.messaging,messaging,11.17,1.0,1.38,1.0,0.8,workload
2026-08-18,19,09:30,operations.messaging,messaging,13.06,1.0,1.38,1.0,0.8,workload
2026-08-18,20,10:00,operations.messaging,messaging,13.5,1.0,1.38,1.0,0.8,workload
2026-08-18,21,10:30,operations.messaging,messaging,12.31,1.0,1.38,1.0,0.8,workload
2026-08-18,22,11:00,operations.messaging,messaging,10.06,1.0,1.38,1.0,0.8,workload
2026-08-18,23,11:30,operations.messaging,messaging,7.43,1.0,1.38,1.0,0.8,workload
2026-08-18,24,12:00,operations.messaging,messaging,4.73,1.0,1.38,1.0,0.8,workload
2026-08-18,25,12:30,operations.messaging,messaging,3.23,1.0,1.38,1.0,0.8,workload
2026-08-18,26,13:00,operations.messaging,messaging,4.83,1.0,1.38,1.0,0.8,workload
2026-08-18,27,13:30,operations.messaging,messaging,8.2,1.0,1.38,1.0,0.8,workload
2026-08-18,28,14:00,operations.messaging,messaging,10.6,1.0,1.38,1.0,0.8,workload
2026-08-18,29,14:30,operations.messaging,messaging,11.38,1.0,1.38,1.0,0.8,workload
2026-08-18,30,15:00,operations.messaging,messaging,10.96,1.0,1.38,1.0,0.8,workload
2026-08-18,31,15:30,operations.messaging,messaging,9.74,1.0,1.38,1.0,0.8,workload
2026-08-18,32,16:00,operations.messaging,messaging,8.18,1.0,1.38,1.0,0.8,workload
2026-08-18,33,16:30,operations.messaging,messaging,6.74,1.0,1.38,1.0,0.8,workload
2026-08-18,34,17:00,operations.messaging,messaging,5.67,1.0,1.38,1.0,0.8,workload
2026-08-18,35,17:30,operations.messaging,messaging,5.02,1.0,1.38,1.0,0.8,workload
2026-08-18,36,18:00,operations.messaging,messaging,4.63,1.0,1.38,1.0,0.8,workload
2026-08-18,37,18:30,operations.messaging,messaging,4.3,1.0,1.38,1.0,0.8,workload
2026-08-18,38,19:00,operations.messaging,messaging,3.9,1.0,1.38,1.0,0.8,workload
2026-08-18,39,19:30,operations.messaging,messaging,3.38,1.0,1.38,1.0,0.8,workload
2026-08-18,40,20:00,operations.messaging,messaging,2.78,1.0,1.38,1.0,0.8,workload
2026-08-18,41,20:30,operations.messaging,messaging,2.19,1.0,1.38,1.0,0.8,workload
2026-08-18,42,21:00,operations.messaging,messaging,1.68,1.0,1.38,1.0,0.8,workload
2026-08-18,43,21:30,operations.messaging,messaging,1.29,1.0,1.38,1.0,0.8,workload
2026-08-18,44,22:00,operations.messaging,messaging,1.03,1.0,1.38,1.0,0.8,workload
2026-08-18,45,22:30,operations.messaging,messaging,0.87,1.0,1.38,1.0,0.8,workload
2026-08-18,46,23:00,operations.messaging,messaging,0.78,1.0,1.38,1.0,0.8,workload
2026-08-18,47,23:30,operations.messaging,messaging,0.73,1.0,1.38,1.0,0.8,workload
2026-08-19,0,00:00,operations.messaging,messaging,0.68,0.97,1.34,1.0,0.8,workload
2026-08-19,1,00:30,operations.messaging,messaging,0.68,0.97,1.34,1.0,0.8,workload
2026-08-19,2,01:00,operations.messaging,messaging,0.68,0.97,1.34,1.0,0.8,workload
2026-08-19,3,01:30,operations.messaging,messaging,0.68,0.97,1.34,1.0,0.8,workload
2026-08-19,4,02:00,operations.messaging,messaging,0.68,0.97,1.34,1.0,0.8,workload
2026-08-19,5,02:30,operations.messaging,messaging,0.68,0.97,1.34,1.0,0.8,workload
2026-08-19,6,03:00,operations.messaging,messaging,0.68,0.97,1.34,1.0,0.8,workload
2026-08-19,7,03:30,operations.messaging,messaging,0.68,0.97,1.34,1.0,0.8,workload
2026-08-19,8,04:00,operations.messaging,messaging,0.68,0.97,1.34,1.0,0.8,workload
2026-08-19,9,04:30,operations.messaging,messaging,0.7,0.97,1.34,1.0,0.8,workload
2026-08-19,10,05:00,operations.messaging,messaging,0.79,0.97,1.34,1.0,0.8,workload
2026-08-19,11,05:30,operations.messaging,messaging,1.21,0.97,1.34,1.0,0.8,workload
2026-08-19,12,06:00,operations.messaging,messaging,2.4,0.97,1.34,1.0,0.8,workload
2026-08-19,13,06:30,operations.messaging,messaging,4.35,0.97,1.34,1.0,0.8,workload
2026-08-19,14,07:00,operations.messaging,messaging,6.04,0.97,1.34,1.0,0.8,workload
2026-08-19,15,07:30,operations.messaging,messaging,6.66,0.97,1.34,1.0,0.8,workload
2026-08-19,16,08:00,operations.messaging,messaging,7.1,0.97,1.34,1.0,0.8,workload
2026-08-19,17,08:30,operations.messaging,messaging,8.59,0.97,1.34,1.0,0.8,workload
2026-08-19,18,09:00,operations.messaging,messaging,10.87,0.97,1.34,1.0,0.8,workload
2026-08-19,19,09:30,operations.messaging,messaging,12.71,0.97,1.34,1.0,0.8,workload
2026-08-19,20,10:00,operations.messaging,messaging,13.14,0.97,1.34,1.0,0.8,workload
2026-08-19,21,10:30,operations.messaging,messaging,11.98,0.97,1.34,1.0,0.8,workload
2026-08-19,22,11:00,operations.messaging,messaging,9.79,0.97,1.34,1.0,0.8,workload
2026-08-19,23,11:30,operations.messaging,messaging,7.23,0.97,1.34,1.0,0.8,workload
2026-08-19,24,12:00,operations.messaging,messaging,4.6,0.97,1.34,1.0,0.8,workload
2026-08-19,25,12:30,operations.messaging,messaging,3.14,0.97,1.34,1.0,0.8,workload
2026-08-19,26,13:00,operations.messaging,messaging,4.7,0.97,1.34,1.0,0.8,workload
2026-08-19,27,13:30,operations.messaging,messaging,7.98,0.97,1.34,1.0,0.8,workload
2026-08-19,28,14:00,operations.messaging,messaging,10.31,0.97,1.34,1.0,0.8,workload
2026-08-19,29,14:30,operations.messaging,messaging,11.08,0.97,1.34,1.0,0.8,workload
2026-08-19,30,15:00,operations.messaging,messaging,10.67,0.97,1.34,1.0,0.8,workload
2026-08-19,31,15:30,operations.messaging,messaging,9.48,0.97,1.34,1.0,0.8,workload
2026-08-19,32,16:00,operations.messaging,messaging,7.96,0.97,1.34,1.0,0.8,workload
2026-08-19,33,16:30,operations.messaging,messaging,6.56,0.97,1.34,1.0,0.8,workload
2026-08-19,34,17:00,operations.messaging,messaging,5.52,0.97,1.34,1.0,0.8,workload
2026-08-19,35,17:30,operations.messaging,messaging,4.88,0.97,1.34,1.0,0.8,workload
2026-08-19,36,18:00,operations.messaging,messaging,4.5,0.97,1.34,1.0,0.8,workload
2026-08-19,37,18:30,operations.messaging,messaging,4.18,0.97,1.34,1.0,0.8,workload
2026-08-19,38,19:00,operations.messaging,messaging,3.79,0.97,1.34,1.0,0.8,workload
2026-08-19,39,19:30,operations.messaging,messaging,3.28,0.97,1.34,1.0,0.8,workload
2026-08-19,40,20:00,operations.messaging,messaging,2.7,0.97,1.34,1.0,0.8,workload
2026-08-19,41,20:30,operations.messaging,messaging,2.13,0.97,1.34,1.0,0.8,workload
2026-08-19,42,21:00,operations.messaging,messaging,1.64,0.97,1.34,1.0,0.8,workload
2026-08-19,43,21:30,operations.messaging,messaging,1.26,0.97,1.34,1.0,0.8,workload
2026-08-19,44,22:00,operations.messaging,messaging,1.0,0.97,1.34,1.0,0.8,workload
2026-08-19,45,22:30,operations.messaging,messaging,0.84,0.97,1.34,1.0,0.8,workload
2026-08-19,46,23:00,operations.messaging,messaging,0.76,0.97,1.34,1.0,0.8,workload
2026-08-19,47,23:30,operations.messaging,messaging,0.71,0.97,1.34,1.0,0.8,workload
2026-08-20,0,00:00,operations.messaging,messaging,0.67,0.95,1.31,1.0,0.8,workload
2026-08-20,1,00:30,operations.messaging,messaging,0.67,0.95,1.31,1.0,0.8,workload
2026-08-20,2,01:00,operations.messaging,messaging,0.67,0.95,1.31,1.0,0.8,workload
2026-08-20,3,01:30,operations.messaging,messaging,0.67,0.95,1.31,1.0,0.8,workload
2026-08-20,4,02:00,operations.messaging,messaging,0.67,0.95,1.31,1.0,0.8,workload
2026-08-20,5,02:30,operations.messaging,messaging,0.67,0.95,1.31,1.0,0.8,workload
2026-08-20,6,03:00,operations.messaging,messaging,0.67,0.95,1.31,1.0,0.8,workload
2026-08-20,7,03:30,operations.messaging,messaging,0.67,0.95,1.31,1.0,0.8,workload
2026-08-20,8,04:00,operations.messaging,messaging,0.67,0.95,1.31,1.0,0.8,workload
2026-08-20,9,04:30,operations.messaging,messaging,0.68,0.95,1.31,1.0,0.8,workload
2026-08-20,10,05:00,operations.messaging,messaging,0.77,0.95,1.31,1.0,0.8,workload
2026-08-20,11,05:30,operations.messaging,messaging,1.18,0.95,1.31,1.0,0.8,workload
2026-08-20,12,06:00,operations.messaging,messaging,2.35,0.95,1.31,1.0,0.8,workload
2026-08-20,13,06:30,operations.messaging,messaging,4.26,0.95,1.31,1.0,0.8,workload
2026-08-20,14,07:00,operations.messaging,messaging,5.92,0.95,1.31,1.0,0.8,workload
2026-08-20,15,07:30,operations.messaging,messaging,6.52,0.95,1.31,1.0,0.8,workload
2026-08-20,16,08:00,operations.messaging,messaging,6.95,0.95,1.31,1.0,0.8,workload
2026-08-20,17,08:30,operations.messaging,messaging,8.41,0.95,1.31,1.0,0.8,workload
2026-08-20,18,09:00,operations.messaging,messaging,10.64,0.95,1.31,1.0,0.8,workload
2026-08-20,19,09:30,operations.messaging,messaging,12.45,0.95,1.31,1.0,0.8,workload
2026-08-20,20,10:00,operations.messaging,messaging,12.86,0.95,1.31,1.0,0.8,workload
2026-08-20,21,10:30,operations.messaging,messaging,11.73,0.95,1.31,1.0,0.8,workload
2026-08-20,22,11:00,operations.messaging,messaging,9.59,0.95,1.31,1.0,0.8,workload
2026-08-20,23,11:30,operations.messaging,messaging,7.08,0.95,1.31,1.0,0.8,workload
2026-08-20,24,12:00,operations.messaging,messaging,4.5,0.95,1.31,1.0,0.8,workload
2026-08-20,25,12:30,operations.messaging,messaging,3.08,0.95,1.31,1.0,0.8,workload
2026-08-20,26,13:00,operations.messaging,messaging,4.6,0.95,1.31,1.0,0.8,workload
2026-08-20,27,13:30,operations.messaging,messaging,7.82,0.95,1.31,1.0,0.8,workload
2026-08-20,28,14:00,operations.messaging,messaging,10.1,0.95,1.31,1.0,0.8,workload
2026-08-20,29,14:30,operations.messaging,messaging,10.85,0.95,1.31,1.0,0.8,workload
2026-08-20,30,15:00,operations.messaging,messaging,10.44,0.95,1.31,1.0,0.8,workload
2026-08-20,31,15:30,operations.messaging,messaging,9.28,0.95,1.31,1.0,0.8,workload
2026-08-20,32,16:00,operations.messaging,messaging,7.8,0.95,1.31,1.0,0.8,workload
2026-08-20,33,16:30,operations.messaging,messaging,6.42,0.95,1.31,1.0,0.8,workload
2026-08-20,34,17:00,operations.messaging,messaging,5.41,0.95,1.31,1.0,0.8,workload
2026-08-20,35,17:30,operations.messaging,messaging,4.78,0.95,1.31,1.0,0.8,workload
2026-08-20,36,18:00,operations.messaging,messaging,4.41,0.95,1.31,1.0,0.8,workload
2026-08-20,37,18:30,operations.messaging,messaging,4.1,0.95,1.31,1.0,0.8,workload
2026-08-20,38,19:00,operations.messaging,messaging,3.71,0.95,1.31,1.0,0.8,workload
2026-08-20,39,19:30,operations.messaging,messaging,3.22,0.95,1.31,1.0,0.8,workload
2026-08-20,40,20:00,operations.messaging,messaging,2.65,0.95,1.31,1.0,0.8,workload
2026-08-20,41,20:30,operations.messaging,messaging,2.09,0.95,1.31,1.0,0.8,workload
2026-08-20,42,21:00,operations.messaging,messaging,1.6,0.95,1.31,1.0,0.8,workload
2026-08-20,43,21:30,operations.messaging,messaging,1.23,0.95,1.31,1.0,0.8,workload
2026-08-20,44,22:00,operations.messaging,messaging,0.98,0.95,1.31,1.0,0.8,workload
2026-08-20,45,22:30,operations.messaging,messaging,0.83,0.95,1.31,1.0,0.8,workload
2026-08-20,46,23:00,operations.messaging,messaging,0.74,0.95,1.31,1.0,0.8,workload
2026-08-20,47,23:30,operations.messaging,messaging,0.7,0.95,1.31,1.0,0.8,workload
2026-08-21,0,00:00,operations.messaging,messaging,0.73,1.03,1.43,1.0,0.8,workload
2026-08-21,1,00:30,operations.messaging,messaging,0.73,1.03,1.43,1.0,0.8,workload
2026-08-21,2,01:00,operations.messaging,messaging,0.73,1.03,1.43,1.0,0.8,workload
2026-08-21,3,01:30,operations.messaging,messaging,0.73,1.03,1.43,1.0,0.8,workload
2026-08-21,4,02:00,operations.messaging,messaging,0.73,1.03,1.43,1.0,0.8,workload
2026-08-21,5,02:30,operations.messaging,messaging,0.73,1.03,1.43,1.0,0.8,workload
2026-08-21,6,03:00,operations.messaging,messaging,0.73,1.03,1.43,1.0,0.8,workload
2026-08-21,7,03:30,operations.messaging,messaging,0.73,1.03,1.43,1.0,0.8,workload
2026-08-21,8,04:00,operations.messaging,messaging,0.73,1.03,1.43,1.0,0.8,workload
2026-08-21,9,04:30,operations.messaging,messaging,0.74,1.03,1.43,1.0,0.8,workload
2026-08-21,10,05:00,operations.messaging,messaging,0.84,1.03,1.43,1.0,0.8,workload
2026-08-21,11,05:30,operations.messaging,messaging,1.29,1.03,1.43,1.0,0.8,workload
2026-08-21,12,06:00,operations.messaging,messaging,2.55,1.03,1.43,1.0,0.8,workload
2026-08-21,13,06:30,operations.messaging,messaging,4.64,1.03,1.43,1.0,0.8,workload
2026-08-21,14,07:00,operations.messaging,messaging,6.44,1.03,1.43,1.0,0.8,workload
2026-08-21,15,07:30,operations.messaging,messaging,7.1,1.03,1.43,1.0,0.8,workload
2026-08-21,16,08:00,operations.messaging,messaging,7.57,1.03,1.43,1.0,0.8,workload
2026-08-21,17,08:30,operations.messaging,messaging,9.16,1.03,1.43,1.0,0.8,workload
2026-08-21,18,09:00,operations.messaging,messaging,11.59,1.03,1.43,1.0,0.8,workload
2026-08-21,19,09:30,operations.messaging,messaging,13.55,1.03,1.43,1.0,0.8,workload
2026-08-21,20,10:00,operations.messaging,messaging,14.01,1.03,1.43,1.0,0.8,workload
2026-08-21,21,10:30,operations.messaging,messaging,12.78,1.03,1.43,1.0,0.8,workload
2026-08-21,22,11:00,operations.messaging,messaging,10.44,1.03,1.43,1.0,0.8,workload
2026-08-21,23,11:30,operations.messaging,messaging,7.71,1.03,1.43,1.0,0.8,workload
2026-08-21,24,12:00,operations.messaging,messaging,4.9,1.03,1.43,1.0,0.8,workload
2026-08-21,25,12:30,operations.messaging,messaging,3.35,1.03,1.43,1.0,0.8,workload
2026-08-21,26,13:00,operations.messaging,messaging,5.01,1.03,1.43,1.0,0.8,workload
2026-08-21,27,13:30,operations.messaging,messaging,8.51,1.03,1.43,1.0,0.8,workload
2026-08-21,28,14:00,operations.messaging,messaging,11.0,1.03,1.43,1.0,0.8,workload
2026-08-21,29,14:30,operations.messaging,messaging,11.81,1.03,1.43,1.0,0.8,workload
2026-08-21,30,15:00,operations.messaging,messaging,11.37,1.03,1.43,1.0,0.8,workload
2026-08-21,31,15:30,operations.messaging,messaging,10.11,1.03,1.43,1.0,0.8,workload
2026-08-21,32,16:00,operations.messaging,messaging,8.49,1.03,1.43,1.0,0.8,workload
2026-08-21,33,16:30,operations.messaging,messaging,6.99,1.03,1.43,1.0,0.8,workload
2026-08-21,34,17:00,operations.messaging,messaging,5.89,1.03,1.43,1.0,0.8,workload
2026-08-21,35,17:30,operations.messaging,messaging,5.21,1.03,1.43,1.0,0.8,workload
2026-08-21,36,18:00,operations.messaging,messaging,4.8,1.03,1.43,1.0,0.8,workload
2026-08-21,37,18:30,operations.messaging,messaging,4.46,1.03,1.43,1.0,0.8,workload
2026-08-21,38,19:00,operations.messaging,messaging,4.04,1.03,1.43,1.0,0.8,workload
2026-08-21,39,19:30,operations.messaging,messaging,3.5,1.03,1.43,1.0,0.8,workload
2026-08-21,40,20:00,operations.messaging,messaging,2.88,1.03,1.43,1.0,0.8,workload
2026-08-21,41,20:30,operations.messaging,messaging,2.27,1.03,1.43,1.0,0.8,workload
2026-08-21,42,21:00,operations.messaging,messaging,1.74,1.03,1.43,1.0,0.8,workload
2026-08-21,43,21:30,operations.messaging,messaging,1.34,1.03,1.43,1.0,0.8,workload
2026-08-21,44,22:00,operations.messaging,messaging,1.07,1.03,1.43,1.0,0.8,workload
2026-08-21,45,22:30,operations.messaging,messaging,0.9,1.03,1.43,1.0,0.8,workload
2026-08-21,46,23:00,operations.messaging,messaging,0.81,1.03,1.43,1.0,0.8,workload
2026-08-21,47,23:30,operations.messaging,messaging,0.76,1.03,1.43,1.0,0.8,workload
2026-08-22,0,00:00,operations.messaging,messaging,0.64,0.91,1.26,1.0,0.8,workload
2026-08-22,1,00:30,operations.messaging,messaging,0.64,0.91,1.26,1.0,0.8,workload
2026-08-22,2,01:00,operations.messaging,messaging,0.64,0.91,1.26,1.0,0.8,workload
2026-08-22,3,01:30,operations.messaging,messaging,0.64,0.91,1.26,1.0,0.8,workload
2026-08-22,4,02:00,operations.messaging,messaging,0.64,0.91,1.26,1.0,0.8,workload
2026-08-22,5,02:30,operations.messaging,messaging,0.64,0.91,1.26,1.0,0.8,workload
2026-08-22,6,03:00,operations.messaging,messaging,0.64,0.91,1.26,1.0,0.8,workload
2026-08-22,7,03:30,operations.messaging,messaging,0.64,0.91,1.26,1.0,0.8,workload
2026-08-22,8,04:00,operations.messaging,messaging,0.64,0.91,1.26,1.0,0.8,workload
2026-08-22,9,04:30,operations.messaging,messaging,0.65,0.91,1.26,1.0,0.8,workload
2026-08-22,10,05:00,operations.messaging,messaging,0.74,0.91,1.26,1.0,0.8,workload
2026-08-22,11,05:30,operations.messaging,messaging,1.14,0.91,1.26,1.0,0.8,workload
2026-08-22,12,06:00,operations.messaging,messaging,2.25,0.91,1.26,1.0,0.8,workload
2026-08-22,13,06:30,operations.messaging,messaging,4.09,0.91,1.26,1.0,0.8,workload
2026-08-22,14,07:00,operations.messaging,messaging,5.68,0.91,1.26,1.0,0.8,workload
2026-08-22,15,07:30,operations.messaging,messaging,6.26,0.91,1.26,1.0,0.8,workload
2026-08-22,16,08:00,operations.messaging,messaging,6.68,0.91,1.26,1.0,0.8,workload
2026-08-22,17,08:30,operations.messaging,messaging,8.08,0.91,1.26,1.0,0.8,workload
2026-08-22,18,09:00,operations.messaging,messaging,10.22,0.91,1.26,1.0,0.8,workload
2026-08-22,19,09:30,operations.messaging,messaging,11.95,0.91,1.26,1.0,0.8,workload
2026-08-22,20,10:00,operations.messaging,messaging,12.35,0.91,1.26,1.0,0.8,workload
2026-08-22,21,10:30,operations.messaging,messaging,11.26,0.91,1.26,1.0,0.8,workload
2026-08-22,22,11:00,operations.messaging,messaging,9.21,0.91,1.26,1.0,0.8,workload
2026-08-22,23,11:30,operations.messaging,messaging,6.8,0.91,1.26,1.0,0.8,workload
2026-08-22,24,12:00,operations.messaging,messaging,4.32,0.91,1.26,1.0,0.8,workload
2026-08-22,25,12:30,operations.messaging,messaging,2.96,0.91,1.26,1.0,0.8,workload
2026-08-22,26,13:00,operations.messaging,messaging,4.42,0.91,1.26,1.0,0.8,workload
2026-08-22,27,13:30,operations.messaging,messaging,7.51,0.91,1.26,1.0,0.8,workload
2026-08-22,28,14:00,operations.messaging,messaging,9.7,0.91,1.26,1.0,0.8,workload
2026-08-22,29,14:30,operations.messaging,messaging,10.42,0.91,1.26,1.0,0.8,workload
2026-08-22,30,15:00,operations.messaging,messaging,10.03,0.91,1.26,1.0,0.8,workload
2026-08-22,31,15:30,operations.messaging,messaging,8.91,0.91,1.26,1.0,0.8,workload
2026-08-22,32,16:00,operations.messaging,messaging,7.49,0.91,1.26,1.0,0.8,workload
2026-08-22,33,16:30,operations.messaging,messaging,6.16,0.91,1.26,1.0,0.8,workload
2026-08-22,34,17:00,operations.messaging,messaging,5.19,0.91,1.26,1.0,0.8,workload
2026-08-22,35,17:30,operations.messaging,messaging,4.59,0.91,1.26,1.0,0.8,workload
2026-08-22,36,18:00,operations.messaging,messaging,4.23,0.91,1.26,1.0,0.8,workload
2026-08-22,37,18:30,operations.messaging,messaging,3.93,0.91,1.26,1.0,0.8,workload
2026-08-22,38,19:00,operations.messaging,messaging,3.57,0.91,1.26,1.0,0.8,workload
2026-08-22,39,19:30,operations.messaging,messaging,3.09,0.91,1.26,1.0,0.8,workload
2026-08-22,40,20:00,operations.messaging,messaging,2.54,0.91,1.26,1.0,0.8,workload
2026-08-22,41,20:30,operations.messaging,messaging,2.0,0.91,1.26,1.0,0.8,workload
2026-08-22,42,21:00,operations.messaging,messaging,1.54,0.91,1.26,1.0,0.8,workload
2026-08-22,43,21:30,operations.messaging,messaging,1.18,0.91,1.26,1.0,0.8,workload
2026-08-22,44,22:00,operations.messaging,messaging,0.94,0.91,1.26,1.0,0.8,workload
2026-08-22,45,22:30,operations.messaging,messaging,0.79,0.91,1.26,1.0,0.8,workload
2026-08-22,46,23:00,operations.messaging,messaging,0.71,0.91,1.26,1.0,0.8,workload
2026-08-22,47,23:30,operations.messaging,messaging,0.67,0.91,1.26,1.0,0.8,workload
2026-08-23,0,00:00,operations.messaging,messaging,0.6,0.85,1.17,1.0,0.8,workload
2026-08-23,1,00:30,operations.messaging,messaging,0.6,0.85,1.17,1.0,0.8,workload
2026-08-23,2,01:00,operations.messaging,messaging,0.6,0.85,1.17,1.0,0.8,workload
2026-08-23,3,01:30,operations.messaging,messaging,0.6,0.85,1.17,1.0,0.8,workload
2026-08-23,4,02:00,operations.messaging,messaging,0.6,0.85,1.17,1.0,0.8,workload
2026-08-23,5,02:30,operations.messaging,messaging,0.6,0.85,1.17,1.0,0.8,workload
2026-08-23,6,03:00,operations.messaging,messaging,0.6,0.85,1.17,1.0,0.8,workload
2026-08-23,7,03:30,operations.messaging,messaging,0.6,0.85,1.17,1.0,0.8,workload
2026-08-23,8,04:00,operations.messaging,messaging,0.6,0.85,1.17,1.0,0.8,workload
2026-08-23,9,04:30,operations.messaging,messaging,0.61,0.85,1.17,1.0,0.8,workload
2026-08-23,10,05:00,operations.messaging,messaging,0.69,0.85,1.17,1.0,0.8,workload
2026-08-23,11,05:30,operations.messaging,messaging,1.06,0.85,1.17,1.0,0.8,workload
2026-08-23,12,06:00,operations.messaging,messaging,2.1,0.85,1.17,1.0,0.8,workload
2026-08-23,13,06:30,operations.messaging,messaging,3.81,0.85,1.17,1.0,0.8,workload
2026-08-23,14,07:00,operations.messaging,messaging,5.29,0.85,1.17,1.0,0.8,workload
2026-08-23,15,07:30,operations.messaging,messaging,5.82,0.85,1.17,1.0,0.8,workload
2026-08-23,16,08:00,operations.messaging,messaging,6.21,0.85,1.17,1.0,0.8,workload
2026-08-23,17,08:30,operations.messaging,messaging,7.51,0.85,1.17,1.0,0.8,workload
2026-08-23,18,09:00,operations.messaging,messaging,9.51,0.85,1.17,1.0,0.8,workload
2026-08-23,19,09:30,operations.messaging,messaging,11.12,0.85,1.17,1.0,0.8,workload
2026-08-23,20,10:00,operations.messaging,messaging,11.49,0.85,1.17,1.0,0.8,workload
2026-08-23,21,10:30,operations.messaging,messaging,10.48,0.85,1.17,1.0,0.8,workload
2026-08-23,22,11:00,operations.messaging,messaging,8.57,0.85,1.17,1.0,0.8,workload
2026-08-23,23,11:30,operations.messaging,messaging,6.32,0.85,1.17,1.0,0.8,workload
2026-08-23,24,12:00,operations.messaging,messaging,4.02,0.85,1.17,1.0,0.8,workload
2026-08-23,25,12:30,operations.messaging,messaging,2.75,0.85,1.17,1.0,0.8,workload
2026-08-23,26,13:00,operations.messaging,messaging,4.11,0.85,1.17,1.0,0.8,workload
2026-08-23,27,13:30,operations.messaging,messaging,6.98,0.85,1.17,1.0,0.8,workload
2026-08-23,28,14:00,operations.messaging,messaging,9.02,0.85,1.17,1.0,0.8,workload
2026-08-23,29,14:30,operations.messaging,messaging,9.69,0.85,1.17,1.0,0.8,workload
2026-08-23,30,15:00,operations.messaging,messaging,9.33,0.85,1.17,1.0,0.8,workload
2026-08-23,31,15:30,operations.messaging,messaging,8.29,0.85,1.17,1.0,0.8,workload
2026-08-23,32,16:00,operations.messaging,messaging,6.96,0.85,1.17,1.0,0.8,workload
2026-08-23,33,16:30,operations.messaging,messaging,5.73,0.85,1.17,1.0,0.8,workload
2026-08-23,34,17:00,operations.messaging,messaging,4.83,0.85,1.17,1.0,0.8,workload
2026-08-23,35,17:30,operations.messaging,messaging,4.27,0.85,1.17,1.0,0.8,workload
2026-08-23,36,18:00,operations.messaging,messaging,3.94,0.85,1.17,1.0,0.8,workload
2026-08-23,37,18:30,operations.messaging,messaging,3.66,0.85,1.17,1.0,0.8,workload
2026-08-23,38,19:00,operations.messaging,messaging,3.32,0.85,1.17,1.0,0.8,workload
2026-08-23,39,19:30,operations.messaging,messaging,2.87,0.85,1.17,1.0,0.8,workload
2026-08-23,40,20:00,operations.messaging,messaging,2.37,0.85,1.17,1.0,0.8,workload
2026-08-23,41,20:30,operations.messaging,messaging,1.86,0.85,1.17,1.0,0.8,workload
2026-08-23,42,21:00,operations.messaging,messaging,1.43,0.85,1.17,1.0,0.8,workload
2026-08-23,43,21:30,operations.messaging,messaging,1.1,0.85,1.17,1.0,0.8,workload
2026-08-23,44,22:00,operations.messaging,messaging,0.88,0.85,1.17,1.0,0.8,workload
2026-08-23,45,22:30,operations.messaging,messaging,0.74,0.85,1.17,1.0,0.8,workload
2026-08-23,46,23:00,operations.messaging,messaging,0.66,0.85,1.17,1.0,0.8,workload
2026-08-23,47,23:30,operations.messaging,messaging,0.62,0.85,1.17,1.0,0.8,workload
2026-08-24,0,00:00,operations.messaging,messaging,0.74,1.05,1.45,1.0,0.8,workload
2026-08-24,1,00:30,operations.messaging,messaging,0.74,1.05,1.45,1.0,0.8,workload
2026-08-24,2,01:00,operations.messaging,messaging,0.74,1.05,1.45,1.0,0.8,workload
2026-08-24,3,01:30,operations.messaging,messaging,0.74,1.05,1.45,1.0,0.8,workload
2026-08-24,4,02:00,operations.messaging,messaging,0.74,1.05,1.45,1.0,0.8,workload
2026-08-24,5,02:30,operations.messaging,messaging,0.74,1.05,1.45,1.0,0.8,workload
2026-08-24,6,03:00,operations.messaging,messaging,0.74,1.05,1.45,1.0,0.8,workload
2026-08-24,7,03:30,operations.messaging,messaging,0.74,1.05,1.45,1.0,0.8,workload
2026-08-24,8,04:00,operations.messaging,messaging,0.74,1.05,1.45,1.0,0.8,workload
2026-08-24,9,04:30,operations.messaging,messaging,0.75,1.05,1.45,1.0,0.8,workload
2026-08-24,10,05:00,operations.messaging,messaging,0.85,1.05,1.45,1.0,0.8,workload
2026-08-24,11,05:30,operations.messaging,messaging,1.3,1.05,1.45,1.0,0.8,workload
2026-08-24,12,06:00,operations.messaging,messaging,2.58,1.05,1.45,1.0,0.8,workload
2026-08-24,13,06:30,operations.messaging,messaging,4.7,1.05,1.45,1.0,0.8,workload
2026-08-24,14,07:00,operations.messaging,messaging,6.52,1.05,1.45,1.0,0.8,workload
2026-08-24,15,07:30,operations.messaging,messaging,7.19,1.05,1.45,1.0,0.8,workload
2026-08-24,16,08:00,operations.messaging,messaging,7.66,1.05,1.45,1.0,0.8,workload
2026-08-24,17,08:30,operations.messaging,messaging,9.27,1.05,1.45,1.0,0.8,workload
2026-08-24,18,09:00,operations.messaging,messaging,11.73,1.05,1.45,1.0,0.8,workload
2026-08-24,19,09:30,operations.messaging,messaging,13.72,1.05,1.45,1.0,0.8,workload
2026-08-24,20,10:00,operations.messaging,messaging,14.18,1.05,1.45,1.0,0.8,workload
2026-08-24,21,10:30,operations.messaging,messaging,12.93,1.05,1.45,1.0,0.8,workload
2026-08-24,22,11:00,operations.messaging,messaging,10.57,1.05,1.45,1.0,0.8,workload
2026-08-24,23,11:30,operations.messaging,messaging,7.8,1.05,1.45,1.0,0.8,workload
2026-08-24,24,12:00,operations.messaging,messaging,4.96,1.05,1.45,1.0,0.8,workload
2026-08-24,25,12:30,operations.messaging,messaging,3.39,1.05,1.45,1.0,0.8,workload
2026-08-24,26,13:00,operations.messaging,messaging,5.07,1.05,1.45,1.0,0.8,workload
2026-08-24,27,13:30,operations.messaging,messaging,8.61,1.05,1.45,1.0,0.8,workload
2026-08-24,28,14:00,operations.messaging,messaging,11.13,1.05,1.45,1.0,0.8,workload
2026-08-24,29,14:30,operations.messaging,messaging,11.95,1.05,1.45,1.0,0.8,workload
2026-08-24,30,15:00,operations.messaging,messaging,11.51,1.05,1.45,1.0,0.8,workload
2026-08-24,31,15:30,operations.messaging,messaging,10.23,1.05,1.45,1.0,0.8,workload
2026-08-24,32,16:00,operations.messaging,messaging,8.59,1.05,1.45,1.0,0.8,workload
2026-08-24,33,16:30,operations.messaging,messaging,7.07,1.05,1.45,1.0,0.8,workload
2026-08-24,34,17:00,operations.messaging,messaging,5.96,1.05,1.45,1.0,0.8,workload
2026-08-24,35,17:30,operations.messaging,messaging,5.27,1.05,1.45,1.0,0.8,workload
2026-08-24,36,18:00,operations.messaging,messaging,4.86,1.05,1.45,1.0,0.8,workload
2026-08-24,37,18:30,operations.messaging,messaging,4.52,1.05,1.45,1.0,0.8,workload
2026-08-24,38,19:00,operations.messaging,messaging,4.09,1.05,1.45,1.0,0.8,workload
2026-08-24,39,19:30,operations.messaging,messaging,3.54,1.05,1.45,1.0,0.8,workload
2026-08-24,40,20:00,operations.messaging,messaging,2.92,1.05,1.45,1.0,0.8,workload
2026-08-24,41,20:30,operations.messaging,messaging,2.3,1.05,1.45,1.0,0.8,workload
2026-08-24,42,21:00,operations.messaging,messaging,1.76,1.05,1.45,1.0,0.8,workload
2026-08-24,43,21:30,operations.messaging,messaging,1.36,1.05,1.45,1.0,0.8,workload
2026-08-24,44,22:00,operations.messaging,messaging,1.08,1.05,1.45,1.0,0.8,workload
2026-08-24,45,22:30,operations.messaging,messaging,0.91,1.05,1.45,1.0,0.8,workload
2026-08-24,46,23:00,operations.messaging,messaging,0.82,1.05,1.45,1.0,0.8,workload
2026-08-24,47,23:30,operations.messaging,messaging,0.77,1.05,1.45,1.0,0.8,workload
2026-08-25,0,00:00,operations.messaging,messaging,0.72,1.02,1.41,1.0,0.8,workload
2026-08-25,1,00:30,operations.messaging,messaging,0.72,1.02,1.41,1.0,0.8,workload
2026-08-25,2,01:00,operations.messaging,messaging,0.72,1.02,1.41,1.0,0.8,workload
2026-08-25,3,01:30,operations.messaging,messaging,0.72,1.02,1.41,1.0,0.8,workload
2026-08-25,4,02:00,operations.messaging,messaging,0.72,1.02,1.41,1.0,0.8,workload
2026-08-25,5,02:30,operations.messaging,messaging,0.72,1.02,1.41,1.0,0.8,workload
2026-08-25,6,03:00,operations.messaging,messaging,0.72,1.02,1.41,1.0,0.8,workload
2026-08-25,7,03:30,operations.messaging,messaging,0.72,1.02,1.41,1.0,0.8,workload
2026-08-25,8,04:00,operations.messaging,messaging,0.72,1.02,1.41,1.0,0.8,workload
2026-08-25,9,04:30,operations.messaging,messaging,0.73,1.02,1.41,1.0,0.8,workload
2026-08-25,10,05:00,operations.messaging,messaging,0.83,1.02,1.41,1.0,0.8,workload
2026-08-25,11,05:30,operations.messaging,messaging,1.27,1.02,1.41,1.0,0.8,workload
2026-08-25,12,06:00,operations.messaging,messaging,2.53,1.02,1.41,1.0,0.8,workload
2026-08-25,13,06:30,operations.messaging,messaging,4.59,1.02,1.41,1.0,0.8,workload
2026-08-25,14,07:00,operations.messaging,messaging,6.37,1.02,1.41,1.0,0.8,workload
2026-08-25,15,07:30,operations.messaging,messaging,7.02,1.02,1.41,1.0,0.8,workload
2026-08-25,16,08:00,operations.messaging,messaging,7.49,1.02,1.41,1.0,0.8,workload
2026-08-25,17,08:30,operations.messaging,messaging,9.06,1.02,1.41,1.0,0.8,workload
2026-08-25,18,09:00,operations.messaging,messaging,11.46,1.02,1.41,1.0,0.8,workload
2026-08-25,19,09:30,operations.messaging,messaging,13.4,1.02,1.41,1.0,0.8,workload
2026-08-25,20,10:00,operations.messaging,messaging,13.85,1.02,1.41,1.0,0.8,workload
2026-08-25,21,10:30,operations.messaging,messaging,12.63,1.02,1.41,1.0,0.8,workload
2026-08-25,22,11:00,operations.messaging,messaging,10.32,1.02,1.41,1.0,0.8,workload
2026-08-25,23,11:30,operations.messaging,messaging,7.62,1.02,1.41,1.0,0.8,workload
2026-08-25,24,12:00,operations.messaging,messaging,4.85,1.02,1.41,1.0,0.8,workload
2026-08-25,25,12:30,operations.messaging,messaging,3.31,1.02,1.41,1.0,0.8,workload
2026-08-25,26,13:00,operations.messaging,messaging,4.95,1.02,1.41,1.0,0.8,workload
2026-08-25,27,13:30,operations.messaging,messaging,8.42,1.02,1.41,1.0,0.8,workload
2026-08-25,28,14:00,operations.messaging,messaging,10.87,1.02,1.41,1.0,0.8,workload
2026-08-25,29,14:30,operations.messaging,messaging,11.68,1.02,1.41,1.0,0.8,workload
2026-08-25,30,15:00,operations.messaging,messaging,11.24,1.02,1.41,1.0,0.8,workload
2026-08-25,31,15:30,operations.messaging,messaging,9.99,1.02,1.41,1.0,0.8,workload
2026-08-25,32,16:00,operations.messaging,messaging,8.39,1.02,1.41,1.0,0.8,workload
2026-08-25,33,16:30,operations.messaging,messaging,6.91,1.02,1.41,1.0,0.8,workload
2026-08-25,34,17:00,operations.messaging,messaging,5.82,1.02,1.41,1.0,0.8,workload
2026-08-25,35,17:30,operations.messaging,messaging,5.15,1.02,1.41,1.0,0.8,workload
2026-08-25,36,18:00,operations.messaging,messaging,4.75,1.02,1.41,1.0,0.8,workload
2026-08-25,37,18:30,operations.messaging,messaging,4.41,1.02,1.41,1.0,0.8,workload
2026-08-25,38,19:00,operations.messaging,messaging,4.0,1.02,1.41,1.0,0.8,workload
2026-08-25,39,19:30,operations.messaging,messaging,3.46,1.02,1.41,1.0,0.8,workload
2026-08-25,40,20:00,operations.messaging,messaging,2.85,1.02,1.41,1.0,0.8,workload
2026-08-25,41,20:30,operations.messaging,messaging,2.25,1.02,1.41,1.0,0.8,workload
2026-08-25,42,21:00,operations.messaging,messaging,1.72,1.02,1.41,1.0,0.8,workload
2026-08-25,43,21:30,operations.messaging,messaging,1.33,1.02,1.41,1.0,0.8,workload
2026-08-25,44,22:00,operations.messaging,messaging,1.06,1.02,1.41,1.0,0.8,workload
2026-08-25,45,22:30,operations.messaging,messaging,0.89,1.02,1.41,1.0,0.8,workload
2026-08-25,46,23:00,operations.messaging,messaging,0.8,1.02,1.41,1.0,0.8,workload
2026-08-25,47,23:30,operations.messaging,messaging,0.75,1.02,1.41,1.0,0.8,workload
2026-08-26,0,00:00,operations.messaging,messaging,0.7,1.0,1.38,1.0,0.8,workload
2026-08-26,1,00:30,operations.messaging,messaging,0.7,1.0,1.38,1.0,0.8,workload
2026-08-26,2,01:00,operations.messaging,messaging,0.7,1.0,1.38,1.0,0.8,workload
2026-08-26,3,01:30,operations.messaging,messaging,0.7,1.0,1.38,1.0,0.8,workload
2026-08-26,4,02:00,operations.messaging,messaging,0.7,1.0,1.38,1.0,0.8,workload
2026-08-26,5,02:30,operations.messaging,messaging,0.7,1.0,1.38,1.0,0.8,workload
2026-08-26,6,03:00,operations.messaging,messaging,0.7,1.0,1.38,1.0,0.8,workload
2026-08-26,7,03:30,operations.messaging,messaging,0.7,1.0,1.38,1.0,0.8,workload
2026-08-26,8,04:00,operations.messaging,messaging,0.7,1.0,1.38,1.0,0.8,workload
2026-08-26,9,04:30,operations.messaging,messaging,0.71,1.0,1.38,1.0,0.8,workload
2026-08-26,10,05:00,operations.messaging,messaging,0.81,1.0,1.38,1.0,0.8,workload
2026-08-26,11,05:30,operations.messaging,messaging,1.24,1.0,1.38,1.0,0.8,workload
2026-08-26,12,06:00,operations.messaging,messaging,2.46,1.0,1.38,1.0,0.8,workload
2026-08-26,13,06:30,operations.messaging,messaging,4.47,1.0,1.38,1.0,0.8,workload
2026-08-26,14,07:00,operations.messaging,messaging,6.2,1.0,1.38,1.0,0.8,workload
2026-08-26,15,07:30,operations.messaging,messaging,6.83,1.0,1.38,1.0,0.8,workload
2026-08-26,16,08:00,operations.messaging,messaging,7.29,1.0,1.38,1.0,0.8,workload
2026-08-26,17,08:30,operations.messaging,messaging,8.82,1.0,1.38,1.0,0.8,workload
2026-08-26,18,09:00,operations.messaging,messaging,11.16,1.0,1.38,1.0,0.8,workload
2026-08-26,19,09:30,operations.messaging,messaging,13.05,1.0,1.38,1.0,0.8,workload
2026-08-26,20,10:00,operations.messaging,messaging,13.49,1.0,1.38,1.0,0.8,workload
2026-08-26,21,10:30,operations.messaging,messaging,12.3,1.0,1.38,1.0,0.8,workload
2026-08-26,22,11:00,operations.messaging,messaging,10.05,1.0,1.38,1.0,0.8,workload
2026-08-26,23,11:30,operations.messaging,messaging,7.42,1.0,1.38,1.0,0.8,workload
2026-08-26,24,12:00,operations.messaging,messaging,4.72,1.0,1.38,1.0,0.8,workload
2026-08-26,25,12:30,operations.messaging,messaging,3.23,1.0,1.38,1.0,0.8,workload
2026-08-26,26,13:00,operations.messaging,messaging,4.82,1.0,1.38,1.0,0.8,workload
2026-08-26,27,13:30,operations.messaging,messaging,8.19,1.0,1.38,1.0,0.8,workload
2026-08-26,28,14:00,operations.messaging,messaging,10.59,1.0,1.38,1.0,0.8,workload
2026-08-26,29,14:30,operations.messaging,messaging,11.37,1.0,1.38,1.0,0.8,workload
2026-08-26,30,15:00,operations.messaging,messaging,10.95,1.0,1.38,1.0,0.8,workload
2026-08-26,31,15:30,operations.messaging,messaging,9.73,1.0,1.38,1.0,0.8,workload
2026-08-26,32,16:00,operations.messaging,messaging,8.17,1.0,1.38,1.0,0.8,workload
2026-08-26,33,16:30,operations.messaging,messaging,6.73,1.0,1.38,1.0,0.8,workload
2026-08-26,34,17:00,operations.messaging,messaging,5.67,1.0,1.38,1.0,0.8,workload
2026-08-26,35,17:30,operations.messaging,messaging,5.01,1.0,1.38,1.0,0.8,workload
2026-08-26,36,18:00,operations.messaging,messaging,4.62,1.0,1.38,1.0,0.8,workload
2026-08-26,37,18:30,operations.messaging,messaging,4.3,1.0,1.38,1.0,0.8,workload
2026-08-26,38,19:00,operations.messaging,messaging,3.89,1.0,1.38,1.0,0.8,workload
2026-08-26,39,19:30,operations.messaging,messaging,3.37,1.0,1.38,1.0,0.8,workload
2026-08-26,40,20:00,operations.messaging,messaging,2.78,1.0,1.38,1.0,0.8,workload
2026-08-26,41,20:30,operations.messaging,messaging,2.19,1.0,1.38,1.0,0.8,workload
2026-08-26,42,21:00,operations.messaging,messaging,1.68,1.0,1.38,1.0,0.8,workload
2026-08-26,43,21:30,operations.messaging,messaging,1.29,1.0,1.38,1.0,0.8,workload
2026-08-26,44,22:00,operations.messaging,messaging,1.03,1.0,1.38,1.0,0.8,workload
2026-08-26,45,22:30,operations.messaging,messaging,0.87,1.0,1.38,1.0,0.8,workload
2026-08-26,46,23:00,operations.messaging,messaging,0.78,1.0,1.38,1.0,0.8,workload
2026-08-26,47,23:30,operations.messaging,messaging,0.73,1.0,1.38,1.0,0.8,workload
2026-08-27,0,00:00,operations.messaging,messaging,0.69,0.97,1.35,1.0,0.8,workload
2026-08-27,1,00:30,operations.messaging,messaging,0.69,0.97,1.35,1.0,0.8,workload
2026-08-27,2,01:00,operations.messaging,messaging,0.69,0.97,1.35,1.0,0.8,workload
2026-08-27,3,01:30,operations.messaging,messaging,0.69,0.97,1.35,1.0,0.8,workload
2026-08-27,4,02:00,operations.messaging,messaging,0.69,0.97,1.35,1.0,0.8,workload
2026-08-27,5,02:30,operations.messaging,messaging,0.69,0.97,1.35,1.0,0.8,workload
2026-08-27,6,03:00,operations.messaging,messaging,0.69,0.97,1.35,1.0,0.8,workload
2026-08-27,7,03:30,operations.messaging,messaging,0.69,0.97,1.35,1.0,0.8,workload
2026-08-27,8,04:00,operations.messaging,messaging,0.69,0.97,1.35,1.0,0.8,workload
2026-08-27,9,04:30,operations.messaging,messaging,0.7,0.97,1.35,1.0,0.8,workload
2026-08-27,10,05:00,operations.messaging,messaging,0.79,0.97,1.35,1.0,0.8,workload
2026-08-27,11,05:30,operations.messaging,messaging,1.21,0.97,1.35,1.0,0.8,workload
2026-08-27,12,06:00,operations.messaging,messaging,2.41,0.97,1.35,1.0,0.8,workload
2026-08-27,13,06:30,operations.messaging,messaging,4.38,0.97,1.35,1.0,0.8,workload
2026-08-27,14,07:00,operations.messaging,messaging,6.08,0.97,1.35,1.0,0.8,workload
2026-08-27,15,07:30,operations.messaging,messaging,6.7,0.97,1.35,1.0,0.8,workload
2026-08-27,16,08:00,operations.messaging,messaging,7.14,0.97,1.35,1.0,0.8,workload
2026-08-27,17,08:30,operations.messaging,messaging,8.64,0.97,1.35,1.0,0.8,workload
2026-08-27,18,09:00,operations.messaging,messaging,10.93,0.97,1.35,1.0,0.8,workload
2026-08-27,19,09:30,operations.messaging,messaging,12.78,0.97,1.35,1.0,0.8,workload
2026-08-27,20,10:00,operations.messaging,messaging,13.21,0.97,1.35,1.0,0.8,workload
2026-08-27,21,10:30,operations.messaging,messaging,12.05,0.97,1.35,1.0,0.8,workload
2026-08-27,22,11:00,operations.messaging,messaging,9.85,0.97,1.35,1.0,0.8,workload
2026-08-27,23,11:30,operations.messaging,messaging,7.27,0.97,1.35,1.0,0.8,workload
2026-08-27,24,12:00,operations.messaging,messaging,4.62,0.97,1.35,1.0,0.8,workload
2026-08-27,25,12:30,operations.messaging,messaging,3.16,0.97,1.35,1.0,0.8,workload
2026-08-27,26,13:00,operations.messaging,messaging,4.72,0.97,1.35,1.0,0.8,workload
2026-08-27,27,13:30,operations.messaging,messaging,8.03,0.97,1.35,1.0,0.8,workload
2026-08-27,28,14:00,operations.messaging,messaging,10.37,0.97,1.35,1.0,0.8,workload
2026-08-27,29,14:30,operations.messaging,messaging,11.14,0.97,1.35,1.0,0.8,workload
2026-08-27,30,15:00,operations.messaging,messaging,10.73,0.97,1.35,1.0,0.8,workload
2026-08-27,31,15:30,operations.messaging,messaging,9.53,0.97,1.35,1.0,0.8,workload
2026-08-27,32,16:00,operations.messaging,messaging,8.01,0.97,1.35,1.0,0.8,workload
2026-08-27,33,16:30,operations.messaging,messaging,6.59,0.97,1.35,1.0,0.8,workload
2026-08-27,34,17:00,operations.messaging,messaging,5.55,0.97,1.35,1.0,0.8,workload
2026-08-27,35,17:30,operations.messaging,messaging,4.91,0.97,1.35,1.0,0.8,workload
2026-08-27,36,18:00,operations.messaging,messaging,4.53,0.97,1.35,1.0,0.8,workload
2026-08-27,37,18:30,operations.messaging,messaging,4.21,0.97,1.35,1.0,0.8,workload
2026-08-27,38,19:00,operations.messaging,messaging,3.81,0.97,1.35,1.0,0.8,workload
2026-08-27,39,19:30,operations.messaging,messaging,3.3,0.97,1.35,1.0,0.8,workload
2026-08-27,40,20:00,operations.messaging,messaging,2.72,0.97,1.35,1.0,0.8,workload
2026-08-27,41,20:30,operations.messaging,messaging,2.14,0.97,1.35,1.0,0.8,workload
2026-08-27,42,21:00,operations.messaging,messaging,1.64,0.97,1.35,1.0,0.8,workload
2026-08-27,43,21:30,operations.messaging,messaging,1.26,0.97,1.35,1.0,0.8,workload
2026-08-27,44,22:00,operations.messaging,messaging,1.01,0.97,1.35,1.0,0.8,workload
2026-08-27,45,22:30,operations.messaging,messaging,0.85,0.97,1.35,1.0,0.8,workload
2026-08-27,46,23:00,operations.messaging,messaging,0.76,0.97,1.35,1.0,0.8,workload
2026-08-27,47,23:30,operations.messaging,messaging,0.72,0.97,1.35,1.0,0.8,workload
2026-08-28,0,00:00,operations.messaging,messaging,0.75,1.06,1.47,1.0,0.8,workload
2026-08-28,1,00:30,operations.messaging,messaging,0.75,1.06,1.47,1.0,0.8,workload
2026-08-28,2,01:00,operations.messaging,messaging,0.75,1.06,1.47,1.0,0.8,workload
2026-08-28,3,01:30,operations.messaging,messaging,0.75,1.06,1.47,1.0,0.8,workload
2026-08-28,4,02:00,operations.messaging,messaging,0.75,1.06,1.47,1.0,0.8,workload
2026-08-28,5,02:30,operations.messaging,messaging,0.75,1.06,1.47,1.0,0.8,workload
2026-08-28,6,03:00,operations.messaging,messaging,0.75,1.06,1.47,1.0,0.8,workload
2026-08-28,7,03:30,operations.messaging,messaging,0.75,1.06,1.47,1.0,0.8,workload
2026-08-28,8,04:00,operations.messaging,messaging,0.75,1.06,1.47,1.0,0.8,workload
2026-08-28,9,04:30,operations.messaging,messaging,0.76,1.06,1.47,1.0,0.8,workload
2026-08-28,10,05:00,operations.messaging,messaging,0.86,1.06,1.47,1.0,0.8,workload
2026-08-28,11,05:30,operations.messaging,messaging,1.32,1.06,1.47,1.0,0.8,workload
2026-08-28,12,06:00,operations.messaging,messaging,2.62,1.06,1.47,1.0,0.8,workload
2026-08-28,13,06:30,operations.messaging,messaging,4.77,1.06,1.47,1.0,0.8,workload
2026-08-28,14,07:00,operations.messaging,messaging,6.62,1.06,1.47,1.0,0.8,workload
2026-08-28,15,07:30,operations.messaging,messaging,7.3,1.06,1.47,1.0,0.8,workload
2026-08-28,16,08:00,operations.messaging,messaging,7.78,1.06,1.47,1.0,0.8,workload
2026-08-28,17,08:30,operations.messaging,messaging,9.41,1.06,1.47,1.0,0.8,workload
2026-08-28,18,09:00,operations.messaging,messaging,11.91,1.06,1.47,1.0,0.8,workload
2026-08-28,19,09:30,operations.messaging,messaging,13.93,1.06,1.47,1.0,0.8,workload
2026-08-28,20,10:00,operations.messaging,messaging,14.4,1.06,1.47,1.0,0.8,workload
2026-08-28,21,10:30,operations.messaging,messaging,13.13,1.06,1.47,1.0,0.8,workload
2026-08-28,22,11:00,operations.messaging,messaging,10.73,1.06,1.47,1.0,0.8,workload
2026-08-28,23,11:30,operations.messaging,messaging,7.92,1.06,1.47,1.0,0.8,workload
2026-08-28,24,12:00,operations.messaging,messaging,5.04,1.06,1.47,1.0,0.8,workload
2026-08-28,25,12:30,operations.messaging,messaging,3.44,1.06,1.47,1.0,0.8,workload
2026-08-28,26,13:00,operations.messaging,messaging,5.15,1.06,1.47,1.0,0.8,workload
2026-08-28,27,13:30,operations.messaging,messaging,8.75,1.06,1.47,1.0,0.8,workload
2026-08-28,28,14:00,operations.messaging,messaging,11.3,1.06,1.47,1.0,0.8,workload
2026-08-28,29,14:30,operations.messaging,messaging,12.14,1.06,1.47,1.0,0.8,workload
2026-08-28,30,15:00,operations.messaging,messaging,11.69,1.06,1.47,1.0,0.8,workload
2026-08-28,31,15:30,operations.messaging,messaging,10.38,1.06,1.47,1.0,0.8,workload
2026-08-28,32,16:00,operations.messaging,messaging,8.72,1.06,1.47,1.0,0.8,workload
2026-08-28,33,16:30,operations.messaging,messaging,7.18,1.06,1.47,1.0,0.8,workload
2026-08-28,34,17:00,operations.messaging,messaging,6.05,1.06,1.47,1.0,0.8,workload
2026-08-28,35,17:30,operations.messaging,messaging,5.35,1.06,1.47,1.0,0.8,workload
2026-08-28,36,18:00,operations.messaging,messaging,4.93,1.06,1.47,1.0,0.8,workload
2026-08-28,37,18:30,operations.messaging,messaging,4.59,1.06,1.47,1.0,0.8,workload
2026-08-28,38,19:00,operations.messaging,messaging,4.16,1.06,1.47,1.0,0.8,workload
2026-08-28,39,19:30,operations.messaging,messaging,3.6,1.06,1.47,1.0,0.8,workload
2026-08-28,40,20:00,operations.messaging,messaging,2.96,1.06,1.47,1.0,0.8,workload
2026-08-28,41,20:30,operations.messaging,messaging,2.33,1.06,1.47,1.0,0.8,workload
2026-08-28,42,21:00,operations.messaging,messaging,1.79,1.06,1.47,1.0,0.8,workload
2026-08-28,43,21:30,operations.messaging,messaging,1.38,1.06,1.47,1.0,0.8,workload
2026-08-28,44,22:00,operations.messaging,messaging,1.1,1.06,1.47,1.0,0.8,workload
2026-08-28,45,22:30,operations.messaging,messaging,0.92,1.06,1.47,1.0,0.8,workload
2026-08-28,46,23:00,operations.messaging,messaging,0.83,1.06,1.47,1.0,0.8,workload
2026-08-28,47,23:30,operations.messaging,messaging,0.78,1.06,1.47,1.0,0.8,workload
2026-08-29,0,00:00,operations.messaging,messaging,0.66,0.94,1.3,1.0,0.8,workload
2026-08-29,1,00:30,operations.messaging,messaging,0.66,0.94,1.3,1.0,0.8,workload
2026-08-29,2,01:00,operations.messaging,messaging,0.66,0.94,1.3,1.0,0.8,workload
2026-08-29,3,01:30,operations.messaging,messaging,0.66,0.94,1.3,1.0,0.8,workload
2026-08-29,4,02:00,operations.messaging,messaging,0.66,0.94,1.3,1.0,0.8,workload
2026-08-29,5,02:30,operations.messaging,messaging,0.66,0.94,1.3,1.0,0.8,workload
2026-08-29,6,03:00,operations.messaging,messaging,0.66,0.94,1.3,1.0,0.8,workload
2026-08-29,7,03:30,operations.messaging,messaging,0.66,0.94,1.3,1.0,0.8,workload
2026-08-29,8,04:00,operations.messaging,messaging,0.66,0.94,1.3,1.0,0.8,workload
2026-08-29,9,04:30,operations.messaging,messaging,0.67,0.94,1.3,1.0,0.8,workload
2026-08-29,10,05:00,operations.messaging,messaging,0.76,0.94,1.3,1.0,0.8,workload
2026-08-29,11,05:30,operations.messaging,messaging,1.17,0.94,1.3,1.0,0.8,workload
2026-08-29,12,06:00,operations.messaging,messaging,2.32,0.94,1.3,1.0,0.8,workload
2026-08-29,13,06:30,operations.messaging,messaging,4.21,0.94,1.3,1.0,0.8,workload
2026-08-29,14,07:00,operations.messaging,messaging,5.84,0.94,1.3,1.0,0.8,workload
2026-08-29,15,07:30,operations.messaging,messaging,6.44,0.94,1.3,1.0,0.8,workload
2026-08-29,16,08:00,operations.messaging,messaging,6.87,0.94,1.3,1.0,0.8,workload
2026-08-29,17,08:30,operations.messaging,messaging,8.3,0.94,1.3,1.0,0.8,workload
2026-08-29,18,09:00,operations.messaging,messaging,10.51,0.94,1.3,1.0,0.8,workload
2026-08-29,19,09:30,operations.messaging,messaging,12.29,0.94,1.3,1.0,0.8,workload
2026-08-29,20,10:00,operations.messaging,messaging,12.7,0.94,1.3,1.0,0.8,workload
2026-08-29,21,10:30,operations.messaging,messaging,11.58,0.94,1.3,1.0,0.8,workload
2026-08-29,22,11:00,operations.messaging,messaging,9.47,0.94,1.3,1.0,0.8,workload
2026-08-29,23,11:30,operations.messaging,messaging,6.99,0.94,1.3,1.0,0.8,workload
2026-08-29,24,12:00,operations.messaging,messaging,4.45,0.94,1.3,1.0,0.8,workload
2026-08-29,25,12:30,operations.messaging,messaging,3.04,0.94,1.3,1.0,0.8,workload
2026-08-29,26,13:00,operations.messaging,messaging,4.54,0.94,1.3,1.0,0.8,workload
2026-08-29,27,13:30,operations.messaging,messaging,7.72,0.94,1.3,1.0,0.8,workload
2026-08-29,28,14:00,operations.messaging,messaging,9.97,0.94,1.3,1.0,0.8,workload
2026-08-29,29,14:30,operations.messaging,messaging,10.71,0.94,1.3,1.0,0.8,workload
2026-08-29,30,15:00,operations.messaging,messaging,10.31,0.94,1.3,1.0,0.8,workload
2026-08-29,31,15:30,operations.messaging,messaging,9.16,0.94,1.3,1.0,0.8,workload
2026-08-29,32,16:00,operations.messaging,messaging,7.7,0.94,1.3,1.0,0.8,workload
2026-08-29,33,16:30,operations.messaging,messaging,6.34,0.94,1.3,1.0,0.8,workload
2026-08-29,34,17:00,operations.messaging,messaging,5.34,0.94,1.3,1.0,0.8,workload
2026-08-29,35,17:30,operations.messaging,messaging,4.72,0.94,1.3,1.0,0.8,workload
2026-08-29,36,18:00,operations.messaging,messaging,4.35,0.94,1.3,1.0,0.8,workload
2026-08-29,37,18:30,operations.messaging,messaging,4.05,0.94,1.3,1.0,0.8,workload
2026-08-29,38,19:00,operations.messaging,messaging,3.67,0.94,1.3,1.0,0.8,workload
2026-08-29,39,19:30,operations.messaging,messaging,3.17,0.94,1.3,1.0,0.8,workload
2026-08-29,40,20:00,operations.messaging,messaging,2.61,0.94,1.3,1.0,0.8,workload
2026-08-29,41,20:30,operations.messaging,messaging,2.06,0.94,1.3,1.0,0.8,workload
2026-08-29,42,21:00,operations.messaging,messaging,1.58,0.94,1.3,1.0,0.8,workload
2026-08-29,43,21:30,operations.messaging,messaging,1.22,0.94,1.3,1.0,0.8,workload
2026-08-29,44,22:00,operations.messaging,messaging,0.97,0.94,1.3,1.0,0.8,workload
2026-08-29,45,22:30,operations.messaging,messaging,0.82,0.94,1.3,1.0,0.8,workload
2026-08-29,46,23:00,operations.messaging,messaging,0.73,0.94,1.3,1.0,0.8,workload
2026-08-29,47,23:30,operations.messaging,messaging,0.69,0.94,1.3,1.0,0.8,workload
2026-08-30,0,00:00,operations.messaging,messaging,0.59,0.84,1.16,1.0,0.8,workload
2026-08-30,1,00:30,operations.messaging,messaging,0.59,0.84,1.16,1.0,0.8,workload
2026-08-30,2,01:00,operations.messaging,messaging,0.59,0.84,1.16,1.0,0.8,workload
2026-08-30,3,01:30,operations.messaging,messaging,0.59,0.84,1.16,1.0,0.8,workload
2026-08-30,4,02:00,operations.messaging,messaging,0.59,0.84,1.16,1.0,0.8,workload
2026-08-30,5,02:30,operations.messaging,messaging,0.59,0.84,1.16,1.0,0.8,workload
2026-08-30,6,03:00,operations.messaging,messaging,0.59,0.84,1.16,1.0,0.8,workload
2026-08-30,7,03:30,operations.messaging,messaging,0.59,0.84,1.16,1.0,0.8,workload
2026-08-30,8,04:00,operations.messaging,messaging,0.59,0.84,1.16,1.0,0.8,workload
2026-08-30,9,04:30,operations.messaging,messaging,0.6,0.84,1.16,1.0,0.8,workload
2026-08-30,10,05:00,operations.messaging,messaging,0.68,0.84,1.16,1.0,0.8,workload
2026-08-30,11,05:30,operations.messaging,messaging,1.05,0.84,1.16,1.0,0.8,workload
2026-08-30,12,06:00,operations.messaging,messaging,2.08,0.84,1.16,1.0,0.8,workload
2026-08-30,13,06:30,operations.messaging,messaging,3.78,0.84,1.16,1.0,0.8,workload
2026-08-30,14,07:00,operations.messaging,messaging,5.24,0.84,1.16,1.0,0.8,workload
2026-08-30,15,07:30,operations.messaging,messaging,5.78,0.84,1.16,1.0,0.8,workload
2026-08-30,16,08:00,operations.messaging,messaging,6.16,0.84,1.16,1.0,0.8,workload
2026-08-30,17,08:30,operations.messaging,messaging,7.45,0.84,1.16,1.0,0.8,workload
2026-08-30,18,09:00,operations.messaging,messaging,9.43,0.84,1.16,1.0,0.8,workload
2026-08-30,19,09:30,operations.messaging,messaging,11.03,0.84,1.16,1.0,0.8,workload
2026-08-30,20,10:00,operations.messaging,messaging,11.4,0.84,1.16,1.0,0.8,workload
2026-08-30,21,10:30,operations.messaging,messaging,10.39,0.84,1.16,1.0,0.8,workload
2026-08-30,22,11:00,operations.messaging,messaging,8.5,0.84,1.16,1.0,0.8,workload
2026-08-30,23,11:30,operations.messaging,messaging,6.27,0.84,1.16,1.0,0.8,workload
2026-08-30,24,12:00,operations.messaging,messaging,3.99,0.84,1.16,1.0,0.8,workload
2026-08-30,25,12:30,operations.messaging,messaging,2.73,0.84,1.16,1.0,0.8,workload
2026-08-30,26,13:00,operations.messaging,messaging,4.08,0.84,1.16,1.0,0.8,workload
2026-08-30,27,13:30,operations.messaging,messaging,6.92,0.84,1.16,1.0,0.8,workload
2026-08-30,28,14:00,operations.messaging,messaging,8.95,0.84,1.16,1.0,0.8,workload
2026-08-30,29,14:30,operations.messaging,messaging,9.61,0.84,1.16,1.0,0.8,workload
2026-08-30,30,15:00,operations.messaging,messaging,9.25,0.84,1.16,1.0,0.8,workload
2026-08-30,31,15:30,operations.messaging,messaging,8.22,0.84,1.16,1.0,0.8,workload
2026-08-30,32,16:00,operations.messaging,messaging,6.91,0.84,1.16,1.0,0.8,workload
2026-08-30,33,16:30,operations.messaging,messaging,5.69,0.84,1.16,1.0,0.8,workload
2026-08-30,34,17:00,operations.messaging,messaging,4.79,0.84,1.16,1.0,0.8,workload
2026-08-30,35,17:30,operations.messaging,messaging,4.24,0.84,1.16,1.0,0.8,workload
2026-08-30,36,18:00,operations.messaging,messaging,3.91,0.84,1.16,1.0,0.8,workload
2026-08-30,37,18:30,operations.messaging,messaging,3.63,0.84,1.16,1.0,0.8,workload
2026-08-30,38,19:00,operations.messaging,messaging,3.29,0.84,1.16,1.0,0.8,workload
2026-08-30,39,19:30,operations.messaging,messaging,2.85,0.84,1.16,1.0,0.8,workload
2026-08-30,40,20:00,operations.messaging,messaging,2.35,0.84,1.16,1.0,0.8,workload
2026-08-30,41,20:30,operations.messaging,messaging,1.85,0.84,1.16,1.0,0.8,workload
2026-08-30,42,21:00,operations.messaging,messaging,1.42,0.84,1.16,1.0,0.8,workload
2026-08-30,43,21:30,operations.messaging,messaging,1.09,0.84,1.16,1.0,0.8,workload
2026-08-30,44,22:00,operations.messaging,messaging,0.87,0.84,1.16,1.0,0.8,workload
2026-08-30,45,22:30,operations.messaging,messaging,0.73,0.84,1.16,1.0,0.8,workload
2026-08-30,46,23:00,operations.messaging,messaging,0.66,0.84,1.16,1.0,0.8,workload
2026-08-30,47,23:30,operations.messaging,messaging,0.62,0.84,1.16,1.0,0.8,workload
2026-08-17,0,00:00,quality.voice,voice,0.78,1.0,1.38,0.8106,0.1963,none
2026-08-17,1,00:30,quality.voice,voice,0.78,1.0,1.38,0.8106,0.1963,none
2026-08-17,2,01:00,quality.voice,voice,0.78,1.0,1.38,0.8106,0.1963,none
2026-08-17,3,01:30,quality.voice,voice,0.78,1.0,1.38,0.8106,0.1963,none
2026-08-17,4,02:00,quality.voice,voice,0.78,1.0,1.38,0.8106,0.1963,none
2026-08-17,5,02:30,quality.voice,voice,0.78,1.0,1.38,0.8106,0.1963,none
2026-08-17,6,03:00,quality.voice,voice,0.78,1.0,1.38,0.8106,0.1963,none
2026-08-17,7,03:30,quality.voice,voice,0.79,1.0,1.38,0.8105,0.1964,none
2026-08-17,8,04:00,quality.voice,voice,0.79,1.0,1.38,0.8101,0.1968,none
2026-08-17,9,04:30,quality.voice,voice,0.8,1.0,1.38,0.8065,0.2005,none
2026-08-17,10,05:00,quality.voice,voice,0.91,2.0,2.77,0.9786,0.1134,service_level
2026-08-17,11,05:30,quality.voice,voice,1.39,2.0,2.77,0.9521,0.1739,service_level
2026-08-17,12,06:00,quality.voice,voice,2.76,2.0,2.77,0.8331,0.3449,service_level
2026-08-17,13,06:30,quality.voice,voice,5.01,3.0,4.15,0.8552,0.4178,service_level
2026-08-17,14,07:00,quality.voice,voice,6.96,4.0,5.54,0.8947,0.435,service_level
2026-08-17,15,07:30,quality.voice,voice,7.67,4.0,5.54,0.8593,0.4794,service_level
2026-08-17,16,08:00,quality.voice,voice,8.18,4.0,5.54,0.8302,0.5113,service_level
2026-08-17,17,08:30,quality.voice,voice,9.89,5.0,6.92,0.8875,0.4948,service_level
2026-08-17,18,09:00,quality.voice,voice,12.51,6.0,8.31,0.8971,0.5217,service_level
2026-08-17,19,09:30,quality.voice,voice,14.63,6.0,8.31,0.8119,0.6101,service_level
2026-08-17,20,10:00,quality.voice,voice,15.13,7.0,9.69,0.9073,0.5405,service_level
2026-08-17,21,10:30,quality.voice,voice,13.79,6.0,8.31,0.8497,0.575,service_level
2026-08-17,22,11:00,quality.voice,voice,11.28,5.0,6.92,0.8239,0.5641,service_level
2026-08-17,23,11:30,quality.voice,voice,8.32,4.0,5.54,0.8213,0.5204,service_level
2026-08-17,24,12:00,quality.voice,voice,5.29,3.0,4.15,0.8348,0.4414,service_level
2026-08-17,25,12:30,quality.voice,voice,3.62,3.0,4.15,0.9352,0.3018,service_level
2026-08-17,26,13:00,quality.voice,voice,5.41,3.0,4.15,0.8262,0.451,service_level
2026-08-17,27,13:30,quality.voice,voice,9.19,5.0,6.92,0.9132,0.4598,service_level
2026-08-17,28,14:00,quality.voice,voice,11.87,6.0,8.31,0.9166,0.495,service_level
2026-08-17,29,14:30,quality.voice,voice,12.75,6.0,8.31,0.8891,0.5317,service_level
2026-08-17,30,15:00,quality.voice,voice,12.28,6.0,8.31,0.9046,0.5119,service_level
2026-08-17,31,15:30,quality.voice,voice,10.91,5.0,6.92,0.8423,0.5459,service_level
2026-08-17,32,16:00,quality.voice,voice,9.17,5.0,6.92,0.914,0.4586,service_level
2026-08-17,33,16:30,quality.voice,voice,7.55,4.0,5.54,0.8656,0.472,service_level
2026-08-17,34,17:00,quality.voice,voice,6.36,4.0,5.54,0.9201,0.3975,service_level
2026-08-17,35,17:30,quality.voice,voice,5.62,3.0,4.15,0.8095,0.4688,service_level
2026-08-17,36,18:00,quality.voice,voice,5.18,3.0,4.15,0.8429,0.4322,service_level
2026-08-17,37,18:30,quality.voice,voice,4.82,3.0,4.15,0.8683,0.4017,service_level
2026-08-17,38,19:00,quality.voice,voice,4.37,3.0,4.15,0.8965,0.364,service_level
2026-08-17,39,19:30,quality.voice,voice,3.78,3.0,4.15,0.9277,0.3153,service_level
2026-08-17,40,20:00,quality.voice,voice,3.11,3.0,4.15,0.956,0.2595,service_level
2026-08-17,41,20:30,quality.voice,voice,2.45,2.0,2.77,0.8646,0.3067,service_level
2026-08-17,42,21:00,quality.voice,voice,1.88,2.0,2.77,0.9162,0.2354,service_level
2026-08-17,43,21:30,quality.voice,voice,1.45,2.0,2.77,0.9484,0.1811,service_level
2026-08-17,44,22:00,quality.voice,voice,1.15,2.0,2.77,0.9664,0.1441,service_level
2026-08-17,45,22:30,quality.voice,voice,0.97,2.0,2.77,0.9756,0.1215,service_level
2026-08-17,46,23:00,quality.voice,voice,0.87,2.0,2.77,0.9802,0.109,service_level
2026-08-17,47,23:30,quality.voice,voice,0.82,1.0,1.38,0.8015,0.2057,none
2026-08-18,0,00:00,quality.voice,voice,0.73,1.0,1.38,0.8243,0.1822,none
2026-08-18,1,00:30,quality.voice,voice,0.73,1.0,1.38,0.8243,0.1822,none
2026-08-18,2,01:00,quality.voice,voice,0.73,1.0,1.38,0.8243,0.1822,none
2026-08-18,3,01:30,quality.voice,voice,0.73,1.0,1.38,0.8243,0.1822,none
2026-08-18,4,02:00,quality.voice,voice,0.73,1.0,1.38,0.8243,0.1822,none
2026-08-18,5,02:30,quality.voice,voice,0.73,1.0,1.38,0.8243,0.1822,none
2026-08-18,6,03:00,quality.voice,voice,0.73,1.0,1.38,0.8243,0.1822,none
2026-08-18,7,03:30,quality.voice,voice,0.73,1.0,1.38,0.8242,0.1823,none
2026-08-18,8,04:00,quality.voice,voice,0.73,1.0,1.38,0.8239,0.1826,none
2026-08-18,9,04:30,quality.voice,voice,0.74,1.0,1.38,0.8205,0.1861,none
2026-08-18,10,05:00,quality.voice,voice,0.84,2.0,2.77,0.9815,0.1053,service_level
2026-08-18,11,05:30,quality.voice,voice,1.29,2.0,2.77,0.9584,0.1614,service_level
2026-08-18,12,06:00,quality.voice,voice,2.56,2.0,2.77,0.8539,0.3201,service_level
2026-08-18,13,06:30,quality.voice,voice,4.65,3.0,4.15,0.8792,0.3878,service_level
2026-08-18,14,07:00,quality.voice,voice,6.46,4.0,5.54,0.9161,0.4037,service_level
2026-08-18,15,07:30,quality.voice,voice,7.12,4.0,5.54,0.8873,0.4449,service_level
2026-08-18,16,08:00,quality.voice,voice,7.59,4.0,5.54,0.8635,0.4746,service_level
2026-08-18,17,08:30,quality.voice,voice,9.18,5.0,6.92,0.9136,0.4592,service_level
2026-08-18,18,09:00,quality.voice,voice,11.61,5.0,6.92,0.8056,0.581,service_level
2026-08-18,19,09:30,quality.voice,voice,13.58,6.0,8.31,0.8583,0.5663,service_level
2026-08-18,20,10:00,quality.voice,voice,14.04,6.0,8.31,0.8392,0.5853,service_level
2026-08-18,21,10:30,quality.voice,voice,12.8,6.0,8.31,0.8875,0.5337,service_level
2026-08-18,22,11:00,quality.voice,voice,10.47,5.0,6.92,0.8632,0.5235,service_level
2026-08-18,23,11:30,quality.voice,voice,7.72,4.0,5.54,0.8562,0.483,service_level
2026-08-18,24,12:00,quality.voice,voice,4.91,3.0,4.15,0.8619,0.4097,service_level
2026-08-18,25,12:30,quality.voice,voice,3.36,3.0,4.15,0.9465,0.2801,service_level
2026-08-18,26,13:00,quality.voice,voice,5.02,3.0,4.15,0.8546,0.4186,service_level
2026-08-18,27,13:30,quality.voice,voice,8.53,4.0,5.54,0.8081,0.5334,service_level
2026-08-18,28,14:00,quality.voice,voice,11.02,5.0,6.92,0.8369,0.5514,service_level
2026-08-18,29,14:30,quality.voice,voice,11.84,6.0,8.31,0.9177,0.4935,service_level
2026-08-18,30,15:00,quality.voice,voice,11.4,5.0,6.92,0.8175,0.5702,service_level
2026-08-18,31,15:30,quality.voice,voice,10.13,5.0,6.92,0.8779,0.5066,service_level
2026-08-18,32,16:00,quality.voice,voice,8.51,4.0,5.54,0.8095,0.5321,service_level
2026-08-18,33,16:30,quality.voice,voice,7.01,4.0,5.54,0.8925,0.4381,service_level
2026-08-18,34,17:00,quality.voice,voice,5.9,4.0,5.54,0.9366,0.3689,service_level
2026-08-18,35,17:30,quality.voice,voice,5.22,3.0,4.15,0.8404,0.4351,service_level
2026-08-18,36,18:00,quality.voice,voice,4.81,3.0,4.15,0.8688,0.4011,service_level
2026-08-18,37,18:30,quality.voice,voice,4.47,3.0,4.15,0.8902,0.3728,service_level
2026-08-18,38,19:00,quality.voice,voice,4.05,3.0,4.15,0.914,0.3379,service_level
2026-08-18,39,19:30,quality.voice,voice,3.51,3.0,4.15,0.9401,0.2926,service_level
2026-08-18,40,20:00,quality.voice,voice,2.89,2.0,2.77,0.8188,0.3613,service_level
2026-08-18,41,20:30,quality.voice,voice,2.28,2.0,2.77,0.8816,0.2847,service_level
2026-08-18,42,21:00,quality.voice,voice,1.75,2.0,2.77,0.9269,0.2185,service_level
2026-08-18,43,21:30,quality.voice,voice,1.34,2.0,2.77,0.9551,0.1681,service_level
2026-08-18,44,22:00,quality.voice,voice,1.07,2.0,2.77,0.9708,0.1337,service_level
2026-08-18,45,22:30,quality.voice,voice,0.9,2.0,2.77,0.9789,0.1128,service_level
2026-08-18,46,23:00,quality.voice,voice,0.81,1.0,1.38,0.8046,0.2024,none
2026-08-18,47,23:30,quality.voice,voice,0.76,1.0,1.38,0.8159,0.1909,none
2026-08-19,0,00:00,quality.voice,voice,0.71,1.0,1.38,0.8297,0.1767,none
2026-08-19,1,00:30,quality.voice,voice,0.71,1.0,1.38,0.8297,0.1767,none
2026-08-19,2,01:00,quality.voice,voice,0.71,1.0,1.38,0.8297,0.1767,none
2026-08-19,3,01:30,quality.voice,voice,0.71,1.0,1.38,0.8297,0.1767,none
2026-08-19,4,02:00,quality.voice,voice,0.71,1.0,1.38,0.8297,0.1767,none
2026-08-19,5,02:30,quality.voice,voice,0.71,1.0,1.38,0.8297,0.1767,none
2026-08-19,6,03:00,quality.voice,voice,0.71,1.0,1.38,0.8297,0.1767,none
2026-08-19,7,03:30,quality.voice,voice,0.71,1.0,1.38,0.8296,0.1767,none
2026-08-19,8,04:00,quality.voice,voice,0.71,1.0,1.38,0.8293,0.1771,none
2026-08-19,9,04:30,quality.voice,voice,0.72,1.0,1.38,0.826,0.1804,none
2026-08-19,10,05:00,quality.voice,voice,0.82,1.0,1.38,0.8029,0.2042,none
2026-08-19,11,05:30,quality.voice,voice,1.25,2.0,2.77,0.9607,0.1565,service_level
2026-08-19,12,06:00,quality.voice,voice,2.48,2.0,2.77,0.8617,0.3103,service_level
2026-08-19,13,06:30,quality.voice,voice,4.51,3.0,4.15,0.888,0.3759,service_level
2026-08-19,14,07:00,quality.voice,voice,6.26,4.0,5.54,0.9237,0.3914,service_level
2026-08-19,15,07:30,quality.voice,voice,6.9,4.0,5.54,0.8974,0.4314,service_level
2026-08-19,16,08:00,quality.voice,voice,7.36,4.0,5.54,0.8754,0.4601,service_level
2026-08-19,17,08:30,quality.voice,voice,8.9,5.0,6.92,0.9227,0.4452,service_level
2026-08-19,18,09:00,quality.voice,voice,11.26,5.0,6.92,0.8247,0.5633,service_level
2026-08-19,19,09:30,quality.voice,voice,13.17,6.0,8.31,0.8743,0.549,service_level
2026-08-19,20,10:00,quality.voice,voice,13.61,6.0,8.31,0.8571,0.5674,service_level
2026-08-19,21,10:30,quality.voice,voice,12.41,6.0,8.31,0.9005,0.5174,service_level
2026-08-19,22,11:00,quality.voice,voice,10.15,5.0,6.92,0.8771,0.5076,service_level
2026-08-19,23,11:30,quality.voice,voice,7.49,4.0,5.54,0.8687,0.4683,service_level
2026-08-19,24,12:00,quality.voice,voice,4.76,3.0,4.15,0.8719,0.3972,service_level
2026-08-19,25,12:30,quality.voice,voice,3.26,3.0,4.15,0.9506,0.2715,service_level
2026-08-19,26,13:00,quality.voice,voice,4.87,3.0,4.15,0.865,0.4058,service_level
2026-08-19,27,13:30,quality.voice,voice,8.27,4.0,5.54,0.8245,0.5172,service_level
2026-08-19,28,14:00,quality.voice,voice,10.69,5.0,6.92,0.8532,0.5345,service_level
2026-08-19,29,14:30,quality.voice,voice,11.48,5.0,6.92,0.8133,0.5741,service_level
2026-08-19,30,15:00,quality.voice,voice,11.05,5.0,6.92,0.8355,0.5528,service_level
2026-08-19,31,15:30,quality.voice,voice,9.82,5.0,6.92,0.8904,0.4912,service_level
2026-08-19,32,16:00,quality.voice,voice,8.25,4.0,5.54,0.8258,0.5158,service_level
2026-08-19,33,16:30,quality.voice,voice,6.79,4.0,5.54,0.9021,0.4247,service_level
2026-08-19,34,17:00,quality.voice,voice,5.72,3.0,4.15,0.8017,0.4769,service_level
2026-08-19,35,17:30,quality.voice,voice,5.06,3.0,4.15,0.8518,0.4218,service_level
2026-08-19,36,18:00,quality.voice,voice,4.66,3.0,4.15,0.8783,0.3889,service_level
2026-08-19,37,18:30,quality.voice,voice,4.34,3.0,4.15,0.8983,0.3615,service_level
2026-08-19,38,19:00,quality.voice,voice,3.93,3.0,4.15,0.9204,0.3276,service_level
2026-08-19,39,19:30,quality.voice,voice,3.4,3.0,4.15,0.9447,0.2837,service_level
2026-08-19,40,20:00,quality.voice,voice,2.8,2.0,2.77,0.8284,0.3503,service_level
2026-08-19,41,20:30,quality.voice,voice,2.21,2.0,2.77,0.888,0.276,service_level
2026-08-19,42,21:00,quality.voice,voice,1.69,2.0,2.77,0.9309,0.2119,service_level
2026-08-19,43,21:30,quality.voice,voice,1.3,2.0,2.77,0.9576,0.1629,service_level
2026-08-19,44,22:00,quality.voice,voice,1.04,2.0,2.77,0.9725,0.1297,service_level
2026-08-19,45,22:30,quality.voice,voice,0.87,2.0,2.77,0.9801,0.1093,service_level
2026-08-19,46,23:00,quality.voice,voice,0.78,1.0,1.38,0.8107,0.1962,none
2026-08-19,47,23:30,quality.voice,voice,0.74,1.0,1.38,0.8215,0.1851,none
2026-08-20,0,00:00,quality.voice,voice,0.69,1.0,1.38,0.8329,0.1733,none
2026-08-20,1,00:30,quality.voice,voice,0.69,1.0,1.38,0.8329,0.1733,none
2026-08-20,2,01:00,quality.voice,voice,0.69,1.0,1.38,0.8329,0.1733,none
2026-08-20,3,01:30,quality.voice,voice,0.69,1.0,1.38,0.8329,0.1733,none
2026-08-20,4,02:00,quality.voice,voice,0.69,1.0,1.38,0.8329,0.1733,none
2026-08-20,5,02:30,quality.voice,voice,0.69,1.0,1.38,0.8329,0.1733,none
2026-08-20,6,03:00,quality.voice,voice,0.69,1.0,1.38,0.8329,0.1733,none
2026-08-20,7,03:30,quality.voice,voice,0.69,1.0,1.38,0.8329,0.1734,none
2026-08-20,8,04:00,quality.voice,voice,0.69,1.0,1.38,0.8325,0.1737,none
2026-08-20,9,04:30,quality.voice,voice,0.71,1.0,1.38,0.8293,0.177,none
2026-08-20,10,05:00,quality.voice,voice,0.8,1.0,1.38,0.8067,0.2003,none
2026-08-20,11,05:30,quality.voice,voice,1.23,2.0,2.77,0.9621,0.1535,service_level
2026-08-20,12,06:00,quality.voice,voice,2.43,2.0,2.77,0.8664,0.3045,service_level
2026-08-20,13,06:30,quality.voice,voice,4.42,3.0,4.15,0.8931,0.3689,service_level
2026-08-20,14,07:00,quality.voice,voice,6.14,4.0,5.54,0.9281,0.3841,service_level
2026-08-20,15,07:30,quality.voice,voice,6.77,4.0,5.54,0.9031,0.4233,service_level
2026-08-20,16,08:00,quality.voice,voice,7.22,4.0,5.54,0.8823,0.4515,service_level
2026-08-20,17,08:30,quality.voice,voice,8.73,5.0,6.92,0.9278,0.4369,service_level
2026-08-20,18,09:00,quality.voice,voice,11.05,5.0,6.92,0.8355,0.5527,service_level
2026-08-20,19,09:30,quality.voice,voice,12.92,6.0,8.31,0.8833,0.5387,service_level
2026-08-20,20,10:00,quality.voice,voice,13.36,6.0,8.31,0.8672,0.5568,service_level
2026-08-20,21,10:30,quality.voice,voice,12.18,6.0,8.31,0.9077,0.5077,service_level
2026-08-20,22,11:00,quality.voice,voice,9.96,5.0,6.92,0.8849,0.498,service_level
2026-08-20,23,11:30,quality.voice,voice,7.35,4.0,5.54,0.8759,0.4595,service_level
2026-08-20,24,12:00,quality.voice,voice,4.67,3.0,4.15,0.8777,0.3897,service_level
2026-08-20,25,12:30,quality.voice,voice,3.2,3.0,4.15,0.9529,0.2664,service_level
2026-08-20,26,13:00,quality.voice,voice,4.78,3.0,4.15,0.8711,0.3982,service_level
2026-08-20,27,13:30,quality.voice,voice,8.11,4.0,5.54,0.8339,0.5074,service_level
2026-08-20,28,14:00,quality.voice,voice,10.48,5.0,6.92,0.8624,0.5245,service_level
2026-08-20,29,14:30,quality.voice,voice,11.26,5.0,6.92,0.8247,0.5633,service_level
2026-08-20,30,15:00,quality.voice,voice,10.84,5.0,6.92,0.8457,0.5424,service_level
2026-08-20,31,15:30,quality.voice,voice,9.63,5.0,6.92,0.8974,0.482,service_level
2026-08-20,32,16:00,quality.voice,voice,8.09,4.0,5.54,0.8351,0.5061,service_level
2026-08-20,33,16:30,quality.voice,voice,6.66,4.0,5.54,0.9076,0.4167,service_level
2026-08-20,34,17:00,quality.voice,voice,5.61,3.0,4.15,0.8104,0.4679,service_level
2026-08-20,35,17:30,quality.voice,voice,4.96,3.0,4.15,0.8585,0.4139,service_level
2026-08-20,36,18:00,quality.voice,voice,4.58,3.0,4.15,0.8838,0.3816,service_level
2026-08-20,37,18:30,quality.voice,voice,4.25,3.0,4.15,0.9029,0.3547,service_level
2026-08-20,38,19:00,quality.voice,voice,3.85,3.0,4.15,0.9241,0.3214,service_level
2026-08-20,39,19:30,quality.voice,voice,3.34,3.0,4.15,0.9473,0.2784,service_level
2026-08-20,40,20:00,quality.voice,voice,2.75,2.0,2.77,0.8341,0.3437,service_level
2026-08-20,41,20:30,quality.voice,voice,2.17,2.0,2.77,0.8918,0.2708,service_level
2026-08-20,42,21:00,quality.voice,voice,1.66,2.0,2.77,0.9333,0.2079,service_level
2026-08-20,43,21:30,quality.voice,voice,1.28,2.0,2.77,0.9591,0.1599,service_level
2026-08-20,44,22:00,quality.voice,voice,1.02,2.0,2.77,0.9734,0.1272,service_level
2026-08-20,45,22:30,quality.voice,voice,0.86,2.0,2.77,0.9808,0.1073,service_level
2026-08-20,46,23:00,quality.voice,voice,0.77,1.0,1.38,0.8142,0.1925,none
2026-08-20,47,23:30,quality.voice,voice,0.73,1.0,1.38,0.8249,0.1816,none
2026-08-21,0,00:00,quality.voice,voice,0.72,1.0,1.38,0.8271,0.1794,none
2026-08-21,1,00:30,quality.voice,voice,0.72,1.0,1.38,0.8271,0.1794,none
2026-08-21,2,01:00,quality.voice,voice,0.72,1.0,1.38,0.8271,0.1794,none
2026-08-21,3,01:30,quality.voice,voice,0.72,1.0,1.38,0.8271,0.1794,none
2026-08-21,4,02:00,quality.voice,voice,0.72,1.0,1.38,0.8271,0.1794,none
2026-08-21,5,02:30,quality.voice,voice,0.72,1.0,1.38,0.8271,0.1794,none
2026-08-21,6,03:00,quality.voice,voice,0.72,1.0,1.38,0.8271,0.1794,none
2026-08-21,7,03:30,quality.voice,voice,0.72,1.0,1.38,0.827,0.1794,none
2026-08-21,8,04:00,quality.voice,voice,0.72,1.0,1.38,0.8267,0.1798,none
2026-08-21,9,04:30,quality.voice,voice,0.73,1.0,1.38,0.8233,0.1832,none
2026-08-21,10,05:00,quality.voice,voice,0.83,2.0,2.77,0.982,0.1036,service_level
2026-08-21,11,05:30,quality.voice,voice,1.27,2.0,2.77,0.9596,0.1589,service_level
2026-08-21,12,06:00,quality.voice,voice,2.52,2.0,2.77,0.8579,0.3151,service_level
2026-08-21,13,06:30,quality.voice,voice,4.58,3.0,4.15,0.8837,0.3817,service_level
2026-08-21,14,07:00,quality.voice,voice,6.36,4.0,5.54,0.9201,0.3974,service_level
2026-08-21,15,07:30,quality.voice,voice,7.0,4.0,5.54,0.8925,0.438,service_level
2026-08-21,16,08:00,quality.voice,voice,7.47,4.0,5.54,0.8697,0.4672,service_level
2026-08-21,17,08:30,quality.voice,voice,9.04,5.0,6.92,0.9183,0.4521,service_level
2026-08-21,18,09:00,quality.voice,voice,11.43,5.0,6.92,0.8156,0.5719,service_level
2026-08-21,19,09:30,quality.voice,voice,13.37,6.0,8.31,0.8667,0.5574,service_level
2026-08-21,20,10:00,quality.voice,voice,13.82,6.0,8.31,0.8486,0.5761,service_level
2026-08-21,21,10:30,quality.voice,voice,12.6,6.0,8.31,0.8943,0.5253,service_level
2026-08-21,22,11:00,quality.voice,voice,10.3,5.0,6.92,0.8705,0.5153,service_level
2026-08-21,23,11:30,quality.voice,voice,7.6,4.0,5.54,0.8627,0.4755,service_level
2026-08-21,24,12:00,quality.voice,voice,4.84,3.0,4.15,0.8671,0.4033,service_level
2026-08-21,25,12:30,quality.voice,voice,3.31,3.0,4.15,0.9486,0.2757,service_level
2026-08-21,26,13:00,quality.voice,voice,4.94,3.0,4.15,0.86,0.412,service_level
2026-08-21,27,13:30,quality.voice,voice,8.4,4.0,5.54,0.8166,0.5251,service_level
2026-08-21,28,14:00,quality.voice,voice,10.85,5.0,6.92,0.8454,0.5427,service_level
2026-08-21,29,14:30,quality.voice,voice,11.65,5.0,6.92,0.8036,0.5829,service_level
2026-08-21,30,15:00,quality.voice,voice,11.22,5.0,6.92,0.8269,0.5612,service_level
2026-08-21,31,15:30,quality.voice,voice,9.97,5.0,6.92,0.8844,0.4987,service_level
2026-08-21,32,16:00,quality.voice,voice,8.38,4.0,5.54,0.818,0.5237,service_level
2026-08-21,33,16:30,quality.voice,voice,6.9,4.0,5.54,0.8975,0.4312,service_level
2026-08-21,34,17:00,quality.voice,voice,5.81,4.0,5.54,0.9397,0.3631,service_level
2026-08-21,35,17:30,quality.voice,voice,5.14,3.0,4.15,0.8463,0.4283,service_level
2026-08-21,36,18:00,quality.voice,voice,4.74,3.0,4.15,0.8737,0.3949,service_level
2026-08-21,37,18:30,quality.voice,voice,4.4,3.0,4.15,0.8944,0.367,service_level
2026-08-21,38,19:00,quality.voice,voice,3.99,3.0,4.15,0.9173,0.3326,service_level
2026-08-21,39,19:30,quality.voice,voice,3.45,3.0,4.15,0.9425,0.2881,service_level
2026-08-21,40,20:00,quality.voice,voice,2.84,2.0,2.77,0.8237,0.3557,service_level
2026-08-21,41,20:30,quality.voice,voice,2.24,2.0,2.77,0.8849,0.2802,service_level
2026-08-21,42,21:00,quality.voice,voice,1.72,2.0,2.77,0.929,0.2151,service_level
2026-08-21,43,21:30,quality.voice,voice,1.32,2.0,2.77,0.9564,0.1654,service_level
2026-08-21,44,22:00,quality.voice,voice,1.05,2.0,2.77,0.9716,0.1316,service_level
2026-08-21,45,22:30,quality.voice,voice,0.89,2.0,2.77,0.9795,0.111,service_level
2026-08-21,46,23:00,quality.voice,voice,0.8,1.0,1.38,0.8077,0.1992,none
2026-08-21,47,23:30,quality.voice,voice,0.75,1.0,1.38,0.8188,0.1879,none
2026-08-22,0,00:00,quality.voice,voice,0.55,1.0,1.38,0.8671,0.1381,none
2026-08-22,1,00:30,quality.voice,voice,0.55,1.0,1.38,0.8671,0.1381,none
2026-08-22,2,01:00,quality.voice,voice,0.55,1.0,1.38,0.8671,0.1381,none
2026-08-22,3,01:30,quality.voice,voice,0.55,1.0,1.38,0.8671,0.1381,none
2026-08-22,4,02:00,quality.voice,voice,0.55,1.0,1.38,0.8671,0.1381,none
2026-08-22,5,02:30,quality.voice,voice,0.55,1.0,1.38,0.8671,0.1381,none
2026-08-22,6,03:00,quality.voice,voice,0.55,1.0,1.38,0.8671,0.1381,none
2026-08-22,7,03:30,quality.voice,voice,0.55,1.0,1.38,0.8671,0.1381,none
2026-08-22,8,04:00,quality.voice,voice,0.55,1.0,1.38,0.8668,0.1384,none
2026-08-22,9,04:30,quality.voice,voice,0.56,1.0,1.38,0.8643,0.141,none
2026-08-22,10,05:00,quality.voice,voice,0.64,1.0,1.38,0.8463,0.1595,none
2026-08-22,11,05:30,quality.voice,voice,0.98,2.0,2.77,0.9753,0.1223,service_level
2026-08-22,12,06:00,quality.voice,voice,1.94,2.0,2.77,0.9115,0.2425,service_level
2026-08-22,13,06:30,quality.voice,voice,3.52,3.0,4.15,0.9395,0.2938,service_level
2026-08-22,14,07:00,quality.voice,voice,4.89,3.0,4.15,0.8634,0.4079,service_level
2026-08-22,15,07:30,quality.voice,voice,5.39,3.0,4.15,0.8275,0.4495,service_level
2026-08-22,16,08:00,quality.voice,voice,5.75,4.0,5.54,0.9415,0.3596,service_level
2026-08-22,17,08:30,quality.voice,voice,6.96,4.0,5.54,0.8948,0.4349,service_level
2026-08-22,18,09:00,quality.voice,voice,8.8,5.0,6.92,0.9257,0.4402,service_level
2026-08-22,19,09:30,quality.voice,voice,10.29,5.0,6.92,0.8709,0.5148,service_level
2026-08-22,20,10:00,quality.voice,voice,10.64,5.0,6.92,0.8554,0.5321,service_level
2026-08-22,21,10:30,quality.voice,voice,9.7,5.0,6.92,0.895,0.4852,service_level
2026-08-22,22,11:00,quality.voice,voice,7.93,4.0,5.54,0.8447,0.4958,service_level
2026-08-22,23,11:30,quality.voice,voice,5.85,4.0,5.54,0.9382,0.366,service_level
2026-08-22,24,12:00,quality.voice,voice,3.72,3.0,4.15,0.9305,0.3104,service_level
2026-08-22,25,12:30,quality.voice,voice,2.55,2.0,2.77,0.8553,0.3183,service_level
2026-08-22,26,13:00,quality.voice,voice,3.8,3.0,4.15,0.9266,0.3171,service_level
2026-08-22,27,13:30,quality.voice,voice,6.46,4.0,5.54,0.9158,0.4042,service_level
2026-08-22,28,14:00,quality.voice,voice,8.35,4.0,5.54,0.8195,0.5222,service_level
2026-08-22,29,14:30,quality.voice,voice,8.97,5.0,6.92,0.9205,0.4486,service_level
2026-08-22,30,15:00,quality.voice,voice,8.63,4.0,5.54,0.8013,0.54,service_level
2026-08-22,31,15:30,quality.voice,voice,7.67,4.0,5.54,0.859,0.4798,service_level
2026-08-22,32,16:00,quality.voice,voice,6.45,4.0,5.54,0.9165,0.4031,service_level
2026-08-22,33,16:30,quality.voice,voice,5.31,3.0,4.15,0.8338,0.4426,service_level
2026-08-22,34,17:00,quality.voice,voice,4.47,3.0,4.15,0.8904,0.3727,service_level
2026-08-22,35,17:30,quality.voice,voice,3.95,3.0,4.15,0.9191,0.3297,service_level
2026-08-22,36,18:00,quality.voice,voice,3.65,3.0,4.15,0.9341,0.3039,service_level
2026-08-22,37,18:30,quality.voice,voice,3.39,3.0,4.15,0.9453,0.2825,service_level
2026-08-22,38,19:00,quality.voice,voice,3.07,3.0,4.15,0.9575,0.256,service_level
2026-08-22,39,19:30,quality.voice,voice,2.66,2.0,2.77,0.8436,0.3326,service_level
2026-08-22,40,20:00,quality.voice,voice,2.19,2.0,2.77,0.8897,0.2738,service_level
2026-08-22,41,20:30,quality.voice,voice,1.72,2.0,2.77,0.9286,0.2157,service_level
2026-08-22,42,21:00,quality.voice,voice,1.32,2.0,2.77,0.9563,0.1656,service_level
2026-08-22,43,21:30,quality.voice,voice,1.02,2.0,2.77,0.9734,0.1273,service_level
2026-08-22,44,22:00,quality.voice,voice,0.81,1.0,1.38,0.8044,0.2027,none
2026-08-22,45,22:30,quality.voice,voice,0.68,1.0,1.38,0.8353,0.1709,none
2026-08-22,46,23:00,quality.voice,voice,0.61,1.0,1.38,0.8523,0.1534,none
2026-08-22,47,23:30,quality.voice,voice,0.58,1.0,1.38,0.8608,0.1446,none
2026-08-23,0,00:00,quality.voice,voice,0.44,1.0,1.38,0.8939,0.1104,none
2026-08-23,1,00:30,quality.voice,voice,0.44,1.0,1.38,0.8939,0.1104,none
2026-08-23,2,01:00,quality.voice,voice,0.44,1.0,1.38,0.8939,0.1104,none
2026-08-23,3,01:30,quality.voice,voice,0.44,1.0,1.38,0.8939,0.1104,none
2026-08-23,4,02:00,quality.voice,voice,0.44,1.0,1.38,0.8939,0.1104,none
2026-08-23,5,02:30,quality.voice,voice,0.44,1.0,1.38,0.8939,0.1104,none
2026-08-23,6,03:00,quality.voice,voice,0.44,1.0,1.38,0.8939,0.1104,none
2026-08-23,7,03:30,quality.voice,voice,0.44,1.0,1.38,0.8939,0.1104,none
2026-08-23,8,04:00,quality.voice,voice,0.44,1.0,1.38,0.8937,0.1106,none
2026-08-23,9,04:30,quality.voice,voice,0.45,1.0,1.38,0.8916,0.1127,none
2026-08-23,10,05:00,quality.voice,voice,0.51,1.0,1.38,0.8773,0.1275,none
2026-08-23,11,05:30,quality.voice,voice,0.78,1.0,1.38,0.8113,0.1955,none
2026-08-23,12,06:00,quality.voice,voice,1.55,2.0,2.77,0.9414,0.1939,service_level
2026-08-23,13,06:30,quality.voice,voice,2.82,2.0,2.77,0.8267,0.3523,service_level
2026-08-23,14,07:00,quality.voice,voice,3.91,3.0,4.15,0.9213,0.3261,service_level
2026-08-23,15,07:30,quality.voice,voice,4.31,3.0,4.15,0.8998,0.3593,service_level
2026-08-23,16,08:00,quality.voice,voice,4.6,3.0,4.15,0.8825,0.3833,service_level
2026-08-23,17,08:30,quality.voice,voice,5.56,3.0,4.15,0.8144,0.4636,service_level
2026-08-23,18,09:00,quality.voice,voice,7.03,4.0,5.54,0.8911,0.4399,service_level
2026-08-23,19,09:30,quality.voice,voice,8.23,4.0,5.54,0.8271,0.5145,service_level
2026-08-23,20,10:00,quality.voice,voice,8.5,4.0,5.54,0.8099,0.5318,service_level
2026-08-23,21,10:30,quality.voice,voice,7.75,4.0,5.54,0.8545,0.4849,service_level
2026-08-23,22,11:00,quality.voice,voice,6.34,4.0,5.54,0.9207,0.3964,service_level
2026-08-23,23,11:30,quality.voice,voice,4.68,3.0,4.15,0.8774,0.3901,service_level
2026-08-23,24,12:00,quality.voice,voice,2.98,2.0,2.77,0.809,0.3722,service_level
2026-08-23,25,12:30,quality.voice,voice,2.03,2.0,2.77,0.9034,0.2545,service_level
2026-08-23,26,13:00,quality.voice,voice,3.04,2.0,2.77,0.8017,0.3803,service_level
2026-08-23,27,13:30,quality.voice,voice,5.17,3.0,4.15,0.8442,0.4308,service_level
2026-08-23,28,14:00,quality.voice,voice,6.68,4.0,5.54,0.9071,0.4174,service_level
2026-08-23,29,14:30,quality.voice,voice,7.17,4.0,5.54,0.8847,0.4483,service_level
2026-08-23,30,15:00,quality.voice,voice,6.9,4.0,5.54,0.8971,0.4317,service_level
2026-08-23,31,15:30,quality.voice,voice,6.13,4.0,5.54,0.9284,0.3836,service_level
2026-08-23,32,16:00,quality.voice,voice,5.15,3.0,4.15,0.8451,0.4297,service_level
2026-08-23,33,16:30,quality.voice,voice,4.24,3.0,4.15,0.9035,0.3538,service_level
2026-08-23,34,17:00,quality.voice,voice,3.57,3.0,4.15,0.9373,0.2979,service_level
2026-08-23,35,17:30,quality.voice,voice,3.16,3.0,4.15,0.9542,0.2635,service_level
2026-08-23,36,18:00,quality.voice,voice,2.91,2.0,2.77,0.816,0.3645,service_level
2026-08-23,37,18:30,quality.voice,voice,2.71,2.0,2.77,0.8384,0.3387,service_level
2026-08-23,38,19:00,quality.voice,voice,2.45,2.0,2.77,0.8644,0.307,service_level
2026-08-23,39,19:30,quality.voice,voice,2.13,2.0,2.77,0.8954,0.2659,service_level
2026-08-23,40,20:00,quality.voice,voice,1.75,2.0,2.77,0.9267,0.2189,service_level
2026-08-23,41,20:30,quality.voice,voice,1.38,2.0,2.77,0.9529,0.1724,service_level
2026-08-23,42,21:00,quality.voice,voice,1.06,2.0,2.77,0.9714,0.1324,service_level
2026-08-23,43,21:30,quality.voice,voice,0.81,1.0,1.38,0.8035,0.2036,none
2026-08-23,44,22:00,quality.voice,voice,0.65,1.0,1.38,0.8439,0.162,none
2026-08-23,45,22:30,quality.voice,voice,0.55,1.0,1.38,0.8685,0.1366,none
2026-08-23,46,23:00,quality.voice,voice,0.49,1.0,1.38,0.8821,0.1226,none
2026-08-23,47,23:30,quality.voice,voice,0.46,1.0,1.38,0.8888,0.1156,none
2026-08-24,0,00:00,quality.voice,voice,0.78,1.0,1.38,0.8117,0.1951,none
2026-08-24,1,00:30,quality.voice,voice,0.78,1.0,1.38,0.8117,0.1951,none
2026-08-24,2,01:00,quality.voice,voice,0.78,1.0,1.38,0.8117,0.1951,none
2026-08-24,3,01:30,quality.voice,voice,0.78,1.0,1.38,0.8117,0.1951,none
2026-08-24,4,02:00,quality.voice,voice,0.78,1.0,1.38,0.8117,0.1951,none
2026-08-24,5,02:30,quality.voice,voice,0.78,1.0,1.38,0.8117,0.1951,none
2026-08-24,6,03:00,quality.voice,voice,0.78,1.0,1.38,0.8117,0.1951,none
2026-08-24,7,03:30,quality.voice,voice,0.78,1.0,1.38,0.8117,0.1952,none
2026-08-24,8,04:00,quality.voice,voice,0.78,1.0,1.38,0.8113,0.1956,none
2026-08-24,9,04:30,quality.voice,voice,0.8,1.0,1.38,0.8077,0.1993,none
2026-08-24,10,05:00,quality.voice,voice,0.9,2.0,2.77,0.9789,0.1127,service_level
2026-08-24,11,05:30,quality.voice,voice,1.38,2.0,2.77,0.9527,0.1728,service_level
2026-08-24,12,06:00,quality.voice,voice,2.74,2.0,2.77,0.8349,0.3428,service_level
2026-08-24,13,06:30,quality.voice,voice,4.98,3.0,4.15,0.8574,0.4152,service_level
2026-08-24,14,07:00,quality.voice,voice,6.91,4.0,5.54,0.8967,0.4323,service_level
2026-08-24,15,07:30,quality.voice,voice,7.62,4.0,5.54,0.8619,0.4764,service_level
2026-08-24,16,08:00,quality.voice,voice,8.13,4.0,5.54,0.8332,0.5082,service_level
2026-08-24,17,08:30,quality.voice,voice,9.83,5.0,6.92,0.8899,0.4918,service_level
2026-08-24,18,09:00,quality.voice,voice,12.44,6.0,8.31,0.8996,0.5185,service_level
2026-08-24,19,09:30,quality.voice,voice,14.54,6.0,8.31,0.8162,0.6063,service_level
2026-08-24,20,10:00,quality.voice,voice,15.03,7.0,9.69,0.9098,0.5372,service_level
2026-08-24,21,10:30,quality.voice,voice,13.71,6.0,8.31,0.8532,0.5715,service_level
2026-08-24,22,11:00,quality.voice,voice,11.21,5.0,6.92,0.8275,0.5606,service_level
2026-08-24,23,11:30,quality.voice,voice,8.27,4.0,5.54,0.8244,0.5172,service_level
2026-08-24,24,12:00,quality.voice,voice,5.26,3.0,4.15,0.8372,0.4387,service_level
2026-08-24,25,12:30,quality.voice,voice,3.6,3.0,4.15,0.9363,0.2999,service_level
2026-08-24,26,13:00,quality.voice,voice,5.38,3.0,4.15,0.8287,0.4482,service_level
2026-08-24,27,13:30,quality.voice,voice,9.13,5.0,6.92,0.9151,0.4569,service_level
2026-08-24,28,14:00,quality.voice,voice,11.8,6.0,8.31,0.9187,0.492,service_level
2026-08-24,29,14:30,quality.voice,voice,12.67,6.0,8.31,0.8918,0.5284,service_level
2026-08-24,30,15:00,quality.voice,voice,12.2,6.0,8.31,0.9069,0.5088,service_level
2026-08-24,31,15:30,quality.voice,voice,10.84,5.0,6.92,0.8456,0.5425,service_level
2026-08-24,32,16:00,quality.voice,voice,9.11,5.0,6.92,0.9159,0.4558,service_level
2026-08-24,33,16:30,quality.voice,voice,7.5,4.0,5.54,0.8681,0.4691,service_level
2026-08-24,34,17:00,quality.voice,voice,6.32,4.0,5.54,0.9216,0.395,service_level
2026-08-24,35,17:30,quality.voice,voice,5.59,3.0,4.15,0.8123,0.4659,service_level
2026-08-24,36,18:00,quality.voice,voice,5.15,3.0,4.15,0.8452,0.4295,service_level
2026-08-24,37,18:30,quality.voice,voice,4.79,3.0,4.15,0.8703,0.3992,service_level
2026-08-24,38,19:00,quality.voice,voice,4.34,3.0,4.15,0.8981,0.3618,service_level
2026-08-24,39,19:30,quality.voice,voice,3.76,3.0,4.15,0.9288,0.3134,service_level
2026-08-24,40,20:00,quality.voice,voice,3.09,3.0,4.15,0.9567,0.2579,service_level
2026-08-24,41,20:30,quality.voice,voice,2.44,2.0,2.77,0.8661,0.3048,service_level
2026-08-24,42,21:00,quality.voice,voice,1.87,2.0,2.77,0.9171,0.234,service_level
2026-08-24,43,21:30,quality.voice,voice,1.44,2.0,2.77,0.949,0.18,service_level
2026-08-24,44,22:00,quality.voice,voice,1.15,2.0,2.77,0.9668,0.1432,service_level
2026-08-24,45,22:30,quality.voice,voice,0.97,2.0,2.77,0.9759,0.1208,service_level
2026-08-24,46,23:00,quality.voice,voice,0.87,2.0,2.77,0.9804,0.1084,service_level
2026-08-24,47,23:30,quality.voice,voice,0.82,1.0,1.38,0.8027,0.2044,none
2026-08-25,0,00:00,quality.voice,voice,0.72,1.0,1.38,0.8254,0.181,none
2026-08-25,1,00:30,quality.voice,voice,0.72,1.0,1.38,0.8254,0.181,none
2026-08-25,2,01:00,quality.voice,voice,0.72,1.0,1.38,0.8254,0.181,none
2026-08-25,3,01:30,quality.voice,voice,0.72,1.0,1.38,0.8254,0.181,none
2026-08-25,4,02:00,quality.voice,voice,0.72,1.0,1.38,0.8254,0.181,none
2026-08-25,5,02:30,quality.voice,voice,0.72,1.0,1.38,0.8254,0.181,none
2026-08-25,6,03:00,quality.voice,voice,0.72,1.0,1.38,0.8254,0.181,none
2026-08-25,7,03:30,quality.voice,voice,0.72,1.0,1.38,0.8254,0.1811,none
2026-08-25,8,04:00,quality.voice,voice,0.73,1.0,1.38,0.825,0.1814,none
2026-08-25,9,04:30,quality.voice,voice,0.74,1.0,1.38,0.8217,0.1849,none
2026-08-25,10,05:00,quality.voice,voice,0.84,2.0,2.77,0.9817,0.1046,service_level
2026-08-25,11,05:30,quality.voice,voice,1.28,2.0,2.77,0.9589,0.1604,service_level
2026-08-25,12,06:00,quality.voice,voice,2.54,2.0,2.77,0.8556,0.318,service_level
2026-08-25,13,06:30,quality.voice,voice,4.62,3.0,4.15,0.8811,0.3852,service_level
2026-08-25,14,07:00,quality.voice,voice,6.41,4.0,5.54,0.9178,0.4011,service_level
2026-08-25,15,07:30,quality.voice,voice,7.07,4.0,5.54,0.8895,0.442,service_level
2026-08-25,16,08:00,quality.voice,voice,7.54,4.0,5.54,0.8661,0.4715,service_level
2026-08-25,17,08:30,quality.voice,voice,9.12,5.0,6.92,0.9156,0.4562,service_level
2026-08-25,18,09:00,quality.voice,voice,11.54,5.0,6.92,0.8098,0.5772,service_level
2026-08-25,19,09:30,quality.voice,voice,13.49,6.0,8.31,0.8618,0.5625,service_level
2026-08-25,20,10:00,quality.voice,voice,13.95,6.0,8.31,0.8431,0.5814,service_level
2026-08-25,21,10:30,quality.voice,voice,12.72,6.0,8.31,0.8904,0.5302,service_level
2026-08-25,22,11:00,quality.voice,voice,10.4,5.0,6.92,0.8663,0.5201,service_level
2026-08-25,23,11:30,quality.voice,voice,7.67,4.0,5.54,0.8589,0.4799,service_level
2026-08-25,24,12:00,quality.voice,voice,4.88,3.0,4.15,0.8641,0.407,service_level
2026-08-25,25,12:30,quality.voice,voice,3.34,3.0,4.15,0.9474,0.2782,service_level
2026-08-25,26,13:00,quality.voice,voice,4.99,3.0,4.15,0.8569,0.4158,service_level
2026-08-25,27,13:30,quality.voice,voice,8.47,4.0,5.54,0.8117,0.5299,service_level
2026-08-25,28,14:00,quality.voice,voice,10.95,5.0,6.92,0.8405,0.5477,service_level
2026-08-25,29,14:30,quality.voice,voice,11.76,6.0,8.31,0.9199,0.4902,service_level
2026-08-25,30,15:00,quality.voice,voice,11.32,5.0,6.92,0.8215,0.5664,service_level
2026-08-25,31,15:30,quality.voice,voice,10.06,5.0,6.92,0.8806,0.5033,service_level
2026-08-25,32,16:00,quality.voice,voice,8.45,4.0,5.54,0.8131,0.5286,service_level
2026-08-25,33,16:30,quality.voice,voice,6.96,4.0,5.54,0.8946,0.4352,service_level
2026-08-25,34,17:00,quality.voice,voice,5.86,4.0,5.54,0.9379,0.3665,service_level
2026-08-25,35,17:30,quality.voice,voice,5.18,3.0,4.15,0.8429,0.4322,service_level
2026-08-25,36,18:00,quality.voice,voice,4.78,3.0,4.15,0.8709,0.3985,service_level
2026-08-25,37,18:30,quality.voice,voice,4.44,3.0,4.15,0.892,0.3704,service_level
2026-08-25,38,19:00,quality.voice,voice,4.03,3.0,4.15,0.9154,0.3357,service_level
2026-08-25,39,19:30,quality.voice,voice,3.49,3.0,4.15,0.9411,0.2907,service_level
2026-08-25,40,20:00,quality.voice,voice,2.87,2.0,2.77,0.8209,0.359,service_level
2026-08-25,41,20:30,quality.voice,voice,2.26,2.0,2.77,0.883,0.2828,service_level
2026-08-25,42,21:00,quality.voice,voice,1.74,2.0,2.77,0.9278,0.2171,service_level
2026-08-25,43,21:30,quality.voice,voice,1.34,2.0,2.77,0.9556,0.167,service_level
2026-08-25,44,22:00,quality.voice,voice,1.06,2.0,2.77,0.9711,0.1329,service_level
2026-08-25,45,22:30,quality.voice,voice,0.9,2.0,2.77,0.9791,0.112,service_level
2026-08-25,46,23:00,quality.voice,voice,0.8,1.0,1.38,0.8059,0.2011,none
2026-08-25,47,23:30,quality.voice,voice,0.76,1.0,1.38,0.8171,0.1896,none
2026-08-26,0,00:00,quality.voice,voice,0.7,1.0,1.38,0.8309,0.1754,none
2026-08-26,1,00:30,quality.voice,voice,0.7,1.0,1.38,0.8309,0.1754,none
2026-08-26,2,01:00,quality.voice,voice,0.7,1.0,1.38,0.8309,0.1754,none
2026-08-26,3,01:30,quality.voice,voice,0.7,1.0,1.38,0.8309,0.1754,none
2026-08-26,4,02:00,quality.voice,voice,0.7,1.0,1.38,0.8309,0.1754,none
2026-08-26,5,02:30,quality.voice,voice,0.7,1.0,1.38,0.8309,0.1754,none
2026-08-26,6,03:00,quality.voice,voice,0.7,1.0,1.38,0.8309,0.1754,none
2026-08-26,7,03:30,quality.voice,voice,0.7,1.0,1.38,0.8308,0.1755,none
2026-08-26,8,04:00,quality.voice,voice,0.7,1.0,1.38,0.8305,0.1758,none
2026-08-26,9,04:30,quality.voice,voice,0.72,1.0,1.38,0.8273,0.1792,none
2026-08-26,10,05:00,quality.voice,voice,0.81,1.0,1.38,0.8043,0.2027,none
2026-08-26,11,05:30,quality.voice,voice,1.24,2.0,2.77,0.9612,0.1554,service_level
2026-08-26,12,06:00,quality.voice,voice,2.46,2.0,2.77,0.8635,0.3082,service_level
2026-08-26,13,06:30,quality.voice,voice,4.48,3.0,4.15,0.8899,0.3733,service_level
2026-08-26,14,07:00,quality.voice,voice,6.22,4.0,5.54,0.9254,0.3887,service_level
2026-08-26,15,07:30,quality.voice,voice,6.85,4.0,5.54,0.8995,0.4284,service_level
2026-08-26,16,08:00,quality.voice,voice,7.31,4.0,5.54,0.878,0.4569,service_level
2026-08-26,17,08:30,quality.voice,voice,8.84,5.0,6.92,0.9246,0.4421,service_level
2026-08-26,18,09:00,quality.voice,voice,11.18,5.0,6.92,0.8288,0.5594,service_level
2026-08-26,19,09:30,quality.voice,voice,13.08,6.0,8.31,0.8777,0.5451,service_level
2026-08-26,20,10:00,quality.voice,voice,13.52,6.0,8.31,0.8609,0.5635,service_level
2026-08-26,21,10:30,quality.voice,voice,12.32,6.0,8.31,0.9032,0.5138,service_level
2026-08-26,22,11:00,quality.voice,voice,10.07,5.0,6.92,0.88,0.504,service_level
2026-08-26,23,11:30,quality.voice,voice,7.44,4.0,5.54,0.8714,0.465,service_level
2026-08-26,24,12:00,quality.voice,voice,4.73,3.0,4.15,0.874,0.3944,service_level
2026-08-26,25,12:30,quality.voice,voice,3.23,3.0,4.15,0.9514,0.2696,service_level
2026-08-26,26,13:00,quality.voice,voice,4.83,3.0,4.15,0.8673,0.403,service_level
2026-08-26,27,13:30,quality.voice,voice,8.21,4.0,5.54,0.828,0.5135,service_level
2026-08-26,28,14:00,quality.voice,voice,10.61,5.0,6.92,0.8566,0.5308,service_level
2026-08-26,29,14:30,quality.voice,voice,11.4,5.0,6.92,0.8176,0.5701,service_level
2026-08-26,30,15:00,quality.voice,voice,10.97,5.0,6.92,0.8393,0.5489,service_level
2026-08-26,31,15:30,quality.voice,voice,9.75,5.0,6.92,0.893,0.4877,service_level
2026-08-26,32,16:00,quality.voice,voice,8.19,4.0,5.54,0.8293,0.5122,service_level
2026-08-26,33,16:30,quality.voice,voice,6.74,4.0,5.54,0.9041,0.4218,service_level
2026-08-26,34,17:00,quality.voice,voice,5.68,3.0,4.15,0.8049,0.4735,service_level
2026-08-26,35,17:30,quality.voice,voice,5.02,3.0,4.15,0.8543,0.4189,service_level
2026-08-26,36,18:00,quality.voice,voice,4.63,3.0,4.15,0.8804,0.3862,service_level
2026-08-26,37,18:30,quality.voice,voice,4.3,3.0,4.15,0.9,0.3589,service_level
2026-08-26,38,19:00,quality.voice,voice,3.9,3.0,4.15,0.9218,0.3253,service_level
2026-08-26,39,19:30,quality.voice,voice,3.38,3.0,4.15,0.9457,0.2817,service_level
2026-08-26,40,20:00,quality.voice,voice,2.78,2.0,2.77,0.8305,0.3479,service_level
2026-08-26,41,20:30,quality.voice,voice,2.19,2.0,2.77,0.8895,0.2741,service_level
2026-08-26,42,21:00,quality.voice,voice,1.68,2.0,2.77,0.9318,0.2104,service_level
2026-08-26,43,21:30,quality.voice,voice,1.29,2.0,2.77,0.9582,0.1618,service_level
2026-08-26,44,22:00,quality.voice,voice,1.03,2.0,2.77,0.9728,0.1288,service_level
2026-08-26,45,22:30,quality.voice,voice,0.87,2.0,2.77,0.9804,0.1086,service_level
2026-08-26,46,23:00,quality.voice,voice,0.78,1.0,1.38,0.812,0.1949,none
2026-08-26,47,23:30,quality.voice,voice,0.73,1.0,1.38,0.8228,0.1838,none
2026-08-27,0,00:00,quality.voice,voice,0.69,1.0,1.38,0.8342,0.1721,none
2026-08-27,1,00:30,quality.voice,voice,0.69,1.0,1.38,0.8342,0.1721,none
2026-08-27,2,01:00,quality.voice,voice,0.69,1.0,1.38,0.8342,0.1721,none
2026-08-27,3,01:30,quality.voice,voice,0.69,1.0,1.38,0.8342,0.1721,none
2026-08-27,4,02:00,quality.voice,voice,0.69,1.0,1.38,0.8342,0.1721,none
2026-08-27,5,02:30,quality.voice,voice,0.69,1.0,1.38,0.8342,0.1721,none
2026-08-27,6,03:00,quality.voice,voice,0.69,1.0,1.38,0.8342,0.1721,none
2026-08-27,7,03:30,quality.voice,voice,0.69,1.0,1.38,0.8341,0.1721,none
2026-08-27,8,04:00,quality.voice,voice,0.69,1.0,1.38,0.8338,0.1725,none
2026-08-27,9,04:30,quality.voice,voice,0.7,1.0,1.38,0.8306,0.1757,none
2026-08-27,10,05:00,quality.voice,voice,0.79,1.0,1.38,0.8081,0.1988,none
2026-08-27,11,05:30,quality.voice,voice,1.22,2.0,2.77,0.9626,0.1524,service_level
2026-08-27,12,06:00,quality.voice,voice,2.42,2.0,2.77,0.8681,0.3023,service_level
2026-08-27,13,06:30,quality.voice,voice,4.39,3.0,4.15,0.895,0.3661,service_level
2026-08-27,14,07:00,quality.voice,voice,6.1,4.0,5.54,0.9297,0.3812,service_level
2026-08-27,15,07:30,quality.voice,voice,6.72,4.0,5.54,0.9053,0.4201,service_level
2026-08-27,16,08:00,quality.voice,voice,7.17,4.0,5.54,0.8849,0.4481,service_level
2026-08-27,17,08:30,quality.voice,voice,8.67,5.0,6.92,0.9297,0.4336,service_level
2026-08-27,18,09:00,quality.voice,voice,10.97,5.0,6.92,0.8396,0.5486,service_level
2026-08-27,19,09:30,quality.voice,voice,12.83,6.0,8.31,0.8866,0.5347,service_level
2026-08-27,20,10:00,quality.voice,voice,13.26,6.0,8.31,0.871,0.5526,service_level
2026-08-27,21,10:30,quality.voice,voice,12.09,6.0,8.31,0.9104,0.5039,service_level
2026-08-27,22,11:00,quality.voice,voice,9.88,5.0,6.92,0.8879,0.4943,service_level
2026-08-27,23,11:30,quality.voice,voice,7.29,4.0,5.54,0.8786,0.4561,service_level
2026-08-27,24,12:00,quality.voice,voice,4.64,3.0,4.15,0.8798,0.3869,service_level
2026-08-27,25,12:30,quality.voice,voice,3.17,3.0,4.15,0.9538,0.2645,service_level
2026-08-27,26,13:00,quality.voice,voice,4.74,3.0,4.15,0.8734,0.3952,service_level
2026-08-27,27,13:30,quality.voice,voice,8.05,4.0,5.54,0.8374,0.5037,service_level
2026-08-27,28,14:00,quality.voice,voice,10.41,5.0,6.92,0.8658,0.5206,service_level
2026-08-27,29,14:30,quality.voice,voice,11.18,5.0,6.92,0.829,0.5591,service_level
2026-08-27,30,15:00,quality.voice,voice,10.76,5.0,6.92,0.8496,0.5384,service_level
2026-08-27,31,15:30,quality.voice,voice,9.56,5.0,6.92,0.9001,0.4784,service_level
2026-08-27,32,16:00,quality.voice,voice,8.03,4.0,5.54,0.8387,0.5024,service_level
2026-08-27,33,16:30,quality.voice,voice,6.62,4.0,5.54,0.9096,0.4137,service_level
2026-08-27,34,17:00,quality.voice,voice,5.57,3.0,4.15,0.8137,0.4644,service_level
2026-08-27,35,17:30,quality.voice,voice,4.93,3.0,4.15,0.861,0.4108,service_level
2026-08-27,36,18:00,quality.voice,voice,4.54,3.0,4.15,0.8859,0.3788,service_level
2026-08-27,37,18:30,quality.voice,voice,4.22,3.0,4.15,0.9047,0.3521,service_level
2026-08-27,38,19:00,quality.voice,voice,3.83,3.0,4.15,0.9255,0.319,service_level
2026-08-27,39,19:30,quality.voice,voice,3.31,3.0,4.15,0.9483,0.2763,service_level
2026-08-27,40,20:00,quality.voice,voice,2.73,2.0,2.77,0.8363,0.3412,service_level
2026-08-27,41,20:30,quality.voice,voice,2.15,2.0,2.77,0.8933,0.2688,service_level
2026-08-27,42,21:00,quality.voice,voice,1.65,2.0,2.77,0.9342,0.2063,service_level
2026-08-27,43,21:30,quality.voice,voice,1.27,2.0,2.77,0.9597,0.1587,service_level
2026-08-27,44,22:00,quality.voice,voice,1.01,2.0,2.77,0.9738,0.1263,service_level
2026-08-27,45,22:30,quality.voice,voice,0.85,2.0,2.77,0.9811,0.1065,service_level
2026-08-27,46,23:00,quality.voice,voice,0.76,1.0,1.38,0.8156,0.1911,none
2026-08-27,47,23:30,quality.voice,voice,0.72,1.0,1.38,0.8262,0.1802,none
2026-08-28,0,00:00,quality.voice,voice,0.71,1.0,1.38,0.8284,0.178,none
2026-08-28,1,00:30,quality.voice,voice,0.71,1.0,1.38,0.8284,0.178,none
2026-08-28,2,01:00,quality.voice,voice,0.71,1.0,1.38,0.8284,0.178,none
2026-08-28,3,01:30,quality.voice,voice,0.71,1.0,1.38,0.8284,0.178,none
2026-08-28,4,02:00,quality.voice,voice,0.71,1.0,1.38,0.8284,0.178,none
2026-08-28,5,02:30,quality.voice,voice,0.71,1.0,1.38,0.8284,0.178,none
2026-08-28,6,03:00,quality.voice,voice,0.71,1.0,1.38,0.8284,0.178,none
2026-08-28,7,03:30,quality.voice,voice,0.71,1.0,1.38,0.8284,0.178,none
2026-08-28,8,04:00,quality.voice,voice,0.71,1.0,1.38,0.828,0.1784,none
2026-08-28,9,04:30,quality.voice,voice,0.73,1.0,1.38,0.8247,0.1818,none
2026-08-28,10,05:00,quality.voice,voice,0.82,1.0,1.38,0.8015,0.2057,none
2026-08-28,11,05:30,quality.voice,voice,1.26,2.0,2.77,0.9602,0.1576,service_level
2026-08-28,12,06:00,quality.voice,voice,2.5,2.0,2.77,0.8599,0.3126,service_level
2026-08-28,13,06:30,quality.voice,voice,4.54,3.0,4.15,0.8859,0.3787,service_level
2026-08-28,14,07:00,quality.voice,voice,6.31,4.0,5.54,0.922,0.3943,service_level
2026-08-28,15,07:30,quality.voice,voice,6.95,4.0,5.54,0.8951,0.4346,service_level
2026-08-28,16,08:00,quality.voice,voice,7.41,4.0,5.54,0.8727,0.4635,service_level
2026-08-28,17,08:30,quality.voice,voice,8.97,5.0,6.92,0.9206,0.4485,service_level
2026-08-28,18,09:00,quality.voice,voice,11.34,5.0,6.92,0.8203,0.5675,service_level
2026-08-28,19,09:30,quality.voice,voice,13.27,6.0,8.31,0.8707,0.553,service_level
2026-08-28,20,10:00,quality.voice,voice,13.71,6.0,8.31,0.853,0.5716,service_level
2026-08-28,21,10:30,quality.voice,voice,12.5,6.0,8.31,0.8975,0.5212,service_level
2026-08-28,22,11:00,quality.voice,voice,10.22,5.0,6.92,0.8739,0.5113,service_level
2026-08-28,23,11:30,quality.voice,voice,7.54,4.0,5.54,0.8658,0.4718,service_level
2026-08-28,24,12:00,quality.voice,voice,4.8,3.0,4.15,0.8696,0.4001,service_level
2026-08-28,25,12:30,quality.voice,voice,3.28,3.0,4.15,0.9496,0.2735,service_level
2026-08-28,26,13:00,quality.voice,voice,4.9,3.0,4.15,0.8626,0.4088,service_level
2026-08-28,27,13:30,quality.voice,voice,8.33,4.0,5.54,0.8207,0.521,service_level
2026-08-28,28,14:00,quality.voice,voice,10.76,5.0,6.92,0.8494,0.5385,service_level
2026-08-28,29,14:30,quality.voice,voice,11.56,5.0,6.92,0.8086,0.5783,service_level
2026-08-28,30,15:00,quality.voice,voice,11.13,5.0,6.92,0.8314,0.5568,service_level
2026-08-28,31,15:30,quality.voice,voice,9.89,5.0,6.92,0.8875,0.4948,service_level
2026-08-28,32,16:00,quality.voice,voice,8.31,4.0,5.54,0.8221,0.5196,service_level
2026-08-28,33,16:30,quality.voice,voice,6.84,4.0,5.54,0.8999,0.4279,service_level
2026-08-28,34,17:00,quality.voice,voice,5.76,4.0,5.54,0.9411,0.3603,service_level
2026-08-28,35,17:30,quality.voice,voice,5.1,3.0,4.15,0.8492,0.4249,service_level
2026-08-28,36,18:00,quality.voice,voice,4.7,3.0,4.15,0.8761,0.3918,service_level
2026-08-28,37,18:30,quality.voice,voice,4.37,3.0,4.15,0.8964,0.3641,service_level
2026-08-28,38,19:00,quality.voice,voice,3.96,3.0,4.15,0.9189,0.33,service_level
2026-08-28,39,19:30,quality.voice,voice,3.43,3.0,4.15,0.9436,0.2858,service_level
2026-08-28,40,20:00,quality.voice,voice,2.82,2.0,2.77,0.8262,0.3529,service_level
2026-08-28,41,20:30,quality.voice,voice,2.22,2.0,2.77,0.8865,0.278,service_level
2026-08-28,42,21:00,quality.voice,voice,1.71,2.0,2.77,0.93,0.2134,service_level
2026-08-28,43,21:30,quality.voice,voice,1.31,2.0,2.77,0.957,0.1641,service_level
2026-08-28,44,22:00,quality.voice,voice,1.04,2.0,2.77,0.9721,0.1306,service_level
2026-08-28,45,22:30,quality.voice,voice,0.88,2.0,2.77,0.9798,0.1102,service_level
2026-08-28,46,23:00,quality.voice,voice,0.79,1.0,1.38,0.8092,0.1977,none
2026-08-28,47,23:30,quality.voice,voice,0.75,1.0,1.38,0.8202,0.1864,none
2026-08-29,0,00:00,quality.voice,voice,0.55,1.0,1.38,0.8682,0.1369,none
2026-08-29,1,00:30,quality.voice,voice,0.55,1.0,1.38,0.8682,0.1369,none
2026-08-29,2,01:00,quality.voice,voice,0.55,1.0,1.38,0.8682,0.1369,none
2026-08-29,3,01:30,quality.voice,voice,0.55,1.0,1.38,0.8682,0.1369,none
2026-08-29,4,02:00,quality.voice,voice,0.55,1.0,1.38,0.8682,0.1369,none
2026-08-29,5,02:30,quality.voice,voice,0.55,1.0,1.38,0.8682,0.1369,none
2026-08-29,6,03:00,quality.voice,voice,0.55,1.0,1.38,0.8682,0.1369,none
2026-08-29,7,03:30,quality.voice,voice,0.55,1.0,1.38,0.8682,0.137,none
2026-08-29,8,04:00,quality.voice,voice,0.55,1.0,1.38,0.8679,0.1372,none
2026-08-29,9,04:30,quality.voice,voice,0.56,1.0,1.38,0.8654,0.1398,none
2026-08-29,10,05:00,quality.voice,voice,0.63,1.0,1.38,0.8476,0.1582,none
2026-08-29,11,05:30,quality.voice,voice,0.97,2.0,2.77,0.9757,0.1213,service_level
2026-08-29,12,06:00,quality.voice,voice,1.92,2.0,2.77,0.9128,0.2405,service_level
2026-08-29,13,06:30,quality.voice,voice,3.49,3.0,4.15,0.9408,0.2914,service_level
2026-08-29,14,07:00,quality.voice,voice,4.85,3.0,4.15,0.8661,0.4045,service_level
2026-08-29,15,07:30,quality.voice,voice,5.35,3.0,4.15,0.8309,0.4458,service_level
2026-08-29,16,08:00,quality.voice,voice,5.7,3.0,4.15,0.803,0.4755,service_level
2026-08-29,17,08:30,quality.voice,voice,6.9,4.0,5.54,0.8974,0.4314,service_level
2026-08-29,18,09:00,quality.voice,voice,8.73,5.0,6.92,0.9279,0.4366,service_level
2026-08-29,19,09:30,quality.voice,voice,10.21,5.0,6.92,0.8745,0.5106,service_level
2026-08-29,20,10:00,quality.voice,voice,10.55,5.0,6.92,0.8594,0.5278,service_level
2026-08-29,21,10:30,quality.voice,voice,9.62,5.0,6.92,0.898,0.4812,service_level
2026-08-29,22,11:00,quality.voice,voice,7.86,4.0,5.54,0.8484,0.4917,service_level
2026-08-29,23,11:30,quality.voice,voice,5.8,4.0,5.54,0.9397,0.363,service_level
2026-08-29,24,12:00,quality.voice,voice,3.69,3.0,4.15,0.9319,0.3079,service_level
2026-08-29,25,12:30,quality.voice,voice,2.52,2.0,2.77,0.8574,0.3157,service_level
2026-08-29,26,13:00,quality.voice,voice,3.77,3.0,4.15,0.9281,0.3145,service_level
2026-08-29,27,13:30,quality.voice,voice,6.41,4.0,5.54,0.918,0.4008,service_level
2026-08-29,28,14:00,quality.voice,voice,8.28,4.0,5.54,0.8238,0.5179,service_level
2026-08-29,29,14:30,quality.voice,voice,8.89,5.0,6.92,0.9228,0.4449,service_level
2026-08-29,30,15:00,quality.voice,voice,8.56,4.0,5.54,0.806,0.5355,service_level
2026-08-29,31,15:30,quality.voice,voice,7.61,4.0,5.54,0.8624,0.4759,service_level
2026-08-29,32,16:00,quality.voice,voice,6.39,4.0,5.54,0.9186,0.3998,service_level
2026-08-29,33,16:30,quality.voice,voice,5.26,3.0,4.15,0.837,0.4389,service_level
2026-08-29,34,17:00,quality.voice,voice,4.43,3.0,4.15,0.8926,0.3696,service_level
2026-08-29,35,17:30,quality.voice,voice,3.92,3.0,4.15,0.9208,0.3269,service_level
2026-08-29,36,18:00,quality.voice,voice,3.62,3.0,4.15,0.9354,0.3014,service_level
2026-08-29,37,18:30,quality.voice,voice,3.36,3.0,4.15,0.9464,0.2802,service_level
2026-08-29,38,19:00,quality.voice,voice,3.05,2.0,2.77,0.8012,0.3808,service_level
2026-08-29,39,19:30,quality.voice,voice,2.64,2.0,2.77,0.8458,0.3298,service_level
2026-08-29,40,20:00,quality.voice,voice,2.17,2.0,2.77,0.8913,0.2715,service_level
2026-08-29,41,20:30,quality.voice,voice,1.71,2.0,2.77,0.9297,0.2139,service_level
2026-08-29,42,21:00,quality.voice,voice,1.31,2.0,2.77,0.957,0.1642,service_level
2026-08-29,43,21:30,quality.voice,voice,1.01,2.0,2.77,0.9738,0.1263,service_level
2026-08-29,44,22:00,quality.voice,voice,0.8,1.0,1.38,0.806,0.201,none
2026-08-29,45,22:30,quality.voice,voice,0.68,1.0,1.38,0.8366,0.1695,none
2026-08-29,46,23:00,quality.voice,voice,0.61,1.0,1.38,0.8535,0.1521,none
2026-08-29,47,23:30,quality.voice,voice,0.57,1.0,1.38,0.8619,0.1434,none
2026-08-30,0,00:00,quality.voice,voice,0.43,1.0,1.38,0.8958,0.1084,none
2026-08-30,1,00:30,quality.voice,voice,0.43,1.0,1.38,0.8958,0.1084,none
2026-08-30,2,01:00,quality.voice,voice,0.43,1.0,1.38,0.8958,0.1084,none
2026-08-30,3,01:30,quality.voice,voice,0.43,1.0,1.38,0.8958,0.1084,none
2026-08-30,4,02:00,quality.voice,voice,0.43,1.0,1.38,0.8958,0.1084,none
2026-08-30,5,02:30,quality.voice,voice,0.43,1.0,1.38,0.8958,0.1084,none
2026-08-30,6,03:00,quality.voice,voice,0.43,1.0,1.38,0.8958,0.1084,none
2026-08-30,7,03:30,quality.voice,voice,0.43,1.0,1.38,0.8958,0.1085,none
2026-08-30,8,04:00,quality.voice,voice,0.43,1.0,1.38,0.8955,0.1087,none
2026-08-30,9,04:30,quality.voice,voice,0.44,1.0,1.38,0.8936,0.1107,none
2026-08-30,10,05:00,quality.voice,voice,0.5,1.0,1.38,0.8795,0.1253,none
2026-08-30,11,05:30,quality.voice,voice,0.77,1.0,1.38,0.8147,0.1921,none
2026-08-30,12,06:00,quality.voice,voice,1.52,2.0,2.77,0.9433,0.1905,service_level
2026-08-30,13,06:30,quality.voice,voice,2.77,2.0,2.77,0.8321,0.3461,service_level
2026-08-30,14,07:00,quality.voice,voice,3.84,3.0,4.15,0.9247,0.3203,service_level
2026-08-30,15,07:30,quality.voice,voice,4.23,3.0,4.15,0.9041,0.353,service_level
2026-08-30,16,08:00,quality.voice,voice,4.52,3.0,4.15,0.8876,0.3765,service_level
2026-08-30,17,08:30,quality.voice,voice,5.46,3.0,4.15,0.8221,0.4554,service_level
2026-08-30,18,09:00,quality.voice,voice,6.91,4.0,5.54,0.8968,0.4322,service_level
2026-08-30,19,09:30,quality.voice,voice,8.08,4.0,5.54,0.8358,0.5054,service_level
2026-08-30,20,10:00,quality.voice,voice,8.35,4.0,5.54,0.8193,0.5224,service_level
2026-08-30,21,10:30,quality.voice,voice,7.62,4.0,5.54,0.862,0.4763,service_level
2026-08-30,22,11:00,quality.voice,voice,6.23,4.0,5.54,0.925,0.3894,service_level
2026-08-30,23,11:30,quality.voice,voice,4.6,3.0,4.15,0.8826,0.3832,service_level
2026-08-30,24,12:00,quality.voice,voice,2.92,2.0,2.77,0.8149,0.3657,service_level
2026-08-30,25,12:30,quality.voice,voice,2.0,2.0,2.77,0.9065,0.25,service_level
2026-08-30,26,13:00,quality.voice,voice,2.99,2.0,2.77,0.8078,0.3736,service_level
2026-08-30,27,13:30,quality.voice,voice,5.08,3.0,4.15,0.8507,0.4232,service_level
2026-08-30,28,14:00,quality.voice,voice,6.56,4.0,5.54,0.912,0.4101,service_level
2026-08-30,29,14:30,quality.voice,voice,7.04,4.0,5.54,0.8907,0.4404,service_level
2026-08-30,30,15:00,quality.voice,voice,6.78,4.0,5.54,0.9025,0.4241,service_level
2026-08-30,31,15:30,quality.voice,voice,6.03,4.0,5.54,0.9322,0.3768,service_level
2026-08-30,32,16:00,quality.voice,voice,5.06,3.0,4.15,0.8516,0.4221,service_level
2026-08-30,33,16:30,quality.voice,voice,4.17,3.0,4.15,0.9077,0.3476,service_level
2026-08-30,34,17:00,quality.voice,voice,3.51,3.0,4.15,0.9401,0.2927,service_level
2026-08-30,35,17:30,quality.voice,voice,3.1,3.0,4.15,0.9563,0.2589,service_level
2026-08-30,36,18:00,quality.voice,voice,2.86,2.0,2.77,0.8217,0.358,service_level
2026-08-30,37,18:30,quality.voice,voice,2.66,2.0,2.77,0.8434,0.3328,service_level
2026-08-30,38,19:00,quality.voice,voice,2.41,2.0,2.77,0.8687,0.3016,service_level
2026-08-30,39,19:30,quality.voice,voice,2.09,2.0,2.77,0.8987,0.2612,service_level
2026-08-30,40,20:00,quality.voice,voice,1.72,2.0,2.77,0.929,0.215,service_level
2026-08-30,41,20:30,quality.voice,voice,1.35,2.0,2.77,0.9544,0.1694,service_level
2026-08-30,42,21:00,quality.voice,voice,1.04,2.0,2.77,0.9723,0.13,service_level
2026-08-30,43,21:30,quality.voice,voice,0.8,1.0,1.38,0.807,0.2,none
2026-08-30,44,22:00,quality.voice,voice,0.64,1.0,1.38,0.8467,0.1592,none
2026-08-30,45,22:30,quality.voice,voice,0.54,1.0,1.38,0.8708,0.1342,none
2026-08-30,46,23:00,quality.voice,voice,0.48,1.0,1.38,0.8842,0.1204,none
2026-08-30,47,23:30,quality.voice,voice,0.45,1.0,1.38,0.8908,0.1136,none
2026-08-17,16,08:00,affordability.voice,voice,14.26,7.0,9.69,0.8412,0.6095,service_level
2026-08-17,17,08:30,affordability.voice,voice,41.38,17.0,23.53,0.867,0.7285,service_level
2026-08-17,18,09:00,affordability.voice,voice,57.13,22.0,30.45,0.8424,0.7771,service_level
2026-08-17,19,09:30,affordability.voice,voice,68.25,26.0,35.99,0.86,0.7856,service_level
2026-08-17,20,10:00,affordability.voice,voice,70.77,26.0,35.99,0.8047,0.8146,service_level
2026-08-17,21,10:30,affordability.voice,voice,64.2,24.0,33.22,0.817,0.8005,service_level
2026-08-17,22,11:00,affordability.voice,voice,51.77,20.0,27.69,0.8276,0.7747,service_level
2026-08-17,23,11:30,affordability.voice,voice,37.19,15.0,20.76,0.8231,0.7421,service_level
2026-08-17,24,12:00,affordability.voice,voice,22.24,10.0,13.84,0.8471,0.6655,service_level
2026-08-17,25,12:30,affordability.voice,voice,13.94,7.0,9.69,0.8554,0.596,service_level
2026-08-17,26,13:00,affordability.voice,voice,22.69,10.0,13.84,0.8301,0.6791,service_level
2026-08-17,27,13:30,affordability.voice,voice,41.18,17.0,23.53,0.8718,0.7249,service_level
2026-08-17,28,14:00,affordability.voice,voice,54.05,21.0,29.07,0.8449,0.7702,service_level
2026-08-17,29,14:30,affordability.voice,voice,57.67,22.0,30.45,0.8295,0.7845,service_level
2026-08-17,30,15:00,affordability.voice,voice,54.12,21.0,29.07,0.8432,0.7712,service_level
2026-08-17,31,15:30,affordability.voice,voice,45.51,18.0,24.92,0.8367,0.7566,service_level
2026-08-17,32,16:00,affordability.voice,voice,34.35,14.0,19.38,0.8211,0.7342,service_level
2026-08-17,33,16:30,affordability.voice,voice,23.27,10.0,13.84,0.8068,0.6964,service_level
2026-08-17,34,17:00,affordability.voice,voice,8.49,5.0,6.92,0.8744,0.5081,service_level
2026-08-17,35,17:30,affordability.voice,voice,4.63,3.0,4.15,0.8137,0.4621,service_level
2026-08-18,16,08:00,affordability.voice,voice,11.69,6.0,8.31,0.8384,0.5832,service_level
2026-08-18,17,08:30,affordability.voice,voice,33.94,14.0,19.38,0.8341,0.7255,service_level
2026-08-18,18,09:00,affordability.voice,voice,46.85,19.0,26.3,0.8742,0.738,service_level
2026-08-18,19,09:30,affordability.voice,voice,55.98,22.0,30.45,0.8673,0.7614,service_level
2026-08-18,20,10:00,affordability.voice,voice,58.05,22.0,30.45,0.8201,0.7896,service_level
2026-08-18,21,10:30,affordability.voice,voice,52.65,20.0,27.69,0.8035,0.7879,service_level
2026-08-18,22,11:00,affordability.voice,voice,42.46,17.0,23.53,0.8397,0.7475,service_level
2026-08-18,23,11:30,affordability.voice,voice,30.51,13.0,18.0,0.8517,0.7023,service_level
2026-08-18,24,12:00,affordability.voice,voice,18.24,9.0,12.46,0.8904,0.6065,service_level
2026-08-18,25,12:30,affordability.voice,voice,11.43,6.0,8.31,0.8516,0.5703,service_level
2026-08-18,26,13:00,affordability.voice,voice,18.61,9.0,12.46,0.8785,0.6189,service_level
2026-08-18,27,13:30,affordability.voice,voice,33.77,14.0,19.38,0.8393,0.7219,service_level
2026-08-18,28,14:00,affordability.voice,voice,44.33,18.0,24.92,0.8659,0.737,service_level
2026-08-18,29,14:30,affordability.voice,voice,47.3,19.0,26.3,0.8645,0.745,service_level
2026-08-18,30,15:00,affordability.voice,voice,44.39,18.0,24.92,0.8645,0.738,service_level
2026-08-18,31,15:30,affordability.voice,voice,37.32,15.0,20.76,0.819,0.7447,service_level
2026-08-18,32,16:00,affordability.voice,voice,28.17,12.0,16.61,0.8356,0.7026,service_level
2026-08-18,33,16:30,affordability.voice,voice,19.08,9.0,12.46,0.8623,0.6346,service_level
2026-08-18,34,17:00,affordability.voice,voice,6.96,4.0,5.54,0.8183,0.5209,service_level
2026-08-18,35,17:30,affordability.voice,voice,3.8,3.0,4.15,0.8842,0.379,service_level
2026-08-19,16,08:00,affordability.voice,voice,10.15,6.0,8.31,0.9067,0.5064,service_level
2026-08-19,17,08:30,affordability.voice,voice,29.47,13.0,18.0,0.8804,0.6784,service_level
2026-08-19,18,09:00,affordability.voice,voice,40.68,16.0,22.15,0.8055,0.7609,service_level
2026-08-19,19,09:30,affordability.voice,voice,48.6,19.0,26.3,0.8329,0.7656,service_level
2026-08-19,20,10:00,affordability.voice,voice,50.4,20.0,27.69,0.8607,0.7542,service_level
2026-08-19,21,10:30,affordability.voice,voice,45.72,18.0,24.92,0.831,0.7601,service_level
2026-08-19,22,11:00,affordability.voice,voice,36.87,15.0,20.76,0.833,0.7356,service_level
2026-08-19,23,11:30,affordability.voice,voice,26.49,12.0,16.61,0.8859,0.6606,service_level
2026-08-19,24,12:00,affordability.voice,voice,15.84,8.0,11.07,0.8832,0.5924,service_level
2026-08-19,25,12:30,affordability.voice,voice,9.93,6.0,8.31,0.9147,0.4952,service_level
2026-08-19,26,13:00,affordability.voice,voice,16.16,8.0,11.07,0.8716,0.6046,service_level
2026-08-19,27,13:30,affordability.voice,voice,29.32,13.0,18.0,0.8841,0.6751,service_level
2026-08-19,28,14:00,affordability.voice,voice,38.49,16.0,22.15,0.8673,0.7199,service_level
2026-08-19,29,14:30,affordability.voice,voice,41.07,17.0,23.53,0.8742,0.723,service_level
2026-08-19,30,15:00,affordability.voice,voice,38.54,16.0,22.15,0.8661,0.7209,service_level
2026-08-19,31,15:30,affordability.voice,voice,32.41,14.0,19.38,0.877,0.6928,service_level
2026-08-19,32,16:00,affordability.voice,voice,24.46,11.0,15.23,0.8652,0.6655,service_level
2026-08-19,33,16:30,affordability.voice,voice,16.57,8.0,11.07,0.8559,0.6199,service_level
2026-08-19,34,17:00,affordability.voice,voice,6.05,4.0,5.54,0.8797,0.4523,service_level
2026-08-19,35,17:30,affordability.voice,voice,3.3,3.0,4.15,0.9183,0.3291,service_level
2026-08-20,16,08:00,affordability.voice,voice,10.17,6.0,8.31,0.9061,0.5072,service_level
2026-08-20,17,08:30,affordability.voice,voice,29.52,13.0,18.0,0.8791,0.6796,service_level
2026-08-20,18,09:00,affordability.voice,voice,40.75,16.0,22.15,0.8032,0.7622,service_level
2026-08-20,19,09:30,affordability.voice,voice,48.69,19.0,26.3,0.8307,0.7669,service_level
2026-08-20,20,10:00,affordability.voice,voice,50.49,20.0,27.69,0.8588,0.7554,service_level
2026-08-20,21,10:30,affordability.voice,voice,45.8,18.0,24.92,0.8289,0.7614,service_level
2026-08-20,22,11:00,affordability.voice,voice,36.93,15.0,20.76,0.8311,0.7369,service_level
2026-08-20,23,11:30,affordability.voice,voice,26.53,12.0,16.61,0.8847,0.6617,service_level
2026-08-20,24,12:00,affordability.voice,voice,15.86,8.0,11.07,0.8823,0.5935,service_level
2026-08-20,25,12:30,affordability.voice,voice,9.94,6.0,8.31,0.9141,0.496,service_level
2026-08-20,26,13:00,affordability.voice,voice,16.19,8.0,11.07,0.8706,0.6056,service_level
2026-08-20,27,13:30,affordability.voice,voice,29.37,13.0,18.0,0.8829,0.6762,service_level
2026-08-20,28,14:00,affordability.voice,voice,38.56,16.0,22.15,0.8657,0.7212,service_level
2026-08-20,29,14:30,affordability.voice,voice,41.14,17.0,23.53,0.8726,0.7242,service_level
2026-08-20,30,15:00,affordability.voice,voice,38.61,16.0,22.15,0.8644,0.7221,service_level
2026-08-20,31,15:30,affordability.voice,voice,32.46,14.0,19.38,0.8756,0.694,service_level
2026-08-20,32,16:00,affordability.voice,voice,24.5,11.0,15.23,0.8638,0.6667,service_level
2026-08-20,33,16:30,affordability.voice,voice,16.6,8.0,11.07,0.8547,0.621,service_level
2026-08-20,34,17:00,affordability.voice,voice,6.06,4.0,5.54,0.8791,0.4531,service_level
2026-08-20,35,17:30,affordability.voice,voice,3.3,3.0,4.15,0.9179,0.3296,service_level
2026-08-21,16,08:00,affordability.voice,voice,10.29,6.0,8.31,0.9015,0.5134,service_level
2026-08-21,17,08:30,affordability.voice,voice,29.88,13.0,18.0,0.8696,0.6878,service_level
2026-08-21,18,09:00,affordability.voice,voice,41.24,17.0,23.53,0.8702,0.7261,service_level
2026-08-21,19,09:30,affordability.voice,voice,49.28,19.0,26.3,0.8146,0.7761,service_level
2026-08-21,20,10:00,affordability.voice,voice,51.1,20.0,27.69,0.8446,0.7646,service_level
2026-08-21,21,10:30,affordability.voice,voice,46.35,18.0,24.92,0.8132,0.7706,service_level
2026-08-21,22,11:00,affordability.voice,voice,37.38,15.0,20.76,0.8172,0.7458,service_level
2026-08-21,23,11:30,affordability.voice,voice,26.85,12.0,16.61,0.8761,0.6697,service_level
2026-08-21,24,12:00,affordability.voice,voice,16.06,8.0,11.07,0.8755,0.6006,service_level
2026-08-21,25,12:30,affordability.voice,voice,10.06,6.0,8.31,0.9099,0.502,service_level
2026-08-21,26,13:00,affordability.voice,voice,16.38,8.0,11.07,0.8632,0.6129,service_level
2026-08-21,27,13:30,affordability.voice,voice,29.73,13.0,18.0,0.8737,0.6844,service_level
2026-08-21,28,14:00,affordability.voice,voice,39.02,16.0,22.15,0.8539,0.7299,service_level
2026-08-21,29,14:30,affordability.voice,voice,41.64,17.0,23.53,0.8609,0.733,service_level
2026-08-21,30,15:00,affordability.voice,voice,39.07,16.0,22.15,0.8525,0.7309,service_level
2026-08-21,31,15:30,affordability.voice,voice,32.86,14.0,19.38,0.8654,0.7024,service_level
2026-08-21,32,16:00,affordability.voice,voice,24.8,11.0,15.23,0.8544,0.6747,service_level
2026-08-21,33,16:30,affordability.voice,voice,16.8,8.0,11.07,0.8465,0.6285,service_level
2026-08-21,34,17:00,affordability.voice,voice,6.13,4.0,5.54,0.8747,0.4585,service_level
2026-08-21,35,17:30,affordability.voice,voice,3.34,3.0,4.15,0.9154,0.3336,service_level
2026-08-22,17,08:30,affordability.voice,voice,16.32,8.0,11.07,0.8658,0.6103,service_level
2026-08-22,18,09:00,affordability.voice,voice,40.95,17.0,23.53,0.8769,0.7209,service_level
2026-08-22,19,09:30,affordability.voice,voice,48.92,19.0,26.3,0.8244,0.7706,service_level
2026-08-22,20,10:00,affordability.voice,voice,50.73,20.0,27.69,0.8532,0.7591,service_level
2026-08-22,21,10:30,affordability.voice,voice,46.02,18.0,24.92,0.8227,0.7651,service_level
2026-08-22,22,11:00,affordability.voice,voice,37.11,15.0,20.76,0.8256,0.7404,service_level
2026-08-22,23,11:30,affordability.voice,voice,26.66,12.0,16.61,0.8813,0.6649,service_level
2026-08-22,24,12:00,affordability.voice,voice,15.94,8.0,11.07,0.8796,0.5963,service_level
2026-08-22,25,12:30,affordability.voice,voice,6.0,4.0,5.54,0.8827,0.4486,service_level
2026-08-22,26,13:00,affordability.voice,voice,9.76,6.0,8.31,0.9203,0.4868,service_level
2026-08-24,16,08:00,affordability.voice,voice,12.26,6.0,8.31,0.8073,0.6113,service_level
2026-08-24,17,08:30,affordability.voice,voice,35.58,15.0,20.76,0.8686,0.7098,service_level
2026-08-24,18,09:00,affordability.voice,voice,49.11,19.0,26.3,0.8192,0.7736,service_level
2026-08-24,19,09:30,affordability.voice,voice,58.68,22.0,30.45,0.8035,0.7982,service_level
2026-08-24,20,10:00,affordability.voice,voice,60.84,23.0,31.84,0.8253,0.7917,service_level
2026-08-24,21,10:30,affordability.voice,voice,55.19,21.0,29.07,0.8163,0.7865,service_level
2026-08-24,22,11:00,affordability.voice,voice,44.51,18.0,24.92,0.8616,0.74,service_level
2026-08-24,23,11:30,affordability.voice,voice,31.98,13.0,18.0,0.8027,0.7361,service_level
2026-08-24,24,12:00,affordability.voice,voice,19.12,9.0,12.46,0.8611,0.6357,service_level
2026-08-24,25,12:30,affordability.voice,voice,11.98,6.0,8.31,0.8227,0.5978,service_level
2026-08-24,26,13:00,affordability.voice,voice,19.51,9.0,12.46,0.8464,0.6488,service_level
2026-08-24,27,13:30,affordability.voice,voice,35.4,15.0,20.76,0.873,0.7063,service_level
2026-08-24,28,14:00,affordability.voice,voice,46.47,18.0,24.92,0.8098,0.7725,service_level
2026-08-24,29,14:30,affordability.voice,voice,49.58,19.0,26.3,0.8058,0.7809,service_level
2026-08-24,30,15:00,affordability.voice,voice,46.53,18.0,24.92,0.8079,0.7736,service_level
2026-08-24,31,15:30,affordability.voice,voice,39.12,16.0,22.15,0.8512,0.7318,service_level
2026-08-24,32,16:00,affordability.voice,voice,29.53,13.0,18.0,0.8789,0.6798,service_level
2026-08-24,33,16:30,affordability.voice,voice,20.01,9.0,12.46,0.8265,0.6652,service_level
2026-08-24,34,17:00,affordability.voice,voice,7.3,5.0,6.92,0.9263,0.4368,service_level
2026-08-24,35,17:30,affordability.voice,voice,3.98,3.0,4.15,0.8701,0.3972,service_level
2026-08-25,16,08:00,affordability.voice,voice,10.91,6.0,8.31,0.8763,0.5439,service_level
2026-08-25,17,08:30,affordability.voice,voice,31.66,13.0,18.0,0.8142,0.7288,service_level
2026-08-25,18,09:00,affordability.voice,voice,43.7,17.0,23.53,0.8036,0.7693,service_level
2026-08-25,19,09:30,affordability.voice,voice,52.21,20.0,27.69,0.816,0.7812,service_level
2026-08-25,20,10:00,affordability.voice,voice,54.14,21.0,29.07,0.8427,0.7715,service_level
2026-08-25,21,10:30,affordability.voice,voice,49.11,19.0,26.3,0.8192,0.7735,service_level
2026-08-25,22,11:00,affordability.voice,voice,39.61,16.0,22.15,0.838,0.7408,service_level
2026-08-25,23,11:30,affordability.voice,voice,28.45,12.0,16.61,0.8259,0.7096,service_level
2026-08-25,24,12:00,affordability.voice,voice,17.01,8.0,11.07,0.8375,0.6364,service_level
2026-08-25,25,12:30,affordability.voice,voice,10.66,6.0,8.31,0.8867,0.5319,service_level
2026-08-25,26,13:00,affordability.voice,voice,17.36,8.0,11.07,0.822,0.6494,service_level
2026-08-25,27,13:30,affordability.voice,voice,31.5,13.0,18.0,0.8197,0.7251,service_level
2026-08-25,28,14:00,affordability.voice,voice,41.34,17.0,23.53,0.8679,0.7278,service_level
2026-08-25,29,14:30,affordability.voice,voice,44.12,18.0,24.92,0.8707,0.7335,service_level
2026-08-25,30,15:00,affordability.voice,voice,41.4,17.0,23.53,0.8666,0.7288,service_level
2026-08-25,31,15:30,affordability.voice,voice,34.81,14.0,19.38,0.8054,0.7442,service_level
2026-08-25,32,16:00,affordability.voice,voice,26.28,11.0,15.23,0.8001,0.7149,service_level
2026-08-25,33,16:30,affordability.voice,voice,17.8,8.0,11.07,0.801,0.6659,service_level
2026-08-25,34,17:00,affordability.voice,voice,6.49,4.0,5.54,0.8515,0.4858,service_level
2026-08-25,35,17:30,affordability.voice,voice,3.54,3.0,4.15,0.9024,0.3535,service_level
2026-08-26,16,08:00,affordability.voice,voice,13.07,7.0,9.69,0.8903,0.5588,service_level
2026-08-26,17,08:30,affordability.voice,voice,37.94,16.0,22.15,0.8802,0.7097,service_level
2026-08-26,18,09:00,affordability.voice,voice,52.38,20.0,27.69,0.8114,0.7837,service_level
2026-08-26,19,09:30,affordability.voice,voice,62.57,24.0,33.22,0.8538,0.7803,service_level
2026-08-26,20,10:00,affordability.voice,voice,64.89,25.0,34.61,0.8671,0.7767,service_level
2026-08-26,21,10:30,affordability.voice,voice,58.86,23.0,31.84,0.8688,0.7659,service_level
2026-08-26,22,11:00,affordability.voice,voice,47.47,19.0,26.3,0.8607,0.7477,service_level
2026-08-26,23,11:30,affordability.voice,voice,34.1,14.0,19.38,0.8291,0.729,service_level
2026-08-26,24,12:00,affordability.voice,voice,20.39,9.0,12.46,0.8099,0.678,service_level
2026-08-26,25,12:30,affordability.voice,voice,12.78,7.0,9.69,0.9005,0.5464,service_level
2026-08-26,26,13:00,affordability.voice,voice,20.81,10.0,13.84,0.8929,0.6227,service_level
2026-08-26,27,13:30,affordability.voice,voice,37.75,15.0,20.76,0.805,0.7532,service_level
2026-08-26,28,14:00,affordability.voice,voice,49.55,19.0,26.3,0.8066,0.7805,service_level
2026-08-26,29,14:30,affordability.voice,voice,52.87,21.0,29.07,0.8705,0.7535,service_level
2026-08-26,30,15:00,affordability.voice,voice,49.62,19.0,26.3,0.8047,0.7816,service_level
2026-08-26,31,15:30,affordability.voice,voice,41.72,17.0,23.53,0.8588,0.7345,service_level
2026-08-26,32,16:00,affordability.voice,voice,31.49,13.0,18.0,0.8199,0.725,service_level
2026-08-26,33,16:30,affordability.voice,voice,21.33,10.0,13.84,0.8773,0.6385,service_level
2026-08-26,34,17:00,affordability.voice,voice,7.78,5.0,6.92,0.9073,0.4658,service_level
2026-08-26,35,17:30,affordability.voice,voice,4.25,3.0,4.15,0.8484,0.4236,service_level
2026-08-27,16,08:00,affordability.voice,voice,12.05,6.0,8.31,0.8191,0.6009,service_level
2026-08-27,17,08:30,affordability.voice,voice,34.98,15.0,20.76,0.8831,0.6978,service_level
2026-08-27,18,09:00,affordability.voice,voice,48.28,19.0,26.3,0.8412,0.7605,service_level
2026-08-27,19,09:30,affordability.voice,voice,57.68,22.0,30.45,0.8292,0.7846,service_level
2026-08-27,20,10:00,affordability.voice,voice,59.81,23.0,31.84,0.849,0.7783,service_level
2026-08-27,21,10:30,affordability.voice,voice,54.26,21.0,29.07,0.8399,0.7732,service_level
2026-08-27,22,11:00,affordability.voice,voice,43.76,17.0,23.53,0.8018,0.7703,service_level
2026-08-27,23,11:30,affordability.voice,voice,31.44,13.0,18.0,0.8219,0.7237,service_level
2026-08-27,24,12:00,affordability.voice,voice,18.79,9.0,12.46,0.8724,0.625,service_level
2026-08-27,25,12:30,affordability.voice,voice,11.78,6.0,8.31,0.8337,0.5876,service_level
2026-08-27,26,13:00,affordability.voice,voice,19.18,9.0,12.46,0.8588,0.6378,service_level
2026-08-27,27,13:30,affordability.voice,voice,34.8,14.0,19.38,0.8058,0.7439,service_level
2026-08-27,28,14:00,affordability.voice,voice,45.68,18.0,24.92,0.8322,0.7594,service_level
2026-08-27,29,14:30,affordability.voice,voice,48.74,19.0,26.3,0.8293,0.7677,service_level
2026-08-27,30,15:00,affordability.voice,voice,45.74,18.0,24.92,0.8305,0.7605,service_level
2026-08-27,31,15:30,affordability.voice,voice,38.46,16.0,22.15,0.868,0.7194,service_level
2026-08-27,32,16:00,affordability.voice,voice,29.03,12.0,16.61,0.8047,0.724,service_level
2026-08-27,33,16:30,affordability.voice,voice,19.67,9.0,12.46,0.8403,0.6539,service_level
2026-08-27,34,17:00,affordability.voice,voice,7.17,4.0,5.54,0.802,0.5368,service_level
2026-08-27,35,17:30,affordability.voice,voice,3.91,3.0,4.15,0.8754,0.3905,service_level
2026-08-28,16,08:00,affordability.voice,voice,11.25,6.0,8.31,0.8606,0.5611,service_level
2026-08-28,17,08:30,affordability.voice,voice,32.65,14.0,19.38,0.8708,0.698,service_level
2026-08-28,18,09:00,affordability.voice,voice,45.08,18.0,24.92,0.8479,0.7494,service_level
2026-08-28,19,09:30,affordability.voice,voice,53.85,21.0,29.07,0.8494,0.7674,service_level
2026-08-28,20,10:00,affordability.voice,voice,55.84,22.0,30.45,0.87,0.7596,service_level
2026-08-28,21,10:30,affordability.voice,voice,50.66,20.0,27.69,0.8549,0.758,service_level
2026-08-28,22,11:00,affordability.voice,voice,40.85,17.0,23.53,0.8791,0.7192,service_level
2026-08-28,23,11:30,affordability.voice,voice,29.35,13.0,18.0,0.8835,0.6756,service_level
2026-08-28,24,12:00,affordability.voice,voice,17.55,8.0,11.07,0.8133,0.6564,service_level
2026-08-28,25,12:30,affordability.voice,voice,11.0,6.0,8.31,0.8721,0.5486,service_level
2026-08-28,26,13:00,affordability.voice,voice,17.91,9.0,12.46,0.9002,0.5954,service_level
2026-08-28,27,13:30,affordability.voice,voice,32.49,14.0,19.38,0.8749,0.6945,service_level
2026-08-28,28,14:00,affordability.voice,voice,42.65,17.0,23.53,0.8347,0.7507,service_level
2026-08-28,29,14:30,affordability.voice,voice,45.51,18.0,24.92,0.8368,0.7566,service_level
2026-08-28,30,15:00,affordability.voice,voice,42.7,17.0,23.53,0.8331,0.7518,service_level
2026-08-28,31,15:30,affordability.voice,voice,35.91,15.0,20.76,0.8601,0.7164,service_level
2026-08-28,32,16:00,affordability.voice,voice,27.1,12.0,16.61,0.8691,0.6759,service_level
2026-08-28,33,16:30,affordability.voice,voice,18.36,9.0,12.46,0.8866,0.6105,service_level
2026-08-28,34,17:00,affordability.voice,voice,6.7,4.0,5.54,0.8375,0.5011,service_level
2026-08-28,35,17:30,affordability.voice,voice,3.65,3.0,4.15,0.8946,0.3646,service_level
2026-08-29,17,08:30,affordability.voice,voice,16.49,8.0,11.07,0.8591,0.6169,service_level
2026-08-29,18,09:00,affordability.voice,voice,41.39,17.0,23.53,0.8669,0.7286,service_level
2026-08-29,19,09:30,affordability.voice,voice,49.45,19.0,26.3,0.8097,0.7788,service_level
2026-08-29,20,10:00,affordability.voice,voice,51.27,20.0,27.69,0.8403,0.7672,service_level
2026-08-29,21,10:30,affordability.voice,voice,46.51,18.0,24.92,0.8084,0.7733,service_level
2026-08-29,22,11:00,affordability.voice,voice,37.51,15.0,20.76,0.8131,0.7483,service_level
2026-08-29,23,11:30,affordability.voice,voice,26.95,12.0,16.61,0.8735,0.672,service_level
2026-08-29,24,12:00,affordability.voice,voice,16.11,8.0,11.07,0.8735,0.6027,service_level
2026-08-29,25,12:30,affordability.voice,voice,6.06,4.0,5.54,0.8789,0.4534,service_level
2026-08-29,26,13:00,affordability.voice,voice,9.87,6.0,8.31,0.9168,0.492,service_level
2026-08-17,16,08:00,affordability.back_office,back_office,8.53,10.26,14.2,1.0,0.88,workload
2026-08-17,17,08:30,affordability.back_office,back_office,24.77,10.26,14.2,1.0,0.88,workload
2026-08-17,18,09:00,affordability.back_office,back_office,34.19,10.26,14.2,1.0,0.88,workload
2026-08-17,19,09:30,affordability.back_office,back_office,40.84,10.26,14.2,1.0,0.88,workload
2026-08-17,20,10:00,affordability.back_office,back_office,42.35,10.26,14.2,1.0,0.88,workload
2026-08-17,21,10:30,affordability.back_office,back_office,38.42,10.26,14.2,1.0,0.88,workload
2026-08-17,22,11:00,affordability.back_office,back_office,30.98,10.26,14.2,1.0,0.88,workload
2026-08-17,23,11:30,affordability.back_office,back_office,22.26,10.26,14.2,1.0,0.88,workload
2026-08-17,24,12:00,affordability.back_office,back_office,13.31,10.26,14.2,1.0,0.88,workload
2026-08-17,25,12:30,affordability.back_office,back_office,8.34,10.26,14.2,1.0,0.88,workload
2026-08-17,26,13:00,affordability.back_office,back_office,13.58,10.26,14.2,1.0,0.88,workload
2026-08-17,27,13:30,affordability.back_office,back_office,24.64,10.26,14.2,1.0,0.88,workload
2026-08-17,28,14:00,affordability.back_office,back_office,32.34,10.26,14.2,1.0,0.88,workload
2026-08-17,29,14:30,affordability.back_office,back_office,34.51,10.26,14.2,1.0,0.88,workload
2026-08-17,30,15:00,affordability.back_office,back_office,32.39,10.26,14.2,1.0,0.88,workload
2026-08-17,31,15:30,affordability.back_office,back_office,27.23,10.26,14.2,1.0,0.88,workload
2026-08-17,32,16:00,affordability.back_office,back_office,20.56,10.26,14.2,1.0,0.88,workload
2026-08-17,33,16:30,affordability.back_office,back_office,13.93,10.26,14.2,1.0,0.88,workload
2026-08-17,34,17:00,affordability.back_office,back_office,5.08,10.26,14.2,1.0,0.88,workload
2026-08-17,35,17:30,affordability.back_office,back_office,2.77,10.26,14.2,1.0,0.88,workload
2026-08-18,16,08:00,affordability.back_office,back_office,7.01,8.43,11.67,1.0,0.88,workload
2026-08-18,17,08:30,affordability.back_office,back_office,20.35,8.43,11.67,1.0,0.88,workload
2026-08-18,18,09:00,affordability.back_office,back_office,28.09,8.43,11.67,1.0,0.88,workload
2026-08-18,19,09:30,affordability.back_office,back_office,33.56,8.43,11.67,1.0,0.88,workload
2026-08-18,20,10:00,affordability.back_office,back_office,34.8,8.43,11.67,1.0,0.88,workload
2026-08-18,21,10:30,affordability.back_office,back_office,31.57,8.43,11.67,1.0,0.88,workload
2026-08-18,22,11:00,affordability.back_office,back_office,25.46,8.43,11.67,1.0,0.88,workload
2026-08-18,23,11:30,affordability.back_office,back_office,18.29,8.43,11.67,1.0,0.88,workload
2026-08-18,24,12:00,affordability.back_office,back_office,10.94,8.43,11.67,1.0,0.88,workload
2026-08-18,25,12:30,affordability.back_office,back_office,6.86,8.43,11.67,1.0,0.88,workload
2026-08-18,26,13:00,affordability.back_office,back_office,11.16,8.43,11.67,1.0,0.88,workload
2026-08-18,27,13:30,affordability.back_office,back_office,20.25,8.43,11.67,1.0,0.88,workload
2026-08-18,28,14:00,affordability.back_office,back_office,26.58,8.43,11.67,1.0,0.88,workload
2026-08-18,29,14:30,affordability.back_office,back_office,28.36,8.43,11.67,1.0,0.88,workload
2026-08-18,30,15:00,affordability.back_office,back_office,26.61,8.43,11.67,1.0,0.88,workload
2026-08-18,31,15:30,affordability.back_office,back_office,22.38,8.43,11.67,1.0,0.88,workload
2026-08-18,32,16:00,affordability.back_office,back_office,16.89,8.43,11.67,1.0,0.88,workload
2026-08-18,33,16:30,affordability.back_office,back_office,11.44,8.43,11.67,1.0,0.88,workload
2026-08-18,34,17:00,affordability.back_office,back_office,4.17,8.43,11.67,1.0,0.88,workload
2026-08-18,35,17:30,affordability.back_office,back_office,2.28,8.43,11.67,1.0,0.88,workload
2026-08-19,16,08:00,affordability.back_office,back_office,6.05,7.28,10.07,1.0,0.88,workload
2026-08-19,17,08:30,affordability.back_office,back_office,17.57,7.28,10.07,1.0,0.88,workload
2026-08-19,18,09:00,affordability.back_office,back_office,24.25,7.28,10.07,1.0,0.88,workload
2026-08-19,19,09:30,affordability.back_office,back_office,28.97,7.28,10.07,1.0,0.88,workload
2026-08-19,20,10:00,affordability.back_office,back_office,30.04,7.28,10.07,1.0,0.88,workload
2026-08-19,21,10:30,affordability.back_office,back_office,27.25,7.28,10.07,1.0,0.88,workload
2026-08-19,22,11:00,affordability.back_office,back_office,21.98,7.28,10.07,1.0,0.88,workload
2026-08-19,23,11:30,affordability.back_office,back_office,15.79,7.28,10.07,1.0,0.88,workload
2026-08-19,24,12:00,affordability.back_office,back_office,9.44,7.28,10.07,1.0,0.88,workload
2026-08-19,25,12:30,affordability.back_office,back_office,5.92,7.28,10.07,1.0,0.88,workload
2026-08-19,26,13:00,affordability.back_office,back_office,9.63,7.28,10.07,1.0,0.88,workload
2026-08-19,27,13:30,affordability.back_office,back_office,17.48,7.28,10.07,1.0,0.88,workload
2026-08-19,28,14:00,affordability.back_office,back_office,22.94,7.28,10.07,1.0,0.88,workload
2026-08-19,29,14:30,affordability.back_office,back_office,24.48,7.28,10.07,1.0,0.88,workload
2026-08-19,30,15:00,affordability.back_office,back_office,22.98,7.28,10.07,1.0,0.88,workload
2026-08-19,31,15:30,affordability.back_office,back_office,19.32,7.28,10.07,1.0,0.88,workload
2026-08-19,32,16:00,affordability.back_office,back_office,14.58,7.28,10.07,1.0,0.88,workload
2026-08-19,33,16:30,affordability.back_office,back_office,9.88,7.28,10.07,1.0,0.88,workload
2026-08-19,34,17:00,affordability.back_office,back_office,3.6,7.28,10.07,1.0,0.88,workload
2026-08-19,35,17:30,affordability.back_office,back_office,1.97,7.28,10.07,1.0,0.88,workload
2026-08-20,16,08:00,affordability.back_office,back_office,5.95,7.15,9.9,1.0,0.88,workload
2026-08-20,17,08:30,affordability.back_office,back_office,17.27,7.15,9.9,1.0,0.88,workload
2026-08-20,18,09:00,affordability.back_office,back_office,23.84,7.15,9.9,1.0,0.88,workload
2026-08-20,19,09:30,affordability.back_office,back_office,28.48,7.15,9.9,1.0,0.88,workload
2026-08-20,20,10:00,affordability.back_office,back_office,29.53,7.15,9.9,1.0,0.88,workload
2026-08-20,21,10:30,affordability.back_office,back_office,26.79,7.15,9.9,1.0,0.88,workload
2026-08-20,22,11:00,affordability.back_office,back_office,21.6,7.15,9.9,1.0,0.88,workload
2026-08-20,23,11:30,affordability.back_office,back_office,15.52,7.15,9.9,1.0,0.88,workload
2026-08-20,24,12:00,affordability.back_office,back_office,9.28,7.15,9.9,1.0,0.88,workload
2026-08-20,25,12:30,affordability.back_office,back_office,5.82,7.15,9.9,1.0,0.88,workload
2026-08-20,26,13:00,affordability.back_office,back_office,9.47,7.15,9.9,1.0,0.88,workload
2026-08-20,27,13:30,affordability.back_office,back_office,17.18,7.15,9.9,1.0,0.88,workload
2026-08-20,28,14:00,affordability.back_office,back_office,22.55,7.15,9.9,1.0,0.88,workload
2026-08-20,29,14:30,affordability.back_office,back_office,24.06,7.15,9.9,1.0,0.88,workload
2026-08-20,30,15:00,affordability.back_office,back_office,22.58,7.15,9.9,1.0,0.88,workload
2026-08-20,31,15:30,affordability.back_office,back_office,18.99,7.15,9.9,1.0,0.88,workload
2026-08-20,32,16:00,affordability.back_office,back_office,14.33,7.15,9.9,1.0,0.88,workload
2026-08-20,33,16:30,affordability.back_office,back_office,9.71,7.15,9.9,1.0,0.88,workload
2026-08-20,34,17:00,affordability.back_office,back_office,3.54,7.15,9.9,1.0,0.88,workload
2026-08-20,35,17:30,affordability.back_office,back_office,1.93,7.15,9.9,1.0,0.88,workload
2026-08-21,16,08:00,affordability.back_office,back_office,6.1,7.33,10.15,1.0,0.88,workload
2026-08-21,17,08:30,affordability.back_office,back_office,17.69,7.33,10.15,1.0,0.88,workload
2026-08-21,18,09:00,affordability.back_office,back_office,24.43,7.33,10.15,1.0,0.88,workload
2026-08-21,19,09:30,affordability.back_office,back_office,29.18,7.33,10.15,1.0,0.88,workload
2026-08-21,20,10:00,affordability.back_office,back_office,30.26,7.33,10.15,1.0,0.88,workload
2026-08-21,21,10:30,affordability.back_office,back_office,27.45,7.33,10.15,1.0,0.88,workload
2026-08-21,22,11:00,affordability.back_office,back_office,22.14,7.33,10.15,1.0,0.88,workload
2026-08-21,23,11:30,affordability.back_office,back_office,15.9,7.33,10.15,1.0,0.88,workload
2026-08-21,24,12:00,affordability.back_office,back_office,9.51,7.33,10.15,1.0,0.88,workload
2026-08-21,25,12:30,affordability.back_office,back_office,5.96,7.33,10.15,1.0,0.88,workload
2026-08-21,26,13:00,affordability.back_office,back_office,9.7,7.33,10.15,1.0,0.88,workload
2026-08-21,27,13:30,affordability.back_office,back_office,17.61,7.33,10.15,1.0,0.88,workload
2026-08-21,28,14:00,affordability.back_office,back_office,23.11,7.33,10.15,1.0,0.88,workload
2026-08-21,29,14:30,affordability.back_office,back_office,24.66,7.33,10.15,1.0,0.88,workload
2026-08-21,30,15:00,affordability.back_office,back_office,23.14,7.33,10.15,1.0,0.88,workload
2026-08-21,31,15:30,affordability.back_office,back_office,19.46,7.33,10.15,1.0,0.88,workload
2026-08-21,32,16:00,affordability.back_office,back_office,14.69,7.33,10.15,1.0,0.88,workload
2026-08-21,33,16:30,affordability.back_office,back_office,9.95,7.33,10.15,1.0,0.88,workload
2026-08-21,34,17:00,affordability.back_office,back_office,3.63,7.33,10.15,1.0,0.88,workload
2026-08-21,35,17:30,affordability.back_office,back_office,1.98,7.33,10.15,1.0,0.88,workload
2026-08-24,16,08:00,affordability.back_office,back_office,7.23,8.7,12.04,1.0,0.88,workload
2026-08-24,17,08:30,affordability.back_office,back_office,21.0,8.7,12.04,1.0,0.88,workload
2026-08-24,18,09:00,affordability.back_office,back_office,28.99,8.7,12.04,1.0,0.88,workload
2026-08-24,19,09:30,affordability.back_office,back_office,34.63,8.7,12.04,1.0,0.88,workload
2026-08-24,20,10:00,affordability.back_office,back_office,35.91,8.7,12.04,1.0,0.88,workload
2026-08-24,21,10:30,affordability.back_office,back_office,32.58,8.7,12.04,1.0,0.88,workload
2026-08-24,22,11:00,affordability.back_office,back_office,26.27,8.7,12.04,1.0,0.88,workload
2026-08-24,23,11:30,affordability.back_office,back_office,18.88,8.7,12.04,1.0,0.88,workload
2026-08-24,24,12:00,affordability.back_office,back_office,11.29,8.7,12.04,1.0,0.88,workload
2026-08-24,25,12:30,affordability.back_office,back_office,7.07,8.7,12.04,1.0,0.88,workload
2026-08-24,26,13:00,affordability.back_office,back_office,11.52,8.7,12.04,1.0,0.88,workload
2026-08-24,27,13:30,affordability.back_office,back_office,20.9,8.7,12.04,1.0,0.88,workload
2026-08-24,28,14:00,affordability.back_office,back_office,27.43,8.7,12.04,1.0,0.88,workload
2026-08-24,29,14:30,affordability.back_office,back_office,29.27,8.7,12.04,1.0,0.88,workload
2026-08-24,30,15:00,affordability.back_office,back_office,27.46,8.7,12.04,1.0,0.88,workload
2026-08-24,31,15:30,affordability.back_office,back_office,23.09,8.7,12.04,1.0,0.88,workload
2026-08-24,32,16:00,affordability.back_office,back_office,17.43,8.7,12.04,1.0,0.88,workload
2026-08-24,33,16:30,affordability.back_office,back_office,11.81,8.7,12.04,1.0,0.88,workload
2026-08-24,34,17:00,affordability.back_office,back_office,4.31,8.7,12.04,1.0,0.88,workload
2026-08-24,35,17:30,affordability.back_office,back_office,2.35,8.7,12.04,1.0,0.88,workload
2026-08-25,16,08:00,affordability.back_office,back_office,6.47,7.77,10.76,1.0,0.88,workload
2026-08-25,17,08:30,affordability.back_office,back_office,18.77,7.77,10.76,1.0,0.88,workload
2026-08-25,18,09:00,affordability.back_office,back_office,25.91,7.77,10.76,1.0,0.88,workload
2026-08-25,19,09:30,affordability.back_office,back_office,30.95,7.77,10.76,1.0,0.88,workload
2026-08-25,20,10:00,affordability.back_office,back_office,32.1,7.77,10.76,1.0,0.88,workload
2026-08-25,21,10:30,affordability.back_office,back_office,29.12,7.77,10.76,1.0,0.88,workload
2026-08-25,22,11:00,affordability.back_office,back_office,23.48,7.77,10.76,1.0,0.88,workload
2026-08-25,23,11:30,affordability.back_office,back_office,16.87,7.77,10.76,1.0,0.88,workload
2026-08-25,24,12:00,affordability.back_office,back_office,10.09,7.77,10.76,1.0,0.88,workload
2026-08-25,25,12:30,affordability.back_office,back_office,6.32,7.77,10.76,1.0,0.88,workload
2026-08-25,26,13:00,affordability.back_office,back_office,10.29,7.77,10.76,1.0,0.88,workload
2026-08-25,27,13:30,affordability.back_office,back_office,18.67,7.77,10.76,1.0,0.88,workload
2026-08-25,28,14:00,affordability.back_office,back_office,24.51,7.77,10.76,1.0,0.88,workload
2026-08-25,29,14:30,affordability.back_office,back_office,26.15,7.77,10.76,1.0,0.88,workload
2026-08-25,30,15:00,affordability.back_office,back_office,24.54,7.77,10.76,1.0,0.88,workload
2026-08-25,31,15:30,affordability.back_office,back_office,20.64,7.77,10.76,1.0,0.88,workload
2026-08-25,32,16:00,affordability.back_office,back_office,15.58,7.77,10.76,1.0,0.88,workload
2026-08-25,33,16:30,affordability.back_office,back_office,10.55,7.77,10.76,1.0,0.88,workload
2026-08-25,34,17:00,affordability.back_office,back_office,3.85,7.77,10.76,1.0,0.88,workload
2026-08-25,35,17:30,affordability.back_office,back_office,2.1,7.77,10.76,1.0,0.88,workload
2026-08-26,16,08:00,affordability.back_office,back_office,7.83,9.41,13.03,1.0,0.88,workload
2026-08-26,17,08:30,affordability.back_office,back_office,22.72,9.41,13.03,1.0,0.88,workload
2026-08-26,18,09:00,affordability.back_office,back_office,31.36,9.41,13.03,1.0,0.88,workload
2026-08-26,19,09:30,affordability.back_office,back_office,37.47,9.41,13.03,1.0,0.88,workload
2026-08-26,20,10:00,affordability.back_office,back_office,38.85,9.41,13.03,1.0,0.88,workload
2026-08-26,21,10:30,affordability.back_office,back_office,35.24,9.41,13.03,1.0,0.88,workload
2026-08-26,22,11:00,affordability.back_office,back_office,28.42,9.41,13.03,1.0,0.88,workload
2026-08-26,23,11:30,affordability.back_office,back_office,20.42,9.41,13.03,1.0,0.88,workload
2026-08-26,24,12:00,affordability.back_office,back_office,12.21,9.41,13.03,1.0,0.88,workload
2026-08-26,25,12:30,affordability.back_office,back_office,7.65,9.41,13.03,1.0,0.88,workload
2026-08-26,26,13:00,affordability.back_office,back_office,12.46,9.41,13.03,1.0,0.88,workload
2026-08-26,27,13:30,affordability.back_office,back_office,22.61,9.41,13.03,1.0,0.88,workload
2026-08-26,28,14:00,affordability.back_office,back_office,29.67,9.41,13.03,1.0,0.88,workload
2026-08-26,29,14:30,affordability.back_office,back_office,31.66,9.41,13.03,1.0,0.88,workload
2026-08-26,30,15:00,affordability.back_office,back_office,29.71,9.41,13.03,1.0,0.88,workload
2026-08-26,31,15:30,affordability.back_office,back_office,24.98,9.41,13.03,1.0,0.88,workload
2026-08-26,32,16:00,affordability.back_office,back_office,18.86,9.41,13.03,1.0,0.88,workload
2026-08-26,33,16:30,affordability.back_office,back_office,12.77,9.41,13.03,1.0,0.88,workload
2026-08-26,34,17:00,affordability.back_office,back_office,4.66,9.41,13.03,1.0,0.88,workload
2026-08-26,35,17:30,affordability.back_office,back_office,2.54,9.41,13.03,1.0,0.88,workload
2026-08-27,16,08:00,affordability.back_office,back_office,7.1,8.54,11.82,1.0,0.88,workload
2026-08-27,17,08:30,affordability.back_office,back_office,20.62,8.54,11.82,1.0,0.88,workload
2026-08-27,18,09:00,affordability.back_office,back_office,28.46,8.54,11.82,1.0,0.88,workload
2026-08-27,19,09:30,affordability.back_office,back_office,34.0,8.54,11.82,1.0,0.88,workload
2026-08-27,20,10:00,affordability.back_office,back_office,35.26,8.54,11.82,1.0,0.88,workload
2026-08-27,21,10:30,affordability.back_office,back_office,31.98,8.54,11.82,1.0,0.88,workload
2026-08-27,22,11:00,affordability.back_office,back_office,25.79,8.54,11.82,1.0,0.88,workload
2026-08-27,23,11:30,affordability.back_office,back_office,18.53,8.54,11.82,1.0,0.88,workload
2026-08-27,24,12:00,affordability.back_office,back_office,11.08,8.54,11.82,1.0,0.88,workload
2026-08-27,25,12:30,affordability.back_office,back_office,6.94,8.54,11.82,1.0,0.88,workload
2026-08-27,26,13:00,affordability.back_office,back_office,11.31,8.54,11.82,1.0,0.88,workload
2026-08-27,27,13:30,affordability.back_office,back_office,20.51,8.54,11.82,1.0,0.88,workload
2026-08-27,28,14:00,affordability.back_office,back_office,26.92,8.54,11.82,1.0,0.88,workload
2026-08-27,29,14:30,affordability.back_office,back_office,28.73,8.54,11.82,1.0,0.88,workload
2026-08-27,30,15:00,affordability.back_office,back_office,26.96,8.54,11.82,1.0,0.88,workload
2026-08-27,31,15:30,affordability.back_office,back_office,22.67,8.54,11.82,1.0,0.88,workload
2026-08-27,32,16:00,affordability.back_office,back_office,17.11,8.54,11.82,1.0,0.88,workload
2026-08-27,33,16:30,affordability.back_office,back_office,11.59,8.54,11.82,1.0,0.88,workload
2026-08-27,34,17:00,affordability.back_office,back_office,4.23,8.54,11.82,1.0,0.88,workload
2026-08-27,35,17:30,affordability.back_office,back_office,2.31,8.54,11.82,1.0,0.88,workload
2026-08-28,16,08:00,affordability.back_office,back_office,6.7,8.05,11.15,1.0,0.88,workload
2026-08-28,17,08:30,affordability.back_office,back_office,19.44,8.05,11.15,1.0,0.88,workload
2026-08-28,18,09:00,affordability.back_office,back_office,26.84,8.05,11.15,1.0,0.88,workload
2026-08-28,19,09:30,affordability.back_office,back_office,32.06,8.05,11.15,1.0,0.88,workload
2026-08-28,20,10:00,affordability.back_office,back_office,33.25,8.05,11.15,1.0,0.88,workload
2026-08-28,21,10:30,affordability.back_office,back_office,30.16,8.05,11.15,1.0,0.88,workload
2026-08-28,22,11:00,affordability.back_office,back_office,24.32,8.05,11.15,1.0,0.88,workload
2026-08-28,23,11:30,affordability.back_office,back_office,17.47,8.05,11.15,1.0,0.88,workload
2026-08-28,24,12:00,affordability.back_office,back_office,10.45,8.05,11.15,1.0,0.88,workload
2026-08-28,25,12:30,affordability.back_office,back_office,6.55,8.05,11.15,1.0,0.88,workload
2026-08-28,26,13:00,affordability.back_office,back_office,10.66,8.05,11.15,1.0,0.88,workload
2026-08-28,27,13:30,affordability.back_office,back_office,19.34,8.05,11.15,1.0,0.88,workload
2026-08-28,28,14:00,affordability.back_office,back_office,25.39,8.05,11.15,1.0,0.88,workload
2026-08-28,29,14:30,affordability.back_office,back_office,27.09,8.05,11.15,1.0,0.88,workload
2026-08-28,30,15:00,affordability.back_office,back_office,25.42,8.05,11.15,1.0,0.88,workload
2026-08-28,31,15:30,affordability.back_office,back_office,21.38,8.05,11.15,1.0,0.88,workload
2026-08-28,32,16:00,affordability.back_office,back_office,16.14,8.05,11.15,1.0,0.88,workload
2026-08-28,33,16:30,affordability.back_office,back_office,10.93,8.05,11.15,1.0,0.88,workload
2026-08-28,34,17:00,affordability.back_office,back_office,3.99,8.05,11.15,1.0,0.88,workload
2026-08-28,35,17:30,affordability.back_office,back_office,2.18,8.05,11.15,1.0,0.88,workload
2026-08-17,16,08:00,movehome.voice,voice,8.01,4.0,5.54,0.8867,0.4475,service_level
2026-08-17,17,08:30,movehome.voice,voice,23.27,8.0,11.07,0.8281,0.6495,service_level
2026-08-17,18,09:00,movehome.voice,voice,32.12,11.0,15.23,0.8855,0.6521,service_level
2026-08-17,19,09:30,movehome.voice,voice,38.37,12.0,16.61,0.8271,0.7141,service_level
2026-08-17,20,10:00,movehome.voice,voice,39.79,13.0,18.0,0.881,0.6836,service_level
2026-08-17,21,10:30,movehome.voice,voice,36.09,12.0,16.61,0.88,0.6717,service_level
2026-08-17,22,11:00,movehome.voice,voice,29.11,10.0,13.84,0.8708,0.6501,service_level
2026-08-17,23,11:30,movehome.voice,voice,20.91,8.0,11.07,0.8955,0.5838,service_level
2026-08-17,24,12:00,movehome.voice,voice,12.5,5.0,6.92,0.8317,0.5585,service_level
2026-08-17,25,12:30,movehome.voice,voice,7.84,4.0,5.54,0.8941,0.4376,service_level
2026-08-17,26,13:00,movehome.voice,voice,12.76,5.0,6.92,0.8198,0.5699,service_level
2026-08-17,27,13:30,movehome.voice,voice,23.15,8.0,11.07,0.8319,0.6463,service_level
2026-08-17,28,14:00,movehome.voice,voice,30.39,10.0,13.84,0.8375,0.6786,service_level
2026-08-17,29,14:30,movehome.voice,voice,32.42,11.0,15.23,0.8791,0.6583,service_level
2026-08-17,30,15:00,movehome.voice,voice,30.43,10.0,13.84,0.8363,0.6796,service_level
2026-08-17,31,15:30,movehome.voice,voice,25.59,9.0,12.46,0.8676,0.6349,service_level
2026-08-17,32,16:00,movehome.voice,voice,19.31,7.0,9.69,0.8393,0.6161,service_level
2026-08-17,33,16:30,movehome.voice,voice,13.08,5.0,6.92,0.8041,0.5844,service_level
2026-08-17,34,17:00,movehome.voice,voice,4.77,3.0,4.15,0.9035,0.3553,service_level
2026-08-17,35,17:30,movehome.voice,voice,2.6,2.0,2.77,0.8779,0.2908,service_level
2026-08-18,16,08:00,movehome.voice,voice,7.24,4.0,5.54,0.9167,0.4045,service_level
2026-08-18,17,08:30,movehome.voice,voice,21.03,8.0,11.07,0.8927,0.5871,service_level
2026-08-18,18,09:00,movehome.voice,voice,29.03,10.0,13.84,0.8726,0.6483,service_level
2026-08-18,19,09:30,movehome.voice,voice,34.68,11.0,15.23,0.8232,0.7041,service_level
2026-08-18,20,10:00,movehome.voice,voice,35.96,12.0,16.61,0.8826,0.6693,service_level
2026-08-18,21,10:30,movehome.voice,voice,32.62,11.0,15.23,0.8747,0.6623,service_level
2026-08-18,22,11:00,movehome.voice,voice,26.31,9.0,12.46,0.8478,0.6529,service_level
2026-08-18,23,11:30,movehome.voice,voice,18.9,7.0,9.69,0.8533,0.603,service_level
2026-08-18,24,12:00,movehome.voice,voice,11.3,5.0,6.92,0.881,0.5048,service_level
2026-08-18,25,12:30,movehome.voice,voice,7.08,4.0,5.54,0.9223,0.3955,service_level
2026-08-18,26,13:00,movehome.voice,voice,11.53,5.0,6.92,0.8723,0.5151,service_level
2026-08-18,27,13:30,movehome.voice,voice,20.92,8.0,11.07,0.8952,0.5841,service_level
2026-08-18,28,14:00,movehome.voice,voice,27.46,9.0,12.46,0.812,0.6815,service_level
2026-08-18,29,14:30,movehome.voice,voice,29.31,10.0,13.84,0.866,0.6545,service_level
2026-08-18,30,15:00,movehome.voice,voice,27.5,9.0,12.46,0.8108,0.6825,service_level
2026-08-18,31,15:30,movehome.voice,voice,23.13,8.0,11.07,0.8328,0.6456,service_level
2026-08-18,32,16:00,movehome.voice,voice,17.45,7.0,9.69,0.896,0.5569,service_level
2026-08-18,33,16:30,movehome.voice,voice,11.82,5.0,6.92,0.8608,0.5282,service_level
2026-08-18,34,17:00,movehome.voice,voice,4.31,3.0,4.15,0.9251,0.3211,service_level
2026-08-18,35,17:30,movehome.voice,voice,2.35,2.0,2.77,0.8983,0.2628,service_level
2026-08-19,16,08:00,movehome.voice,voice,6.7,4.0,5.54,0.9345,0.3744,service_level
2026-08-19,17,08:30,movehome.voice,voice,19.46,7.0,9.69,0.8339,0.621,service_level
2026-08-19,18,09:00,movehome.voice,voice,26.87,9.0,12.46,0.8311,0.6667,service_level
2026-08-19,19,09:30,movehome.voice,voice,32.1,11.0,15.23,0.8859,0.6517,service_level
2026-08-19,20,10:00,movehome.voice,voice,33.29,11.0,15.23,0.8595,0.6758,service_level
2026-08-19,21,10:30,movehome.voice,voice,30.19,10.0,13.84,0.8429,0.6743,service_level
2026-08-19,22,11:00,movehome.voice,voice,24.35,9.0,12.46,0.8971,0.6042,service_level
2026-08-19,23,11:30,movehome.voice,voice,17.49,7.0,9.69,0.895,0.5581,service_level
2026-08-19,24,12:00,movehome.voice,voice,10.46,5.0,6.92,0.9094,0.4672,service_level
2026-08-19,25,12:30,movehome.voice,voice,6.56,4.0,5.54,0.9389,0.3661,service_level
2026-08-19,26,13:00,movehome.voice,voice,10.67,5.0,6.92,0.9026,0.4768,service_level
2026-08-19,27,13:30,movehome.voice,voice,19.37,7.0,9.69,0.8374,0.6179,service_level
2026-08-19,28,14:00,movehome.voice,voice,25.42,9.0,12.46,0.8719,0.6308,service_level
2026-08-19,29,14:30,movehome.voice,voice,27.12,9.0,12.46,0.8231,0.6731,service_level
2026-08-19,30,15:00,movehome.voice,voice,25.45,9.0,12.46,0.871,0.6316,service_level
2026-08-19,31,15:30,movehome.voice,voice,21.4,8.0,11.07,0.8833,0.5975,service_level
2026-08-19,32,16:00,movehome.voice,voice,16.16,6.0,8.31,0.8241,0.6013,service_level
2026-08-19,33,16:30,movehome.voice,voice,10.94,5.0,6.92,0.8936,0.4888,service_level
2026-08-19,34,17:00,movehome.voice,voice,3.99,3.0,4.15,0.9384,0.2972,service_level
2026-08-19,35,17:30,movehome.voice,voice,2.18,2.0,2.77,0.9117,0.2433,service_level
2026-08-20,16,08:00,movehome.voice,voice,6.69,4.0,5.54,0.9349,0.3736,service_level
2026-08-20,17,08:30,movehome.voice,voice,19.42,7.0,9.69,0.8353,0.6197,service_level
2026-08-20,18,09:00,movehome.voice,voice,26.81,9.0,12.46,0.8328,0.6654,service_level
2026-08-20,19,09:30,movehome.voice,voice,32.04,11.0,15.23,0.8872,0.6504,service_level
2026-08-20,20,10:00,movehome.voice,voice,33.22,11.0,15.23,0.8611,0.6745,service_level
2026-08-20,21,10:30,movehome.voice,voice,30.13,10.0,13.84,0.8445,0.673,service_level
2026-08-20,22,11:00,movehome.voice,voice,24.3,9.0,12.46,0.8982,0.603,service_level
2026-08-20,23,11:30,movehome.voice,voice,17.46,7.0,9.69,0.8959,0.557,service_level
2026-08-20,24,12:00,movehome.voice,voice,10.44,5.0,6.92,0.9101,0.4663,service_level
2026-08-20,25,12:30,movehome.voice,voice,6.54,4.0,5.54,0.9393,0.3653,service_level
2026-08-20,26,13:00,movehome.voice,voice,10.65,5.0,6.92,0.9033,0.4758,service_level
2026-08-20,27,13:30,movehome.voice,voice,19.33,7.0,9.69,0.8387,0.6167,service_level
2026-08-20,28,14:00,movehome.voice,voice,25.37,9.0,12.46,0.8731,0.6295,service_level
2026-08-20,29,14:30,movehome.voice,voice,27.07,9.0,12.46,0.8248,0.6717,service_level
2026-08-20,30,15:00,movehome.voice,voice,25.4,9.0,12.46,0.8723,0.6304,service_level
2026-08-20,31,15:30,movehome.voice,voice,21.36,8.0,11.07,0.8844,0.5963,service_level
2026-08-20,32,16:00,movehome.voice,voice,16.12,6.0,8.31,0.8254,0.6001,service_level
2026-08-20,33,16:30,movehome.voice,voice,10.92,5.0,6.92,0.8944,0.4879,service_level
2026-08-20,34,17:00,movehome.voice,voice,3.98,3.0,4.15,0.9387,0.2966,service_level
2026-08-20,35,17:30,movehome.voice,voice,2.17,2.0,2.77,0.912,0.2428,service_level
2026-08-21,16,08:00,movehome.voice,voice,6.95,4.0,5.54,0.9267,0.3882,service_level
2026-08-21,17,08:30,movehome.voice,voice,20.18,7.0,9.69,0.8069,0.6439,service_level
2026-08-21,18,09:00,movehome.voice,voice,27.86,10.0,13.84,0.8983,0.6222,service_level
2026-08-21,19,09:30,movehome.voice,voice,33.28,11.0,15.23,0.8596,0.6758,service_level
2026-08-21,20,10:00,movehome.voice,voice,34.51,11.0,15.23,0.8279,0.7007,service_level
2026-08-21,21,10:30,movehome.voice,voice,31.31,10.0,13.84,0.8101,0.6992,service_level
2026-08-21,22,11:00,movehome.voice,voice,25.25,9.0,12.46,0.8762,0.6265,service_level
2026-08-21,23,11:30,movehome.voice,voice,18.14,7.0,9.69,0.877,0.5787,service_level
2026-08-21,24,12:00,movehome.voice,voice,10.85,5.0,6.92,0.897,0.4844,service_level
2026-08-21,25,12:30,movehome.voice,voice,6.8,4.0,5.54,0.9316,0.3796,service_level
2026-08-21,26,13:00,movehome.voice,voice,11.07,5.0,6.92,0.8894,0.4943,service_level
2026-08-21,27,13:30,movehome.voice,voice,20.08,7.0,9.69,0.8108,0.6407,service_level
2026-08-21,28,14:00,movehome.voice,voice,26.36,9.0,12.46,0.8464,0.6541,service_level
2026-08-21,29,14:30,movehome.voice,voice,28.12,10.0,13.84,0.8928,0.6281,service_level
2026-08-21,30,15:00,movehome.voice,voice,26.39,9.0,12.46,0.8453,0.6549,service_level
2026-08-21,31,15:30,movehome.voice,voice,22.19,8.0,11.07,0.8616,0.6196,service_level
2026-08-21,32,16:00,movehome.voice,voice,16.75,7.0,9.69,0.9134,0.5344,service_level
2026-08-21,33,16:30,movehome.voice,voice,11.35,5.0,6.92,0.8793,0.5069,service_level
2026-08-21,34,17:00,movehome.voice,voice,4.14,3.0,4.15,0.9325,0.3082,service_level
2026-08-21,35,17:30,movehome.voice,voice,2.26,2.0,2.77,0.9057,0.2522,service_level
2026-08-22,17,08:30,movehome.voice,voice,10.7,5.0,6.92,0.9018,0.478,service_level
2026-08-22,18,09:00,movehome.voice,voice,26.86,9.0,12.46,0.8315,0.6665,service_level
2026-08-22,19,09:30,movehome.voice,voice,32.09,11.0,15.23,0.8862,0.6514,service_level
2026-08-22,20,10:00,movehome.voice,voice,33.27,11.0,15.23,0.8598,0.6755,service_level
2026-08-22,21,10:30,movehome.voice,voice,30.18,10.0,13.84,0.8432,0.6741,service_level
2026-08-22,22,11:00,movehome.voice,voice,24.34,9.0,12.46,0.8974,0.604,service_level
2026-08-22,23,11:30,movehome.voice,voice,17.49,7.0,9.69,0.8952,0.5579,service_level
2026-08-22,24,12:00,movehome.voice,voice,10.45,5.0,6.92,0.9095,0.467,service_level
2026-08-22,25,12:30,movehome.voice,voice,3.93,3.0,4.15,0.9407,0.2927,service_level
2026-08-22,26,13:00,movehome.voice,voice,6.4,3.0,4.15,0.8036,0.4766,service_level
2026-08-24,16,08:00,movehome.voice,voice,7.97,4.0,5.54,0.8887,0.4449,service_level
2026-08-24,17,08:30,movehome.voice,voice,23.13,8.0,11.07,0.8325,0.6458,service_level
2026-08-24,18,09:00,movehome.voice,voice,31.93,11.0,15.23,0.8893,0.6483,service_level
2026-08-24,19,09:30,movehome.voice,voice,38.15,12.0,16.61,0.8329,0.71,service_level
2026-08-24,20,10:00,movehome.voice,voice,39.56,13.0,18.0,0.8853,0.6796,service_level
2026-08-24,21,10:30,movehome.voice,voice,35.89,12.0,16.61,0.8841,0.6679,service_level
2026-08-24,22,11:00,movehome.voice,voice,28.94,10.0,13.84,0.8747,0.6463,service_level
2026-08-24,23,11:30,movehome.voice,voice,20.79,8.0,11.07,0.8984,0.5804,service_level
2026-08-24,24,12:00,movehome.voice,voice,12.43,5.0,6.92,0.835,0.5552,service_level
2026-08-24,25,12:30,movehome.voice,voice,7.79,4.0,5.54,0.8959,0.4351,service_level
2026-08-24,26,13:00,movehome.voice,voice,12.69,5.0,6.92,0.8233,0.5666,service_level
2026-08-24,27,13:30,movehome.voice,voice,23.02,8.0,11.07,0.8363,0.6426,service_level
2026-08-24,28,14:00,movehome.voice,voice,30.21,10.0,13.84,0.8424,0.6747,service_level
2026-08-24,29,14:30,movehome.voice,voice,32.24,11.0,15.23,0.8831,0.6545,service_level
2026-08-24,30,15:00,movehome.voice,voice,30.25,10.0,13.84,0.8413,0.6756,service_level
2026-08-24,31,15:30,movehome.voice,voice,25.44,9.0,12.46,0.8714,0.6312,service_level
2026-08-24,32,16:00,movehome.voice,voice,19.2,7.0,9.69,0.8432,0.6126,service_level
2026-08-24,33,16:30,movehome.voice,voice,13.01,5.0,6.92,0.8079,0.581,service_level
2026-08-24,34,17:00,movehome.voice,voice,4.75,3.0,4.15,0.9049,0.3532,service_level
2026-08-24,35,17:30,movehome.voice,voice,2.59,2.0,2.77,0.8792,0.2891,service_level
2026-08-25,16,08:00,movehome.voice,voice,7.2,4.0,5.54,0.9182,0.402,service_level
2026-08-25,17,08:30,movehome.voice,voice,20.9,8.0,11.07,0.8958,0.5835,service_level
2026-08-25,18,09:00,movehome.voice,voice,28.85,10.0,13.84,0.8768,0.6444,service_level
2026-08-25,19,09:30,movehome.voice,voice,34.47,11.0,15.23,0.829,0.6999,service_level
2026-08-25,20,10:00,movehome.voice,voice,35.75,12.0,16.61,0.8869,0.6653,service_level
2026-08-25,21,10:30,movehome.voice,voice,32.43,11.0,15.23,0.879,0.6583,service_level
2026-08-25,22,11:00,movehome.voice,voice,26.15,9.0,12.46,0.8523,0.6489,service_level
2026-08-25,23,11:30,movehome.voice,voice,18.79,7.0,9.69,0.857,0.5994,service_level
2026-08-25,24,12:00,movehome.voice,voice,11.23,5.0,6.92,0.8835,0.5017,service_level
2026-08-25,25,12:30,movehome.voice,voice,7.04,4.0,5.54,0.9237,0.3931,service_level
2026-08-25,26,13:00,movehome.voice,voice,11.46,5.0,6.92,0.875,0.512,service_level
2026-08-25,27,13:30,movehome.voice,voice,20.8,8.0,11.07,0.8982,0.5806,service_level
2026-08-25,28,14:00,movehome.voice,voice,27.3,9.0,12.46,0.8175,0.6774,service_level
2026-08-25,29,14:30,movehome.voice,voice,29.13,10.0,13.84,0.8703,0.6505,service_level
2026-08-25,30,15:00,movehome.voice,voice,27.34,9.0,12.46,0.8163,0.6783,service_level
2026-08-25,31,15:30,movehome.voice,voice,22.99,8.0,11.07,0.8373,0.6417,service_level
2026-08-25,32,16:00,movehome.voice,voice,17.35,7.0,9.69,0.8988,0.5535,service_level
2026-08-25,33,16:30,movehome.voice,voice,11.75,5.0,6.92,0.8637,0.525,service_level
2026-08-25,34,17:00,movehome.voice,voice,4.29,3.0,4.15,0.9262,0.3192,service_level
2026-08-25,35,17:30,movehome.voice,voice,2.34,2.0,2.77,0.8994,0.2612,service_level
2026-08-26,16,08:00,movehome.voice,voice,6.66,4.0,5.54,0.9358,0.372,service_level
2026-08-26,17,08:30,movehome.voice,voice,19.34,7.0,9.69,0.8383,0.6171,service_level
2026-08-26,18,09:00,movehome.voice,voice,26.7,9.0,12.46,0.8363,0.6625,service_level
2026-08-26,19,09:30,movehome.voice,voice,31.9,11.0,15.23,0.8901,0.6476,service_level
2026-08-26,20,10:00,movehome.voice,voice,33.07,11.0,15.23,0.8645,0.6715,service_level
2026-08-26,21,10:30,movehome.voice,voice,30.0,10.0,13.84,0.8481,0.6701,service_level
2026-08-26,22,11:00,movehome.voice,voice,24.2,9.0,12.46,0.9005,0.6004,service_level
2026-08-26,23,11:30,movehome.voice,voice,17.38,7.0,9.69,0.8979,0.5546,service_level
2026-08-26,24,12:00,movehome.voice,voice,10.39,5.0,6.92,0.9114,0.4642,service_level
2026-08-26,25,12:30,movehome.voice,voice,6.51,4.0,5.54,0.9401,0.3637,service_level
2026-08-26,26,13:00,movehome.voice,voice,10.61,5.0,6.92,0.9048,0.4737,service_level
2026-08-26,27,13:30,movehome.voice,voice,19.24,7.0,9.69,0.8417,0.614,service_level
2026-08-26,28,14:00,movehome.voice,voice,25.26,9.0,12.46,0.8759,0.6268,service_level
2026-08-26,29,14:30,movehome.voice,voice,26.95,9.0,12.46,0.8285,0.6688,service_level
2026-08-26,30,15:00,movehome.voice,voice,25.29,9.0,12.46,0.8751,0.6276,service_level
2026-08-26,31,15:30,movehome.voice,voice,21.27,8.0,11.07,0.8868,0.5937,service_level
2026-08-26,32,16:00,movehome.voice,voice,16.05,6.0,8.31,0.8283,0.5975,service_level
2026-08-26,33,16:30,movehome.voice,voice,10.87,5.0,6.92,0.896,0.4857,service_level
2026-08-26,34,17:00,movehome.voice,voice,3.97,3.0,4.15,0.9394,0.2953,service_level
2026-08-26,35,17:30,movehome.voice,voice,2.16,2.0,2.77,0.9127,0.2417,service_level
2026-08-27,16,08:00,movehome.voice,voice,6.65,4.0,5.54,0.9362,0.3711,service_level
2026-08-27,17,08:30,movehome.voice,voice,19.3,7.0,9.69,0.8399,0.6157,service_level
2026-08-27,18,09:00,movehome.voice,voice,26.64,9.0,12.46,0.8381,0.661,service_level
2026-08-27,19,09:30,movehome.voice,voice,31.82,11.0,15.23,0.8915,0.6461,service_level
2026-08-27,20,10:00,movehome.voice,voice,33.0,11.0,15.23,0.8662,0.67,service_level
2026-08-27,21,10:30,movehome.voice,voice,29.93,10.0,13.84,0.8499,0.6685,service_level
2026-08-27,22,11:00,movehome.voice,voice,24.14,9.0,12.46,0.9016,0.5991,service_level
2026-08-27,23,11:30,movehome.voice,voice,17.34,7.0,9.69,0.8989,0.5533,service_level
2026-08-27,24,12:00,movehome.voice,voice,10.37,5.0,6.92,0.9122,0.4632,service_level
2026-08-27,25,12:30,movehome.voice,voice,6.5,4.0,5.54,0.9406,0.3629,service_level
2026-08-27,26,13:00,movehome.voice,voice,10.58,5.0,6.92,0.9056,0.4727,service_level
2026-08-27,27,13:30,movehome.voice,voice,19.2,7.0,9.69,0.8432,0.6126,service_level
2026-08-27,28,14:00,movehome.voice,voice,25.2,9.0,12.46,0.8773,0.6254,service_level
2026-08-27,29,14:30,movehome.voice,voice,26.89,9.0,12.46,0.8304,0.6673,service_level
2026-08-27,30,15:00,movehome.voice,voice,25.24,9.0,12.46,0.8765,0.6262,service_level
2026-08-27,31,15:30,movehome.voice,voice,21.22,8.0,11.07,0.888,0.5924,service_level
2026-08-27,32,16:00,movehome.voice,voice,16.02,6.0,8.31,0.8297,0.5962,service_level
2026-08-27,33,16:30,movehome.voice,voice,10.85,5.0,6.92,0.8968,0.4846,service_level
2026-08-27,34,17:00,movehome.voice,voice,3.96,3.0,4.15,0.9397,0.2947,service_level
2026-08-27,35,17:30,movehome.voice,voice,2.16,2.0,2.77,0.9131,0.2412,service_level
2026-08-28,16,08:00,movehome.voice,voice,6.9,4.0,5.54,0.9282,0.3855,service_level
2026-08-28,17,08:30,movehome.voice,voice,20.04,7.0,9.69,0.8123,0.6395,service_level
2026-08-28,18,09:00,movehome.voice,voice,27.67,9.0,12.46,0.8052,0.6866,service_level
2026-08-28,19,09:30,movehome.voice,voice,33.05,11.0,15.23,0.865,0.6711,service_level
2026-08-28,20,10:00,movehome.voice,voice,34.28,11.0,15.23,0.8343,0.6959,service_level
2026-08-28,21,10:30,movehome.voice,voice,31.09,10.0,13.84,0.8168,0.6944,service_level
2026-08-28,22,11:00,movehome.voice,voice,25.07,9.0,12.46,0.8804,0.6222,service_level
2026-08-28,23,11:30,movehome.voice,voice,18.01,7.0,9.69,0.8807,0.5747,service_level
2026-08-28,24,12:00,movehome.voice,voice,10.77,5.0,6.92,0.8995,0.4811,service_level
2026-08-28,25,12:30,movehome.voice,voice,6.75,4.0,5.54,0.9331,0.377,service_level
2026-08-28,26,13:00,movehome.voice,voice,10.99,5.0,6.92,0.892,0.4909,service_level
2026-08-28,27,13:30,movehome.voice,voice,19.94,7.0,9.69,0.8162,0.6363,service_level
2026-08-28,28,14:00,movehome.voice,voice,26.18,9.0,12.46,0.8515,0.6496,service_level
2026-08-28,29,14:30,movehome.voice,voice,27.93,10.0,13.84,0.8968,0.6238,service_level
2026-08-28,30,15:00,movehome.voice,voice,26.21,9.0,12.46,0.8505,0.6504,service_level
2026-08-28,31,15:30,movehome.voice,voice,22.04,8.0,11.07,0.866,0.6153,service_level
2026-08-28,32,16:00,movehome.voice,voice,16.64,6.0,8.31,0.8036,0.6192,service_level
2026-08-28,33,16:30,movehome.voice,voice,11.27,5.0,6.92,0.8821,0.5034,service_level
2026-08-28,34,17:00,movehome.voice,voice,4.11,3.0,4.15,0.9336,0.3061,service_level
2026-08-28,35,17:30,movehome.voice,voice,2.24,2.0,2.77,0.9068,0.2505,service_level
2026-08-29,17,08:30,movehome.voice,voice,10.62,5.0,6.92,0.9042,0.4745,service_level
2026-08-29,18,09:00,movehome.voice,voice,26.66,9.0,12.46,0.8373,0.6617,service_level
2026-08-29,19,09:30,movehome.voice,voice,31.86,11.0,15.23,0.8909,0.6468,service_level
2026-08-29,20,10:00,movehome.voice,voice,33.03,11.0,15.23,0.8655,0.6707,service_level
2026-08-29,21,10:30,movehome.voice,voice,29.97,10.0,13.84,0.8491,0.6692,service_level
2026-08-29,22,11:00,movehome.voice,voice,24.17,9.0,12.46,0.9011,0.5997,service_level
2026-08-29,23,11:30,movehome.voice,voice,17.36,7.0,9.69,0.8985,0.5539,service_level
2026-08-29,24,12:00,movehome.voice,voice,10.38,5.0,6.92,0.9118,0.4636,service_level
2026-08-29,25,12:30,movehome.voice,voice,3.9,3.0,4.15,0.9418,0.2906,service_level
2026-08-29,26,13:00,movehome.voice,voice,6.36,3.0,4.15,0.8069,0.4731,service_level
2026-08-17,16,08:00,movehome.webchat,webchat,8.07,3.0,4.15,0.8583,0.4155,service_level
2026-08-17,17,08:30,movehome.webchat,webchat,23.41,6.0,8.31,0.8218,0.6031,service_level
2026-08-17,18,09:00,movehome.webchat,webchat,32.32,8.0,11.07,0.8562,0.6244,service_level
2026-08-17,19,09:30,movehome.webchat,webchat,38.62,9.0,12.46,0.8352,0.6631,service_level
2026-08-17,20,10:00,movehome.webchat,webchat,40.04,9.0,12.46,0.8034,0.6876,service_level
2026-08-17,21,10:30,movehome.webchat,webchat,36.32,9.0,12.46,0.8787,0.6237,service_level
2026-08-17,22,11:00,movehome.webchat,webchat,29.29,7.0,9.69,0.803,0.6467,service_level
2026-08-17,23,11:30,movehome.webchat,webchat,21.05,6.0,8.31,0.8819,0.5421,service_level
2026-08-17,24,12:00,movehome.webchat,webchat,12.58,4.0,5.54,0.8548,0.4861,service_level
2026-08-17,25,12:30,movehome.webchat,webchat,7.89,3.0,4.15,0.8657,0.4063,service_level
2026-08-17,26,13:00,movehome.webchat,webchat,12.84,4.0,5.54,0.8459,0.4961,service_level
2026-08-17,27,13:30,movehome.webchat,webchat,23.3,6.0,8.31,0.8251,0.6001,service_level
2026-08-17,28,14:00,movehome.webchat,webchat,30.58,8.0,11.07,0.8892,0.5907,service_level
2026-08-17,29,14:30,movehome.webchat,webchat,32.63,8.0,11.07,0.8498,0.6303,service_level
2026-08-17,30,15:00,movehome.webchat,webchat,30.62,8.0,11.07,0.8885,0.5915,service_level
2026-08-17,31,15:30,movehome.webchat,webchat,25.75,7.0,9.69,0.886,0.5685,service_level
2026-08-17,32,16:00,movehome.webchat,webchat,19.43,6.0,8.31,0.914,0.5006,service_level
2026-08-17,33,16:30,movehome.webchat,webchat,13.17,4.0,5.54,0.8342,0.5087,service_level
2026-08-17,34,17:00,movehome.webchat,webchat,4.8,2.0,2.77,0.8111,0.3711,service_level
2026-08-17,35,17:30,movehome.webchat,webchat,2.62,2.0,2.77,0.9369,0.2025,service_level
2026-08-18,16,08:00,movehome.webchat,webchat,7.29,3.0,4.15,0.8893,0.3755,service_level
2026-08-18,17,08:30,movehome.webchat,webchat,21.16,6.0,8.31,0.8794,0.545,service_level
2026-08-18,18,09:00,movehome.webchat,webchat,29.21,7.0,9.69,0.8054,0.6448,service_level
2026-08-18,19,09:30,movehome.webchat,webchat,34.89,9.0,12.46,0.9013,0.5992,service_level
2026-08-18,20,10:00,movehome.webchat,webchat,36.18,9.0,12.46,0.881,0.6213,service_level
2026-08-18,21,10:30,movehome.webchat,webchat,32.82,8.0,11.07,0.8457,0.6341,service_level
2026-08-18,22,11:00,movehome.webchat,webchat,26.47,7.0,9.69,0.8715,0.5844,service_level
2026-08-18,23,11:30,movehome.webchat,webchat,19.02,6.0,8.31,0.9213,0.4898,service_level
2026-08-18,24,12:00,movehome.webchat,webchat,11.37,4.0,5.54,0.8927,0.4393,service_level
2026-08-18,25,12:30,movehome.webchat,webchat,7.13,3.0,4.15,0.8952,0.3672,service_level
2026-08-18,26,13:00,movehome.webchat,webchat,11.6,4.0,5.54,0.8859,0.4483,service_level
2026-08-18,27,13:30,movehome.webchat,webchat,21.05,6.0,8.31,0.8817,0.5423,service_level
2026-08-18,28,14:00,movehome.webchat,webchat,27.63,7.0,9.69,0.8456,0.6101,service_level
2026-08-18,29,14:30,movehome.webchat,webchat,29.48,8.0,11.07,0.907,0.5696,service_level
2026-08-18,30,15:00,movehome.webchat,webchat,27.67,7.0,9.69,0.8447,0.6109,service_level
2026-08-18,31,15:30,movehome.webchat,webchat,23.27,6.0,8.31,0.826,0.5993,service_level
2026-08-18,32,16:00,movehome.webchat,webchat,17.56,5.0,6.92,0.8469,0.5428,service_level
2026-08-18,33,16:30,movehome.webchat,webchat,11.9,4.0,5.54,0.877,0.4597,service_level
2026-08-18,34,17:00,movehome.webchat,webchat,4.34,2.0,2.77,0.8422,0.3354,service_level
2026-08-18,35,17:30,movehome.webchat,webchat,2.37,2.0,2.77,0.9477,0.183,service_level
2026-08-19,16,08:00,movehome.webchat,webchat,6.99,3.0,4.15,0.9003,0.3598,service_level
2026-08-19,17,08:30,movehome.webchat,webchat,20.28,6.0,8.31,0.898,0.5223,service_level
2026-08-19,18,09:00,movehome.webchat,webchat,27.99,7.0,9.69,0.8369,0.618,service_level
2026-08-19,19,09:30,movehome.webchat,webchat,33.44,8.0,11.07,0.8319,0.646,service_level
2026-08-19,20,10:00,movehome.webchat,webchat,34.68,8.0,11.07,0.8019,0.6699,service_level
2026-08-19,21,10:30,movehome.webchat,webchat,31.46,8.0,11.07,0.8733,0.6077,service_level
2026-08-19,22,11:00,movehome.webchat,webchat,25.37,7.0,9.69,0.8931,0.5601,service_level
2026-08-19,23,11:30,movehome.webchat,webchat,18.23,5.0,6.92,0.8264,0.5633,service_level
2026-08-19,24,12:00,movehome.webchat,webchat,10.9,4.0,5.54,0.9057,0.421,service_level
2026-08-19,25,12:30,movehome.webchat,webchat,6.83,3.0,4.15,0.9057,0.3519,service_level
2026-08-19,26,13:00,movehome.webchat,webchat,11.12,4.0,5.54,0.8997,0.4296,service_level
2026-08-19,27,13:30,movehome.webchat,webchat,20.18,6.0,8.31,0.9,0.5197,service_level
2026-08-19,28,14:00,movehome.webchat,webchat,26.48,7.0,9.69,0.8712,0.5847,service_level
2026-08-19,29,14:30,movehome.webchat,webchat,28.26,7.0,9.69,0.8303,0.6239,service_level
2026-08-19,30,15:00,movehome.webchat,webchat,26.52,7.0,9.69,0.8704,0.5855,service_level
2026-08-19,31,15:30,movehome.webchat,webchat,22.3,6.0,8.31,0.852,0.5744,service_level
2026-08-19,32,16:00,movehome.webchat,webchat,16.83,5.0,6.92,0.8676,0.5202,service_level
2026-08-19,33,16:30,movehome.webchat,webchat,11.4,4.0,5.54,0.8918,0.4405,service_level
2026-08-19,34,17:00,movehome.webchat,webchat,4.16,2.0,2.77,0.8537,0.3214,service_level
2026-08-19,35,17:30,movehome.webchat,webchat,2.27,2.0,2.77,0.9517,0.1754,service_level
2026-08-20,16,08:00,movehome.webchat,webchat,6.82,3.0,4.15,0.906,0.3514,service_level
2026-08-20,17,08:30,movehome.webchat,webchat,19.8,6.0,8.31,0.9073,0.51,service_level
2026-08-20,18,09:00,movehome.webchat,webchat,27.33,7.0,9.69,0.8526,0.6034,service_level
2026-08-20,19,09:30,movehome.webchat,webchat,32.65,8.0,11.07,0.8493,0.6308,service_level
2026-08-20,20,10:00,movehome.webchat,webchat,33.86,8.0,11.07,0.8221,0.6541,service_level
2026-08-20,21,10:30,movehome.webchat,webchat,30.72,8.0,11.07,0.8868,0.5934,service_level
2026-08-20,22,11:00,movehome.webchat,webchat,24.77,7.0,9.69,0.9038,0.5469,service_level
2026-08-20,23,11:30,movehome.webchat,webchat,17.8,5.0,6.92,0.8398,0.5501,service_level
2026-08-20,24,12:00,movehome.webchat,webchat,10.64,4.0,5.54,0.9123,0.4111,service_level
2026-08-20,25,12:30,movehome.webchat,webchat,6.67,3.0,4.15,0.9111,0.3436,service_level
2026-08-20,26,13:00,movehome.webchat,webchat,10.86,4.0,5.54,0.9067,0.4195,service_level
2026-08-20,27,13:30,movehome.webchat,webchat,19.7,6.0,8.31,0.9091,0.5075,service_level
2026-08-20,28,14:00,movehome.webchat,webchat,25.86,7.0,9.69,0.8838,0.5709,service_level
2026-08-20,29,14:30,movehome.webchat,webchat,27.59,7.0,9.69,0.8465,0.6092,service_level
2026-08-20,30,15:00,movehome.webchat,webchat,25.89,7.0,9.69,0.8831,0.5717,service_level
2026-08-20,31,15:30,movehome.webchat,webchat,21.77,6.0,8.31,0.8651,0.5608,service_level
2026-08-20,32,16:00,movehome.webchat,webchat,16.43,5.0,6.92,0.8781,0.508,service_level
2026-08-20,33,16:30,movehome.webchat,webchat,11.13,4.0,5.54,0.8993,0.4302,service_level
2026-08-20,34,17:00,movehome.webchat,webchat,4.06,2.0,2.77,0.8598,0.3138,service_level
2026-08-20,35,17:30,movehome.webchat,webchat,2.22,2.0,2.77,0.9538,0.1713,service_level
2026-08-21,16,08:00,movehome.webchat,webchat,7.03,3.0,4.15,0.8986,0.3622,service_level
2026-08-21,17,08:30,movehome.webchat,webchat,20.41,6.0,8.31,0.8953,0.5258,service_level
2026-08-21,18,09:00,movehome.webchat,webchat,28.18,7.0,9.69,0.8324,0.6221,service_level
2026-08-21,19,09:30,movehome.webchat,webchat,33.66,8.0,11.07,0.8268,0.6503,service_level
2026-08-21,20,10:00,movehome.webchat,webchat,34.91,9.0,12.46,0.9011,0.5994,service_level
2026-08-21,21,10:30,movehome.webchat,webchat,31.66,8.0,11.07,0.8694,0.6117,service_level
2026-08-21,22,11:00,movehome.webchat,webchat,25.54,7.0,9.69,0.89,0.5638,service_level
2026-08-21,23,11:30,movehome.webchat,webchat,18.35,5.0,6.92,0.8225,0.5671,service_level
2026-08-21,24,12:00,movehome.webchat,webchat,10.97,4.0,5.54,0.9037,0.4238,service_level
2026-08-21,25,12:30,movehome.webchat,webchat,6.88,3.0,4.15,0.9041,0.3542,service_level
2026-08-21,26,13:00,movehome.webchat,webchat,11.19,4.0,5.54,0.8976,0.4325,service_level
2026-08-21,27,13:30,movehome.webchat,webchat,20.31,6.0,8.31,0.8974,0.5231,service_level
2026-08-21,28,14:00,movehome.webchat,webchat,26.66,7.0,9.69,0.8675,0.5885,service_level
2026-08-21,29,14:30,movehome.webchat,webchat,28.44,7.0,9.69,0.8256,0.628,service_level
2026-08-21,30,15:00,movehome.webchat,webchat,26.69,7.0,9.69,0.8667,0.5893,service_level
2026-08-21,31,15:30,movehome.webchat,webchat,22.45,6.0,8.31,0.8483,0.5782,service_level
2026-08-21,32,16:00,movehome.webchat,webchat,16.94,5.0,6.92,0.8646,0.5237,service_level
2026-08-21,33,16:30,movehome.webchat,webchat,11.48,4.0,5.54,0.8896,0.4434,service_level
2026-08-21,34,17:00,movehome.webchat,webchat,4.19,2.0,2.77,0.852,0.3235,service_level
2026-08-21,35,17:30,movehome.webchat,webchat,2.28,2.0,2.77,0.9511,0.1765,service_level
2026-08-22,17,08:30,movehome.webchat,webchat,10.94,4.0,5.54,0.9045,0.4228,service_level
2026-08-22,18,09:00,movehome.webchat,webchat,27.46,7.0,9.69,0.8496,0.6063,service_level
2026-08-22,19,09:30,movehome.webchat,webchat,32.81,8.0,11.07,0.8459,0.6338,service_level
2026-08-22,20,10:00,movehome.webchat,webchat,34.02,8.0,11.07,0.8182,0.6573,service_level
2026-08-22,21,10:30,movehome.webchat,webchat,30.86,8.0,11.07,0.8842,0.5962,service_level
2026-08-22,22,11:00,movehome.webchat,webchat,24.89,7.0,9.69,0.9018,0.5495,service_level
2026-08-22,23,11:30,movehome.webchat,webchat,17.88,5.0,6.92,0.8372,0.5527,service_level
2026-08-22,24,12:00,movehome.webchat,webchat,10.69,4.0,5.54,0.911,0.4131,service_level
2026-08-22,25,12:30,movehome.webchat,webchat,4.02,2.0,2.77,0.8623,0.3107,service_level
2026-08-22,26,13:00,movehome.webchat,webchat,6.55,3.0,4.15,0.9152,0.3372,service_level
2026-08-24,16,08:00,movehome.webchat,webchat,8.05,3.0,4.15,0.8591,0.4145,service_level
2026-08-24,17,08:30,movehome.webchat,webchat,23.36,6.0,8.31,0.8235,0.6016,service_level
2026-08-24,18,09:00,movehome.webchat,webchat,32.24,8.0,11.07,0.8579,0.6228,service_level
2026-08-24,19,09:30,movehome.webchat,webchat,38.52,9.0,12.46,0.8373,0.6614,service_level
2026-08-24,20,10:00,movehome.webchat,webchat,39.94,9.0,12.46,0.8058,0.6859,service_level
2026-08-24,21,10:30,movehome.webchat,webchat,36.23,9.0,12.46,0.8802,0.6222,service_level
2026-08-24,22,11:00,movehome.webchat,webchat,29.22,7.0,9.69,0.8051,0.6451,service_level
2026-08-24,23,11:30,movehome.webchat,webchat,20.99,6.0,8.31,0.883,0.5407,service_level
2026-08-24,24,12:00,movehome.webchat,webchat,12.55,4.0,5.54,0.8559,0.4849,service_level
2026-08-24,25,12:30,movehome.webchat,webchat,7.87,3.0,4.15,0.8666,0.4053,service_level
2026-08-24,26,13:00,movehome.webchat,webchat,12.81,4.0,5.54,0.847,0.4949,service_level
2026-08-24,27,13:30,movehome.webchat,webchat,23.24,6.0,8.31,0.8268,0.5986,service_level
2026-08-24,28,14:00,movehome.webchat,webchat,30.5,8.0,11.07,0.8905,0.5893,service_level
2026-08-24,29,14:30,movehome.webchat,webchat,32.55,8.0,11.07,0.8516,0.6288,service_level
2026-08-24,30,15:00,movehome.webchat,webchat,30.54,8.0,11.07,0.8898,0.5901,service_level
2026-08-24,31,15:30,movehome.webchat,webchat,25.68,7.0,9.69,0.8872,0.567,service_level
2026-08-24,32,16:00,movehome.webchat,webchat,19.39,6.0,8.31,0.9149,0.4993,service_level
2026-08-24,33,16:30,movehome.webchat,webchat,13.13,4.0,5.54,0.8354,0.5074,service_level
2026-08-24,34,17:00,movehome.webchat,webchat,4.79,2.0,2.77,0.8119,0.3702,service_level
2026-08-24,35,17:30,movehome.webchat,webchat,2.61,2.0,2.77,0.9372,0.202,service_level
2026-08-25,16,08:00,movehome.webchat,webchat,7.27,3.0,4.15,0.8901,0.3743,service_level
2026-08-25,17,08:30,movehome.webchat,webchat,21.09,6.0,8.31,0.8808,0.5433,service_level
2026-08-25,18,09:00,movehome.webchat,webchat,29.12,7.0,9.69,0.8078,0.6429,service_level
2026-08-25,19,09:30,movehome.webchat,webchat,34.79,9.0,12.46,0.9028,0.5974,service_level
2026-08-25,20,10:00,movehome.webchat,webchat,36.07,9.0,12.46,0.8828,0.6194,service_level
2026-08-25,21,10:30,movehome.webchat,webchat,32.72,8.0,11.07,0.8478,0.6321,service_level
2026-08-25,22,11:00,movehome.webchat,webchat,26.39,7.0,9.69,0.8731,0.5826,service_level
2026-08-25,23,11:30,movehome.webchat,webchat,18.96,5.0,6.92,0.802,0.586,service_level
2026-08-25,24,12:00,movehome.webchat,webchat,11.34,4.0,5.54,0.8937,0.438,service_level
2026-08-25,25,12:30,movehome.webchat,webchat,7.11,3.0,4.15,0.896,0.366,service_level
2026-08-25,26,13:00,movehome.webchat,webchat,11.57,4.0,5.54,0.887,0.4469,service_level
2026-08-25,27,13:30,movehome.webchat,webchat,20.99,6.0,8.31,0.8831,0.5406,service_level
2026-08-25,28,14:00,movehome.webchat,webchat,27.55,7.0,9.69,0.8476,0.6082,service_level
2026-08-25,29,14:30,movehome.webchat,webchat,29.4,7.0,9.69,0.8002,0.649,service_level
2026-08-25,30,15:00,movehome.webchat,webchat,27.59,7.0,9.69,0.8467,0.609,service_level
2026-08-25,31,15:30,movehome.webchat,webchat,23.2,6.0,8.31,0.828,0.5975,service_level
2026-08-25,32,16:00,movehome.webchat,webchat,17.51,5.0,6.92,0.8485,0.5412,service_level
2026-08-25,33,16:30,movehome.webchat,webchat,11.86,4.0,5.54,0.8781,0.4583,service_level
2026-08-25,34,17:00,movehome.webchat,webchat,4.33,2.0,2.77,0.843,0.3343,service_level
2026-08-25,35,17:30,movehome.webchat,webchat,2.36,2.0,2.77,0.948,0.1824,service_level
2026-08-26,16,08:00,movehome.webchat,webchat,6.96,3.0,4.15,0.9012,0.3586,service_level
2026-08-26,17,08:30,movehome.webchat,webchat,20.21,6.0,8.31,0.8995,0.5205,service_level
2026-08-26,18,09:00,movehome.webchat,webchat,27.89,7.0,9.69,0.8394,0.6158,service_level
2026-08-26,19,09:30,movehome.webchat,webchat,33.32,8.0,11.07,0.8346,0.6437,service_level
2026-08-26,20,10:00,movehome.webchat,webchat,34.55,8.0,11.07,0.8051,0.6675,service_level
2026-08-26,21,10:30,movehome.webchat,webchat,31.35,8.0,11.07,0.8754,0.6055,service_level
2026-08-26,22,11:00,movehome.webchat,webchat,25.28,7.0,9.69,0.8948,0.5581,service_level
2026-08-26,23,11:30,movehome.webchat,webchat,18.16,5.0,6.92,0.8285,0.5613,service_level
2026-08-26,24,12:00,movehome.webchat,webchat,10.86,4.0,5.54,0.9067,0.4195,service_level
2026-08-26,25,12:30,movehome.webchat,webchat,6.81,3.0,4.15,0.9065,0.3506,service_level
2026-08-26,26,13:00,movehome.webchat,webchat,11.08,4.0,5.54,0.9007,0.4281,service_level
2026-08-26,27,13:30,movehome.webchat,webchat,20.11,6.0,8.31,0.9014,0.5179,service_level
2026-08-26,28,14:00,movehome.webchat,webchat,26.39,7.0,9.69,0.8732,0.5826,service_level
2026-08-26,29,14:30,movehome.webchat,webchat,28.16,7.0,9.69,0.8329,0.6217,service_level
2026-08-26,30,15:00,movehome.webchat,webchat,26.42,7.0,9.69,0.8724,0.5834,service_level
2026-08-26,31,15:30,movehome.webchat,webchat,22.22,6.0,8.31,0.8541,0.5723,service_level
2026-08-26,32,16:00,movehome.webchat,webchat,16.77,5.0,6.92,0.8693,0.5184,service_level
2026-08-26,33,16:30,movehome.webchat,webchat,11.36,4.0,5.54,0.8929,0.439,service_level
2026-08-26,34,17:00,movehome.webchat,webchat,4.14,2.0,2.77,0.8546,0.3203,service_level
2026-08-26,35,17:30,movehome.webchat,webchat,2.26,2.0,2.77,0.952,0.1748,service_level
2026-08-27,16,08:00,movehome.webchat,webchat,6.79,3.0,4.15,0.907,0.3499,service_level
2026-08-27,17,08:30,movehome.webchat,webchat,19.72,6.0,8.31,0.9088,0.5079,service_level
2026-08-27,18,09:00,movehome.webchat,webchat,27.22,7.0,9.69,0.8551,0.601,service_level
2026-08-27,19,09:30,movehome.webchat,webchat,32.52,8.0,11.07,0.8521,0.6283,service_level
2026-08-27,20,10:00,movehome.webchat,webchat,33.72,8.0,11.07,0.8253,0.6515,service_level
2026-08-27,21,10:30,movehome.webchat,webchat,30.59,8.0,11.07,0.889,0.591,service_level
2026-08-27,22,11:00,movehome.webchat,webchat,24.67,7.0,9.69,0.9055,0.5447,service_level
2026-08-27,23,11:30,movehome.webchat,webchat,17.72,5.0,6.92,0.842,0.5478,service_level
2026-08-27,24,12:00,movehome.webchat,webchat,10.6,4.0,5.54,0.9134,0.4094,service_level
2026-08-27,25,12:30,movehome.webchat,webchat,6.64,3.0,4.15,0.912,0.3422,service_level
2026-08-27,26,13:00,movehome.webchat,webchat,10.81,4.0,5.54,0.9078,0.4178,service_level
2026-08-27,27,13:30,movehome.webchat,webchat,19.62,6.0,8.31,0.9106,0.5054,service_level
2026-08-27,28,14:00,movehome.webchat,webchat,25.75,7.0,9.69,0.8859,0.5686,service_level
2026-08-27,29,14:30,movehome.webchat,webchat,27.48,7.0,9.69,0.8492,0.6067,service_level
2026-08-27,30,15:00,movehome.webchat,webchat,25.79,7.0,9.69,0.8852,0.5694,service_level
2026-08-27,31,15:30,movehome.webchat,webchat,21.69,6.0,8.31,0.8672,0.5586,service_level
2026-08-27,32,16:00,movehome.webchat,webchat,16.37,5.0,6.92,0.8798,0.5059,service_level
2026-08-27,33,16:30,movehome.webchat,webchat,11.09,4.0,5.54,0.9005,0.4284,service_level
2026-08-27,34,17:00,movehome.webchat,webchat,4.04,2.0,2.77,0.8608,0.3126,service_level
2026-08-27,35,17:30,movehome.webchat,webchat,2.21,2.0,2.77,0.9542,0.1706,service_level
2026-08-28,16,08:00,movehome.webchat,webchat,7.0,3.0,4.15,0.8998,0.3606,service_level
2026-08-28,17,08:30,movehome.webchat,webchat,20.32,6.0,8.31,0.8972,0.5233,service_level
2026-08-28,18,09:00,movehome.webchat,webchat,28.05,7.0,9.69,0.8356,0.6192,service_level
2026-08-28,19,09:30,movehome.webchat,webchat,33.51,8.0,11.07,0.8304,0.6473,service_level
2026-08-28,20,10:00,movehome.webchat,webchat,34.75,8.0,11.07,0.8002,0.6713,service_level
2026-08-28,21,10:30,movehome.webchat,webchat,31.52,8.0,11.07,0.8722,0.6089,service_level
2026-08-28,22,11:00,movehome.webchat,webchat,25.42,7.0,9.69,0.8922,0.5612,service_level
2026-08-28,23,11:30,movehome.webchat,webchat,18.26,5.0,6.92,0.8253,0.5645,service_level
2026-08-28,24,12:00,movehome.webchat,webchat,10.92,4.0,5.54,0.9051,0.4219,service_level
2026-08-28,25,12:30,movehome.webchat,webchat,6.84,3.0,4.15,0.9052,0.3526,service_level
2026-08-28,26,13:00,movehome.webchat,webchat,11.14,4.0,5.54,0.899,0.4305,service_level
2026-08-28,27,13:30,movehome.webchat,webchat,20.22,6.0,8.31,0.8992,0.5207,service_level
2026-08-28,28,14:00,movehome.webchat,webchat,26.54,7.0,9.69,0.8701,0.5859,service_level
2026-08-28,29,14:30,movehome.webchat,webchat,28.31,7.0,9.69,0.8289,0.6251,service_level
2026-08-28,30,15:00,movehome.webchat,webchat,26.57,7.0,9.69,0.8693,0.5866,service_level
2026-08-28,31,15:30,movehome.webchat,webchat,22.34,6.0,8.31,0.8509,0.5755,service_level
2026-08-28,32,16:00,movehome.webchat,webchat,16.86,5.0,6.92,0.8667,0.5213,service_level
2026-08-28,33,16:30,movehome.webchat,webchat,11.42,4.0,5.54,0.8911,0.4414,service_level
2026-08-28,34,17:00,movehome.webchat,webchat,4.17,2.0,2.77,0.8532,0.3221,service_level
2026-08-28,35,17:30,movehome.webchat,webchat,2.27,2.0,2.77,0.9515,0.1757,service_level
2026-08-29,17,08:30,movehome.webchat,webchat,10.89,4.0,5.54,0.9059,0.4206,service_level
2026-08-29,18,09:00,movehome.webchat,webchat,27.32,7.0,9.69,0.8528,0.6032,service_level
2026-08-29,19,09:30,movehome.webchat,webchat,32.64,8.0,11.07,0.8495,0.6306,service_level
2026-08-29,20,10:00,movehome.webchat,webchat,33.85,8.0,11.07,0.8224,0.6539,service_level
2026-08-29,21,10:30,movehome.webchat,webchat,30.71,8.0,11.07,0.887,0.5932,service_level
2026-08-29,22,11:00,movehome.webchat,webchat,24.76,7.0,9.69,0.9039,0.5467,service_level
2026-08-29,23,11:30,movehome.webchat,webchat,17.79,5.0,6.92,0.84,0.5499,service_level
2026-08-29,24,12:00,movehome.webchat,webchat,10.64,4.0,5.54,0.9124,0.4109,service_level
2026-08-29,25,12:30,movehome.webchat,webchat,4.0,2.0,2.77,0.8636,0.3091,service_level
2026-08-29,26,13:00,movehome.webchat,webchat,6.51,3.0,4.15,0.9162,0.3355,service_level
2026-08-17,16,08:00,welsh.voice,voice,1.19,2.0,2.77,0.9669,0.1432,service_level
2026-08-17,17,08:30,welsh.voice,voice,3.45,3.0,4.15,0.9481,0.2771,service_level
2026-08-17,18,09:00,welsh.voice,voice,4.76,3.0,4.15,0.8835,0.3825,service_level
2026-08-17,19,09:30,welsh.voice,voice,5.68,3.0,4.15,0.8211,0.457,service_level
2026-08-17,20,10:00,welsh.voice,voice,5.89,3.0,4.15,0.8051,0.4739,service_level
2026-08-17,21,10:30,welsh.voice,voice,5.35,3.0,4.15,0.8454,0.4299,service_level
2026-08-17,22,11:00,welsh.voice,voice,4.31,3.0,4.15,0.9086,0.3467,service_level
2026-08-17,23,11:30,welsh.voice,voice,3.1,2.0,2.77,0.8082,0.3736,service_level
2026-08-17,24,12:00,welsh.voice,voice,1.85,2.0,2.77,0.9241,0.2234,service_level
2026-08-17,25,12:30,welsh.voice,voice,1.16,2.0,2.77,0.9682,0.14,service_level
2026-08-17,26,13:00,welsh.voice,voice,1.89,2.0,2.77,0.9212,0.2279,service_level
2026-08-17,27,13:30,welsh.voice,voice,3.43,3.0,4.15,0.9488,0.2757,service_level
2026-08-17,28,14:00,welsh.voice,voice,4.5,3.0,4.15,0.8983,0.3619,service_level
2026-08-17,29,14:30,welsh.voice,voice,4.8,3.0,4.15,0.8807,0.3861,service_level
2026-08-17,30,15:00,welsh.voice,voice,4.51,3.0,4.15,0.898,0.3624,service_level
2026-08-17,31,15:30,welsh.voice,voice,3.79,3.0,4.15,0.9339,0.3047,service_level
2026-08-17,32,16:00,welsh.voice,voice,2.86,2.0,2.77,0.8334,0.345,service_level
2026-08-17,33,16:30,welsh.voice,voice,1.94,2.0,2.77,0.9175,0.2337,service_level
2026-08-17,34,17:00,welsh.voice,voice,0.71,1.0,1.38,0.8359,0.1705,none
2026-08-17,35,17:30,welsh.voice,voice,0.39,1.0,1.38,0.9108,0.093,none
2026-08-18,16,08:00,welsh.voice,voice,1.08,2.0,2.77,0.9725,0.1297,service_level
2026-08-18,17,08:30,welsh.voice,voice,3.12,2.0,2.77,0.8056,0.3764,service_level
2026-08-18,18,09:00,welsh.voice,voice,4.31,3.0,4.15,0.9088,0.3464,service_level
2026-08-18,19,09:30,welsh.voice,voice,5.15,3.0,4.15,0.8589,0.4138,service_level
2026-08-18,20,10:00,welsh.voice,voice,5.34,3.0,4.15,0.846,0.4291,service_level
2026-08-18,21,10:30,welsh.voice,voice,4.84,3.0,4.15,0.8784,0.3893,service_level
2026-08-18,22,11:00,welsh.voice,voice,3.9,3.0,4.15,0.9287,0.3139,service_level
2026-08-18,23,11:30,welsh.voice,voice,2.81,2.0,2.77,0.8391,0.3383,service_level
2026-08-18,24,12:00,welsh.voice,voice,1.68,2.0,2.77,0.9368,0.2023,service_level
2026-08-18,25,12:30,welsh.voice,voice,1.05,2.0,2.77,0.9737,0.1268,service_level
2026-08-18,26,13:00,welsh.voice,voice,1.71,2.0,2.77,0.9343,0.2064,service_level
2026-08-18,27,13:30,welsh.voice,voice,3.11,2.0,2.77,0.8073,0.3745,service_level
2026-08-18,28,14:00,welsh.voice,voice,4.08,3.0,4.15,0.9205,0.3277,service_level
2026-08-18,29,14:30,welsh.voice,voice,4.35,3.0,4.15,0.9066,0.3497,service_level
2026-08-18,30,15:00,welsh.voice,voice,4.08,3.0,4.15,0.9203,0.3282,service_level
2026-08-18,31,15:30,welsh.voice,voice,3.43,3.0,4.15,0.9486,0.276,service_level
2026-08-18,32,16:00,welsh.voice,voice,2.59,2.0,2.77,0.8604,0.3124,service_level
2026-08-18,33,16:30,welsh.voice,voice,1.75,2.0,2.77,0.9312,0.2117,service_level
2026-08-18,34,17:00,welsh.voice,voice,0.64,1.0,1.38,0.8515,0.1544,none
2026-08-18,35,17:30,welsh.voice,voice,0.35,1.0,1.38,0.9192,0.0843,none
2026-08-19,16,08:00,welsh.voice,voice,0.96,2.0,2.77,0.9776,0.1163,service_level
2026-08-19,17,08:30,welsh.voice,voice,2.8,2.0,2.77,0.8395,0.3378,service_level
2026-08-19,18,09:00,welsh.voice,voice,3.87,3.0,4.15,0.9305,0.3108,service_level
2026-08-19,19,09:30,welsh.voice,voice,4.62,3.0,4.15,0.8916,0.3713,service_level
2026-08-19,20,10:00,welsh.voice,voice,4.79,3.0,4.15,0.8816,0.3851,service_level
2026-08-19,21,10:30,welsh.voice,voice,4.34,3.0,4.15,0.9068,0.3493,service_level
2026-08-19,22,11:00,welsh.voice,voice,3.5,3.0,4.15,0.9459,0.2817,service_level
2026-08-19,23,11:30,welsh.voice,voice,2.52,2.0,2.77,0.8674,0.3036,service_level
2026-08-19,24,12:00,welsh.voice,voice,1.5,2.0,2.77,0.9483,0.1815,service_level
2026-08-19,25,12:30,welsh.voice,voice,0.94,2.0,2.77,0.9786,0.1138,service_level
2026-08-19,26,13:00,welsh.voice,voice,1.54,2.0,2.77,0.9463,0.1852,service_level
2026-08-19,27,13:30,welsh.voice,voice,2.79,2.0,2.77,0.841,0.3361,service_level
2026-08-19,28,14:00,welsh.voice,voice,3.66,3.0,4.15,0.9396,0.2941,service_level
2026-08-19,29,14:30,welsh.voice,voice,3.9,3.0,4.15,0.9288,0.3138,service_level
2026-08-19,30,15:00,welsh.voice,voice,3.66,3.0,4.15,0.9394,0.2945,service_level
2026-08-19,31,15:30,welsh.voice,voice,3.08,2.0,2.77,0.8101,0.3714,service_level
2026-08-19,32,16:00,welsh.voice,voice,2.32,2.0,2.77,0.8851,0.2803,service_level
2026-08-19,33,16:30,welsh.voice,voice,1.57,2.0,2.77,0.9437,0.1899,service_level
2026-08-19,34,17:00,welsh.voice,voice,0.57,1.0,1.38,0.8668,0.1386,none
2026-08-19,35,17:30,welsh.voice,voice,0.31,1.0,1.38,0.9275,0.0756,none
2026-08-20,16,08:00,welsh.voice,voice,0.99,2.0,2.77,0.9767,0.1189,service_level
2026-08-20,17,08:30,welsh.voice,voice,2.86,2.0,2.77,0.8332,0.3453,service_level
2026-08-20,18,09:00,welsh.voice,voice,3.95,3.0,4.15,0.9265,0.3177,service_level
2026-08-20,19,09:30,welsh.voice,voice,4.72,3.0,4.15,0.8856,0.3796,service_level
2026-08-20,20,10:00,welsh.voice,voice,4.9,3.0,4.15,0.875,0.3936,service_level
2026-08-20,21,10:30,welsh.voice,voice,4.44,3.0,4.15,0.9016,0.3571,service_level
2026-08-20,22,11:00,welsh.voice,voice,3.58,3.0,4.15,0.9427,0.288,service_level
2026-08-20,23,11:30,welsh.voice,voice,2.57,2.0,2.77,0.8621,0.3103,service_level
2026-08-20,24,12:00,welsh.voice,voice,1.54,2.0,2.77,0.9461,0.1855,service_level
2026-08-20,25,12:30,welsh.voice,voice,0.96,2.0,2.77,0.9777,0.1163,service_level
2026-08-20,26,13:00,welsh.voice,voice,1.57,2.0,2.77,0.9441,0.1893,service_level
2026-08-20,27,13:30,welsh.voice,voice,2.85,2.0,2.77,0.8346,0.3435,service_level
2026-08-20,28,14:00,welsh.voice,voice,3.74,3.0,4.15,0.9361,0.3006,service_level
2026-08-20,29,14:30,welsh.voice,voice,3.99,3.0,4.15,0.9247,0.3208,service_level
2026-08-20,30,15:00,welsh.voice,voice,3.74,3.0,4.15,0.9359,0.301,service_level
2026-08-20,31,15:30,welsh.voice,voice,3.15,2.0,2.77,0.8026,0.3797,service_level
2026-08-20,32,16:00,welsh.voice,voice,2.38,2.0,2.77,0.8805,0.2866,service_level
2026-08-20,33,16:30,welsh.voice,voice,1.61,2.0,2.77,0.9414,0.1941,service_level
2026-08-20,34,17:00,welsh.voice,voice,0.59,1.0,1.38,0.8639,0.1416,none
2026-08-20,35,17:30,welsh.voice,voice,0.32,1.0,1.38,0.9259,0.0773,none
2026-08-21,16,08:00,welsh.voice,voice,1.06,2.0,2.77,0.9731,0.1284,service_level
2026-08-21,17,08:30,welsh.voice,voice,3.09,2.0,2.77,0.8091,0.3726,service_level
2026-08-21,18,09:00,welsh.voice,voice,4.26,3.0,4.15,0.911,0.3429,service_level
2026-08-21,19,09:30,welsh.voice,voice,5.1,3.0,4.15,0.8623,0.4097,service_level
2026-08-21,20,10:00,welsh.voice,voice,5.28,3.0,4.15,0.8497,0.4248,service_level
2026-08-21,21,10:30,welsh.voice,voice,4.79,3.0,4.15,0.8814,0.3853,service_level
2026-08-21,22,11:00,welsh.voice,voice,3.87,3.0,4.15,0.9305,0.3108,service_level
2026-08-21,23,11:30,welsh.voice,voice,2.78,2.0,2.77,0.842,0.3349,service_level
2026-08-21,24,12:00,welsh.voice,voice,1.66,2.0,2.77,0.9379,0.2002,service_level
2026-08-21,25,12:30,welsh.voice,voice,1.04,2.0,2.77,0.9742,0.1255,service_level
2026-08-21,26,13:00,welsh.voice,voice,1.69,2.0,2.77,0.9356,0.2043,service_level
2026-08-21,27,13:30,welsh.voice,voice,3.07,2.0,2.77,0.8108,0.3707,service_level
2026-08-21,28,14:00,welsh.voice,voice,4.03,3.0,4.15,0.9225,0.3244,service_level
2026-08-21,29,14:30,welsh.voice,voice,4.31,3.0,4.15,0.9089,0.3462,service_level
2026-08-21,30,15:00,welsh.voice,voice,4.04,3.0,4.15,0.9223,0.3248,service_level
2026-08-21,31,15:30,welsh.voice,voice,3.4,3.0,4.15,0.95,0.2732,service_level
2026-08-21,32,16:00,welsh.voice,voice,2.56,2.0,2.77,0.8629,0.3093,service_level
2026-08-21,33,16:30,welsh.voice,voice,1.74,2.0,2.77,0.9325,0.2095,service_level
2026-08-21,34,17:00,welsh.voice,voice,0.63,1.0,1.38,0.853,0.1529,none
2026-08-21,35,17:30,welsh.voice,voice,0.35,1.0,1.38,0.92,0.0834,none
2026-08-22,17,08:30,welsh.voice,voice,1.59,2.0,2.77,0.9429,0.1914,service_level
2026-08-22,18,09:00,welsh.voice,voice,3.98,3.0,4.15,0.925,0.3203,service_level
2026-08-22,19,09:30,welsh.voice,voice,4.76,3.0,4.15,0.8833,0.3827,service_level
2026-08-22,20,10:00,welsh.voice,voice,4.94,3.0,4.15,0.8725,0.3968,service_level
2026-08-22,21,10:30,welsh.voice,voice,4.48,3.0,4.15,0.8996,0.36,service_level
2026-08-22,22,11:00,welsh.voice,voice,3.61,3.0,4.15,0.9415,0.2903,service_level
2026-08-22,23,11:30,welsh.voice,voice,2.59,2.0,2.77,0.86,0.3129,service_level
2026-08-22,24,12:00,welsh.voice,voice,1.55,2.0,2.77,0.9453,0.187,service_level
2026-08-22,25,12:30,welsh.voice,voice,0.58,1.0,1.38,0.8648,0.1407,none
2026-08-22,26,13:00,welsh.voice,voice,0.95,2.0,2.77,0.9783,0.1145,service_level
2026-08-24,16,08:00,welsh.voice,voice,1.18,2.0,2.77,0.9672,0.1424,service_level
2026-08-24,17,08:30,welsh.voice,voice,3.43,3.0,4.15,0.9488,0.2756,service_level
2026-08-24,18,09:00,welsh.voice,voice,4.73,3.0,4.15,0.885,0.3805,service_level
2026-08-24,19,09:30,welsh.voice,voice,5.65,3.0,4.15,0.8233,0.4546,service_level
2026-08-24,20,10:00,welsh.voice,voice,5.86,3.0,4.15,0.8075,0.4714,service_level
2026-08-24,21,10:30,welsh.voice,voice,5.32,3.0,4.15,0.8473,0.4276,service_level
2026-08-24,22,11:00,welsh.voice,voice,4.29,3.0,4.15,0.9098,0.3448,service_level
2026-08-24,23,11:30,welsh.voice,voice,3.08,2.0,2.77,0.81,0.3716,service_level
2026-08-24,24,12:00,welsh.voice,voice,1.84,2.0,2.77,0.9248,0.2222,service_level
2026-08-24,25,12:30,welsh.voice,voice,1.15,2.0,2.77,0.9685,0.1393,service_level
2026-08-24,26,13:00,welsh.voice,voice,1.88,2.0,2.77,0.9219,0.2267,service_level
2026-08-24,27,13:30,welsh.voice,voice,3.41,3.0,4.15,0.9494,0.2743,service_level
2026-08-24,28,14:00,welsh.voice,voice,4.48,3.0,4.15,0.8996,0.36,service_level
2026-08-24,29,14:30,welsh.voice,voice,4.78,3.0,4.15,0.8823,0.3841,service_level
2026-08-24,30,15:00,welsh.voice,voice,4.48,3.0,4.15,0.8993,0.3605,service_level
2026-08-24,31,15:30,welsh.voice,voice,3.77,3.0,4.15,0.9347,0.3031,service_level
2026-08-24,32,16:00,welsh.voice,voice,2.85,2.0,2.77,0.8349,0.3432,service_level
2026-08-24,33,16:30,welsh.voice,voice,1.93,2.0,2.77,0.9183,0.2325,service_level
2026-08-24,34,17:00,welsh.voice,voice,0.7,1.0,1.38,0.8367,0.1696,none
2026-08-24,35,17:30,welsh.voice,voice,0.38,1.0,1.38,0.9112,0.0926,none
2026-08-25,16,08:00,welsh.voice,voice,1.07,2.0,2.77,0.9728,0.129,service_level
2026-08-25,17,08:30,welsh.voice,voice,3.11,2.0,2.77,0.8073,0.3746,service_level
2026-08-25,18,09:00,welsh.voice,voice,4.29,3.0,4.15,0.9099,0.3447,service_level
2026-08-25,19,09:30,welsh.voice,voice,5.12,3.0,4.15,0.8606,0.4118,service_level
2026-08-25,20,10:00,welsh.voice,voice,5.31,3.0,4.15,0.8478,0.4271,service_level
2026-08-25,21,10:30,welsh.voice,voice,4.82,3.0,4.15,0.8798,0.3874,service_level
2026-08-25,22,11:00,welsh.voice,voice,3.89,3.0,4.15,0.9296,0.3124,service_level
2026-08-25,23,11:30,welsh.voice,voice,2.79,2.0,2.77,0.8405,0.3367,service_level
2026-08-25,24,12:00,welsh.voice,voice,1.67,2.0,2.77,0.9373,0.2013,service_level
2026-08-25,25,12:30,welsh.voice,voice,1.05,2.0,2.77,0.9739,0.1262,service_level
2026-08-25,26,13:00,welsh.voice,voice,1.7,2.0,2.77,0.9349,0.2054,service_level
2026-08-25,27,13:30,welsh.voice,voice,3.09,2.0,2.77,0.809,0.3727,service_level
2026-08-25,28,14:00,welsh.voice,voice,4.06,3.0,4.15,0.9215,0.3261,service_level
2026-08-25,29,14:30,welsh.voice,voice,4.33,3.0,4.15,0.9077,0.348,service_level
2026-08-25,30,15:00,welsh.voice,voice,4.06,3.0,4.15,0.9212,0.3266,service_level
2026-08-25,31,15:30,welsh.voice,voice,3.42,3.0,4.15,0.9493,0.2746,service_level
2026-08-25,32,16:00,welsh.voice,voice,2.58,2.0,2.77,0.8616,0.3109,service_level
2026-08-25,33,16:30,welsh.voice,voice,1.75,2.0,2.77,0.9319,0.2106,service_level
2026-08-25,34,17:00,welsh.voice,voice,0.64,1.0,1.38,0.8522,0.1537,none
2026-08-25,35,17:30,welsh.voice,voice,0.35,1.0,1.38,0.9196,0.0839,none
2026-08-26,16,08:00,welsh.voice,voice,0.96,2.0,2.77,0.9778,0.1158,service_level
2026-08-26,17,08:30,welsh.voice,voice,2.79,2.0,2.77,0.8408,0.3362,service_level
2026-08-26,18,09:00,welsh.voice,voice,3.85,3.0,4.15,0.9312,0.3094,service_level
2026-08-26,19,09:30,welsh.voice,voice,4.6,3.0,4.15,0.8928,0.3697,service_level
2026-08-26,20,10:00,welsh.voice,voice,4.77,3.0,4.15,0.8829,0.3833,service_level
2026-08-26,21,10:30,welsh.voice,voice,4.33,3.0,4.15,0.9079,0.3477,service_level
2026-08-26,22,11:00,welsh.voice,voice,3.49,3.0,4.15,0.9465,0.2804,service_level
2026-08-26,23,11:30,welsh.voice,voice,2.51,2.0,2.77,0.8685,0.3022,service_level
2026-08-26,24,12:00,welsh.voice,voice,1.5,2.0,2.77,0.9487,0.1807,service_level
2026-08-26,25,12:30,welsh.voice,voice,0.94,2.0,2.77,0.9788,0.1133,service_level
2026-08-26,26,13:00,welsh.voice,voice,1.53,2.0,2.77,0.9467,0.1844,service_level
2026-08-26,27,13:30,welsh.voice,voice,2.77,2.0,2.77,0.8422,0.3346,service_level
2026-08-26,28,14:00,welsh.voice,voice,3.64,3.0,4.15,0.9403,0.2927,service_level
2026-08-26,29,14:30,welsh.voice,voice,3.89,3.0,4.15,0.9296,0.3124,service_level
2026-08-26,30,15:00,welsh.voice,voice,3.65,3.0,4.15,0.9401,0.2931,service_level
2026-08-26,31,15:30,welsh.voice,voice,3.07,2.0,2.77,0.8116,0.3697,service_level
2026-08-26,32,16:00,welsh.voice,voice,2.31,2.0,2.77,0.886,0.2791,service_level
2026-08-26,33,16:30,welsh.voice,voice,1.57,2.0,2.77,0.9442,0.1891,service_level
2026-08-26,34,17:00,welsh.voice,voice,0.57,1.0,1.38,0.8674,0.1379,none
2026-08-26,35,17:30,welsh.voice,voice,0.31,1.0,1.38,0.9279,0.0753,none
2026-08-27,16,08:00,welsh.voice,voice,0.98,2.0,2.77,0.9769,0.1184,service_level
2026-08-27,17,08:30,welsh.voice,voice,2.85,2.0,2.77,0.8344,0.3438,service_level
2026-08-27,18,09:00,welsh.voice,voice,3.94,3.0,4.15,0.9273,0.3164,service_level
2026-08-27,19,09:30,welsh.voice,voice,4.7,3.0,4.15,0.8868,0.378,service_level
2026-08-27,20,10:00,welsh.voice,voice,4.88,3.0,4.15,0.8763,0.392,service_level
2026-08-27,21,10:30,welsh.voice,voice,4.42,3.0,4.15,0.9026,0.3556,service_level
2026-08-27,22,11:00,welsh.voice,voice,3.57,3.0,4.15,0.9433,0.2868,service_level
2026-08-27,23,11:30,welsh.voice,voice,2.56,2.0,2.77,0.8631,0.309,service_level
2026-08-27,24,12:00,welsh.voice,voice,1.53,2.0,2.77,0.9465,0.1848,service_level
2026-08-27,25,12:30,welsh.voice,voice,0.96,2.0,2.77,0.9778,0.1158,service_level
2026-08-27,26,13:00,welsh.voice,voice,1.56,2.0,2.77,0.9445,0.1886,service_level
2026-08-27,27,13:30,welsh.voice,voice,2.84,2.0,2.77,0.8358,0.3421,service_level
2026-08-27,28,14:00,welsh.voice,voice,3.72,3.0,4.15,0.9368,0.2994,service_level
2026-08-27,29,14:30,welsh.voice,voice,3.97,3.0,4.15,0.9255,0.3194,service_level
2026-08-27,30,15:00,welsh.voice,voice,3.73,3.0,4.15,0.9366,0.2998,service_level
2026-08-27,31,15:30,welsh.voice,voice,3.14,2.0,2.77,0.8041,0.3781,service_level
2026-08-27,32,16:00,welsh.voice,voice,2.37,2.0,2.77,0.8813,0.2854,service_level
2026-08-27,33,16:30,welsh.voice,voice,1.6,2.0,2.77,0.9418,0.1933,service_level
2026-08-27,34,17:00,welsh.voice,voice,0.58,1.0,1.38,0.8644,0.1411,none
2026-08-27,35,17:30,welsh.voice,voice,0.32,1.0,1.38,0.9262,0.077,none
2026-08-28,16,08:00,welsh.voice,voice,1.06,2.0,2.77,0.9732,0.1279,service_level
2026-08-28,17,08:30,welsh.voice,voice,3.08,2.0,2.77,0.8103,0.3712,service_level
2026-08-28,18,09:00,welsh.voice,voice,4.25,3.0,4.15,0.9119,0.3416,service_level
2026-08-28,19,09:30,welsh.voice,voice,5.08,3.0,4.15,0.8636,0.4081,service_level
2026-08-28,20,10:00,welsh.voice,voice,5.26,3.0,4.15,0.8511,0.4232,service_level
2026-08-28,21,10:30,welsh.voice,voice,4.77,3.0,4.15,0.8824,0.3839,service_level
2026-08-28,22,11:00,welsh.voice,voice,3.85,3.0,4.15,0.9311,0.3096,service_level
2026-08-28,23,11:30,welsh.voice,voice,2.77,2.0,2.77,0.843,0.3336,service_level
2026-08-28,24,12:00,welsh.voice,voice,1.65,2.0,2.77,0.9384,0.1995,service_level
2026-08-28,25,12:30,welsh.voice,voice,1.04,2.0,2.77,0.9744,0.125,service_level
2026-08-28,26,13:00,welsh.voice,voice,1.69,2.0,2.77,0.936,0.2036,service_level
2026-08-28,27,13:30,welsh.voice,voice,3.06,2.0,2.77,0.812,0.3694,service_level
2026-08-28,28,14:00,welsh.voice,voice,4.02,3.0,4.15,0.9233,0.3232,service_level
2026-08-28,29,14:30,welsh.voice,voice,4.29,3.0,4.15,0.9098,0.3449,service_level
2026-08-28,30,15:00,welsh.voice,voice,4.03,3.0,4.15,0.923,0.3236,service_level
2026-08-28,31,15:30,welsh.voice,voice,3.38,3.0,4.15,0.9505,0.2721,service_level
2026-08-28,32,16:00,welsh.voice,voice,2.55,2.0,2.77,0.8638,0.3081,service_level
2026-08-28,33,16:30,welsh.voice,voice,1.73,2.0,2.77,0.933,0.2087,service_level
2026-08-28,34,17:00,welsh.voice,voice,0.63,1.0,1.38,0.8535,0.1523,none
2026-08-28,35,17:30,welsh.voice,voice,0.34,1.0,1.38,0.9203,0.0831,none
2026-08-29,17,08:30,welsh.voice,voice,1.58,2.0,2.77,0.9433,0.1908,service_level
2026-08-29,18,09:00,welsh.voice,voice,3.97,3.0,4.15,0.9256,0.3192,service_level
2026-08-29,19,09:30,welsh.voice,voice,4.74,3.0,4.15,0.8843,0.3814,service_level
2026-08-29,20,10:00,welsh.voice,voice,4.92,3.0,4.15,0.8736,0.3955,service_level
2026-08-29,21,10:30,welsh.voice,voice,4.46,3.0,4.15,0.9005,0.3588,service_level
2026-08-29,22,11:00,welsh.voice,voice,3.6,3.0,4.15,0.942,0.2893,service_level
2026-08-29,23,11:30,welsh.voice,voice,2.59,2.0,2.77,0.8609,0.3118,service_level
2026-08-29,24,12:00,welsh.voice,voice,1.55,2.0,2.77,0.9457,0.1864,service_level
2026-08-29,25,12:30,welsh.voice,voice,0.58,1.0,1.38,0.8652,0.1402,none
2026-08-29,26,13:00,welsh.voice,voice,0.95,2.0,2.77,0.9784,0.1141,service_level
2026-08-17,16,08:00,complaints.back_office,back_office,3.14,5.85,8.09,1.0,0.88,workload
2026-08-17,17,08:30,complaints.back_office,back_office,9.11,5.85,8.09,1.0,0.88,workload
2026-08-17,18,09:00,complaints.back_office,back_office,12.57,5.85,8.09,1.0,0.88,workload
2026-08-17,19,09:30,complaints.back_office,back_office,15.02,5.85,8.09,1.0,0.88,workload
2026-08-17,20,10:00,complaints.back_office,back_office,15.57,5.85,8.09,1.0,0.88,workload
2026-08-17,21,10:30,complaints.back_office,back_office,14.13,5.85,8.09,1.0,0.88,workload
2026-08-17,22,11:00,complaints.back_office,back_office,11.39,5.85,8.09,1.0,0.88,workload
2026-08-17,23,11:30,complaints.back_office,back_office,8.18,5.85,8.09,1.0,0.88,workload
2026-08-17,24,12:00,complaints.back_office,back_office,4.89,5.85,8.09,1.0,0.88,workload
2026-08-17,25,12:30,complaints.back_office,back_office,3.07,5.85,8.09,1.0,0.88,workload
2026-08-17,26,13:00,complaints.back_office,back_office,4.99,5.85,8.09,1.0,0.88,workload
2026-08-17,27,13:30,complaints.back_office,back_office,9.06,5.85,8.09,1.0,0.88,workload
2026-08-17,28,14:00,complaints.back_office,back_office,11.89,5.85,8.09,1.0,0.88,workload
2026-08-17,29,14:30,complaints.back_office,back_office,12.69,5.85,8.09,1.0,0.88,workload
2026-08-17,30,15:00,complaints.back_office,back_office,11.91,5.85,8.09,1.0,0.88,workload
2026-08-17,31,15:30,complaints.back_office,back_office,10.01,5.85,8.09,1.0,0.88,workload
2026-08-17,32,16:00,complaints.back_office,back_office,7.56,5.85,8.09,1.0,0.88,workload
2026-08-17,33,16:30,complaints.back_office,back_office,5.12,5.85,8.09,1.0,0.88,workload
2026-08-17,34,17:00,complaints.back_office,back_office,1.87,5.85,8.09,1.0,0.88,workload
2026-08-17,35,17:30,complaints.back_office,back_office,1.02,5.85,8.09,1.0,0.88,workload
2026-08-18,16,08:00,complaints.back_office,back_office,2.79,5.2,7.19,1.0,0.88,workload
2026-08-18,17,08:30,complaints.back_office,back_office,8.09,5.2,7.19,1.0,0.88,workload
2026-08-18,18,09:00,complaints.back_office,back_office,11.17,5.2,7.19,1.0,0.88,workload
2026-08-18,19,09:30,complaints.back_office,back_office,13.34,5.2,7.19,1.0,0.88,workload
2026-08-18,20,10:00,complaints.back_office,back_office,13.84,5.2,7.19,1.0,0.88,workload
2026-08-18,21,10:30,complaints.back_office,back_office,12.55,5.2,7.19,1.0,0.88,workload
2026-08-18,22,11:00,complaints.back_office,back_office,10.12,5.2,7.19,1.0,0.88,workload
2026-08-18,23,11:30,complaints.back_office,back_office,7.27,5.2,7.19,1.0,0.88,workload
2026-08-18,24,12:00,complaints.back_office,back_office,4.35,5.2,7.19,1.0,0.88,workload
2026-08-18,25,12:30,complaints.back_office,back_office,2.73,5.2,7.19,1.0,0.88,workload
2026-08-18,26,13:00,complaints.back_office,back_office,4.44,5.2,7.19,1.0,0.88,workload
2026-08-18,27,13:30,complaints.back_office,back_office,8.05,5.2,7.19,1.0,0.88,workload
2026-08-18,28,14:00,complaints.back_office,back_office,10.57,5.2,7.19,1.0,0.88,workload
2026-08-18,29,14:30,complaints.back_office,back_office,11.28,5.2,7.19,1.0,0.88,workload
2026-08-18,30,15:00,complaints.back_office,back_office,10.58,5.2,7.19,1.0,0.88,workload
2026-08-18,31,15:30,complaints.back_office,back_office,8.9,5.2,7.19,1.0,0.88,workload
2026-08-18,32,16:00,complaints.back_office,back_office,6.72,5.2,7.19,1.0,0.88,workload
2026-08-18,33,16:30,complaints.back_office,back_office,4.55,5.2,7.19,1.0,0.88,workload
2026-08-18,34,17:00,complaints.back_office,back_office,1.66,5.2,7.19,1.0,0.88,workload
2026-08-18,35,17:30,complaints.back_office,back_office,0.91,5.2,7.19,1.0,0.88,workload
2026-08-19,16,08:00,complaints.back_office,back_office,2.6,4.85,6.71,1.0,0.88,workload
2026-08-19,17,08:30,complaints.back_office,back_office,7.55,4.85,6.71,1.0,0.88,workload
2026-08-19,18,09:00,complaints.back_office,back_office,10.43,4.85,6.71,1.0,0.88,workload
2026-08-19,19,09:30,complaints.back_office,back_office,12.46,4.85,6.71,1.0,0.88,workload
2026-08-19,20,10:00,complaints.back_office,back_office,12.92,4.85,6.71,1.0,0.88,workload
2026-08-19,21,10:30,complaints.back_office,back_office,11.72,4.85,6.71,1.0,0.88,workload
2026-08-19,22,11:00,complaints.back_office,back_office,9.45,4.85,6.71,1.0,0.88,workload
2026-08-19,23,11:30,complaints.back_office,back_office,6.79,4.85,6.71,1.0,0.88,workload
2026-08-19,24,12:00,complaints.back_office,back_office,4.06,4.85,6.71,1.0,0.88,workload
2026-08-19,25,12:30,complaints.back_office,back_office,2.54,4.85,6.71,1.0,0.88,workload
2026-08-19,26,13:00,complaints.back_office,back_office,4.14,4.85,6.71,1.0,0.88,workload
2026-08-19,27,13:30,complaints.back_office,back_office,7.52,4.85,6.71,1.0,0.88,workload
2026-08-19,28,14:00,complaints.back_office,back_office,9.87,4.85,6.71,1.0,0.88,workload
2026-08-19,29,14:30,complaints.back_office,back_office,10.53,4.85,6.71,1.0,0.88,workload
2026-08-19,30,15:00,complaints.back_office,back_office,9.88,4.85,6.71,1.0,0.88,workload
2026-08-19,31,15:30,complaints.back_office,back_office,8.31,4.85,6.71,1.0,0.88,workload
2026-08-19,32,16:00,complaints.back_office,back_office,6.27,4.85,6.71,1.0,0.88,workload
2026-08-19,33,16:30,complaints.back_office,back_office,4.25,4.85,6.71,1.0,0.88,workload
2026-08-19,34,17:00,complaints.back_office,back_office,1.55,4.85,6.71,1.0,0.88,workload
2026-08-19,35,17:30,complaints.back_office,back_office,0.85,4.85,6.71,1.0,0.88,workload
2026-08-20,16,08:00,complaints.back_office,back_office,2.63,4.89,6.77,1.0,0.88,workload
2026-08-20,17,08:30,complaints.back_office,back_office,7.62,4.89,6.77,1.0,0.88,workload
2026-08-20,18,09:00,complaints.back_office,back_office,10.52,4.89,6.77,1.0,0.88,workload
2026-08-20,19,09:30,complaints.back_office,back_office,12.57,4.89,6.77,1.0,0.88,workload
2026-08-20,20,10:00,complaints.back_office,back_office,13.03,4.89,6.77,1.0,0.88,workload
2026-08-20,21,10:30,complaints.back_office,back_office,11.82,4.89,6.77,1.0,0.88,workload
2026-08-20,22,11:00,complaints.back_office,back_office,9.53,4.89,6.77,1.0,0.88,workload
2026-08-20,23,11:30,complaints.back_office,back_office,6.85,4.89,6.77,1.0,0.88,workload
2026-08-20,24,12:00,complaints.back_office,back_office,4.1,4.89,6.77,1.0,0.88,workload
2026-08-20,25,12:30,complaints.back_office,back_office,2.57,4.89,6.77,1.0,0.88,workload
2026-08-20,26,13:00,complaints.back_office,back_office,4.18,4.89,6.77,1.0,0.88,workload
2026-08-20,27,13:30,complaints.back_office,back_office,7.58,4.89,6.77,1.0,0.88,workload
2026-08-20,28,14:00,complaints.back_office,back_office,9.95,4.89,6.77,1.0,0.88,workload
2026-08-20,29,14:30,complaints.back_office,back_office,10.62,4.89,6.77,1.0,0.88,workload
2026-08-20,30,15:00,complaints.back_office,back_office,9.97,4.89,6.77,1.0,0.88,workload
2026-08-20,31,15:30,complaints.back_office,back_office,8.38,4.89,6.77,1.0,0.88,workload
2026-08-20,32,16:00,complaints.back_office,back_office,6.33,4.89,6.77,1.0,0.88,workload
2026-08-20,33,16:30,complaints.back_office,back_office,4.29,4.89,6.77,1.0,0.88,workload
2026-08-20,34,17:00,complaints.back_office,back_office,1.56,4.89,6.77,1.0,0.88,workload
2026-08-20,35,17:30,complaints.back_office,back_office,0.85,4.89,6.77,1.0,0.88,workload
2026-08-21,16,08:00,complaints.back_office,back_office,2.65,4.94,6.83,1.0,0.88,workload
2026-08-21,17,08:30,complaints.back_office,back_office,7.69,4.94,6.83,1.0,0.88,workload
2026-08-21,18,09:00,complaints.back_office,back_office,10.61,4.94,6.83,1.0,0.88,workload
2026-08-21,19,09:30,complaints.back_office,back_office,12.68,4.94,6.83,1.0,0.88,workload
2026-08-21,20,10:00,complaints.back_office,back_office,13.15,4.94,6.83,1.0,0.88,workload
2026-08-21,21,10:30,complaints.back_office,back_office,11.93,4.94,6.83,1.0,0.88,workload
2026-08-21,22,11:00,complaints.back_office,back_office,9.62,4.94,6.83,1.0,0.88,workload
2026-08-21,23,11:30,complaints.back_office,back_office,6.91,4.94,6.83,1.0,0.88,workload
2026-08-21,24,12:00,complaints.back_office,back_office,4.13,4.94,6.83,1.0,0.88,workload
2026-08-21,25,12:30,complaints.back_office,back_office,2.59,4.94,6.83,1.0,0.88,workload
2026-08-21,26,13:00,complaints.back_office,back_office,4.22,4.94,6.83,1.0,0.88,workload
2026-08-21,27,13:30,complaints.back_office,back_office,7.65,4.94,6.83,1.0,0.88,workload
2026-08-21,28,14:00,complaints.back_office,back_office,10.04,4.94,6.83,1.0,0.88,workload
2026-08-21,29,14:30,complaints.back_office,back_office,10.71,4.94,6.83,1.0,0.88,workload
2026-08-21,30,15:00,complaints.back_office,back_office,10.05,4.94,6.83,1.0,0.88,workload
2026-08-21,31,15:30,complaints.back_office,back_office,8.45,4.94,6.83,1.0,0.88,workload
2026-08-21,32,16:00,complaints.back_office,back_office,6.38,4.94,6.83,1.0,0.88,workload
2026-08-21,33,16:30,complaints.back_office,back_office,4.32,4.94,6.83,1.0,0.88,workload
2026-08-21,34,17:00,complaints.back_office,back_office,1.58,4.94,6.83,1.0,0.88,workload
2026-08-21,35,17:30,complaints.back_office,back_office,0.86,4.94,6.83,1.0,0.88,workload
2026-08-24,16,08:00,complaints.back_office,back_office,3.11,5.8,8.03,1.0,0.88,workload
2026-08-24,17,08:30,complaints.back_office,back_office,9.03,5.8,8.03,1.0,0.88,workload
2026-08-24,18,09:00,complaints.back_office,back_office,12.47,5.8,8.03,1.0,0.88,workload
2026-08-24,19,09:30,complaints.back_office,back_office,14.9,5.8,8.03,1.0,0.88,workload
2026-08-24,20,10:00,complaints.back_office,back_office,15.45,5.8,8.03,1.0,0.88,workload
2026-08-24,21,10:30,complaints.back_office,back_office,14.01,5.8,8.03,1.0,0.88,workload
2026-08-24,22,11:00,complaints.back_office,back_office,11.3,5.8,8.03,1.0,0.88,workload
2026-08-24,23,11:30,complaints.back_office,back_office,8.12,5.8,8.03,1.0,0.88,workload
2026-08-24,24,12:00,complaints.back_office,back_office,4.85,5.8,8.03,1.0,0.88,workload
2026-08-24,25,12:30,complaints.back_office,back_office,3.04,5.8,8.03,1.0,0.88,workload
2026-08-24,26,13:00,complaints.back_office,back_office,4.95,5.8,8.03,1.0,0.88,workload
2026-08-24,27,13:30,complaints.back_office,back_office,8.99,5.8,8.03,1.0,0.88,workload
2026-08-24,28,14:00,complaints.back_office,back_office,11.8,5.8,8.03,1.0,0.88,workload
2026-08-24,29,14:30,complaints.back_office,back_office,12.59,5.8,8.03,1.0,0.88,workload
2026-08-24,30,15:00,complaints.back_office,back_office,11.81,5.8,8.03,1.0,0.88,workload
2026-08-24,31,15:30,complaints.back_office,back_office,9.93,5.8,8.03,1.0,0.88,workload
2026-08-24,32,16:00,complaints.back_office,back_office,7.5,5.8,8.03,1.0,0.88,workload
2026-08-24,33,16:30,complaints.back_office,back_office,5.08,5.8,8.03,1.0,0.88,workload
2026-08-24,34,17:00,complaints.back_office,back_office,1.85,5.8,8.03,1.0,0.88,workload
2026-08-24,35,17:30,complaints.back_office,back_office,1.01,5.8,8.03,1.0,0.88,workload
2026-08-25,16,08:00,complaints.back_office,back_office,2.77,5.16,7.14,1.0,0.88,workload
2026-08-25,17,08:30,complaints.back_office,back_office,8.03,5.16,7.14,1.0,0.88,workload
2026-08-25,18,09:00,complaints.back_office,back_office,11.08,5.16,7.14,1.0,0.88,workload
2026-08-25,19,09:30,complaints.back_office,back_office,13.24,5.16,7.14,1.0,0.88,workload
2026-08-25,20,10:00,complaints.back_office,back_office,13.73,5.16,7.14,1.0,0.88,workload
2026-08-25,21,10:30,complaints.back_office,back_office,12.46,5.16,7.14,1.0,0.88,workload
2026-08-25,22,11:00,complaints.back_office,back_office,10.05,5.16,7.14,1.0,0.88,workload
2026-08-25,23,11:30,complaints.back_office,back_office,7.22,5.16,7.14,1.0,0.88,workload
2026-08-25,24,12:00,complaints.back_office,back_office,4.32,5.16,7.14,1.0,0.88,workload
2026-08-25,25,12:30,complaints.back_office,back_office,2.7,5.16,7.14,1.0,0.88,workload
2026-08-25,26,13:00,complaints.back_office,back_office,4.4,5.16,7.14,1.0,0.88,workload
2026-08-25,27,13:30,complaints.back_office,back_office,7.99,5.16,7.14,1.0,0.88,workload
2026-08-25,28,14:00,complaints.back_office,back_office,10.49,5.16,7.14,1.0,0.88,workload
2026-08-25,29,14:30,complaints.back_office,back_office,11.19,5.16,7.14,1.0,0.88,workload
2026-08-25,30,15:00,complaints.back_office,back_office,10.5,5.16,7.14,1.0,0.88,workload
2026-08-25,31,15:30,complaints.back_office,back_office,8.83,5.16,7.14,1.0,0.88,workload
2026-08-25,32,16:00,complaints.back_office,back_office,6.67,5.16,7.14,1.0,0.88,workload
2026-08-25,33,16:30,complaints.back_office,back_office,4.52,5.16,7.14,1.0,0.88,workload
2026-08-25,34,17:00,complaints.back_office,back_office,1.65,5.16,7.14,1.0,0.88,workload
2026-08-25,35,17:30,complaints.back_office,back_office,0.9,5.16,7.14,1.0,0.88,workload
2026-08-26,16,08:00,complaints.back_office,back_office,2.58,4.82,6.67,1.0,0.88,workload
2026-08-26,17,08:30,complaints.back_office,back_office,7.5,4.82,6.67,1.0,0.88,workload
2026-08-26,18,09:00,complaints.back_office,back_office,10.35,4.82,6.67,1.0,0.88,workload
2026-08-26,19,09:30,complaints.back_office,back_office,12.37,4.82,6.67,1.0,0.88,workload
2026-08-26,20,10:00,complaints.back_office,back_office,12.83,4.82,6.67,1.0,0.88,workload
2026-08-26,21,10:30,complaints.back_office,back_office,11.64,4.82,6.67,1.0,0.88,workload
2026-08-26,22,11:00,complaints.back_office,back_office,9.38,4.82,6.67,1.0,0.88,workload
2026-08-26,23,11:30,complaints.back_office,back_office,6.74,4.82,6.67,1.0,0.88,workload
2026-08-26,24,12:00,complaints.back_office,back_office,4.03,4.82,6.67,1.0,0.88,workload
2026-08-26,25,12:30,complaints.back_office,back_office,2.53,4.82,6.67,1.0,0.88,workload
2026-08-26,26,13:00,complaints.back_office,back_office,4.11,4.82,6.67,1.0,0.88,workload
2026-08-26,27,13:30,complaints.back_office,back_office,7.46,4.82,6.67,1.0,0.88,workload
2026-08-26,28,14:00,complaints.back_office,back_office,9.8,4.82,6.67,1.0,0.88,workload
2026-08-26,29,14:30,complaints.back_office,back_office,10.45,4.82,6.67,1.0,0.88,workload
2026-08-26,30,15:00,complaints.back_office,back_office,9.81,4.82,6.67,1.0,0.88,workload
2026-08-26,31,15:30,complaints.back_office,back_office,8.25,4.82,6.67,1.0,0.88,workload
2026-08-26,32,16:00,complaints.back_office,back_office,6.23,4.82,6.67,1.0,0.88,workload
2026-08-26,33,16:30,complaints.back_office,back_office,4.22,4.82,6.67,1.0,0.88,workload
2026-08-26,34,17:00,complaints.back_office,back_office,1.54,4.82,6.67,1.0,0.88,workload
2026-08-26,35,17:30,complaints.back_office,back_office,0.84,4.82,6.67,1.0,0.88,workload
2026-08-27,16,08:00,complaints.back_office,back_office,2.61,4.86,6.73,1.0,0.88,workload
2026-08-27,17,08:30,complaints.back_office,back_office,7.57,4.86,6.73,1.0,0.88,workload
2026-08-27,18,09:00,complaints.back_office,back_office,10.45,4.86,6.73,1.0,0.88,workload
2026-08-27,19,09:30,complaints.back_office,back_office,12.49,4.86,6.73,1.0,0.88,workload
2026-08-27,20,10:00,complaints.back_office,back_office,12.95,4.86,6.73,1.0,0.88,workload
2026-08-27,21,10:30,complaints.back_office,back_office,11.74,4.86,6.73,1.0,0.88,workload
2026-08-27,22,11:00,complaints.back_office,back_office,9.47,4.86,6.73,1.0,0.88,workload
2026-08-27,23,11:30,complaints.back_office,back_office,6.8,4.86,6.73,1.0,0.88,workload
2026-08-27,24,12:00,complaints.back_office,back_office,4.07,4.86,6.73,1.0,0.88,workload
2026-08-27,25,12:30,complaints.back_office,back_office,2.55,4.86,6.73,1.0,0.88,workload
2026-08-27,26,13:00,complaints.back_office,back_office,4.15,4.86,6.73,1.0,0.88,workload
2026-08-27,27,13:30,complaints.back_office,back_office,7.53,4.86,6.73,1.0,0.88,workload
2026-08-27,28,14:00,complaints.back_office,back_office,9.89,4.86,6.73,1.0,0.88,workload
2026-08-27,29,14:30,complaints.back_office,back_office,10.55,4.86,6.73,1.0,0.88,workload
2026-08-27,30,15:00,complaints.back_office,back_office,9.9,4.86,6.73,1.0,0.88,workload
2026-08-27,31,15:30,complaints.back_office,back_office,8.33,4.86,6.73,1.0,0.88,workload
2026-08-27,32,16:00,complaints.back_office,back_office,6.28,4.86,6.73,1.0,0.88,workload
2026-08-27,33,16:30,complaints.back_office,back_office,4.26,4.86,6.73,1.0,0.88,workload
2026-08-27,34,17:00,complaints.back_office,back_office,1.55,4.86,6.73,1.0,0.88,workload
2026-08-27,35,17:30,complaints.back_office,back_office,0.85,4.86,6.73,1.0,0.88,workload
2026-08-28,16,08:00,complaints.back_office,back_office,2.63,4.91,6.79,1.0,0.88,workload
2026-08-28,17,08:30,complaints.back_office,back_office,7.64,4.91,6.79,1.0,0.88,workload
2026-08-28,18,09:00,complaints.back_office,back_office,10.55,4.91,6.79,1.0,0.88,workload
2026-08-28,19,09:30,complaints.back_office,back_office,12.6,4.91,6.79,1.0,0.88,workload
2026-08-28,20,10:00,complaints.back_office,back_office,13.07,4.91,6.79,1.0,0.88,workload
2026-08-28,21,10:30,complaints.back_office,back_office,11.85,4.91,6.79,1.0,0.88,workload
2026-08-28,22,11:00,complaints.back_office,back_office,9.56,4.91,6.79,1.0,0.88,workload
2026-08-28,23,11:30,complaints.back_office,back_office,6.87,4.91,6.79,1.0,0.88,workload
2026-08-28,24,12:00,complaints.back_office,back_office,4.11,4.91,6.79,1.0,0.88,workload
2026-08-28,25,12:30,complaints.back_office,back_office,2.57,4.91,6.79,1.0,0.88,workload
2026-08-28,26,13:00,complaints.back_office,back_office,4.19,4.91,6.79,1.0,0.88,workload
2026-08-28,27,13:30,complaints.back_office,back_office,7.6,4.91,6.79,1.0,0.88,workload
2026-08-28,28,14:00,complaints.back_office,back_office,9.98,4.91,6.79,1.0,0.88,workload
2026-08-28,29,14:30,complaints.back_office,back_office,10.65,4.91,6.79,1.0,0.88,workload
2026-08-28,30,15:00,complaints.back_office,back_office,9.99,4.91,6.79,1.0,0.88,workload
2026-08-28,31,15:30,complaints.back_office,back_office,8.4,4.91,6.79,1.0,0.88,workload
2026-08-28,32,16:00,complaints.back_office,back_office,6.34,4.91,6.79,1.0,0.88,workload
2026-08-28,33,16:30,complaints.back_office,back_office,4.3,4.91,6.79,1.0,0.88,workload
2026-08-28,34,17:00,complaints.back_office,back_office,1.57,4.91,6.79,1.0,0.88,workload
2026-08-28,35,17:30,complaints.back_office,back_office,0.86,4.91,6.79,1.0,0.88,workload
2026-08-17,16,08:00,billing.back_office,back_office,12.38,14.89,20.61,1.0,0.88,workload
2026-08-17,17,08:30,billing.back_office,back_office,35.95,14.89,20.61,1.0,0.88,workload
2026-08-17,18,09:00,billing.back_office,back_office,49.62,14.89,20.61,1.0,0.88,workload
2026-08-17,19,09:30,billing.back_office,back_office,59.28,14.89,20.61,1.0,0.88,workload
2026-08-17,20,10:00,billing.back_office,back_office,61.47,14.89,20.61,1.0,0.88,workload
2026-08-17,21,10:30,billing.back_office,back_office,55.76,14.89,20.61,1.0,0.88,workload
2026-08-17,22,11:00,billing.back_office,back_office,44.97,14.89,20.61,1.0,0.88,workload
2026-08-17,23,11:30,billing.back_office,back_office,32.31,14.89,20.61,1.0,0.88,workload
2026-08-17,24,12:00,billing.back_office,back_office,19.32,14.89,20.61,1.0,0.88,workload
2026-08-17,25,12:30,billing.back_office,back_office,12.11,14.89,20.61,1.0,0.88,workload
2026-08-17,26,13:00,billing.back_office,back_office,19.71,14.89,20.61,1.0,0.88,workload
2026-08-17,27,13:30,billing.back_office,back_office,35.77,14.89,20.61,1.0,0.88,workload
2026-08-17,28,14:00,billing.back_office,back_office,46.95,14.89,20.61,1.0,0.88,workload
2026-08-17,29,14:30,billing.back_office,back_office,50.09,14.89,20.61,1.0,0.88,workload
2026-08-17,30,15:00,billing.back_office,back_office,47.01,14.89,20.61,1.0,0.88,workload
2026-08-17,31,15:30,billing.back_office,back_office,39.53,14.89,20.61,1.0,0.88,workload
2026-08-17,32,16:00,billing.back_office,back_office,29.84,14.89,20.61,1.0,0.88,workload
2026-08-17,33,16:30,billing.back_office,back_office,20.21,14.89,20.61,1.0,0.88,workload
2026-08-17,34,17:00,billing.back_office,back_office,7.37,14.89,20.61,1.0,0.88,workload
2026-08-17,35,17:30,billing.back_office,back_office,4.02,14.89,20.61,1.0,0.88,workload
2026-08-18,16,08:00,billing.back_office,back_office,10.13,12.18,16.86,1.0,0.88,workload
2026-08-18,17,08:30,billing.back_office,back_office,29.4,12.18,16.86,1.0,0.88,workload
2026-08-18,18,09:00,billing.back_office,back_office,40.58,12.18,16.86,1.0,0.88,workload
2026-08-18,19,09:30,billing.back_office,back_office,48.48,12.18,16.86,1.0,0.88,workload
2026-08-18,20,10:00,billing.back_office,back_office,50.27,12.18,16.86,1.0,0.88,workload
2026-08-18,21,10:30,billing.back_office,back_office,45.6,12.18,16.86,1.0,0.88,workload
2026-08-18,22,11:00,billing.back_office,back_office,36.78,12.18,16.86,1.0,0.88,workload
2026-08-18,23,11:30,billing.back_office,back_office,26.42,12.18,16.86,1.0,0.88,workload
2026-08-18,24,12:00,billing.back_office,back_office,15.8,12.18,16.86,1.0,0.88,workload
2026-08-18,25,12:30,billing.back_office,back_office,9.9,12.18,16.86,1.0,0.88,workload
2026-08-18,26,13:00,billing.back_office,back_office,16.12,12.18,16.86,1.0,0.88,workload
2026-08-18,27,13:30,billing.back_office,back_office,29.25,12.18,16.86,1.0,0.88,workload
2026-08-18,28,14:00,billing.back_office,back_office,38.39,12.18,16.86,1.0,0.88,workload
2026-08-18,29,14:30,billing.back_office,back_office,40.96,12.18,16.86,1.0,0.88,workload
2026-08-18,30,15:00,billing.back_office,back_office,38.44,12.18,16.86,1.0,0.88,workload
2026-08-18,31,15:30,billing.back_office,back_office,32.33,12.18,16.86,1.0,0.88,workload
2026-08-18,32,16:00,billing.back_office,back_office,24.4,12.18,16.86,1.0,0.88,workload
2026-08-18,33,16:30,billing.back_office,back_office,16.53,12.18,16.86,1.0,0.88,workload
2026-08-18,34,17:00,billing.back_office,back_office,6.03,12.18,16.86,1.0,0.88,workload
2026-08-18,35,17:30,billing.back_office,back_office,3.29,12.18,16.86,1.0,0.88,workload
2026-08-19,16,08:00,billing.back_office,back_office,8.45,10.16,14.07,1.0,0.88,workload
2026-08-19,17,08:30,billing.back_office,back_office,24.53,10.16,14.07,1.0,0.88,workload
2026-08-19,18,09:00,billing.back_office,back_office,33.86,10.16,14.07,1.0,0.88,workload
2026-08-19,19,09:30,billing.back_office,back_office,40.45,10.16,14.07,1.0,0.88,workload
2026-08-19,20,10:00,billing.back_office,back_office,41.95,10.16,14.07,1.0,0.88,workload
2026-08-19,21,10:30,billing.back_office,back_office,38.05,10.16,14.07,1.0,0.88,workload
2026-08-19,22,11:00,billing.back_office,back_office,30.69,10.16,14.07,1.0,0.88,workload
2026-08-19,23,11:30,billing.back_office,back_office,22.05,10.16,14.07,1.0,0.88,workload
2026-08-19,24,12:00,billing.back_office,back_office,13.18,10.16,14.07,1.0,0.88,workload
2026-08-19,25,12:30,billing.back_office,back_office,8.26,10.16,14.07,1.0,0.88,workload
2026-08-19,26,13:00,billing.back_office,back_office,13.45,10.16,14.07,1.0,0.88,workload
2026-08-19,27,13:30,billing.back_office,back_office,24.41,10.16,14.07,1.0,0.88,workload
2026-08-19,28,14:00,billing.back_office,back_office,32.03,10.16,14.07,1.0,0.88,workload
2026-08-19,29,14:30,billing.back_office,back_office,34.18,10.16,14.07,1.0,0.88,workload
2026-08-19,30,15:00,billing.back_office,back_office,32.08,10.16,14.07,1.0,0.88,workload
2026-08-19,31,15:30,billing.back_office,back_office,26.97,10.16,14.07,1.0,0.88,workload
2026-08-19,32,16:00,billing.back_office,back_office,20.36,10.16,14.07,1.0,0.88,workload
2026-08-19,33,16:30,billing.back_office,back_office,13.79,10.16,14.07,1.0,0.88,workload
2026-08-19,34,17:00,billing.back_office,back_office,5.03,10.16,14.07,1.0,0.88,workload
2026-08-19,35,17:30,billing.back_office,back_office,2.75,10.16,14.07,1.0,0.88,workload
2026-08-20,16,08:00,billing.back_office,back_office,8.32,10.01,13.86,1.0,0.88,workload
2026-08-20,17,08:30,billing.back_office,back_office,24.16,10.01,13.86,1.0,0.88,workload
2026-08-20,18,09:00,billing.back_office,back_office,33.36,10.01,13.86,1.0,0.88,workload
2026-08-20,19,09:30,billing.back_office,back_office,39.85,10.01,13.86,1.0,0.88,workload
2026-08-20,20,10:00,billing.back_office,back_office,41.33,10.01,13.86,1.0,0.88,workload
2026-08-20,21,10:30,billing.back_office,back_office,37.49,10.01,13.86,1.0,0.88,workload
2026-08-20,22,11:00,billing.back_office,back_office,30.23,10.01,13.86,1.0,0.88,workload
2026-08-20,23,11:30,billing.back_office,back_office,21.72,10.01,13.86,1.0,0.88,workload
2026-08-20,24,12:00,billing.back_office,back_office,12.99,10.01,13.86,1.0,0.88,workload
2026-08-20,25,12:30,billing.back_office,back_office,8.14,10.01,13.86,1.0,0.88,workload
2026-08-20,26,13:00,billing.back_office,back_office,13.25,10.01,13.86,1.0,0.88,workload
2026-08-20,27,13:30,billing.back_office,back_office,24.04,10.01,13.86,1.0,0.88,workload
2026-08-20,28,14:00,billing.back_office,back_office,31.56,10.01,13.86,1.0,0.88,workload
2026-08-20,29,14:30,billing.back_office,back_office,33.67,10.01,13.86,1.0,0.88,workload
2026-08-20,30,15:00,billing.back_office,back_office,31.6,10.01,13.86,1.0,0.88,workload
2026-08-20,31,15:30,billing.back_office,back_office,26.57,10.01,13.86,1.0,0.88,workload
2026-08-20,32,16:00,billing.back_office,back_office,20.06,10.01,13.86,1.0,0.88,workload
2026-08-20,33,16:30,billing.back_office,back_office,13.59,10.01,13.86,1.0,0.88,workload
2026-08-20,34,17:00,billing.back_office,back_office,4.96,10.01,13.86,1.0,0.88,workload
2026-08-20,35,17:30,billing.back_office,back_office,2.7,10.01,13.86,1.0,0.88,workload
2026-08-21,16,08:00,billing.back_office,back_office,8.5,10.22,14.15,1.0,0.88,workload
2026-08-21,17,08:30,billing.back_office,back_office,24.68,10.22,14.15,1.0,0.88,workload
2026-08-21,18,09:00,billing.back_office,back_office,34.07,10.22,14.15,1.0,0.88,workload
2026-08-21,19,09:30,billing.back_office,back_office,40.7,10.22,14.15,1.0,0.88,workload
2026-08-21,20,10:00,billing.back_office,back_office,42.21,10.22,14.15,1.0,0.88,workload
2026-08-21,21,10:30,billing.back_office,back_office,38.29,10.22,14.15,1.0,0.88,workload
2026-08-21,22,11:00,billing.back_office,back_office,30.88,10.22,14.15,1.0,0.88,workload
2026-08-21,23,11:30,billing.back_office,back_office,22.18,10.22,14.15,1.0,0.88,workload
2026-08-21,24,12:00,billing.back_office,back_office,13.26,10.22,14.15,1.0,0.88,workload
2026-08-21,25,12:30,billing.back_office,back_office,8.31,10.22,14.15,1.0,0.88,workload
2026-08-21,26,13:00,billing.back_office,back_office,13.53,10.22,14.15,1.0,0.88,workload
2026-08-21,27,13:30,billing.back_office,back_office,24.56,10.22,14.15,1.0,0.88,workload
2026-08-21,28,14:00,billing.back_office,back_office,32.23,10.22,14.15,1.0,0.88,workload
2026-08-21,29,14:30,billing.back_office,back_office,34.39,10.22,14.15,1.0,0.88,workload
2026-08-21,30,15:00,billing.back_office,back_office,32.28,10.22,14.15,1.0,0.88,workload
2026-08-21,31,15:30,billing.back_office,back_office,27.14,10.22,14.15,1.0,0.88,workload
2026-08-21,32,16:00,billing.back_office,back_office,20.49,10.22,14.15,1.0,0.88,workload
2026-08-21,33,16:30,billing.back_office,back_office,13.88,10.22,14.15,1.0,0.88,workload
2026-08-21,34,17:00,billing.back_office,back_office,5.06,10.22,14.15,1.0,0.88,workload
2026-08-21,35,17:30,billing.back_office,back_office,2.76,10.22,14.15,1.0,0.88,workload
2026-08-24,16,08:00,billing.back_office,back_office,9.88,11.88,16.44,1.0,0.88,workload
2026-08-24,17,08:30,billing.back_office,back_office,28.67,11.88,16.44,1.0,0.88,workload
2026-08-24,18,09:00,billing.back_office,back_office,39.58,11.88,16.44,1.0,0.88,workload
2026-08-24,19,09:30,billing.back_office,back_office,47.29,11.88,16.44,1.0,0.88,workload
2026-08-24,20,10:00,billing.back_office,back_office,49.03,11.88,16.44,1.0,0.88,workload
2026-08-24,21,10:30,billing.back_office,back_office,44.48,11.88,16.44,1.0,0.88,workload
2026-08-24,22,11:00,billing.back_office,back_office,35.87,11.88,16.44,1.0,0.88,workload
2026-08-24,23,11:30,billing.back_office,back_office,25.77,11.88,16.44,1.0,0.88,workload
2026-08-24,24,12:00,billing.back_office,back_office,15.41,11.88,16.44,1.0,0.88,workload
2026-08-24,25,12:30,billing.back_office,back_office,9.66,11.88,16.44,1.0,0.88,workload
2026-08-24,26,13:00,billing.back_office,back_office,15.72,11.88,16.44,1.0,0.88,workload
2026-08-24,27,13:30,billing.back_office,back_office,28.53,11.88,16.44,1.0,0.88,workload
2026-08-24,28,14:00,billing.back_office,back_office,37.45,11.88,16.44,1.0,0.88,workload
2026-08-24,29,14:30,billing.back_office,back_office,39.96,11.88,16.44,1.0,0.88,workload
2026-08-24,30,15:00,billing.back_office,back_office,37.5,11.88,16.44,1.0,0.88,workload
2026-08-24,31,15:30,billing.back_office,back_office,31.53,11.88,16.44,1.0,0.88,workload
2026-08-24,32,16:00,billing.back_office,back_office,23.8,11.88,16.44,1.0,0.88,workload
2026-08-24,33,16:30,billing.back_office,back_office,16.12,11.88,16.44,1.0,0.88,workload
2026-08-24,34,17:00,billing.back_office,back_office,5.88,11.88,16.44,1.0,0.88,workload
2026-08-24,35,17:30,billing.back_office,back_office,3.21,11.88,16.44,1.0,0.88,workload
2026-08-25,16,08:00,billing.back_office,back_office,8.99,10.81,14.96,1.0,0.88,workload
2026-08-25,17,08:30,billing.back_office,back_office,26.09,10.81,14.96,1.0,0.88,workload
2026-08-25,18,09:00,billing.back_office,back_office,36.02,10.81,14.96,1.0,0.88,workload
2026-08-25,19,09:30,billing.back_office,back_office,43.03,10.81,14.96,1.0,0.88,workload
2026-08-25,20,10:00,billing.back_office,back_office,44.62,10.81,14.96,1.0,0.88,workload
2026-08-25,21,10:30,billing.back_office,back_office,40.47,10.81,14.96,1.0,0.88,workload
2026-08-25,22,11:00,billing.back_office,back_office,32.64,10.81,14.96,1.0,0.88,workload
2026-08-25,23,11:30,billing.back_office,back_office,23.45,10.81,14.96,1.0,0.88,workload
2026-08-25,24,12:00,billing.back_office,back_office,14.02,10.81,14.96,1.0,0.88,workload
2026-08-25,25,12:30,billing.back_office,back_office,8.79,10.81,14.96,1.0,0.88,workload
2026-08-25,26,13:00,billing.back_office,back_office,14.31,10.81,14.96,1.0,0.88,workload
2026-08-25,27,13:30,billing.back_office,back_office,25.96,10.81,14.96,1.0,0.88,workload
2026-08-25,28,14:00,billing.back_office,back_office,34.07,10.81,14.96,1.0,0.88,workload
2026-08-25,29,14:30,billing.back_office,back_office,36.36,10.81,14.96,1.0,0.88,workload
2026-08-25,30,15:00,billing.back_office,back_office,34.12,10.81,14.96,1.0,0.88,workload
2026-08-25,31,15:30,billing.back_office,back_office,28.69,10.81,14.96,1.0,0.88,workload
2026-08-25,32,16:00,billing.back_office,back_office,21.66,10.81,14.96,1.0,0.88,workload
2026-08-25,33,16:30,billing.back_office,back_office,14.67,10.81,14.96,1.0,0.88,workload
2026-08-25,34,17:00,billing.back_office,back_office,5.35,10.81,14.96,1.0,0.88,workload
2026-08-25,35,17:30,billing.back_office,back_office,2.92,10.81,14.96,1.0,0.88,workload
2026-08-26,16,08:00,billing.back_office,back_office,11.59,13.93,19.29,1.0,0.88,workload
2026-08-26,17,08:30,billing.back_office,back_office,33.64,13.93,19.29,1.0,0.88,workload
2026-08-26,18,09:00,billing.back_office,back_office,46.43,13.93,19.29,1.0,0.88,workload
2026-08-26,19,09:30,billing.back_office,back_office,55.47,13.93,19.29,1.0,0.88,workload
2026-08-26,20,10:00,billing.back_office,back_office,57.53,13.93,19.29,1.0,0.88,workload
2026-08-26,21,10:30,billing.back_office,back_office,52.18,13.93,19.29,1.0,0.88,workload
2026-08-26,22,11:00,billing.back_office,back_office,42.08,13.93,19.29,1.0,0.88,workload
2026-08-26,23,11:30,billing.back_office,back_office,30.23,13.93,19.29,1.0,0.88,workload
2026-08-26,24,12:00,billing.back_office,back_office,18.08,13.93,19.29,1.0,0.88,workload
2026-08-26,25,12:30,billing.back_office,back_office,11.33,13.93,19.29,1.0,0.88,workload
2026-08-26,26,13:00,billing.back_office,back_office,18.45,13.93,19.29,1.0,0.88,workload
2026-08-26,27,13:30,billing.back_office,back_office,33.47,13.93,19.29,1.0,0.88,workload
2026-08-26,28,14:00,billing.back_office,back_office,43.93,13.93,19.29,1.0,0.88,workload
2026-08-26,29,14:30,billing.back_office,back_office,46.88,13.93,19.29,1.0,0.88,workload
2026-08-26,30,15:00,billing.back_office,back_office,43.99,13.93,19.29,1.0,0.88,workload
2026-08-26,31,15:30,billing.back_office,back_office,36.99,13.93,19.29,1.0,0.88,workload
2026-08-26,32,16:00,billing.back_office,back_office,27.92,13.93,19.29,1.0,0.88,workload
2026-08-26,33,16:30,billing.back_office,back_office,18.91,13.93,19.29,1.0,0.88,workload
2026-08-26,34,17:00,billing.back_office,back_office,6.9,13.93,19.29,1.0,0.88,workload
2026-08-26,35,17:30,billing.back_office,back_office,3.77,13.93,19.29,1.0,0.88,workload
2026-08-27,16,08:00,billing.back_office,back_office,10.35,12.44,17.22,1.0,0.88,workload
2026-08-27,17,08:30,billing.back_office,back_office,30.03,12.44,17.22,1.0,0.88,workload
2026-08-27,18,09:00,billing.back_office,back_office,41.46,12.44,17.22,1.0,0.88,workload
2026-08-27,19,09:30,billing.back_office,back_office,49.53,12.44,17.22,1.0,0.88,workload
2026-08-27,20,10:00,billing.back_office,back_office,51.36,12.44,17.22,1.0,0.88,workload
2026-08-27,21,10:30,billing.back_office,back_office,46.59,12.44,17.22,1.0,0.88,workload
2026-08-27,22,11:00,billing.back_office,back_office,37.57,12.44,17.22,1.0,0.88,workload
2026-08-27,23,11:30,billing.back_office,back_office,26.99,12.44,17.22,1.0,0.88,workload
2026-08-27,24,12:00,billing.back_office,back_office,16.14,12.44,17.22,1.0,0.88,workload
2026-08-27,25,12:30,billing.back_office,back_office,10.12,12.44,17.22,1.0,0.88,workload
2026-08-27,26,13:00,billing.back_office,back_office,16.47,12.44,17.22,1.0,0.88,workload
2026-08-27,27,13:30,billing.back_office,back_office,29.88,12.44,17.22,1.0,0.88,workload
2026-08-27,28,14:00,billing.back_office,back_office,39.22,12.44,17.22,1.0,0.88,workload
2026-08-27,29,14:30,billing.back_office,back_office,41.85,12.44,17.22,1.0,0.88,workload
2026-08-27,30,15:00,billing.back_office,back_office,39.27,12.44,17.22,1.0,0.88,workload
2026-08-27,31,15:30,billing.back_office,back_office,33.03,12.44,17.22,1.0,0.88,workload
2026-08-27,32,16:00,billing.back_office,back_office,24.93,12.44,17.22,1.0,0.88,workload
2026-08-27,33,16:30,billing.back_office,back_office,16.89,12.44,17.22,1.0,0.88,workload
2026-08-27,34,17:00,billing.back_office,back_office,6.16,12.44,17.22,1.0,0.88,workload
2026-08-27,35,17:30,billing.back_office,back_office,3.36,12.44,17.22,1.0,0.88,workload
2026-08-28,16,08:00,billing.back_office,back_office,9.5,11.42,15.81,1.0,0.88,workload
2026-08-28,17,08:30,billing.back_office,back_office,27.57,11.42,15.81,1.0,0.88,workload
2026-08-28,18,09:00,billing.back_office,back_office,38.06,11.42,15.81,1.0,0.88,workload
2026-08-28,19,09:30,billing.back_office,back_office,45.47,11.42,15.81,1.0,0.88,workload
2026-08-28,20,10:00,billing.back_office,back_office,47.15,11.42,15.81,1.0,0.88,workload
2026-08-28,21,10:30,billing.back_office,back_office,42.77,11.42,15.81,1.0,0.88,workload
2026-08-28,22,11:00,billing.back_office,back_office,34.5,11.42,15.81,1.0,0.88,workload
2026-08-28,23,11:30,billing.back_office,back_office,24.78,11.42,15.81,1.0,0.88,workload
2026-08-28,24,12:00,billing.back_office,back_office,14.82,11.42,15.81,1.0,0.88,workload
2026-08-28,25,12:30,billing.back_office,back_office,9.29,11.42,15.81,1.0,0.88,workload
2026-08-28,26,13:00,billing.back_office,back_office,15.12,11.42,15.81,1.0,0.88,workload
2026-08-28,27,13:30,billing.back_office,back_office,27.44,11.42,15.81,1.0,0.88,workload
2026-08-28,28,14:00,billing.back_office,back_office,36.01,11.42,15.81,1.0,0.88,workload
2026-08-28,29,14:30,billing.back_office,back_office,38.42,11.42,15.81,1.0,0.88,workload
2026-08-28,30,15:00,billing.back_office,back_office,36.06,11.42,15.81,1.0,0.88,workload
2026-08-28,31,15:30,billing.back_office,back_office,30.32,11.42,15.81,1.0,0.88,workload
2026-08-28,32,16:00,billing.back_office,back_office,22.89,11.42,15.81,1.0,0.88,workload
2026-08-28,33,16:30,billing.back_office,back_office,15.5,11.42,15.81,1.0,0.88,workload
2026-08-28,34,17:00,billing.back_office,back_office,5.66,11.42,15.81,1.0,0.88,workload
2026-08-28,35,17:30,billing.back_office,back_office,3.09,11.42,15.81,1.0,0.88,workload
