date,interval,interval_start,line_key,queue,channel,offered,aht_seconds,staffed_actual,scheduled
2026-07-20,16,08:00,billing.voice,Billing & payments,voice,28.0,435.7,6.39,7.28
2026-07-20,17,08:30,billing.voice,Billing & payments,voice,124.0,435.7,29.53,32.86
2026-07-20,18,09:00,billing.voice,Billing & payments,voice,124.0,435.7,30.47,29.79
2026-07-20,19,09:30,billing.voice,Billing & payments,voice,164.0,435.7,43.15,40.95
2026-07-20,20,10:00,billing.voice,Billing & payments,voice,147.0,435.7,33.58,35.06
2026-07-20,21,10:30,billing.voice,Billing & payments,voice,161.0,435.7,31.35,38.24
2026-07-20,22,11:00,billing.voice,Billing & payments,voice,120.0,435.7,30.82,29.36
2026-07-20,23,11:30,billing.voice,Billing & payments,voice,79.0,435.7,17.73,20.77
2026-07-20,24,12:00,billing.voice,Billing & payments,voice,60.0,435.7,14.33,14.18
2026-07-20,25,12:30,billing.voice,Billing & payments,voice,45.0,435.7,10.27,9.95
2026-07-20,26,13:00,billing.voice,Billing & payments,voice,51.0,435.7,13.5,12.67
2026-07-20,27,13:30,billing.voice,Billing & payments,voice,106.0,435.7,17.83,26.39
2026-07-20,28,14:00,billing.voice,Billing & payments,voice,144.0,435.7,33.53,35.04
2026-07-20,29,14:30,billing.voice,Billing & payments,voice,155.0,435.7,35.38,38.97
2026-07-20,30,15:00,billing.voice,Billing & payments,voice,107.0,435.7,30.39,25.24
2026-07-20,31,15:30,billing.voice,Billing & payments,voice,95.0,435.7,18.29,22.71
2026-07-20,32,16:00,billing.voice,Billing & payments,voice,77.0,435.7,18.82,18.19
2026-07-20,33,16:30,billing.voice,Billing & payments,voice,50.0,435.7,10.52,12.77
2026-07-20,34,17:00,billing.voice,Billing & payments,voice,19.0,435.7,4.85,4.76
2026-07-20,35,17:30,billing.voice,Billing & payments,voice,9.0,435.7,2.07,2.04
2026-07-21,16,08:00,billing.voice,Billing & payments,voice,43.0,420.5,10.93,9.96
2026-07-21,17,08:30,billing.voice,Billing & payments,voice,104.0,420.5,22.24,24.54
2026-07-21,18,09:00,billing.voice,Billing & payments,voice,142.0,420.5,35.76,32.55
2026-07-21,19,09:30,billing.voice,Billing & payments,voice,202.0,420.5,45.36,49.38
2026-07-21,20,10:00,billing.voice,Billing & payments,voice,192.0,420.5,42.36,50.7
2026-07-21,21,10:30,billing.voice,Billing & payments,voice,187.0,420.5,36.26,44.51
2026-07-21,22,11:00,billing.voice,Billing & payments,voice,106.0,420.5,25.21,26.47
2026-07-21,23,11:30,billing.voice,Billing & payments,voice,81.0,420.5,15.8,17.3
2026-07-21,24,12:00,billing.voice,Billing & payments,voice,61.0,420.5,14.4,14.32
2026-07-21,25,12:30,billing.voice,Billing & payments,voice,34.0,420.5,6.87,8.05
2026-07-21,26,13:00,billing.voice,Billing & payments,voice,40.0,420.5,10.05,9.22
2026-07-21,27,13:30,billing.voice,Billing & payments,voice,98.0,420.5,20.46,21.21
2026-07-21,28,14:00,billing.voice,Billing & payments,voice,146.0,420.5,31.89,38.15
2026-07-21,29,14:30,billing.voice,Billing & payments,voice,149.0,420.5,26.28,32.39
2026-07-21,30,15:00,billing.voice,Billing & payments,voice,141.0,420.5,28.28,34.7
2026-07-21,31,15:30,billing.voice,Billing & payments,voice,128.0,420.5,28.12,28.64
2026-07-21,32,16:00,billing.voice,Billing & payments,voice,86.0,420.5,23.35,19.87
2026-07-21,33,16:30,billing.voice,Billing & payments,voice,70.0,420.5,17.67,18.63
2026-07-21,34,17:00,billing.voice,Billing & payments,voice,26.0,420.5,6.47,6.47
2026-07-21,35,17:30,billing.voice,Billing & payments,voice,10.0,420.5,2.56,2.35
2026-07-22,16,08:00,billing.voice,Billing & payments,voice,28.0,414.6,5.23,6.73
2026-07-22,17,08:30,billing.voice,Billing & payments,voice,78.0,414.6,21.59,18.37
2026-07-22,18,09:00,billing.voice,Billing & payments,voice,139.0,414.6,26.06,31.97
2026-07-22,19,09:30,billing.voice,Billing & payments,voice,143.0,414.6,34.2,31.88
2026-07-22,20,10:00,billing.voice,Billing & payments,voice,123.0,414.6,29.59,27.82
2026-07-22,21,10:30,billing.voice,Billing & payments,voice,129.0,414.6,28.08,28.73
2026-07-22,22,11:00,billing.voice,Billing & payments,voice,83.0,414.6,14.57,17.64
2026-07-22,23,11:30,billing.voice,Billing & payments,voice,68.0,414.6,19.85,15.59
2026-07-22,24,12:00,billing.voice,Billing & payments,voice,33.0,414.6,8.97,7.53
2026-07-22,25,12:30,billing.voice,Billing & payments,voice,32.0,414.6,8.24,7.97
2026-07-22,26,13:00,billing.voice,Billing & payments,voice,37.0,414.6,8.19,8.34
2026-07-22,27,13:30,billing.voice,Billing & payments,voice,95.0,414.6,21.47,21.47
2026-07-22,28,14:00,billing.voice,Billing & payments,voice,118.0,414.6,26.73,26.9
2026-07-22,29,14:30,billing.voice,Billing & payments,voice,116.0,414.6,20.67,25.73
2026-07-22,30,15:00,billing.voice,Billing & payments,voice,109.0,414.6,19.17,24.49
2026-07-22,31,15:30,billing.voice,Billing & payments,voice,74.0,414.6,17.87,15.31
2026-07-22,32,16:00,billing.voice,Billing & payments,voice,76.0,414.6,16.0,17.88
2026-07-22,33,16:30,billing.voice,Billing & payments,voice,42.0,414.6,8.69,10.44
2026-07-22,34,17:00,billing.voice,Billing & payments,voice,9.0,414.6,1.91,2.04
2026-07-22,35,17:30,billing.voice,Billing & payments,voice,16.0,414.6,4.6,3.38
2026-07-23,16,08:00,billing.voice,Billing & payments,voice,37.0,422.0,7.89,9.1
2026-07-23,17,08:30,billing.voice,Billing & payments,voice,98.0,422.0,24.34,22.12
2026-07-23,18,09:00,billing.voice,Billing & payments,voice,131.0,422.0,22.71,30.57
2026-07-23,19,09:30,billing.voice,Billing & payments,voice,146.0,422.0,33.64,36.79
2026-07-23,20,10:00,billing.voice,Billing & payments,voice,164.0,422.0,37.21,38.02
2026-07-23,21,10:30,billing.voice,Billing & payments,voice,153.0,422.0,21.93,36.16
2026-07-23,22,11:00,billing.voice,Billing & payments,voice,129.0,422.0,34.92,30.6
2026-07-23,23,11:30,billing.voice,Billing & payments,voice,94.0,422.0,20.02,20.76
2026-07-23,24,12:00,billing.voice,Billing & payments,voice,49.0,422.0,12.79,11.35
2026-07-23,25,12:30,billing.voice,Billing & payments,voice,35.0,422.0,8.33,7.63
2026-07-23,26,13:00,billing.voice,Billing & payments,voice,63.0,422.0,12.98,14.28
2026-07-23,27,13:30,billing.voice,Billing & payments,voice,106.0,422.0,23.56,24.54
2026-07-23,28,14:00,billing.voice,Billing & payments,voice,86.0,422.0,21.6,19.12
2026-07-23,29,14:30,billing.voice,Billing & payments,voice,141.0,422.0,32.69,32.8
2026-07-23,30,15:00,billing.voice,Billing & payments,voice,112.0,422.0,29.32,25.18
2026-07-23,31,15:30,billing.voice,Billing & payments,voice,84.0,422.0,18.37,18.63
2026-07-23,32,16:00,billing.voice,Billing & payments,voice,70.0,422.0,21.66,16.57
2026-07-23,33,16:30,billing.voice,Billing & payments,voice,48.0,422.0,10.63,12.0
2026-07-23,34,17:00,billing.voice,Billing & payments,voice,8.0,422.0,1.44,1.82
2026-07-23,35,17:30,billing.voice,Billing & payments,voice,9.0,422.0,2.59,1.99
2026-07-24,16,08:00,billing.voice,Billing & payments,voice,25.0,405.8,6.26,5.14
2026-07-24,17,08:30,billing.voice,Billing & payments,voice,92.0,405.8,19.27,20.81
2026-07-24,18,09:00,billing.voice,Billing & payments,voice,152.0,405.8,34.89,31.91
2026-07-24,19,09:30,billing.voice,Billing & payments,voice,128.0,405.8,29.1,29.65
2026-07-24,20,10:00,billing.voice,Billing & payments,voice,156.0,405.8,37.36,34.81
2026-07-24,21,10:30,billing.voice,Billing & payments,voice,160.0,405.8,35.98,37.76
2026-07-24,22,11:00,billing.voice,Billing & payments,voice,128.0,405.8,28.78,25.91
2026-07-24,23,11:30,billing.voice,Billing & payments,voice,86.0,405.8,17.7,21.19
2026-07-24,24,12:00,billing.voice,Billing & payments,voice,48.0,405.8,12.97,10.99
2026-07-24,25,12:30,billing.voice,Billing & payments,voice,31.0,405.8,6.76,6.77
2026-07-24,26,13:00,billing.voice,Billing & payments,voice,42.0,405.8,10.86,9.52
2026-07-24,27,13:30,billing.voice,Billing & payments,voice,104.0,405.8,17.55,22.62
2026-07-24,28,14:00,billing.voice,Billing & payments,voice,115.0,405.8,23.83,25.51
2026-07-24,29,14:30,billing.voice,Billing & payments,voice,132.0,405.8,26.47,28.03
2026-07-24,30,15:00,billing.voice,Billing & payments,voice,82.0,405.8,18.36,18.47
2026-07-24,31,15:30,billing.voice,Billing & payments,voice,110.0,405.8,22.96,26.54
2026-07-24,32,16:00,billing.voice,Billing & payments,voice,70.0,405.8,15.11,15.64
2026-07-24,33,16:30,billing.voice,Billing & payments,voice,42.0,405.8,9.94,9.25
2026-07-24,34,17:00,billing.voice,Billing & payments,voice,17.0,405.8,3.15,3.62
2026-07-24,35,17:30,billing.voice,Billing & payments,voice,12.0,405.8,2.62,2.57
2026-07-25,17,08:30,billing.voice,Billing & payments,voice,46.0,421.0,10.38,10.9
2026-07-25,18,09:00,billing.voice,Billing & payments,voice,132.0,421.0,32.5,31.04
2026-07-25,19,09:30,billing.voice,Billing & payments,voice,170.0,421.0,33.64,38.86
2026-07-25,20,10:00,billing.voice,Billing & payments,voice,135.0,421.0,35.71,32.06
2026-07-25,21,10:30,billing.voice,Billing & payments,voice,195.0,421.0,31.23,47.88
2026-07-25,22,11:00,billing.voice,Billing & payments,voice,107.0,421.0,17.64,25.61
2026-07-25,23,11:30,billing.voice,Billing & payments,voice,84.0,421.0,18.86,20.18
2026-07-25,24,12:00,billing.voice,Billing & payments,voice,43.0,421.0,11.02,10.52
2026-07-25,25,12:30,billing.voice,Billing & payments,voice,21.0,421.0,5.1,4.98
2026-07-25,26,13:00,billing.voice,Billing & payments,voice,35.0,421.0,8.17,8.57
2026-07-27,16,08:00,billing.voice,Billing & payments,voice,45.0,444.4,8.85,11.08
2026-07-27,17,08:30,billing.voice,Billing & payments,voice,120.0,444.4,27.43,31.38
2026-07-27,18,09:00,billing.voice,Billing & payments,voice,173.0,444.4,34.82,46.62
2026-07-27,19,09:30,billing.voice,Billing & payments,voice,159.0,444.4,42.41,42.94
2026-07-27,20,10:00,billing.voice,Billing & payments,voice,167.0,444.4,36.2,40.58
2026-07-27,21,10:30,billing.voice,Billing & payments,voice,158.0,444.4,36.69,39.36
2026-07-27,22,11:00,billing.voice,Billing & payments,voice,167.0,444.4,36.1,43.76
2026-07-27,23,11:30,billing.voice,Billing & payments,voice,114.0,444.4,25.88,28.87
2026-07-27,24,12:00,billing.voice,Billing & payments,voice,72.0,444.4,18.97,19.28
2026-07-27,25,12:30,billing.voice,Billing & payments,voice,47.0,444.4,11.66,11.83
2026-07-27,26,13:00,billing.voice,Billing & payments,voice,62.0,444.4,13.01,16.02
2026-07-27,27,13:30,billing.voice,Billing & payments,voice,112.0,444.4,29.13,27.54
2026-07-27,28,14:00,billing.voice,Billing & payments,voice,173.0,444.4,40.74,41.4
2026-07-27,29,14:30,billing.voice,Billing & payments,voice,138.0,444.4,29.73,33.91
2026-07-27,30,15:00,billing.voice,Billing & payments,voice,145.0,444.4,35.78,37.04
2026-07-27,31,15:30,billing.voice,Billing & payments,voice,139.0,444.4,39.27,33.14
2026-07-27,32,16:00,billing.voice,Billing & payments,voice,90.0,444.4,17.87,21.17
2026-07-27,33,16:30,billing.voice,Billing & payments,voice,65.0,444.4,18.22,17.06
2026-07-27,34,17:00,billing.voice,Billing & payments,voice,28.0,444.4,8.29,7.05
2026-07-27,35,17:30,billing.voice,Billing & payments,voice,15.0,444.4,3.71,3.83
2026-07-28,16,08:00,billing.voice,Billing & payments,voice,24.0,437.8,4.43,5.68
2026-07-28,17,08:30,billing.voice,Billing & payments,voice,117.0,437.8,29.17,29.26
2026-07-28,18,09:00,billing.voice,Billing & payments,voice,122.0,437.8,34.46,28.13
2026-07-28,19,09:30,billing.voice,Billing & payments,voice,178.0,437.8,30.03,41.24
2026-07-28,20,10:00,billing.voice,Billing & payments,voice,135.0,437.8,34.58,34.28
2026-07-28,21,10:30,billing.voice,Billing & payments,voice,138.0,437.8,27.81,33.7
2026-07-28,22,11:00,billing.voice,Billing & payments,voice,130.0,437.8,27.42,28.73
2026-07-28,23,11:30,billing.voice,Billing & payments,voice,88.0,437.8,15.3,22.01
2026-07-28,24,12:00,billing.voice,Billing & payments,voice,55.0,437.8,12.34,13.12
2026-07-28,25,12:30,billing.voice,Billing & payments,voice,39.0,437.8,10.26,8.89
2026-07-28,26,13:00,billing.voice,Billing & payments,voice,43.0,437.8,9.27,10.51
2026-07-28,27,13:30,billing.voice,Billing & payments,voice,81.0,437.8,15.21,18.96
2026-07-28,28,14:00,billing.voice,Billing & payments,voice,143.0,437.8,36.58,36.59
2026-07-28,29,14:30,billing.voice,Billing & payments,voice,116.0,437.8,25.46,29.27
2026-07-28,30,15:00,billing.voice,Billing & payments,voice,125.0,437.8,25.39,30.01
2026-07-28,31,15:30,billing.voice,Billing & payments,voice,103.0,437.8,26.57,23.9
2026-07-28,32,16:00,billing.voice,Billing & payments,voice,85.0,437.8,20.35,22.15
2026-07-28,33,16:30,billing.voice,Billing & payments,voice,62.0,437.8,13.89,14.64
2026-07-28,34,17:00,billing.voice,Billing & payments,voice,21.0,437.8,4.52,5.05
2026-07-28,35,17:30,billing.voice,Billing & payments,voice,13.0,437.8,3.04,3.25
2026-07-29,16,08:00,billing.voice,Billing & payments,voice,32.0,417.0,6.66,6.87
2026-07-29,17,08:30,billing.voice,Billing & payments,voice,81.0,417.0,19.12,18.65
2026-07-29,18,09:00,billing.voice,Billing & payments,voice,110.0,417.0,27.8,26.68
2026-07-29,19,09:30,billing.voice,Billing & payments,voice,123.0,417.0,29.32,27.8
2026-07-29,20,10:00,billing.voice,Billing & payments,voice,108.0,417.0,25.29,25.72
2026-07-29,21,10:30,billing.voice,Billing & payments,voice,126.0,417.0,20.59,30.08
2026-07-29,22,11:00,billing.voice,Billing & payments,voice,101.0,417.0,23.24,22.88
2026-07-29,23,11:30,billing.voice,Billing & payments,voice,70.0,417.0,16.32,15.64
2026-07-29,24,12:00,billing.voice,Billing & payments,voice,35.0,417.0,7.33,7.92
2026-07-29,25,12:30,billing.voice,Billing & payments,voice,22.0,417.0,5.37,4.97
2026-07-29,26,13:00,billing.voice,Billing & payments,voice,38.0,417.0,8.47,8.88
2026-07-29,27,13:30,billing.voice,Billing & payments,voice,79.0,417.0,17.6,19.52
2026-07-29,28,14:00,billing.voice,Billing & payments,voice,114.0,417.0,27.29,26.01
2026-07-29,29,14:30,billing.voice,Billing & payments,voice,85.0,417.0,23.35,19.29
2026-07-29,30,15:00,billing.voice,Billing & payments,voice,122.0,417.0,32.78,27.1
2026-07-29,31,15:30,billing.voice,Billing & payments,voice,84.0,417.0,18.36,19.35
2026-07-29,32,16:00,billing.voice,Billing & payments,voice,49.0,417.0,11.48,11.84
2026-07-29,33,16:30,billing.voice,Billing & payments,voice,34.0,417.0,8.08,8.18
2026-07-29,34,17:00,billing.voice,Billing & payments,voice,14.0,417.0,3.08,3.44
2026-07-29,35,17:30,billing.voice,Billing & payments,voice,8.0,417.0,1.75,1.87
2026-07-30,16,08:00,billing.voice,Billing & payments,voice,46.0,432.0,10.64,11.62
2026-07-30,17,08:30,billing.voice,Billing & payments,voice,82.0,432.0,23.15,21.58
2026-07-30,18,09:00,billing.voice,Billing & payments,voice,160.0,432.0,38.84,36.77
2026-07-30,19,09:30,billing.voice,Billing & payments,voice,145.0,432.0,33.26,37.35
2026-07-30,20,10:00,billing.voice,Billing & payments,voice,151.0,432.0,32.05,34.68
2026-07-30,21,10:30,billing.voice,Billing & payments,voice,126.0,432.0,30.96,28.25
2026-07-30,22,11:00,billing.voice,Billing & payments,voice,128.0,432.0,35.42,33.9
2026-07-30,23,11:30,billing.voice,Billing & payments,voice,80.0,432.0,23.41,19.27
2026-07-30,24,12:00,billing.voice,Billing & payments,voice,44.0,432.0,7.63,10.4
2026-07-30,25,12:30,billing.voice,Billing & payments,voice,28.0,432.0,6.83,6.16
2026-07-30,26,13:00,billing.voice,Billing & payments,voice,45.0,432.0,12.39,10.45
2026-07-30,27,13:30,billing.voice,Billing & payments,voice,91.0,432.0,23.79,22.13
2026-07-30,28,14:00,billing.voice,Billing & payments,voice,101.0,432.0,26.57,24.14
2026-07-30,29,14:30,billing.voice,Billing & payments,voice,117.0,432.0,33.07,27.18
2026-07-30,30,15:00,billing.voice,Billing & payments,voice,112.0,432.0,30.91,27.39
2026-07-30,31,15:30,billing.voice,Billing & payments,voice,103.0,432.0,24.37,23.51
2026-07-30,32,16:00,billing.voice,Billing & payments,voice,76.0,432.0,17.59,17.46
2026-07-30,33,16:30,billing.voice,Billing & payments,voice,66.0,432.0,15.47,16.96
2026-07-30,34,17:00,billing.voice,Billing & payments,voice,13.0,432.0,2.73,3.17
2026-07-30,35,17:30,billing.voice,Billing & payments,voice,12.0,432.0,2.59,3.15
2026-07-31,16,08:00,billing.voice,Billing & payments,voice,30.0,439.0,7.38,7.04
2026-07-31,17,08:30,billing.voice,Billing & payments,voice,119.0,439.0,32.07,29.56
2026-07-31,18,09:00,billing.voice,Billing & payments,voice,116.0,439.0,29.44,29.42
2026-07-31,19,09:30,billing.voice,Billing & payments,voice,160.0,439.0,38.93,35.71
2026-07-31,20,10:00,billing.voice,Billing & payments,voice,195.0,439.0,33.61,49.1
2026-07-31,21,10:30,billing.voice,Billing & payments,voice,148.0,439.0,34.02,34.76
2026-07-31,22,11:00,billing.voice,Billing & payments,voice,147.0,439.0,33.08,37.18
2026-07-31,23,11:30,billing.voice,Billing & payments,voice,71.0,439.0,19.75,17.08
2026-07-31,24,12:00,billing.voice,Billing & payments,voice,45.0,439.0,9.65,12.2
2026-07-31,25,12:30,billing.voice,Billing & payments,voice,37.0,439.0,9.17,8.51
2026-07-31,26,13:00,billing.voice,Billing & payments,voice,60.0,439.0,13.12,14.31
2026-07-31,27,13:30,billing.voice,Billing & payments,voice,106.0,439.0,22.93,24.7
2026-07-31,28,14:00,billing.voice,Billing & payments,voice,128.0,439.0,36.96,29.54
2026-07-31,29,14:30,billing.voice,Billing & payments,voice,128.0,439.0,23.09,31.32
2026-07-31,30,15:00,billing.voice,Billing & payments,voice,141.0,439.0,26.91,36.57
2026-07-31,31,15:30,billing.voice,Billing & payments,voice,99.0,439.0,19.38,25.89
2026-07-31,32,16:00,billing.voice,Billing & payments,voice,87.0,439.0,19.38,20.54
2026-07-31,33,16:30,billing.voice,Billing & payments,voice,46.0,439.0,10.48,12.09
2026-07-31,34,17:00,billing.voice,Billing & payments,voice,12.0,439.0,2.42,2.96
2026-07-31,35,17:30,billing.voice,Billing & payments,voice,7.0,439.0,1.4,1.76
2026-08-01,17,08:30,billing.voice,Billing & payments,voice,66.0,398.8,11.59,14.28
2026-08-01,18,09:00,billing.voice,Billing & payments,voice,116.0,398.8,24.04,27.58
2026-08-01,19,09:30,billing.voice,Billing & payments,voice,130.0,398.8,27.65,30.18
2026-08-01,20,10:00,billing.voice,Billing & payments,voice,125.0,398.8,26.95,27.65
2026-08-01,21,10:30,billing.voice,Billing & payments,voice,152.0,398.8,31.79,37.1
2026-08-01,22,11:00,billing.voice,Billing & payments,voice,100.0,398.8,22.7,21.66
2026-08-01,23,11:30,billing.voice,Billing & payments,voice,92.0,398.8,19.3,19.64
2026-08-01,24,12:00,billing.voice,Billing & payments,voice,37.0,398.8,7.48,8.58
2026-08-01,25,12:30,billing.voice,Billing & payments,voice,20.0,398.8,4.17,4.68
2026-08-01,26,13:00,billing.voice,Billing & payments,voice,33.0,398.8,7.62,7.55
2026-08-03,16,08:00,billing.voice,Billing & payments,voice,45.0,454.5,11.64,11.17
2026-08-03,17,08:30,billing.voice,Billing & payments,voice,131.0,454.5,23.2,32.66
2026-08-03,18,09:00,billing.voice,Billing & payments,voice,157.0,454.5,34.35,40.46
2026-08-03,19,09:30,billing.voice,Billing & payments,voice,166.0,454.5,37.28,45.43
2026-08-03,20,10:00,billing.voice,Billing & payments,voice,215.0,454.5,54.03,54.95
2026-08-03,21,10:30,billing.voice,Billing & payments,voice,158.0,454.5,41.48,41.42
2026-08-03,22,11:00,billing.voice,Billing & payments,voice,194.0,454.5,33.88,50.13
2026-08-03,23,11:30,billing.voice,Billing & payments,voice,81.0,454.5,20.58,22.29
2026-08-03,24,12:00,billing.voice,Billing & payments,voice,51.0,454.5,10.95,11.92
2026-08-03,25,12:30,billing.voice,Billing & payments,voice,34.0,454.5,5.08,9.24
2026-08-03,26,13:00,billing.voice,Billing & payments,voice,78.0,454.5,18.78,18.64
2026-08-03,27,13:30,billing.voice,Billing & payments,voice,127.0,454.5,32.84,33.56
2026-08-03,28,14:00,billing.voice,Billing & payments,voice,174.0,454.5,36.57,42.42
2026-08-03,29,14:30,billing.voice,Billing & payments,voice,163.0,454.5,33.82,42.98
2026-08-03,30,15:00,billing.voice,Billing & payments,voice,169.0,454.5,43.73,41.81
2026-08-03,31,15:30,billing.voice,Billing & payments,voice,126.0,454.5,31.92,32.22
2026-08-03,32,16:00,billing.voice,Billing & payments,voice,105.0,454.5,34.23,25.64
2026-08-03,33,16:30,billing.voice,Billing & payments,voice,58.0,454.5,14.53,13.77
2026-08-03,34,17:00,billing.voice,Billing & payments,voice,21.0,454.5,6.41,5.35
2026-08-03,35,17:30,billing.voice,Billing & payments,voice,9.0,454.5,2.04,2.21
2026-08-04,16,08:00,billing.voice,Billing & payments,voice,32.0,416.7,7.13,7.43
2026-08-04,17,08:30,billing.voice,Billing & payments,voice,75.0,416.7,16.66,17.7
2026-08-04,18,09:00,billing.voice,Billing & payments,voice,117.0,416.7,25.61,24.65
2026-08-04,19,09:30,billing.voice,Billing & payments,voice,136.0,416.7,32.14,29.12
2026-08-04,20,10:00,billing.voice,Billing & payments,voice,145.0,416.7,31.86,33.44
2026-08-04,21,10:30,billing.voice,Billing & payments,voice,161.0,416.7,33.61,36.5
2026-08-04,22,11:00,billing.voice,Billing & payments,voice,102.0,416.7,24.22,23.14
2026-08-04,23,11:30,billing.voice,Billing & payments,voice,76.0,416.7,23.34,16.97
2026-08-04,24,12:00,billing.voice,Billing & payments,voice,49.0,416.7,8.11,11.43
2026-08-04,25,12:30,billing.voice,Billing & payments,voice,30.0,416.7,7.74,7.41
2026-08-04,26,13:00,billing.voice,Billing & payments,voice,45.0,416.7,10.35,10.22
2026-08-04,27,13:30,billing.voice,Billing & payments,voice,111.0,416.7,25.72,26.16
2026-08-04,28,14:00,billing.voice,Billing & payments,voice,143.0,416.7,28.27,30.98
2026-08-04,29,14:30,billing.voice,Billing & payments,voice,113.0,416.7,20.78,26.37
2026-08-04,30,15:00,billing.voice,Billing & payments,voice,135.0,416.7,25.17,30.89
2026-08-04,31,15:30,billing.voice,Billing & payments,voice,99.0,416.7,26.55,24.2
2026-08-04,32,16:00,billing.voice,Billing & payments,voice,64.0,416.7,12.43,14.07
2026-08-04,33,16:30,billing.voice,Billing & payments,voice,43.0,416.7,10.13,9.86
2026-08-04,34,17:00,billing.voice,Billing & payments,voice,14.0,416.7,3.05,3.25
2026-08-04,35,17:30,billing.voice,Billing & payments,voice,8.0,416.7,1.6,1.72
2026-08-05,16,08:00,billing.voice,Billing & payments,voice,19.0,431.4,4.58,4.45
2026-08-05,17,08:30,billing.voice,Billing & payments,voice,96.0,431.4,20.81,22.08
2026-08-05,18,09:00,billing.voice,Billing & payments,voice,137.0,431.4,37.19,33.63
2026-08-05,19,09:30,billing.voice,Billing & payments,voice,142.0,431.4,33.07,35.24
2026-08-05,20,10:00,billing.voice,Billing & payments,voice,178.0,431.4,49.99,44.18
2026-08-05,21,10:30,billing.voice,Billing & payments,voice,186.0,431.4,34.12,43.5
2026-08-05,22,11:00,billing.voice,Billing & payments,voice,153.0,431.4,40.7,33.95
2026-08-05,23,11:30,billing.voice,Billing & payments,voice,109.0,431.4,23.28,26.82
2026-08-05,24,12:00,billing.voice,Billing & payments,voice,68.0,431.4,19.11,17.02
2026-08-05,25,12:30,billing.voice,Billing & payments,voice,18.0,431.4,5.22,4.38
2026-08-05,26,13:00,billing.voice,Billing & payments,voice,43.0,431.4,9.16,10.75
2026-08-05,27,13:30,billing.voice,Billing & payments,voice,108.0,431.4,24.86,27.62
2026-08-05,28,14:00,billing.voice,Billing & payments,voice,139.0,431.4,36.07,33.24
2026-08-05,29,14:30,billing.voice,Billing & payments,voice,105.0,431.4,22.45,26.35
2026-08-05,30,15:00,billing.voice,Billing & payments,voice,108.0,431.4,33.7,26.27
2026-08-05,31,15:30,billing.voice,Billing & payments,voice,118.0,431.4,27.02,26.54
2026-08-05,32,16:00,billing.voice,Billing & payments,voice,70.0,431.4,15.66,16.82
2026-08-05,33,16:30,billing.voice,Billing & payments,voice,45.0,431.4,9.09,10.19
2026-08-05,34,17:00,billing.voice,Billing & payments,voice,18.0,431.4,4.15,4.53
2026-08-05,35,17:30,billing.voice,Billing & payments,voice,12.0,431.4,2.9,2.91
2026-08-06,16,08:00,billing.voice,Billing & payments,voice,34.0,430.7,7.72,8.57
2026-08-06,17,08:30,billing.voice,Billing & payments,voice,83.0,430.7,18.33,20.17
2026-08-06,18,09:00,billing.voice,Billing & payments,voice,128.0,430.7,24.64,29.37
2026-08-06,19,09:30,billing.voice,Billing & payments,voice,167.0,430.7,33.98,40.66
2026-08-06,20,10:00,billing.voice,Billing & payments,voice,155.0,430.7,37.66,38.49
2026-08-06,21,10:30,billing.voice,Billing & payments,voice,134.0,430.7,33.73,34.34
2026-08-06,22,11:00,billing.voice,Billing & payments,voice,86.0,430.7,21.05,20.26
2026-08-06,23,11:30,billing.voice,Billing & payments,voice,62.0,430.7,13.27,14.72
2026-08-06,24,12:00,billing.voice,Billing & payments,voice,49.0,430.7,10.22,10.64
2026-08-06,25,12:30,billing.voice,Billing & payments,voice,38.0,430.7,8.88,9.57
2026-08-06,26,13:00,billing.voice,Billing & payments,voice,50.0,430.7,10.69,12.47
2026-08-06,27,13:30,billing.voice,Billing & payments,voice,85.0,430.7,17.92,20.08
2026-08-06,28,14:00,billing.voice,Billing & payments,voice,126.0,430.7,32.85,28.88
2026-08-06,29,14:30,billing.voice,Billing & payments,voice,145.0,430.7,30.51,36.34
2026-08-06,30,15:00,billing.voice,Billing & payments,voice,133.0,430.7,32.76,32.15
2026-08-06,31,15:30,billing.voice,Billing & payments,voice,118.0,430.7,30.56,27.21
2026-08-06,32,16:00,billing.voice,Billing & payments,voice,66.0,430.7,14.77,14.69
2026-08-06,33,16:30,billing.voice,Billing & payments,voice,49.0,430.7,14.73,11.66
2026-08-06,34,17:00,billing.voice,Billing & payments,voice,11.0,430.7,2.29,2.78
2026-08-06,35,17:30,billing.voice,Billing & payments,voice,9.0,430.7,2.4,2.28
2026-08-07,16,08:00,billing.voice,Billing & payments,voice,27.0,435.6,5.35,6.74
2026-08-07,17,08:30,billing.voice,Billing & payments,voice,135.0,435.6,28.63,33.97
2026-08-07,18,09:00,billing.voice,Billing & payments,voice,155.0,435.6,35.34,36.6
2026-08-07,19,09:30,billing.voice,Billing & payments,voice,111.0,435.6,25.8,27.39
2026-08-07,20,10:00,billing.voice,Billing & payments,voice,171.0,435.6,39.85,40.85
2026-08-07,21,10:30,billing.voice,Billing & payments,voice,133.0,435.6,35.18,34.32
2026-08-07,22,11:00,billing.voice,Billing & payments,voice,146.0,435.6,31.5,35.01
2026-08-07,23,11:30,billing.voice,Billing & payments,voice,98.0,435.6,21.12,24.76
2026-08-07,24,12:00,billing.voice,Billing & payments,voice,69.0,435.6,13.81,16.37
2026-08-07,25,12:30,billing.voice,Billing & payments,voice,26.0,435.6,4.63,6.78
2026-08-07,26,13:00,billing.voice,Billing & payments,voice,62.0,435.6,14.67,13.36
2026-08-07,27,13:30,billing.voice,Billing & payments,voice,80.0,435.6,19.21,19.6
2026-08-07,28,14:00,billing.voice,Billing & payments,voice,136.0,435.6,34.71,33.87
2026-08-07,29,14:30,billing.voice,Billing & payments,voice,137.0,435.6,30.17,31.44
2026-08-07,30,15:00,billing.voice,Billing & payments,voice,74.0,435.6,16.8,16.63
2026-08-07,31,15:30,billing.voice,Billing & payments,voice,124.0,435.6,36.34,30.63
2026-08-07,32,16:00,billing.voice,Billing & payments,voice,95.0,435.6,25.7,23.24
2026-08-07,33,16:30,billing.voice,Billing & payments,voice,48.0,435.6,10.36,10.98
2026-08-07,34,17:00,billing.voice,Billing & payments,voice,18.0,435.6,4.74,4.18
2026-08-07,35,17:30,billing.voice,Billing & payments,voice,5.0,435.6,1.35,1.23
2026-08-08,17,08:30,billing.voice,Billing & payments,voice,43.0,390.2,7.96,9.0
2026-08-08,18,09:00,billing.voice,Billing & payments,voice,92.0,390.2,18.79,20.35
2026-08-08,19,09:30,billing.voice,Billing & payments,voice,115.0,390.2,21.69,25.56
2026-08-08,20,10:00,billing.voice,Billing & payments,voice,130.0,390.2,26.42,29.67
2026-08-08,21,10:30,billing.voice,Billing & payments,voice,119.0,390.2,24.17,26.7
2026-08-08,22,11:00,billing.voice,Billing & payments,voice,109.0,390.2,27.78,23.15
2026-08-08,23,11:30,billing.voice,Billing & payments,voice,82.0,390.2,14.57,17.84
2026-08-08,24,12:00,billing.voice,Billing & payments,voice,42.0,390.2,10.72,8.99
2026-08-08,25,12:30,billing.voice,Billing & payments,voice,17.0,390.2,3.15,3.67
2026-08-08,26,13:00,billing.voice,Billing & payments,voice,34.0,390.2,6.5,7.31
2026-08-10,16,08:00,billing.voice,Billing & payments,voice,34.0,437.8,8.64,8.87
2026-08-10,17,08:30,billing.voice,Billing & payments,voice,78.0,437.8,17.51,19.82
2026-08-10,18,09:00,billing.voice,Billing & payments,voice,185.0,437.8,46.96,45.68
2026-08-10,19,09:30,billing.voice,Billing & payments,voice,203.0,437.8,46.31,48.51
2026-08-10,20,10:00,billing.voice,Billing & payments,voice,162.0,437.8,30.79,42.24
2026-08-10,21,10:30,billing.voice,Billing & payments,voice,162.0,437.8,48.48,37.78
2026-08-10,22,11:00,billing.voice,Billing & payments,voice,131.0,437.8,38.24,33.82
2026-08-10,23,11:30,billing.voice,Billing & payments,voice,92.0,437.8,21.36,23.13
2026-08-10,24,12:00,billing.voice,Billing & payments,voice,59.0,437.8,13.46,14.94
2026-08-10,25,12:30,billing.voice,Billing & payments,voice,18.0,437.8,3.75,4.31
2026-08-10,26,13:00,billing.voice,Billing & payments,voice,61.0,437.8,13.95,15.26
2026-08-10,27,13:30,billing.voice,Billing & payments,voice,137.0,437.8,21.17,36.51
2026-08-10,28,14:00,billing.voice,Billing & payments,voice,155.0,437.8,36.74,34.65
2026-08-10,29,14:30,billing.voice,Billing & payments,voice,111.0,437.8,25.23,28.91
2026-08-10,30,15:00,billing.voice,Billing & payments,voice,181.0,437.8,39.27,46.9
2026-08-10,31,15:30,billing.voice,Billing & payments,voice,100.0,437.8,27.54,27.11
2026-08-10,32,16:00,billing.voice,Billing & payments,voice,86.0,437.8,19.64,20.61
2026-08-10,33,16:30,billing.voice,Billing & payments,voice,52.0,437.8,12.39,11.83
2026-08-10,34,17:00,billing.voice,Billing & payments,voice,31.0,437.8,7.65,7.88
2026-08-10,35,17:30,billing.voice,Billing & payments,voice,7.0,437.8,1.52,1.73
2026-08-11,16,08:00,billing.voice,Billing & payments,voice,34.0,444.8,8.59,8.83
2026-08-11,17,08:30,billing.voice,Billing & payments,voice,85.0,444.8,24.06,20.88
2026-08-11,18,09:00,billing.voice,Billing & payments,voice,141.0,444.8,32.82,32.39
2026-08-11,19,09:30,billing.voice,Billing & payments,voice,172.0,444.8,33.65,43.53
2026-08-11,20,10:00,billing.voice,Billing & payments,voice,158.0,444.8,35.21,34.6
2026-08-11,21,10:30,billing.voice,Billing & payments,voice,129.0,444.8,32.26,31.59
2026-08-11,22,11:00,billing.voice,Billing & payments,voice,97.0,444.8,27.18,24.73
2026-08-11,23,11:30,billing.voice,Billing & payments,voice,73.0,444.8,15.8,18.11
2026-08-11,24,12:00,billing.voice,Billing & payments,voice,27.0,444.8,6.04,6.94
2026-08-11,25,12:30,billing.voice,Billing & payments,voice,23.0,444.8,5.07,5.62
2026-08-11,26,13:00,billing.voice,Billing & payments,voice,36.0,444.8,7.32,9.51
2026-08-11,27,13:30,billing.voice,Billing & payments,voice,80.0,444.8,19.31,18.36
2026-08-11,28,14:00,billing.voice,Billing & payments,voice,119.0,444.8,26.89,32.71
2026-08-11,29,14:30,billing.voice,Billing & payments,voice,97.0,444.8,24.14,23.77
2026-08-11,30,15:00,billing.voice,Billing & payments,voice,103.0,444.8,23.51,25.44
2026-08-11,31,15:30,billing.voice,Billing & payments,voice,78.0,444.8,19.09,17.79
2026-08-11,32,16:00,billing.voice,Billing & payments,voice,63.0,444.8,13.1,13.79
2026-08-11,33,16:30,billing.voice,Billing & payments,voice,50.0,444.8,9.52,13.07
2026-08-11,34,17:00,billing.voice,Billing & payments,voice,11.0,444.8,2.51,2.9
2026-08-11,35,17:30,billing.voice,Billing & payments,voice,11.0,444.8,2.59,2.71
2026-08-12,16,08:00,billing.voice,Billing & payments,voice,28.0,424.6,6.62,6.26
2026-08-12,17,08:30,billing.voice,Billing & payments,voice,112.0,424.6,18.5,26.1
2026-08-12,18,09:00,billing.voice,Billing & payments,voice,112.0,424.6,32.57,25.24
2026-08-12,19,09:30,billing.voice,Billing & payments,voice,172.0,424.6,31.45,41.09
2026-08-12,20,10:00,billing.voice,Billing & payments,voice,175.0,424.6,34.4,40.27
2026-08-12,21,10:30,billing.voice,Billing & payments,voice,146.0,424.6,40.47,35.19
2026-08-12,22,11:00,billing.voice,Billing & payments,voice,125.0,424.6,29.1,31.57
2026-08-12,23,11:30,billing.voice,Billing & payments,voice,81.0,424.6,19.03,19.54
2026-08-12,24,12:00,billing.voice,Billing & payments,voice,39.0,424.6,7.82,9.24
2026-08-12,25,12:30,billing.voice,Billing & payments,voice,42.0,424.6,10.16,9.59
2026-08-12,26,13:00,billing.voice,Billing & payments,voice,45.0,424.6,7.86,10.96
2026-08-12,27,13:30,billing.voice,Billing & payments,voice,89.0,424.6,16.0,22.62
2026-08-12,28,14:00,billing.voice,Billing & payments,voice,139.0,424.6,31.29,35.06
2026-08-12,29,14:30,billing.voice,Billing & payments,voice,136.0,424.6,33.77,34.01
2026-08-12,30,15:00,billing.voice,Billing & payments,voice,126.0,424.6,25.93,31.86
2026-08-12,31,15:30,billing.voice,Billing & payments,voice,108.0,424.6,24.58,24.18
2026-08-12,32,16:00,billing.voice,Billing & payments,voice,78.0,424.6,20.02,17.76
2026-08-12,33,16:30,billing.voice,Billing & payments,voice,58.0,424.6,16.46,13.94
2026-08-12,34,17:00,billing.voice,Billing & payments,voice,23.0,424.6,4.65,5.08
2026-08-12,35,17:30,billing.voice,Billing & payments,voice,14.0,424.6,3.88,3.32
2026-08-13,16,08:00,billing.voice,Billing & payments,voice,32.0,434.3,7.95,7.58
2026-08-13,17,08:30,billing.voice,Billing & payments,voice,53.0,434.3,10.94,12.05
2026-08-13,18,09:00,billing.voice,Billing & payments,voice,117.0,434.3,22.22,29.35
2026-08-13,19,09:30,billing.voice,Billing & payments,voice,154.0,434.3,39.62,41.51
2026-08-13,20,10:00,billing.voice,Billing & payments,voice,107.0,434.3,24.01,27.05
2026-08-13,21,10:30,billing.voice,Billing & payments,voice,132.0,434.3,43.75,29.67
2026-08-13,22,11:00,billing.voice,Billing & payments,voice,76.0,434.3,21.1,17.51
2026-08-13,23,11:30,billing.voice,Billing & payments,voice,62.0,434.3,12.25,15.06
2026-08-13,24,12:00,billing.voice,Billing & payments,voice,42.0,434.3,8.58,9.97
2026-08-13,25,12:30,billing.voice,Billing & payments,voice,22.0,434.3,5.06,5.65
2026-08-13,26,13:00,billing.voice,Billing & payments,voice,50.0,434.3,11.92,11.42
2026-08-13,27,13:30,billing.voice,Billing & payments,voice,77.0,434.3,13.5,17.52
2026-08-13,28,14:00,billing.voice,Billing & payments,voice,107.0,434.3,24.51,26.75
2026-08-13,29,14:30,billing.voice,Billing & payments,voice,98.0,434.3,24.65,23.94
2026-08-13,30,15:00,billing.voice,Billing & payments,voice,117.0,434.3,26.03,26.64
2026-08-13,31,15:30,billing.voice,Billing & payments,voice,77.0,434.3,17.53,18.6
2026-08-13,32,16:00,billing.voice,Billing & payments,voice,59.0,434.3,12.34,13.83
2026-08-13,33,16:30,billing.voice,Billing & payments,voice,44.0,434.3,10.29,10.46
2026-08-13,34,17:00,billing.voice,Billing & payments,voice,20.0,434.3,4.98,4.63
2026-08-13,35,17:30,billing.voice,Billing & payments,voice,12.0,434.3,2.63,3.11
2026-08-14,16,08:00,billing.voice,Billing & payments,voice,43.0,430.4,10.64,10.36
2026-08-14,17,08:30,billing.voice,Billing & payments,voice,67.0,430.4,10.0,15.78
2026-08-14,18,09:00,billing.voice,Billing & payments,voice,123.0,430.4,29.08,27.68
2026-08-14,19,09:30,billing.voice,Billing & payments,voice,121.0,430.4,24.3,28.0
2026-08-14,20,10:00,billing.voice,Billing & payments,voice,132.0,430.4,26.46,30.94
2026-08-14,21,10:30,billing.voice,Billing & payments,voice,140.0,430.4,30.67,34.08
2026-08-14,22,11:00,billing.voice,Billing & payments,voice,72.0,430.4,15.4,18.05
2026-08-14,23,11:30,billing.voice,Billing & payments,voice,75.0,430.4,19.93,17.83
2026-08-14,24,12:00,billing.voice,Billing & payments,voice,44.0,430.4,8.98,10.72
2026-08-14,25,12:30,billing.voice,Billing & payments,voice,24.0,430.4,5.47,5.99
2026-08-14,26,13:00,billing.voice,Billing & payments,voice,53.0,430.4,10.99,12.44
2026-08-14,27,13:30,billing.voice,Billing & payments,voice,54.0,430.4,14.22,12.83
2026-08-14,28,14:00,billing.voice,Billing & payments,voice,155.0,430.4,29.42,37.02
2026-08-14,29,14:30,billing.voice,Billing & payments,voice,127.0,430.4,31.65,32.39
2026-08-14,30,15:00,billing.voice,Billing & payments,voice,122.0,430.4,27.77,27.81
2026-08-14,31,15:30,billing.voice,Billing & payments,voice,102.0,430.4,20.87,26.57
2026-08-14,32,16:00,billing.voice,Billing & payments,voice,72.0,430.4,14.45,16.8
2026-08-14,33,16:30,billing.voice,Billing & payments,voice,57.0,430.4,11.83,14.79
2026-08-14,34,17:00,billing.voice,Billing & payments,voice,11.0,430.4,2.51,2.39
2026-08-14,35,17:30,billing.voice,Billing & payments,voice,15.0,430.4,3.63,3.9
2026-08-15,17,08:30,billing.voice,Billing & payments,voice,37.0,401.9,9.57,8.12
2026-08-15,18,09:00,billing.voice,Billing & payments,voice,111.0,401.9,24.29,23.7
2026-08-15,19,09:30,billing.voice,Billing & payments,voice,142.0,401.9,30.81,32.48
2026-08-15,20,10:00,billing.voice,Billing & payments,voice,125.0,401.9,29.89,26.58
2026-08-15,21,10:30,billing.voice,Billing & payments,voice,137.0,401.9,29.29,30.73
2026-08-15,22,11:00,billing.voice,Billing & payments,voice,86.0,401.9,23.08,20.53
2026-08-15,23,11:30,billing.voice,Billing & payments,voice,84.0,401.9,21.69,18.77
2026-08-15,24,12:00,billing.voice,Billing & payments,voice,28.0,401.9,5.74,6.06
2026-08-15,25,12:30,billing.voice,Billing & payments,voice,15.0,401.9,3.31,3.36
2026-08-15,26,13:00,billing.voice,Billing & payments,voice,35.0,401.9,7.6,8.96
2026-07-20,16,08:00,billing.webchat,Billing & payments,webchat,27.0,700.8,5.19,4.58
2026-07-20,17,08:30,billing.webchat,Billing & payments,webchat,82.0,700.8,18.3,14.95
2026-07-20,18,09:00,billing.webchat,Billing & payments,webchat,102.0,700.8,17.71,16.6
2026-07-20,19,09:30,billing.webchat,Billing & payments,webchat,142.0,700.8,21.8,25.4
2026-07-20,20,10:00,billing.webchat,Billing & payments,webchat,157.0,700.8,28.63,26.05
2026-07-20,21,10:30,billing.webchat,Billing & payments,webchat,147.0,700.8,25.61,24.92
2026-07-20,22,11:00,billing.webchat,Billing & payments,webchat,120.0,700.8,18.33,23.09
2026-07-20,23,11:30,billing.webchat,Billing & payments,webchat,89.0,700.8,14.99,15.49
2026-07-20,24,12:00,billing.webchat,Billing & payments,webchat,48.0,700.8,5.84,8.8
2026-07-20,25,12:30,billing.webchat,Billing & payments,webchat,34.0,700.8,7.31,5.61
2026-07-20,26,13:00,billing.webchat,Billing & payments,webchat,34.0,700.8,5.87,5.25
2026-07-20,27,13:30,billing.webchat,Billing & payments,webchat,92.0,700.8,18.38,16.51
2026-07-20,28,14:00,billing.webchat,Billing & payments,webchat,100.0,700.8,19.27,17.79
2026-07-20,29,14:30,billing.webchat,Billing & payments,webchat,93.0,700.8,15.53,15.36
2026-07-20,30,15:00,billing.webchat,Billing & payments,webchat,104.0,700.8,18.02,18.44
2026-07-20,31,15:30,billing.webchat,Billing & payments,webchat,75.0,700.8,15.99,13.98
2026-07-20,32,16:00,billing.webchat,Billing & payments,webchat,66.0,700.8,15.09,11.26
2026-07-20,33,16:30,billing.webchat,Billing & payments,webchat,44.0,700.8,8.29,8.34
2026-07-20,34,17:00,billing.webchat,Billing & payments,webchat,18.0,700.8,3.32,3.2
2026-07-20,35,17:30,billing.webchat,Billing & payments,webchat,11.0,700.8,1.96,1.83
2026-07-21,16,08:00,billing.webchat,Billing & payments,webchat,24.0,664.1,3.86,4.07
2026-07-21,17,08:30,billing.webchat,Billing & payments,webchat,72.0,664.1,11.47,12.19
2026-07-21,18,09:00,billing.webchat,Billing & payments,webchat,110.0,664.1,18.17,19.7
2026-07-21,19,09:30,billing.webchat,Billing & payments,webchat,157.0,664.1,26.32,25.55
2026-07-21,20,10:00,billing.webchat,Billing & payments,webchat,158.0,664.1,25.4,26.17
2026-07-21,21,10:30,billing.webchat,Billing & payments,webchat,119.0,664.1,23.94,20.52
2026-07-21,22,11:00,billing.webchat,Billing & payments,webchat,98.0,664.1,12.05,16.51
2026-07-21,23,11:30,billing.webchat,Billing & payments,webchat,84.0,664.1,11.99,12.95
2026-07-21,24,12:00,billing.webchat,Billing & payments,webchat,42.0,664.1,6.95,7.48
2026-07-21,25,12:30,billing.webchat,Billing & payments,webchat,38.0,664.1,5.29,6.04
2026-07-21,26,13:00,billing.webchat,Billing & payments,webchat,49.0,664.1,7.83,8.66
2026-07-21,27,13:30,billing.webchat,Billing & payments,webchat,72.0,664.1,9.39,11.49
2026-07-21,28,14:00,billing.webchat,Billing & payments,webchat,118.0,664.1,19.22,18.13
2026-07-21,29,14:30,billing.webchat,Billing & payments,webchat,132.0,664.1,21.83,23.8
2026-07-21,30,15:00,billing.webchat,Billing & payments,webchat,142.0,664.1,22.55,23.02
2026-07-21,31,15:30,billing.webchat,Billing & payments,webchat,108.0,664.1,18.79,17.42
2026-07-21,32,16:00,billing.webchat,Billing & payments,webchat,64.0,664.1,9.36,11.44
2026-07-21,33,16:30,billing.webchat,Billing & payments,webchat,76.0,664.1,10.84,12.21
2026-07-21,34,17:00,billing.webchat,Billing & payments,webchat,14.0,664.1,2.47,2.56
2026-07-21,35,17:30,billing.webchat,Billing & payments,webchat,7.0,664.1,1.13,1.2
2026-07-22,16,08:00,billing.webchat,Billing & payments,webchat,41.0,619.2,5.26,6.69
2026-07-22,17,08:30,billing.webchat,Billing & payments,webchat,99.0,619.2,21.42,15.17
2026-07-22,18,09:00,billing.webchat,Billing & payments,webchat,146.0,619.2,19.38,23.06
2026-07-22,19,09:30,billing.webchat,Billing & payments,webchat,155.0,619.2,24.44,26.68
2026-07-22,20,10:00,billing.webchat,Billing & payments,webchat,131.0,619.2,23.03,21.09
2026-07-22,21,10:30,billing.webchat,Billing & payments,webchat,124.0,619.2,21.07,20.29
2026-07-22,22,11:00,billing.webchat,Billing & payments,webchat,99.0,619.2,15.83,15.17
2026-07-22,23,11:30,billing.webchat,Billing & payments,webchat,68.0,619.2,9.35,10.68
2026-07-22,24,12:00,billing.webchat,Billing & payments,webchat,39.0,619.2,4.67,5.95
2026-07-22,25,12:30,billing.webchat,Billing & payments,webchat,27.0,619.2,4.56,4.09
2026-07-22,26,13:00,billing.webchat,Billing & payments,webchat,45.0,619.2,9.04,6.53
2026-07-22,27,13:30,billing.webchat,Billing & payments,webchat,88.0,619.2,9.08,13.51
2026-07-22,28,14:00,billing.webchat,Billing & payments,webchat,109.0,619.2,19.9,18.04
2026-07-22,29,14:30,billing.webchat,Billing & payments,webchat,122.0,619.2,14.68,17.64
2026-07-22,30,15:00,billing.webchat,Billing & payments,webchat,111.0,619.2,19.3,17.1
2026-07-22,31,15:30,billing.webchat,Billing & payments,webchat,92.0,619.2,12.42,14.03
2026-07-22,32,16:00,billing.webchat,Billing & payments,webchat,68.0,619.2,8.68,10.11
2026-07-22,33,16:30,billing.webchat,Billing & payments,webchat,46.0,619.2,5.15,7.51
2026-07-22,34,17:00,billing.webchat,Billing & payments,webchat,24.0,619.2,4.0,3.5
2026-07-22,35,17:30,billing.webchat,Billing & payments,webchat,6.0,619.2,0.79,0.93
2026-07-23,16,08:00,billing.webchat,Billing & payments,webchat,28.0,654.2,4.98,4.55
2026-07-23,17,08:30,billing.webchat,Billing & payments,webchat,77.0,654.2,11.81,13.06
2026-07-23,18,09:00,billing.webchat,Billing & payments,webchat,101.0,654.2,18.99,15.67
2026-07-23,19,09:30,billing.webchat,Billing & payments,webchat,166.0,654.2,22.01,27.0
2026-07-23,20,10:00,billing.webchat,Billing & payments,webchat,136.0,654.2,21.16,22.54
2026-07-23,21,10:30,billing.webchat,Billing & payments,webchat,133.0,654.2,20.63,21.14
2026-07-23,22,11:00,billing.webchat,Billing & payments,webchat,107.0,654.2,21.11,17.85
2026-07-23,23,11:30,billing.webchat,Billing & payments,webchat,65.0,654.2,10.78,10.33
2026-07-23,24,12:00,billing.webchat,Billing & payments,webchat,44.0,654.2,7.9,7.24
2026-07-23,25,12:30,billing.webchat,Billing & payments,webchat,30.0,654.2,3.67,4.99
2026-07-23,26,13:00,billing.webchat,Billing & payments,webchat,51.0,654.2,8.61,8.35
2026-07-23,27,13:30,billing.webchat,Billing & payments,webchat,66.0,654.2,9.18,11.42
2026-07-23,28,14:00,billing.webchat,Billing & payments,webchat,92.0,654.2,13.67,14.5
2026-07-23,29,14:30,billing.webchat,Billing & payments,webchat,112.0,654.2,19.37,17.38
2026-07-23,30,15:00,billing.webchat,Billing & payments,webchat,99.0,654.2,14.6,16.27
2026-07-23,31,15:30,billing.webchat,Billing & payments,webchat,81.0,654.2,11.93,13.3
2026-07-23,32,16:00,billing.webchat,Billing & payments,webchat,77.0,654.2,11.95,13.07
2026-07-23,33,16:30,billing.webchat,Billing & payments,webchat,39.0,654.2,5.23,6.5
2026-07-23,34,17:00,billing.webchat,Billing & payments,webchat,12.0,654.2,2.12,2.05
2026-07-23,35,17:30,billing.webchat,Billing & payments,webchat,4.0,654.2,0.57,0.63
2026-07-24,16,08:00,billing.webchat,Billing & payments,webchat,37.0,633.3,6.45,6.19
2026-07-24,17,08:30,billing.webchat,Billing & payments,webchat,80.0,633.3,12.34,13.61
2026-07-24,18,09:00,billing.webchat,Billing & payments,webchat,128.0,633.3,18.35,21.61
2026-07-24,19,09:30,billing.webchat,Billing & payments,webchat,161.0,633.3,23.76,24.5
2026-07-24,20,10:00,billing.webchat,Billing & payments,webchat,173.0,633.3,24.31,27.4
2026-07-24,21,10:30,billing.webchat,Billing & payments,webchat,155.0,633.3,22.41,25.15
2026-07-24,22,11:00,billing.webchat,Billing & payments,webchat,92.0,633.3,15.5,13.86
2026-07-24,23,11:30,billing.webchat,Billing & payments,webchat,78.0,633.3,14.24,12.72
2026-07-24,24,12:00,billing.webchat,Billing & payments,webchat,44.0,633.3,6.04,6.65
2026-07-24,25,12:30,billing.webchat,Billing & payments,webchat,24.0,633.3,3.71,3.6
2026-07-24,26,13:00,billing.webchat,Billing & payments,webchat,52.0,633.3,8.44,8.39
2026-07-24,27,13:30,billing.webchat,Billing & payments,webchat,114.0,633.3,14.71,19.5
2026-07-24,28,14:00,billing.webchat,Billing & payments,webchat,116.0,633.3,18.93,19.28
2026-07-24,29,14:30,billing.webchat,Billing & payments,webchat,130.0,633.3,20.11,21.15
2026-07-24,30,15:00,billing.webchat,Billing & payments,webchat,101.0,633.3,16.41,17.65
2026-07-24,31,15:30,billing.webchat,Billing & payments,webchat,96.0,633.3,16.65,16.47
2026-07-24,32,16:00,billing.webchat,Billing & payments,webchat,65.0,633.3,10.21,10.12
2026-07-24,33,16:30,billing.webchat,Billing & payments,webchat,54.0,633.3,6.16,8.15
2026-07-24,34,17:00,billing.webchat,Billing & payments,webchat,18.0,633.3,2.39,2.7
2026-07-24,35,17:30,billing.webchat,Billing & payments,webchat,11.0,633.3,1.94,1.81
2026-07-25,17,08:30,billing.webchat,Billing & payments,webchat,64.0,620.4,8.4,9.61
2026-07-25,18,09:00,billing.webchat,Billing & payments,webchat,98.0,620.4,14.22,15.72
2026-07-25,19,09:30,billing.webchat,Billing & payments,webchat,125.0,620.4,22.02,20.12
2026-07-25,20,10:00,billing.webchat,Billing & payments,webchat,162.0,620.4,23.67,23.71
2026-07-25,21,10:30,billing.webchat,Billing & payments,webchat,164.0,620.4,21.03,24.73
2026-07-25,22,11:00,billing.webchat,Billing & payments,webchat,132.0,620.4,21.01,20.27
2026-07-25,23,11:30,billing.webchat,Billing & payments,webchat,97.0,620.4,14.85,15.23
2026-07-25,24,12:00,billing.webchat,Billing & payments,webchat,44.0,620.4,5.6,7.68
2026-07-25,25,12:30,billing.webchat,Billing & payments,webchat,24.0,620.4,3.55,3.67
2026-07-25,26,13:00,billing.webchat,Billing & payments,webchat,25.0,620.4,3.48,3.95
2026-07-27,16,08:00,billing.webchat,Billing & payments,webchat,42.0,647.8,7.11,6.63
2026-07-27,17,08:30,billing.webchat,Billing & payments,webchat,105.0,647.8,17.63,16.69
2026-07-27,18,09:00,billing.webchat,Billing & payments,webchat,171.0,647.8,22.28,27.95
2026-07-27,19,09:30,billing.webchat,Billing & payments,webchat,169.0,647.8,27.34,27.44
2026-07-27,20,10:00,billing.webchat,Billing & payments,webchat,220.0,647.8,41.03,38.34
2026-07-27,21,10:30,billing.webchat,Billing & payments,webchat,139.0,647.8,18.26,23.06
2026-07-27,22,11:00,billing.webchat,Billing & payments,webchat,170.0,647.8,27.95,29.39
2026-07-27,23,11:30,billing.webchat,Billing & payments,webchat,118.0,647.8,18.31,19.78
2026-07-27,24,12:00,billing.webchat,Billing & payments,webchat,96.0,647.8,12.86,16.4
2026-07-27,25,12:30,billing.webchat,Billing & payments,webchat,42.0,647.8,4.85,6.75
2026-07-27,26,13:00,billing.webchat,Billing & payments,webchat,69.0,647.8,14.83,10.53
2026-07-27,27,13:30,billing.webchat,Billing & payments,webchat,122.0,647.8,14.0,18.46
2026-07-27,28,14:00,billing.webchat,Billing & payments,webchat,172.0,647.8,27.3,28.95
2026-07-27,29,14:30,billing.webchat,Billing & payments,webchat,179.0,647.8,35.35,31.23
2026-07-27,30,15:00,billing.webchat,Billing & payments,webchat,176.0,647.8,27.25,30.59
2026-07-27,31,15:30,billing.webchat,Billing & payments,webchat,88.0,647.8,15.05,14.92
2026-07-27,32,16:00,billing.webchat,Billing & payments,webchat,112.0,647.8,11.98,18.66
2026-07-27,33,16:30,billing.webchat,Billing & payments,webchat,70.0,647.8,12.11,10.55
2026-07-27,34,17:00,billing.webchat,Billing & payments,webchat,21.0,647.8,3.15,3.73
2026-07-27,35,17:30,billing.webchat,Billing & payments,webchat,6.0,647.8,0.77,0.92
2026-07-28,16,08:00,billing.webchat,Billing & payments,webchat,33.0,649.4,5.26,5.32
2026-07-28,17,08:30,billing.webchat,Billing & payments,webchat,76.0,649.4,11.97,11.77
2026-07-28,18,09:00,billing.webchat,Billing & payments,webchat,140.0,649.4,25.49,21.35
2026-07-28,19,09:30,billing.webchat,Billing & payments,webchat,131.0,649.4,20.4,22.12
2026-07-28,20,10:00,billing.webchat,Billing & payments,webchat,145.0,649.4,25.72,24.79
2026-07-28,21,10:30,billing.webchat,Billing & payments,webchat,160.0,649.4,18.63,26.98
2026-07-28,22,11:00,billing.webchat,Billing & payments,webchat,160.0,649.4,24.44,25.43
2026-07-28,23,11:30,billing.webchat,Billing & payments,webchat,66.0,649.4,9.82,10.63
2026-07-28,24,12:00,billing.webchat,Billing & payments,webchat,56.0,649.4,7.56,8.99
2026-07-28,25,12:30,billing.webchat,Billing & payments,webchat,20.0,649.4,3.34,3.39
2026-07-28,26,13:00,billing.webchat,Billing & payments,webchat,42.0,649.4,6.79,7.12
2026-07-28,27,13:30,billing.webchat,Billing & payments,webchat,86.0,649.4,16.17,14.45
2026-07-28,28,14:00,billing.webchat,Billing & payments,webchat,130.0,649.4,18.13,20.08
2026-07-28,29,14:30,billing.webchat,Billing & payments,webchat,98.0,649.4,16.73,16.62
2026-07-28,30,15:00,billing.webchat,Billing & payments,webchat,129.0,649.4,23.9,20.84
2026-07-28,31,15:30,billing.webchat,Billing & payments,webchat,112.0,649.4,17.4,17.79
2026-07-28,32,16:00,billing.webchat,Billing & payments,webchat,54.0,649.4,9.74,8.97
2026-07-28,33,16:30,billing.webchat,Billing & payments,webchat,46.0,649.4,6.5,7.05
2026-07-28,34,17:00,billing.webchat,Billing & payments,webchat,17.0,649.4,2.59,2.87
2026-07-28,35,17:30,billing.webchat,Billing & payments,webchat,10.0,649.4,1.18,1.63
2026-07-29,16,08:00,billing.webchat,Billing & payments,webchat,27.0,635.0,3.82,4.42
2026-07-29,17,08:30,billing.webchat,Billing & payments,webchat,74.0,635.0,11.1,11.52
2026-07-29,18,09:00,billing.webchat,Billing & payments,webchat,104.0,635.0,16.84,17.98
2026-07-29,19,09:30,billing.webchat,Billing & payments,webchat,125.0,635.0,16.97,20.19
2026-07-29,20,10:00,billing.webchat,Billing & payments,webchat,148.0,635.0,30.06,22.83
2026-07-29,21,10:30,billing.webchat,Billing & payments,webchat,104.0,635.0,16.75,17.24
2026-07-29,22,11:00,billing.webchat,Billing & payments,webchat,93.0,635.0,18.32,14.75
2026-07-29,23,11:30,billing.webchat,Billing & payments,webchat,82.0,635.0,12.46,13.11
2026-07-29,24,12:00,billing.webchat,Billing & payments,webchat,54.0,635.0,7.21,8.38
2026-07-29,25,12:30,billing.webchat,Billing & payments,webchat,23.0,635.0,3.68,3.51
2026-07-29,26,13:00,billing.webchat,Billing & payments,webchat,42.0,635.0,6.0,6.7
2026-07-29,27,13:30,billing.webchat,Billing & payments,webchat,71.0,635.0,12.82,12.32
2026-07-29,28,14:00,billing.webchat,Billing & payments,webchat,101.0,635.0,14.13,17.04
2026-07-29,29,14:30,billing.webchat,Billing & payments,webchat,99.0,635.0,12.16,16.4
2026-07-29,30,15:00,billing.webchat,Billing & payments,webchat,86.0,635.0,10.44,13.79
2026-07-29,31,15:30,billing.webchat,Billing & payments,webchat,74.0,635.0,10.43,11.62
2026-07-29,32,16:00,billing.webchat,Billing & payments,webchat,51.0,635.0,8.44,8.72
2026-07-29,33,16:30,billing.webchat,Billing & payments,webchat,54.0,635.0,9.17,9.03
2026-07-29,34,17:00,billing.webchat,Billing & payments,webchat,22.0,635.0,3.65,3.51
2026-07-29,35,17:30,billing.webchat,Billing & payments,webchat,9.0,635.0,1.32,1.51
2026-07-30,16,08:00,billing.webchat,Billing & payments,webchat,32.0,682.1,5.42,5.72
2026-07-30,17,08:30,billing.webchat,Billing & payments,webchat,85.0,682.1,15.18,14.72
2026-07-30,18,09:00,billing.webchat,Billing & payments,webchat,132.0,682.1,17.99,24.38
2026-07-30,19,09:30,billing.webchat,Billing & payments,webchat,113.0,682.1,18.49,20.38
2026-07-30,20,10:00,billing.webchat,Billing & payments,webchat,142.0,682.1,24.47,24.15
2026-07-30,21,10:30,billing.webchat,Billing & payments,webchat,116.0,682.1,22.74,19.36
2026-07-30,22,11:00,billing.webchat,Billing & payments,webchat,87.0,682.1,15.41,15.42
2026-07-30,23,11:30,billing.webchat,Billing & payments,webchat,95.0,682.1,13.1,17.09
2026-07-30,24,12:00,billing.webchat,Billing & payments,webchat,39.0,682.1,5.86,6.63
2026-07-30,25,12:30,billing.webchat,Billing & payments,webchat,29.0,682.1,3.69,5.0
2026-07-30,26,13:00,billing.webchat,Billing & payments,webchat,44.0,682.1,7.89,7.12
2026-07-30,27,13:30,billing.webchat,Billing & payments,webchat,91.0,682.1,14.35,16.03
2026-07-30,28,14:00,billing.webchat,Billing & payments,webchat,107.0,682.1,13.99,17.46
2026-07-30,29,14:30,billing.webchat,Billing & payments,webchat,106.0,682.1,17.45,17.95
2026-07-30,30,15:00,billing.webchat,Billing & payments,webchat,110.0,682.1,18.18,18.59
2026-07-30,31,15:30,billing.webchat,Billing & payments,webchat,86.0,682.1,12.92,15.53
2026-07-30,32,16:00,billing.webchat,Billing & payments,webchat,60.0,682.1,11.37,10.18
2026-07-30,33,16:30,billing.webchat,Billing & payments,webchat,39.0,682.1,5.13,6.58
2026-07-30,34,17:00,billing.webchat,Billing & payments,webchat,18.0,682.1,2.62,3.31
2026-07-30,35,17:30,billing.webchat,Billing & payments,webchat,11.0,682.1,1.65,1.84
2026-07-31,16,08:00,billing.webchat,Billing & payments,webchat,24.0,662.1,3.59,3.68
2026-07-31,17,08:30,billing.webchat,Billing & payments,webchat,87.0,662.1,16.08,14.7
2026-07-31,18,09:00,billing.webchat,Billing & payments,webchat,109.0,662.1,21.53,18.78
2026-07-31,19,09:30,billing.webchat,Billing & payments,webchat,134.0,662.1,24.78,23.26
2026-07-31,20,10:00,billing.webchat,Billing & payments,webchat,106.0,662.1,21.15,16.76
2026-07-31,21,10:30,billing.webchat,Billing & payments,webchat,98.0,662.1,17.8,16.76
2026-07-31,22,11:00,billing.webchat,Billing & payments,webchat,88.0,662.1,12.81,15.14
2026-07-31,23,11:30,billing.webchat,Billing & payments,webchat,91.0,662.1,14.34,16.36
2026-07-31,24,12:00,billing.webchat,Billing & payments,webchat,24.0,662.1,4.69,3.78
2026-07-31,25,12:30,billing.webchat,Billing & payments,webchat,27.0,662.1,5.34,4.19
2026-07-31,26,13:00,billing.webchat,Billing & payments,webchat,36.0,662.1,5.22,6.28
2026-07-31,27,13:30,billing.webchat,Billing & payments,webchat,91.0,662.1,14.45,15.1
2026-07-31,28,14:00,billing.webchat,Billing & payments,webchat,98.0,662.1,12.56,17.74
2026-07-31,29,14:30,billing.webchat,Billing & payments,webchat,111.0,662.1,15.42,18.1
2026-07-31,30,15:00,billing.webchat,Billing & payments,webchat,98.0,662.1,13.01,15.58
2026-07-31,31,15:30,billing.webchat,Billing & payments,webchat,86.0,662.1,13.0,13.82
2026-07-31,32,16:00,billing.webchat,Billing & payments,webchat,73.0,662.1,13.66,13.7
2026-07-31,33,16:30,billing.webchat,Billing & payments,webchat,36.0,662.1,6.04,6.14
2026-07-31,34,17:00,billing.webchat,Billing & payments,webchat,21.0,662.1,3.92,3.39
2026-07-31,35,17:30,billing.webchat,Billing & payments,webchat,13.0,662.1,2.42,2.07
2026-08-01,17,08:30,billing.webchat,Billing & payments,webchat,47.0,636.3,7.14,7.97
2026-08-01,18,09:00,billing.webchat,Billing & payments,webchat,113.0,636.3,14.09,17.51
2026-08-01,19,09:30,billing.webchat,Billing & payments,webchat,121.0,636.3,16.69,18.34
2026-08-01,20,10:00,billing.webchat,Billing & payments,webchat,121.0,636.3,17.0,19.36
2026-08-01,21,10:30,billing.webchat,Billing & payments,webchat,85.0,636.3,11.74,14.91
2026-08-01,22,11:00,billing.webchat,Billing & payments,webchat,61.0,636.3,10.88,10.27
2026-08-01,23,11:30,billing.webchat,Billing & payments,webchat,72.0,636.3,9.96,11.04
2026-08-01,24,12:00,billing.webchat,Billing & payments,webchat,41.0,636.3,5.07,6.01
2026-08-01,25,12:30,billing.webchat,Billing & payments,webchat,15.0,636.3,2.28,2.28
2026-08-01,26,13:00,billing.webchat,Billing & payments,webchat,24.0,636.3,3.17,4.12
2026-08-03,16,08:00,billing.webchat,Billing & payments,webchat,32.0,680.8,5.03,5.96
2026-08-03,17,08:30,billing.webchat,Billing & payments,webchat,109.0,680.8,18.74,17.41
2026-08-03,18,09:00,billing.webchat,Billing & payments,webchat,141.0,680.8,19.9,24.66
2026-08-03,19,09:30,billing.webchat,Billing & payments,webchat,176.0,680.8,27.56,29.93
2026-08-03,20,10:00,billing.webchat,Billing & payments,webchat,221.0,680.8,29.92,36.81
2026-08-03,21,10:30,billing.webchat,Billing & payments,webchat,202.0,680.8,31.63,38.4
2026-08-03,22,11:00,billing.webchat,Billing & payments,webchat,153.0,680.8,27.06,26.35
2026-08-03,23,11:30,billing.webchat,Billing & payments,webchat,112.0,680.8,19.36,19.14
2026-08-03,24,12:00,billing.webchat,Billing & payments,webchat,71.0,680.8,14.31,11.17
2026-08-03,25,12:30,billing.webchat,Billing & payments,webchat,49.0,680.8,6.0,8.33
2026-08-03,26,13:00,billing.webchat,Billing & payments,webchat,77.0,680.8,11.86,13.02
2026-08-03,27,13:30,billing.webchat,Billing & payments,webchat,122.0,680.8,19.93,20.54
2026-08-03,28,14:00,billing.webchat,Billing & payments,webchat,139.0,680.8,26.99,23.9
2026-08-03,29,14:30,billing.webchat,Billing & payments,webchat,211.0,680.8,32.57,37.41
2026-08-03,30,15:00,billing.webchat,Billing & payments,webchat,168.0,680.8,26.33,30.0
2026-08-03,31,15:30,billing.webchat,Billing & payments,webchat,102.0,680.8,17.99,17.59
2026-08-03,32,16:00,billing.webchat,Billing & payments,webchat,91.0,680.8,14.54,15.7
2026-08-03,33,16:30,billing.webchat,Billing & payments,webchat,69.0,680.8,10.62,12.21
2026-08-03,34,17:00,billing.webchat,Billing & payments,webchat,35.0,680.8,5.47,6.18
2026-08-03,35,17:30,billing.webchat,Billing & payments,webchat,6.0,680.8,0.87,1.09
2026-08-04,16,08:00,billing.webchat,Billing & payments,webchat,46.0,667.4,8.18,7.56
2026-08-04,17,08:30,billing.webchat,Billing & payments,webchat,114.0,667.4,20.87,20.05
2026-08-04,18,09:00,billing.webchat,Billing & payments,webchat,156.0,667.4,28.53,28.27
2026-08-04,19,09:30,billing.webchat,Billing & payments,webchat,188.0,667.4,32.16,28.99
2026-08-04,20,10:00,billing.webchat,Billing & payments,webchat,179.0,667.4,33.35,29.4
2026-08-04,21,10:30,billing.webchat,Billing & payments,webchat,214.0,667.4,33.14,38.18
2026-08-04,22,11:00,billing.webchat,Billing & payments,webchat,132.0,667.4,19.07,22.37
2026-08-04,23,11:30,billing.webchat,Billing & payments,webchat,110.0,667.4,17.59,18.03
2026-08-04,24,12:00,billing.webchat,Billing & payments,webchat,66.0,667.4,9.23,10.92
2026-08-04,25,12:30,billing.webchat,Billing & payments,webchat,29.0,667.4,4.96,4.82
2026-08-04,26,13:00,billing.webchat,Billing & payments,webchat,77.0,667.4,16.33,13.55
2026-08-04,27,13:30,billing.webchat,Billing & payments,webchat,141.0,667.4,22.76,24.5
2026-08-04,28,14:00,billing.webchat,Billing & payments,webchat,160.0,667.4,28.62,26.25
2026-08-04,29,14:30,billing.webchat,Billing & payments,webchat,124.0,667.4,18.31,22.57
2026-08-04,30,15:00,billing.webchat,Billing & payments,webchat,152.0,667.4,20.4,24.87
2026-08-04,31,15:30,billing.webchat,Billing & payments,webchat,113.0,667.4,20.36,17.33
2026-08-04,32,16:00,billing.webchat,Billing & payments,webchat,116.0,667.4,17.09,20.58
2026-08-04,33,16:30,billing.webchat,Billing & payments,webchat,77.0,667.4,13.99,13.03
2026-08-04,34,17:00,billing.webchat,Billing & payments,webchat,23.0,667.4,3.76,4.19
2026-08-04,35,17:30,billing.webchat,Billing & payments,webchat,16.0,667.4,2.42,2.54
2026-08-05,16,08:00,billing.webchat,Billing & payments,webchat,18.0,654.6,2.22,2.92
2026-08-05,17,08:30,billing.webchat,Billing & payments,webchat,52.0,654.6,10.49,9.61
2026-08-05,18,09:00,billing.webchat,Billing & payments,webchat,121.0,654.6,19.24,19.33
2026-08-05,19,09:30,billing.webchat,Billing & payments,webchat,129.0,654.6,16.37,20.91
2026-08-05,20,10:00,billing.webchat,Billing & payments,webchat,157.0,654.6,19.54,24.31
2026-08-05,21,10:30,billing.webchat,Billing & payments,webchat,112.0,654.6,14.49,18.82
2026-08-05,22,11:00,billing.webchat,Billing & payments,webchat,87.0,654.6,15.22,14.42
2026-08-05,23,11:30,billing.webchat,Billing & payments,webchat,82.0,654.6,16.0,13.63
2026-08-05,24,12:00,billing.webchat,Billing & payments,webchat,37.0,654.6,7.46,6.24
2026-08-05,25,12:30,billing.webchat,Billing & payments,webchat,37.0,654.6,5.27,5.94
2026-08-05,26,13:00,billing.webchat,Billing & payments,webchat,50.0,654.6,7.52,8.3
2026-08-05,27,13:30,billing.webchat,Billing & payments,webchat,55.0,654.6,9.39,9.18
2026-08-05,28,14:00,billing.webchat,Billing & payments,webchat,115.0,654.6,18.33,21.1
2026-08-05,29,14:30,billing.webchat,Billing & payments,webchat,92.0,654.6,13.61,15.35
2026-08-05,30,15:00,billing.webchat,Billing & payments,webchat,73.0,654.6,12.42,11.5
2026-08-05,31,15:30,billing.webchat,Billing & payments,webchat,94.0,654.6,15.39,15.69
2026-08-05,32,16:00,billing.webchat,Billing & payments,webchat,61.0,654.6,10.33,9.56
2026-08-05,33,16:30,billing.webchat,Billing & payments,webchat,47.0,654.6,6.87,7.64
2026-08-05,34,17:00,billing.webchat,Billing & payments,webchat,23.0,654.6,3.28,3.61
2026-08-05,35,17:30,billing.webchat,Billing & payments,webchat,11.0,654.6,1.67,1.81
2026-08-06,16,08:00,billing.webchat,Billing & payments,webchat,45.0,664.2,7.58,7.58
2026-08-06,17,08:30,billing.webchat,Billing & payments,webchat,89.0,664.2,15.44,13.99
2026-08-06,18,09:00,billing.webchat,Billing & payments,webchat,114.0,664.2,20.39,18.75
2026-08-06,19,09:30,billing.webchat,Billing & payments,webchat,125.0,664.2,17.42,21.81
2026-08-06,20,10:00,billing.webchat,Billing & payments,webchat,155.0,664.2,27.85,28.27
2026-08-06,21,10:30,billing.webchat,Billing & payments,webchat,147.0,664.2,28.69,23.95
2026-08-06,22,11:00,billing.webchat,Billing & payments,webchat,87.0,664.2,13.98,14.07
2026-08-06,23,11:30,billing.webchat,Billing & payments,webchat,88.0,664.2,12.36,13.97
2026-08-06,24,12:00,billing.webchat,Billing & payments,webchat,40.0,664.2,4.75,6.67
2026-08-06,25,12:30,billing.webchat,Billing & payments,webchat,39.0,664.2,6.5,6.37
2026-08-06,26,13:00,billing.webchat,Billing & payments,webchat,42.0,664.2,7.91,6.71
2026-08-06,27,13:30,billing.webchat,Billing & payments,webchat,71.0,664.2,10.98,11.68
2026-08-06,28,14:00,billing.webchat,Billing & payments,webchat,105.0,664.2,13.5,18.24
2026-08-06,29,14:30,billing.webchat,Billing & payments,webchat,124.0,664.2,19.8,20.74
2026-08-06,30,15:00,billing.webchat,Billing & payments,webchat,125.0,664.2,19.07,21.07
2026-08-06,31,15:30,billing.webchat,Billing & payments,webchat,115.0,664.2,17.94,17.7
2026-08-06,32,16:00,billing.webchat,Billing & payments,webchat,64.0,664.2,11.85,10.52
2026-08-06,33,16:30,billing.webchat,Billing & payments,webchat,54.0,664.2,8.61,8.14
2026-08-06,34,17:00,billing.webchat,Billing & payments,webchat,12.0,664.2,2.35,1.85
2026-08-06,35,17:30,billing.webchat,Billing & payments,webchat,12.0,664.2,2.05,1.73
2026-08-07,16,08:00,billing.webchat,Billing & payments,webchat,20.0,647.8,2.19,3.3
2026-08-07,17,08:30,billing.webchat,Billing & payments,webchat,76.0,647.8,11.35,13.08
2026-08-07,18,09:00,billing.webchat,Billing & payments,webchat,119.0,647.8,17.49,21.26
2026-08-07,19,09:30,billing.webchat,Billing & payments,webchat,101.0,647.8,17.88,16.85
2026-08-07,20,10:00,billing.webchat,Billing & payments,webchat,158.0,647.8,29.39,23.26
2026-08-07,21,10:30,billing.webchat,Billing & payments,webchat,127.0,647.8,20.85,19.61
2026-08-07,22,11:00,billing.webchat,Billing & payments,webchat,87.0,647.8,16.37,13.82
2026-08-07,23,11:30,billing.webchat,Billing & payments,webchat,47.0,647.8,8.91,7.4
2026-08-07,24,12:00,billing.webchat,Billing & payments,webchat,45.0,647.8,7.3,7.59
2026-08-07,25,12:30,billing.webchat,Billing & payments,webchat,28.0,647.8,4.66,4.45
2026-08-07,26,13:00,billing.webchat,Billing & payments,webchat,41.0,647.8,7.62,7.05
2026-08-07,27,13:30,billing.webchat,Billing & payments,webchat,63.0,647.8,9.78,10.5
2026-08-07,28,14:00,billing.webchat,Billing & payments,webchat,138.0,647.8,23.27,22.31
2026-08-07,29,14:30,billing.webchat,Billing & payments,webchat,128.0,647.8,22.36,21.01
2026-08-07,30,15:00,billing.webchat,Billing & payments,webchat,116.0,647.8,13.9,19.15
2026-08-07,31,15:30,billing.webchat,Billing & payments,webchat,77.0,647.8,11.19,13.4
2026-08-07,32,16:00,billing.webchat,Billing & payments,webchat,76.0,647.8,12.11,12.7
2026-08-07,33,16:30,billing.webchat,Billing & payments,webchat,50.0,647.8,7.26,8.34
2026-08-07,34,17:00,billing.webchat,Billing & payments,webchat,21.0,647.8,3.18,3.51
2026-08-07,35,17:30,billing.webchat,Billing & payments,webchat,9.0,647.8,1.52,1.5
2026-08-08,17,08:30,billing.webchat,Billing & payments,webchat,45.0,648.9,6.29,7.03
2026-08-08,18,09:00,billing.webchat,Billing & payments,webchat,101.0,648.9,13.04,15.09
2026-08-08,19,09:30,billing.webchat,Billing & payments,webchat,109.0,648.9,19.08,18.01
2026-08-08,20,10:00,billing.webchat,Billing & payments,webchat,168.0,648.9,30.18,30.38
2026-08-08,21,10:30,billing.webchat,Billing & payments,webchat,119.0,648.9,18.01,21.08
2026-08-08,22,11:00,billing.webchat,Billing & payments,webchat,77.0,648.9,11.25,13.45
2026-08-08,23,11:30,billing.webchat,Billing & payments,webchat,54.0,648.9,9.58,9.45
2026-08-08,24,12:00,billing.webchat,Billing & payments,webchat,35.0,648.9,4.27,5.41
2026-08-08,25,12:30,billing.webchat,Billing & payments,webchat,22.0,648.9,3.9,3.64
2026-08-08,26,13:00,billing.webchat,Billing & payments,webchat,35.0,648.9,5.97,5.58
2026-08-10,16,08:00,billing.webchat,Billing & payments,webchat,43.0,686.4,6.96,7.12
2026-08-10,17,08:30,billing.webchat,Billing & payments,webchat,83.0,686.4,12.84,14.32
2026-08-10,18,09:00,billing.webchat,Billing & payments,webchat,136.0,686.4,23.04,23.2
2026-08-10,19,09:30,billing.webchat,Billing & payments,webchat,146.0,686.4,27.04,24.96
2026-08-10,20,10:00,billing.webchat,Billing & payments,webchat,167.0,686.4,32.13,29.58
2026-08-10,21,10:30,billing.webchat,Billing & payments,webchat,142.0,686.4,24.34,24.58
2026-08-10,22,11:00,billing.webchat,Billing & payments,webchat,101.0,686.4,16.93,18.41
2026-08-10,23,11:30,billing.webchat,Billing & payments,webchat,97.0,686.4,17.02,17.2
2026-08-10,24,12:00,billing.webchat,Billing & payments,webchat,40.0,686.4,6.9,7.61
2026-08-10,25,12:30,billing.webchat,Billing & payments,webchat,29.0,686.4,4.5,5.11
2026-08-10,26,13:00,billing.webchat,Billing & payments,webchat,84.0,686.4,14.74,14.93
2026-08-10,27,13:30,billing.webchat,Billing & payments,webchat,100.0,686.4,17.15,18.26
2026-08-10,28,14:00,billing.webchat,Billing & payments,webchat,126.0,686.4,21.05,22.23
2026-08-10,29,14:30,billing.webchat,Billing & payments,webchat,135.0,686.4,18.18,26.51
2026-08-10,30,15:00,billing.webchat,Billing & payments,webchat,151.0,686.4,14.92,24.15
2026-08-10,31,15:30,billing.webchat,Billing & payments,webchat,93.0,686.4,16.58,14.32
2026-08-10,32,16:00,billing.webchat,Billing & payments,webchat,63.0,686.4,11.52,11.91
2026-08-10,33,16:30,billing.webchat,Billing & payments,webchat,53.0,686.4,9.93,8.81
2026-08-10,34,17:00,billing.webchat,Billing & payments,webchat,27.0,686.4,4.1,4.57
2026-08-10,35,17:30,billing.webchat,Billing & payments,webchat,8.0,686.4,1.56,1.36
2026-08-11,16,08:00,billing.webchat,Billing & payments,webchat,26.0,649.0,3.23,4.73
2026-08-11,17,08:30,billing.webchat,Billing & payments,webchat,128.0,649.0,21.76,21.95
2026-08-11,18,09:00,billing.webchat,Billing & payments,webchat,135.0,649.0,21.44,21.54
2026-08-11,19,09:30,billing.webchat,Billing & payments,webchat,205.0,649.0,33.57,34.88
2026-08-11,20,10:00,billing.webchat,Billing & payments,webchat,169.0,649.0,32.88,26.49
2026-08-11,21,10:30,billing.webchat,Billing & payments,webchat,141.0,649.0,23.8,21.24
2026-08-11,22,11:00,billing.webchat,Billing & payments,webchat,109.0,649.0,16.11,19.18
2026-08-11,23,11:30,billing.webchat,Billing & payments,webchat,101.0,649.0,17.58,17.86
2026-08-11,24,12:00,billing.webchat,Billing & payments,webchat,43.0,649.0,7.17,6.91
2026-08-11,25,12:30,billing.webchat,Billing & payments,webchat,26.0,649.0,2.83,4.22
2026-08-11,26,13:00,billing.webchat,Billing & payments,webchat,61.0,649.0,9.41,10.06
2026-08-11,27,13:30,billing.webchat,Billing & payments,webchat,92.0,649.0,14.46,16.86
2026-08-11,28,14:00,billing.webchat,Billing & payments,webchat,113.0,649.0,17.32,17.83
2026-08-11,29,14:30,billing.webchat,Billing & payments,webchat,123.0,649.0,19.97,22.45
2026-08-11,30,15:00,billing.webchat,Billing & payments,webchat,130.0,649.0,22.2,21.51
2026-08-11,31,15:30,billing.webchat,Billing & payments,webchat,130.0,649.0,20.0,21.92
2026-08-11,32,16:00,billing.webchat,Billing & payments,webchat,64.0,649.0,9.03,10.31
2026-08-11,33,16:30,billing.webchat,Billing & payments,webchat,46.0,649.0,8.87,7.74
2026-08-11,34,17:00,billing.webchat,Billing & payments,webchat,25.0,649.0,3.65,3.85
2026-08-11,35,17:30,billing.webchat,Billing & payments,webchat,6.0,649.0,1.18,1.0
2026-08-12,16,08:00,billing.webchat,Billing & payments,webchat,35.0,648.7,4.59,5.78
2026-08-12,17,08:30,billing.webchat,Billing & payments,webchat,102.0,648.7,16.65,17.87
2026-08-12,18,09:00,billing.webchat,Billing & payments,webchat,106.0,648.7,15.07,16.56
2026-08-12,19,09:30,billing.webchat,Billing & payments,webchat,179.0,648.7,29.84,28.01
2026-08-12,20,10:00,billing.webchat,Billing & payments,webchat,160.0,648.7,27.89,26.82
2026-08-12,21,10:30,billing.webchat,Billing & payments,webchat,136.0,648.7,20.77,21.34
2026-08-12,22,11:00,billing.webchat,Billing & payments,webchat,94.0,648.7,12.46,14.2
2026-08-12,23,11:30,billing.webchat,Billing & payments,webchat,65.0,648.7,12.23,10.58
2026-08-12,24,12:00,billing.webchat,Billing & payments,webchat,47.0,648.7,8.82,7.8
2026-08-12,25,12:30,billing.webchat,Billing & payments,webchat,31.0,648.7,5.59,5.28
2026-08-12,26,13:00,billing.webchat,Billing & payments,webchat,42.0,648.7,7.26,6.42
2026-08-12,27,13:30,billing.webchat,Billing & payments,webchat,88.0,648.7,14.09,13.96
2026-08-12,28,14:00,billing.webchat,Billing & payments,webchat,122.0,648.7,21.15,19.09
2026-08-12,29,14:30,billing.webchat,Billing & payments,webchat,99.0,648.7,15.44,15.73
2026-08-12,30,15:00,billing.webchat,Billing & payments,webchat,107.0,648.7,16.86,17.8
2026-08-12,31,15:30,billing.webchat,Billing & payments,webchat,86.0,648.7,12.6,14.0
2026-08-12,32,16:00,billing.webchat,Billing & payments,webchat,78.0,648.7,12.8,13.17
2026-08-12,33,16:30,billing.webchat,Billing & payments,webchat,51.0,648.7,8.16,8.26
2026-08-12,34,17:00,billing.webchat,Billing & payments,webchat,18.0,648.7,3.18,3.0
2026-08-12,35,17:30,billing.webchat,Billing & payments,webchat,8.0,648.7,1.42,1.37
2026-08-13,16,08:00,billing.webchat,Billing & payments,webchat,26.0,666.6,4.58,4.35
2026-08-13,17,08:30,billing.webchat,Billing & payments,webchat,58.0,666.6,10.0,9.79
2026-08-13,18,09:00,billing.webchat,Billing & payments,webchat,137.0,666.6,19.99,23.25
2026-08-13,19,09:30,billing.webchat,Billing & payments,webchat,157.0,666.6,25.09,25.79
2026-08-13,20,10:00,billing.webchat,Billing & payments,webchat,134.0,666.6,21.71,21.69
2026-08-13,21,10:30,billing.webchat,Billing & payments,webchat,103.0,666.6,16.94,16.91
2026-08-13,22,11:00,billing.webchat,Billing & payments,webchat,121.0,666.6,20.49,20.49
2026-08-13,23,11:30,billing.webchat,Billing & payments,webchat,54.0,666.6,7.1,9.0
2026-08-13,24,12:00,billing.webchat,Billing & payments,webchat,59.0,666.6,7.95,10.28
2026-08-13,25,12:30,billing.webchat,Billing & payments,webchat,31.0,666.6,5.55,5.04
2026-08-13,26,13:00,billing.webchat,Billing & payments,webchat,55.0,666.6,9.96,9.99
2026-08-13,27,13:30,billing.webchat,Billing & payments,webchat,71.0,666.6,11.57,12.19
2026-08-13,28,14:00,billing.webchat,Billing & payments,webchat,91.0,666.6,14.31,14.59
2026-08-13,29,14:30,billing.webchat,Billing & payments,webchat,113.0,666.6,16.0,19.53
2026-08-13,30,15:00,billing.webchat,Billing & payments,webchat,119.0,666.6,19.26,19.46
2026-08-13,31,15:30,billing.webchat,Billing & payments,webchat,87.0,666.6,12.83,15.47
2026-08-13,32,16:00,billing.webchat,Billing & payments,webchat,67.0,666.6,11.11,10.59
2026-08-13,33,16:30,billing.webchat,Billing & payments,webchat,29.0,666.6,4.14,5.07
2026-08-13,34,17:00,billing.webchat,Billing & payments,webchat,14.0,666.6,2.13,2.43
2026-08-13,35,17:30,billing.webchat,Billing & payments,webchat,4.0,666.6,0.65,0.66
2026-08-14,16,08:00,billing.webchat,Billing & payments,webchat,23.0,647.3,3.55,4.04
2026-08-14,17,08:30,billing.webchat,Billing & payments,webchat,67.0,647.3,11.4,11.42
2026-08-14,18,09:00,billing.webchat,Billing & payments,webchat,102.0,647.3,15.8,16.33
2026-08-14,19,09:30,billing.webchat,Billing & payments,webchat,142.0,647.3,22.24,22.39
2026-08-14,20,10:00,billing.webchat,Billing & payments,webchat,119.0,647.3,17.27,21.19
2026-08-14,21,10:30,billing.webchat,Billing & payments,webchat,111.0,647.3,18.5,21.26
2026-08-14,22,11:00,billing.webchat,Billing & payments,webchat,120.0,647.3,18.91,20.77
2026-08-14,23,11:30,billing.webchat,Billing & payments,webchat,60.0,647.3,10.52,9.64
2026-08-14,24,12:00,billing.webchat,Billing & payments,webchat,41.0,647.3,7.46,6.43
2026-08-14,25,12:30,billing.webchat,Billing & payments,webchat,25.0,647.3,3.38,4.09
2026-08-14,26,13:00,billing.webchat,Billing & payments,webchat,41.0,647.3,7.24,7.22
2026-08-14,27,13:30,billing.webchat,Billing & payments,webchat,78.0,647.3,12.12,12.35
2026-08-14,28,14:00,billing.webchat,Billing & payments,webchat,58.0,647.3,8.83,9.55
2026-08-14,29,14:30,billing.webchat,Billing & payments,webchat,79.0,647.3,12.53,12.05
2026-08-14,30,15:00,billing.webchat,Billing & payments,webchat,73.0,647.3,10.47,12.03
2026-08-14,31,15:30,billing.webchat,Billing & payments,webchat,79.0,647.3,14.46,13.8
2026-08-14,32,16:00,billing.webchat,Billing & payments,webchat,59.0,647.3,10.23,10.06
2026-08-14,33,16:30,billing.webchat,Billing & payments,webchat,37.0,647.3,5.8,5.93
2026-08-14,34,17:00,billing.webchat,Billing & payments,webchat,19.0,647.3,3.27,2.97
2026-08-14,35,17:30,billing.webchat,Billing & payments,webchat,5.0,647.3,0.81,0.79
2026-08-15,17,08:30,billing.webchat,Billing & payments,webchat,47.0,616.3,7.35,7.66
2026-08-15,18,09:00,billing.webchat,Billing & payments,webchat,78.0,616.3,14.03,13.1
2026-08-15,19,09:30,billing.webchat,Billing & payments,webchat,134.0,616.3,20.84,20.63
2026-08-15,20,10:00,billing.webchat,Billing & payments,webchat,139.0,616.3,23.91,19.08
2026-08-15,21,10:30,billing.webchat,Billing & payments,webchat,104.0,616.3,16.34,17.91
2026-08-15,22,11:00,billing.webchat,Billing & payments,webchat,90.0,616.3,11.69,13.67
2026-08-15,23,11:30,billing.webchat,Billing & payments,webchat,79.0,616.3,12.19,11.37
2026-08-15,24,12:00,billing.webchat,Billing & payments,webchat,46.0,616.3,6.87,6.95
2026-08-15,25,12:30,billing.webchat,Billing & payments,webchat,15.0,616.3,1.96,2.33
2026-08-15,26,13:00,billing.webchat,Billing & payments,webchat,20.0,616.3,2.07,2.95
2026-07-20,16,08:00,billing.email,Billing & payments,email,15.0,527.2,3.63,4.59
2026-07-20,17,08:30,billing.email,Billing & payments,email,33.0,527.2,9.51,8.7
2026-07-20,18,09:00,billing.email,Billing & payments,email,62.0,527.2,17.34,17.63
2026-07-20,19,09:30,billing.email,Billing & payments,email,65.0,527.2,16.86,21.06
2026-07-20,20,10:00,billing.email,Billing & payments,email,53.0,527.2,14.95,17.51
2026-07-20,21,10:30,billing.email,Billing & payments,email,45.0,527.2,16.46,12.58
2026-07-20,22,11:00,billing.email,Billing & payments,email,57.0,527.2,15.88,16.94
2026-07-20,23,11:30,billing.email,Billing & payments,email,37.0,527.2,10.4,10.49
2026-07-20,24,12:00,billing.email,Billing & payments,email,23.0,527.2,6.2,6.16
2026-07-20,25,12:30,billing.email,Billing & payments,email,13.0,527.2,3.91,3.73
2026-07-20,26,13:00,billing.email,Billing & payments,email,31.0,527.2,8.64,9.49
2026-07-20,27,13:30,billing.email,Billing & payments,email,29.0,527.2,7.5,8.46
2026-07-20,28,14:00,billing.email,Billing & payments,email,46.0,527.2,13.59,13.4
2026-07-20,29,14:30,billing.email,Billing & payments,email,51.0,527.2,15.84,15.24
2026-07-20,30,15:00,billing.email,Billing & payments,email,67.0,527.2,13.45,17.96
2026-07-20,31,15:30,billing.email,Billing & payments,email,29.0,527.2,8.28,9.12
2026-07-20,32,16:00,billing.email,Billing & payments,email,31.0,527.2,8.95,9.1
2026-07-20,33,16:30,billing.email,Billing & payments,email,14.0,527.2,3.09,3.97
2026-07-20,34,17:00,billing.email,Billing & payments,email,8.0,527.2,2.36,2.41
2026-07-20,35,17:30,billing.email,Billing & payments,email,2.0,527.2,0.62,0.6
2026-07-21,16,08:00,billing.email,Billing & payments,email,14.0,509.9,4.65,4.07
2026-07-21,17,08:30,billing.email,Billing & payments,email,44.0,509.9,14.34,12.34
2026-07-21,18,09:00,billing.email,Billing & payments,email,42.0,509.9,13.7,11.66
2026-07-21,19,09:30,billing.email,Billing & payments,email,55.0,509.9,14.77,15.98
2026-07-21,20,10:00,billing.email,Billing & payments,email,75.0,509.9,20.99,22.19
2026-07-21,21,10:30,billing.email,Billing & payments,email,60.0,509.9,15.53,16.66
2026-07-21,22,11:00,billing.email,Billing & payments,email,36.0,509.9,10.26,10.77
2026-07-21,23,11:30,billing.email,Billing & payments,email,40.0,509.9,11.38,10.93
2026-07-21,24,12:00,billing.email,Billing & payments,email,22.0,509.9,4.92,6.33
2026-07-21,25,12:30,billing.email,Billing & payments,email,21.0,509.9,6.71,6.1
2026-07-21,26,13:00,billing.email,Billing & payments,email,23.0,509.9,4.73,6.37
2026-07-21,27,13:30,billing.email,Billing & payments,email,47.0,509.9,12.4,11.97
2026-07-21,28,14:00,billing.email,Billing & payments,email,48.0,509.9,12.25,13.71
2026-07-21,29,14:30,billing.email,Billing & payments,email,67.0,509.9,13.95,18.57
2026-07-21,30,15:00,billing.email,Billing & payments,email,43.0,509.9,13.54,11.55
2026-07-21,31,15:30,billing.email,Billing & payments,email,42.0,509.9,9.66,12.98
2026-07-21,32,16:00,billing.email,Billing & payments,email,24.0,509.9,6.73,6.75
2026-07-21,33,16:30,billing.email,Billing & payments,email,26.0,509.9,6.44,7.36
2026-07-21,34,17:00,billing.email,Billing & payments,email,7.0,509.9,2.12,1.93
2026-07-21,35,17:30,billing.email,Billing & payments,email,3.0,509.9,0.87,0.76
2026-07-22,16,08:00,billing.email,Billing & payments,email,8.0,527.0,2.43,2.33
2026-07-22,17,08:30,billing.email,Billing & payments,email,36.0,527.0,8.36,10.68
2026-07-22,18,09:00,billing.email,Billing & payments,email,48.0,527.0,13.65,14.79
2026-07-22,19,09:30,billing.email,Billing & payments,email,60.0,527.0,17.34,17.71
2026-07-22,20,10:00,billing.email,Billing & payments,email,62.0,527.0,15.67,18.38
2026-07-22,21,10:30,billing.email,Billing & payments,email,57.0,527.0,16.85,18.3
2026-07-22,22,11:00,billing.email,Billing & payments,email,43.0,527.0,11.86,13.5
2026-07-22,23,11:30,billing.email,Billing & payments,email,32.0,527.0,10.74,9.08
2026-07-22,24,12:00,billing.email,Billing & payments,email,28.0,527.0,8.53,7.25
2026-07-22,25,12:30,billing.email,Billing & payments,email,12.0,527.0,3.08,3.49
2026-07-22,26,13:00,billing.email,Billing & payments,email,19.0,527.0,5.36,5.23
2026-07-22,27,13:30,billing.email,Billing & payments,email,29.0,527.0,8.74,7.82
2026-07-22,28,14:00,billing.email,Billing & payments,email,34.0,527.0,9.8,9.16
2026-07-22,29,14:30,billing.email,Billing & payments,email,44.0,527.0,12.76,12.59
2026-07-22,30,15:00,billing.email,Billing & payments,email,46.0,527.0,11.83,13.23
2026-07-22,31,15:30,billing.email,Billing & payments,email,28.0,527.0,8.85,8.26
2026-07-22,32,16:00,billing.email,Billing & payments,email,23.0,527.0,6.93,6.62
2026-07-22,33,16:30,billing.email,Billing & payments,email,17.0,527.0,5.81,4.96
2026-07-22,34,17:00,billing.email,Billing & payments,email,8.0,527.0,2.46,2.37
2026-07-22,35,17:30,billing.email,Billing & payments,email,3.0,527.0,0.74,0.93
2026-07-23,16,08:00,billing.email,Billing & payments,email,17.0,529.7,4.97,4.89
2026-07-23,17,08:30,billing.email,Billing & payments,email,37.0,529.7,11.12,10.13
2026-07-23,18,09:00,billing.email,Billing & payments,email,44.0,529.7,11.03,13.1
2026-07-23,19,09:30,billing.email,Billing & payments,email,58.0,529.7,15.21,16.27
2026-07-23,20,10:00,billing.email,Billing & payments,email,39.0,529.7,8.76,10.99
2026-07-23,21,10:30,billing.email,Billing & payments,email,55.0,529.7,17.4,15.76
2026-07-23,22,11:00,billing.email,Billing & payments,email,47.0,529.7,13.95,14.3
2026-07-23,23,11:30,billing.email,Billing & payments,email,29.0,529.7,9.41,8.27
2026-07-23,24,12:00,billing.email,Billing & payments,email,23.0,529.7,5.86,6.75
2026-07-23,25,12:30,billing.email,Billing & payments,email,12.0,529.7,2.95,3.47
2026-07-23,26,13:00,billing.email,Billing & payments,email,27.0,529.7,8.04,7.94
2026-07-23,27,13:30,billing.email,Billing & payments,email,35.0,529.7,10.32,10.57
2026-07-23,28,14:00,billing.email,Billing & payments,email,40.0,529.7,10.31,12.13
2026-07-23,29,14:30,billing.email,Billing & payments,email,55.0,529.7,16.82,15.59
2026-07-23,30,15:00,billing.email,Billing & payments,email,40.0,529.7,12.85,12.35
2026-07-23,31,15:30,billing.email,Billing & payments,email,35.0,529.7,7.24,9.9
2026-07-23,32,16:00,billing.email,Billing & payments,email,24.0,529.7,8.42,6.84
2026-07-23,33,16:30,billing.email,Billing & payments,email,14.0,529.7,4.64,4.35
2026-07-23,34,17:00,billing.email,Billing & payments,email,8.0,529.7,2.44,2.06
2026-07-23,35,17:30,billing.email,Billing & payments,email,5.0,529.7,1.31,1.28
2026-07-24,16,08:00,billing.email,Billing & payments,email,13.0,528.2,3.48,3.68
2026-07-24,17,08:30,billing.email,Billing & payments,email,39.0,528.2,11.15,12.7
2026-07-24,18,09:00,billing.email,Billing & payments,email,84.0,528.2,18.46,25.88
2026-07-24,19,09:30,billing.email,Billing & payments,email,72.0,528.2,21.49,18.91
2026-07-24,20,10:00,billing.email,Billing & payments,email,69.0,528.2,17.68,20.07
2026-07-24,21,10:30,billing.email,Billing & payments,email,66.0,528.2,16.64,20.9
2026-07-24,22,11:00,billing.email,Billing & payments,email,49.0,528.2,15.1,13.86
2026-07-24,23,11:30,billing.email,Billing & payments,email,50.0,528.2,13.84,15.5
2026-07-24,24,12:00,billing.email,Billing & payments,email,21.0,528.2,6.34,6.34
2026-07-24,25,12:30,billing.email,Billing & payments,email,7.0,528.2,1.91,2.07
2026-07-24,26,13:00,billing.email,Billing & payments,email,31.0,528.2,5.74,9.09
2026-07-24,27,13:30,billing.email,Billing & payments,email,28.0,528.2,8.9,7.6
2026-07-24,28,14:00,billing.email,Billing & payments,email,45.0,528.2,10.65,13.0
2026-07-24,29,14:30,billing.email,Billing & payments,email,75.0,528.2,23.99,23.26
2026-07-24,30,15:00,billing.email,Billing & payments,email,53.0,528.2,15.38,14.1
2026-07-24,31,15:30,billing.email,Billing & payments,email,40.0,528.2,7.24,11.11
2026-07-24,32,16:00,billing.email,Billing & payments,email,43.0,528.2,13.01,12.45
2026-07-24,33,16:30,billing.email,Billing & payments,email,22.0,528.2,5.74,6.52
2026-07-24,34,17:00,billing.email,Billing & payments,email,9.0,528.2,2.6,2.55
2026-07-24,35,17:30,billing.email,Billing & payments,email,5.0,528.2,1.27,1.46
2026-07-27,16,08:00,billing.email,Billing & payments,email,14.0,525.8,3.52,4.13
2026-07-27,17,08:30,billing.email,Billing & payments,email,60.0,525.8,18.2,17.17
2026-07-27,18,09:00,billing.email,Billing & payments,email,84.0,525.8,21.01,24.25
2026-07-27,19,09:30,billing.email,Billing & payments,email,82.0,525.8,25.02,24.18
2026-07-27,20,10:00,billing.email,Billing & payments,email,85.0,525.8,22.95,24.97
2026-07-27,21,10:30,billing.email,Billing & payments,email,69.0,525.8,19.23,20.57
2026-07-27,22,11:00,billing.email,Billing & payments,email,63.0,525.8,17.09,16.96
2026-07-27,23,11:30,billing.email,Billing & payments,email,61.0,525.8,21.5,17.3
2026-07-27,24,12:00,billing.email,Billing & payments,email,35.0,525.8,8.05,9.64
2026-07-27,25,12:30,billing.email,Billing & payments,email,14.0,525.8,3.44,4.39
2026-07-27,26,13:00,billing.email,Billing & payments,email,35.0,525.8,7.66,10.42
2026-07-27,27,13:30,billing.email,Billing & payments,email,41.0,525.8,10.07,11.08
2026-07-27,28,14:00,billing.email,Billing & payments,email,58.0,525.8,17.77,17.74
2026-07-27,29,14:30,billing.email,Billing & payments,email,76.0,525.8,12.78,20.16
2026-07-27,30,15:00,billing.email,Billing & payments,email,71.0,525.8,21.46,21.54
2026-07-27,31,15:30,billing.email,Billing & payments,email,82.0,525.8,27.4,24.35
2026-07-27,32,16:00,billing.email,Billing & payments,email,34.0,525.8,9.57,9.59
2026-07-27,33,16:30,billing.email,Billing & payments,email,32.0,525.8,8.66,9.85
2026-07-27,34,17:00,billing.email,Billing & payments,email,14.0,525.8,3.29,3.81
2026-07-27,35,17:30,billing.email,Billing & payments,email,5.0,525.8,1.2,1.46
2026-07-28,16,08:00,billing.email,Billing & payments,email,13.0,511.7,3.85,3.45
2026-07-28,17,08:30,billing.email,Billing & payments,email,49.0,511.7,13.56,12.77
2026-07-28,18,09:00,billing.email,Billing & payments,email,37.0,511.7,9.59,10.99
2026-07-28,19,09:30,billing.email,Billing & payments,email,60.0,511.7,19.62,15.28
2026-07-28,20,10:00,billing.email,Billing & payments,email,60.0,511.7,15.66,15.19
2026-07-28,21,10:30,billing.email,Billing & payments,email,63.0,511.7,17.68,16.65
2026-07-28,22,11:00,billing.email,Billing & payments,email,52.0,511.7,14.24,14.09
2026-07-28,23,11:30,billing.email,Billing & payments,email,36.0,511.7,8.33,10.09
2026-07-28,24,12:00,billing.email,Billing & payments,email,13.0,511.7,3.26,4.11
2026-07-28,25,12:30,billing.email,Billing & payments,email,18.0,511.7,4.51,5.02
2026-07-28,26,13:00,billing.email,Billing & payments,email,21.0,511.7,5.81,5.86
2026-07-28,27,13:30,billing.email,Billing & payments,email,45.0,511.7,12.91,12.26
2026-07-28,28,14:00,billing.email,Billing & payments,email,64.0,511.7,17.03,18.22
2026-07-28,29,14:30,billing.email,Billing & payments,email,39.0,511.7,9.61,10.58
2026-07-28,30,15:00,billing.email,Billing & payments,email,57.0,511.7,14.47,15.98
2026-07-28,31,15:30,billing.email,Billing & payments,email,46.0,511.7,12.91,12.98
2026-07-28,32,16:00,billing.email,Billing & payments,email,35.0,511.7,9.72,9.85
2026-07-28,33,16:30,billing.email,Billing & payments,email,25.0,511.7,7.07,6.85
2026-07-28,34,17:00,billing.email,Billing & payments,email,5.0,511.7,1.66,1.36
2026-07-28,35,17:30,billing.email,Billing & payments,email,6.0,511.7,1.59,1.6
2026-07-29,16,08:00,billing.email,Billing & payments,email,16.0,514.3,3.6,4.82
2026-07-29,17,08:30,billing.email,Billing & payments,email,36.0,514.3,9.07,10.4
2026-07-29,18,09:00,billing.email,Billing & payments,email,30.0,514.3,8.32,8.61
2026-07-29,19,09:30,billing.email,Billing & payments,email,46.0,514.3,13.61,13.36
2026-07-29,20,10:00,billing.email,Billing & payments,email,40.0,514.3,10.2,11.81
2026-07-29,21,10:30,billing.email,Billing & payments,email,50.0,514.3,13.21,14.32
2026-07-29,22,11:00,billing.email,Billing & payments,email,49.0,514.3,12.87,14.07
2026-07-29,23,11:30,billing.email,Billing & payments,email,30.0,514.3,7.27,8.47
2026-07-29,24,12:00,billing.email,Billing & payments,email,15.0,514.3,3.66,4.29
2026-07-29,25,12:30,billing.email,Billing & payments,email,8.0,514.3,2.47,2.41
2026-07-29,26,13:00,billing.email,Billing & payments,email,13.0,514.3,4.56,3.83
2026-07-29,27,13:30,billing.email,Billing & payments,email,24.0,514.3,7.76,7.05
2026-07-29,28,14:00,billing.email,Billing & payments,email,58.0,514.3,17.28,16.58
2026-07-29,29,14:30,billing.email,Billing & payments,email,49.0,514.3,11.43,13.94
2026-07-29,30,15:00,billing.email,Billing & payments,email,42.0,514.3,12.89,11.32
2026-07-29,31,15:30,billing.email,Billing & payments,email,34.0,514.3,9.54,9.32
2026-07-29,32,16:00,billing.email,Billing & payments,email,19.0,514.3,4.96,5.61
2026-07-29,33,16:30,billing.email,Billing & payments,email,16.0,514.3,3.43,4.49
2026-07-29,34,17:00,billing.email,Billing & payments,email,5.0,514.3,1.18,1.41
2026-07-29,35,17:30,billing.email,Billing & payments,email,5.0,514.3,1.46,1.52
2026-07-30,16,08:00,billing.email,Billing & payments,email,13.0,503.4,3.07,3.62
2026-07-30,17,08:30,billing.email,Billing & payments,email,27.0,503.4,5.76,7.91
2026-07-30,18,09:00,billing.email,Billing & payments,email,54.0,503.4,10.79,15.51
2026-07-30,19,09:30,billing.email,Billing & payments,email,43.0,503.4,11.32,10.22
2026-07-30,20,10:00,billing.email,Billing & payments,email,44.0,503.4,11.84,11.54
2026-07-30,21,10:30,billing.email,Billing & payments,email,35.0,503.4,9.36,9.73
2026-07-30,22,11:00,billing.email,Billing & payments,email,42.0,503.4,12.32,12.1
2026-07-30,23,11:30,billing.email,Billing & payments,email,22.0,503.4,6.69,6.49
2026-07-30,24,12:00,billing.email,Billing & payments,email,13.0,503.4,3.21,3.86
2026-07-30,25,12:30,billing.email,Billing & payments,email,7.0,503.4,2.01,2.06
2026-07-30,26,13:00,billing.email,Billing & payments,email,22.0,503.4,7.02,5.47
2026-07-30,27,13:30,billing.email,Billing & payments,email,26.0,503.4,8.17,7.37
2026-07-30,28,14:00,billing.email,Billing & payments,email,41.0,503.4,8.26,10.64
2026-07-30,29,14:30,billing.email,Billing & payments,email,37.0,503.4,9.43,10.28
2026-07-30,30,15:00,billing.email,Billing & payments,email,54.0,503.4,16.54,15.4
2026-07-30,31,15:30,billing.email,Billing & payments,email,28.0,503.4,8.51,7.64
2026-07-30,32,16:00,billing.email,Billing & payments,email,21.0,503.4,5.83,6.02
2026-07-30,33,16:30,billing.email,Billing & payments,email,20.0,503.4,4.96,4.71
2026-07-30,34,17:00,billing.email,Billing & payments,email,4.0,503.4,1.22,1.13
2026-07-30,35,17:30,billing.email,Billing & payments,email,2.0,503.4,0.74,0.52
2026-07-31,16,08:00,billing.email,Billing & payments,email,13.0,510.3,3.28,3.61
2026-07-31,17,08:30,billing.email,Billing & payments,email,34.0,510.3,7.55,10.2
2026-07-31,18,09:00,billing.email,Billing & payments,email,54.0,510.3,15.04,15.72
2026-07-31,19,09:30,billing.email,Billing & payments,email,63.0,510.3,20.73,17.31
2026-07-31,20,10:00,billing.email,Billing & payments,email,55.0,510.3,14.04,16.21
2026-07-31,21,10:30,billing.email,Billing & payments,email,55.0,510.3,14.78,17.24
2026-07-31,22,11:00,billing.email,Billing & payments,email,53.0,510.3,11.75,15.29
2026-07-31,23,11:30,billing.email,Billing & payments,email,52.0,510.3,15.84,15.31
2026-07-31,24,12:00,billing.email,Billing & payments,email,13.0,510.3,3.63,3.59
2026-07-31,25,12:30,billing.email,Billing & payments,email,4.0,510.3,0.98,1.13
2026-07-31,26,13:00,billing.email,Billing & payments,email,26.0,510.3,6.26,7.99
2026-07-31,27,13:30,billing.email,Billing & payments,email,48.0,510.3,14.23,14.32
2026-07-31,28,14:00,billing.email,Billing & payments,email,43.0,510.3,12.29,12.82
2026-07-31,29,14:30,billing.email,Billing & payments,email,41.0,510.3,9.59,11.49
2026-07-31,30,15:00,billing.email,Billing & payments,email,37.0,510.3,8.99,9.37
2026-07-31,31,15:30,billing.email,Billing & payments,email,46.0,510.3,10.35,13.61
2026-07-31,32,16:00,billing.email,Billing & payments,email,21.0,510.3,5.65,6.05
2026-07-31,33,16:30,billing.email,Billing & payments,email,17.0,510.3,4.03,4.81
2026-07-31,34,17:00,billing.email,Billing & payments,email,5.0,510.3,1.74,1.39
2026-07-31,35,17:30,billing.email,Billing & payments,email,3.0,510.3,0.86,0.83
2026-08-03,16,08:00,billing.email,Billing & payments,email,9.0,537.2,2.98,2.45
2026-08-03,17,08:30,billing.email,Billing & payments,email,45.0,537.2,13.64,12.57
2026-08-03,18,09:00,billing.email,Billing & payments,email,55.0,537.2,13.47,17.54
2026-08-03,19,09:30,billing.email,Billing & payments,email,85.0,537.2,21.67,27.64
2026-08-03,20,10:00,billing.email,Billing & payments,email,73.0,537.2,22.42,21.83
2026-08-03,21,10:30,billing.email,Billing & payments,email,78.0,537.2,18.45,22.92
2026-08-03,22,11:00,billing.email,Billing & payments,email,81.0,537.2,20.8,23.81
2026-08-03,23,11:30,billing.email,Billing & payments,email,23.0,537.2,7.01,6.96
2026-08-03,24,12:00,billing.email,Billing & payments,email,24.0,537.2,7.68,6.6
2026-08-03,25,12:30,billing.email,Billing & payments,email,13.0,537.2,3.86,3.68
2026-08-03,26,13:00,billing.email,Billing & payments,email,32.0,537.2,8.21,9.78
2026-08-03,27,13:30,billing.email,Billing & payments,email,44.0,537.2,15.66,12.87
2026-08-03,28,14:00,billing.email,Billing & payments,email,50.0,537.2,10.24,14.96
2026-08-03,29,14:30,billing.email,Billing & payments,email,79.0,537.2,25.26,24.27
2026-08-03,30,15:00,billing.email,Billing & payments,email,65.0,537.2,12.77,19.01
2026-08-03,31,15:30,billing.email,Billing & payments,email,51.0,537.2,12.45,14.09
2026-08-03,32,16:00,billing.email,Billing & payments,email,37.0,537.2,9.63,10.42
2026-08-03,33,16:30,billing.email,Billing & payments,email,25.0,537.2,7.35,7.75
2026-08-03,34,17:00,billing.email,Billing & payments,email,8.0,537.2,2.37,2.24
2026-08-03,35,17:30,billing.email,Billing & payments,email,6.0,537.2,1.64,1.65
2026-08-04,16,08:00,billing.email,Billing & payments,email,12.0,532.8,3.44,3.49
2026-08-04,17,08:30,billing.email,Billing & payments,email,43.0,532.8,12.44,13.38
2026-08-04,18,09:00,billing.email,Billing & payments,email,67.0,532.8,22.76,18.8
2026-08-04,19,09:30,billing.email,Billing & payments,email,71.0,532.8,24.81,21.87
2026-08-04,20,10:00,billing.email,Billing & payments,email,65.0,532.8,17.32,19.46
2026-08-04,21,10:30,billing.email,Billing & payments,email,71.0,532.8,22.26,20.33
2026-08-04,22,11:00,billing.email,Billing & payments,email,68.0,532.8,20.03,22.29
2026-08-04,23,11:30,billing.email,Billing & payments,email,42.0,532.8,12.18,12.93
2026-08-04,24,12:00,billing.email,Billing & payments,email,32.0,532.8,9.91,9.34
2026-08-04,25,12:30,billing.email,Billing & payments,email,23.0,532.8,6.41,6.39
2026-08-04,26,13:00,billing.email,Billing & payments,email,33.0,532.8,10.82,9.44
2026-08-04,27,13:30,billing.email,Billing & payments,email,52.0,532.8,16.01,13.99
2026-08-04,28,14:00,billing.email,Billing & payments,email,46.0,532.8,10.75,13.75
2026-08-04,29,14:30,billing.email,Billing & payments,email,80.0,532.8,22.54,23.01
2026-08-04,30,15:00,billing.email,Billing & payments,email,55.0,532.8,15.48,16.82
2026-08-04,31,15:30,billing.email,Billing & payments,email,36.0,532.8,11.14,9.93
2026-08-04,32,16:00,billing.email,Billing & payments,email,22.0,532.8,5.55,6.19
2026-08-04,33,16:30,billing.email,Billing & payments,email,35.0,532.8,9.06,9.94
2026-08-04,34,17:00,billing.email,Billing & payments,email,12.0,532.8,2.54,3.52
2026-08-04,35,17:30,billing.email,Billing & payments,email,6.0,532.8,1.96,1.85
2026-08-05,16,08:00,billing.email,Billing & payments,email,12.0,507.6,3.49,3.19
2026-08-05,17,08:30,billing.email,Billing & payments,email,38.0,507.6,9.69,10.0
2026-08-05,18,09:00,billing.email,Billing & payments,email,46.0,507.6,10.75,12.77
2026-08-05,19,09:30,billing.email,Billing & payments,email,56.0,507.6,14.66,14.56
2026-08-05,20,10:00,billing.email,Billing & payments,email,47.0,507.6,11.07,12.99
2026-08-05,21,10:30,billing.email,Billing & payments,email,39.0,507.6,10.77,11.45
2026-08-05,22,11:00,billing.email,Billing & payments,email,43.0,507.6,14.07,12.01
2026-08-05,23,11:30,billing.email,Billing & payments,email,29.0,507.6,7.91,8.35
2026-08-05,24,12:00,billing.email,Billing & payments,email,15.0,507.6,5.04,4.38
2026-08-05,25,12:30,billing.email,Billing & payments,email,7.0,507.6,1.75,2.05
2026-08-05,26,13:00,billing.email,Billing & payments,email,19.0,507.6,5.37,5.3
2026-08-05,27,13:30,billing.email,Billing & payments,email,37.0,507.6,10.09,9.83
2026-08-05,28,14:00,billing.email,Billing & payments,email,47.0,507.6,14.22,13.53
2026-08-05,29,14:30,billing.email,Billing & payments,email,55.0,507.6,14.49,15.18
2026-08-05,30,15:00,billing.email,Billing & payments,email,44.0,507.6,10.77,11.96
2026-08-05,31,15:30,billing.email,Billing & payments,email,26.0,507.6,8.04,7.49
2026-08-05,32,16:00,billing.email,Billing & payments,email,25.0,507.6,7.75,7.27
2026-08-05,33,16:30,billing.email,Billing & payments,email,17.0,507.6,4.05,4.84
2026-08-05,34,17:00,billing.email,Billing & payments,email,2.0,507.6,0.49,0.57
2026-08-05,35,17:30,billing.email,Billing & payments,email,1.0,507.6,0.29,0.29
2026-08-06,16,08:00,billing.email,Billing & payments,email,13.0,510.7,3.93,3.3
2026-08-06,17,08:30,billing.email,Billing & payments,email,39.0,510.7,11.41,11.39
2026-08-06,18,09:00,billing.email,Billing & payments,email,63.0,510.7,18.86,17.71
2026-08-06,19,09:30,billing.email,Billing & payments,email,47.0,510.7,13.27,12.65
2026-08-06,20,10:00,billing.email,Billing & payments,email,88.0,510.7,24.36,25.12
2026-08-06,21,10:30,billing.email,Billing & payments,email,66.0,510.7,16.8,19.02
2026-08-06,22,11:00,billing.email,Billing & payments,email,43.0,510.7,10.9,12.21
2026-08-06,23,11:30,billing.email,Billing & payments,email,29.0,510.7,9.11,8.61
2026-08-06,24,12:00,billing.email,Billing & payments,email,24.0,510.7,7.27,6.54
2026-08-06,25,12:30,billing.email,Billing & payments,email,10.0,510.7,2.7,2.58
2026-08-06,26,13:00,billing.email,Billing & payments,email,17.0,510.7,4.81,5.4
2026-08-06,27,13:30,billing.email,Billing & payments,email,53.0,510.7,14.2,15.2
2026-08-06,28,14:00,billing.email,Billing & payments,email,55.0,510.7,18.68,15.59
2026-08-06,29,14:30,billing.email,Billing & payments,email,47.0,510.7,12.64,13.34
2026-08-06,30,15:00,billing.email,Billing & payments,email,35.0,510.7,10.1,10.03
2026-08-06,31,15:30,billing.email,Billing & payments,email,36.0,510.7,11.21,10.23
2026-08-06,32,16:00,billing.email,Billing & payments,email,36.0,510.7,9.57,9.42
2026-08-06,33,16:30,billing.email,Billing & payments,email,30.0,510.7,8.23,8.14
2026-08-06,34,17:00,billing.email,Billing & payments,email,5.0,510.7,1.49,1.34
2026-08-06,35,17:30,billing.email,Billing & payments,email,2.0,510.7,0.64,0.54
2026-08-07,16,08:00,billing.email,Billing & payments,email,19.0,520.0,4.45,5.44
2026-08-07,17,08:30,billing.email,Billing & payments,email,28.0,520.0,7.45,8.19
2026-08-07,18,09:00,billing.email,Billing & payments,email,59.0,520.0,14.0,15.53
2026-08-07,19,09:30,billing.email,Billing & payments,email,60.0,520.0,17.8,16.66
2026-08-07,20,10:00,billing.email,Billing & payments,email,67.0,520.0,19.11,19.08
2026-08-07,21,10:30,billing.email,Billing & payments,email,61.0,520.0,18.94,18.74
2026-08-07,22,11:00,billing.email,Billing & payments,email,48.0,520.0,14.27,13.96
2026-08-07,23,11:30,billing.email,Billing & payments,email,38.0,520.0,12.15,10.39
2026-08-07,24,12:00,billing.email,Billing & payments,email,17.0,520.0,5.67,5.13
2026-08-07,25,12:30,billing.email,Billing & payments,email,13.0,520.0,3.86,3.85
2026-08-07,26,13:00,billing.email,Billing & payments,email,17.0,520.0,4.72,5.22
2026-08-07,27,13:30,billing.email,Billing & payments,email,27.0,520.0,7.06,7.73
2026-08-07,28,14:00,billing.email,Billing & payments,email,44.0,520.0,15.48,13.41
2026-08-07,29,14:30,billing.email,Billing & payments,email,50.0,520.0,12.48,14.48
2026-08-07,30,15:00,billing.email,Billing & payments,email,78.0,520.0,20.09,23.7
2026-08-07,31,15:30,billing.email,Billing & payments,email,39.0,520.0,10.07,11.01
2026-08-07,32,16:00,billing.email,Billing & payments,email,33.0,520.0,9.19,10.23
2026-08-07,33,16:30,billing.email,Billing & payments,email,29.0,520.0,6.78,8.28
2026-08-07,34,17:00,billing.email,Billing & payments,email,7.0,520.0,1.82,2.11
2026-08-07,35,17:30,billing.email,Billing & payments,email,2.0,520.0,0.59,0.55
2026-08-10,16,08:00,billing.email,Billing & payments,email,22.0,505.2,5.16,5.95
2026-08-10,17,08:30,billing.email,Billing & payments,email,31.0,505.2,7.61,8.5
2026-08-10,18,09:00,billing.email,Billing & payments,email,50.0,505.2,12.24,14.07
2026-08-10,19,09:30,billing.email,Billing & payments,email,45.0,505.2,13.35,11.84
2026-08-10,20,10:00,billing.email,Billing & payments,email,53.0,505.2,12.2,14.37
2026-08-10,21,10:30,billing.email,Billing & payments,email,68.0,505.2,14.91,18.98
2026-08-10,22,11:00,billing.email,Billing & payments,email,48.0,505.2,14.66,13.26
2026-08-10,23,11:30,billing.email,Billing & payments,email,35.0,505.2,10.65,9.88
2026-08-10,24,12:00,billing.email,Billing & payments,email,20.0,505.2,5.13,5.9
2026-08-10,25,12:30,billing.email,Billing & payments,email,8.0,505.2,2.28,2.22
2026-08-10,26,13:00,billing.email,Billing & payments,email,18.0,505.2,3.4,4.98
2026-08-10,27,13:30,billing.email,Billing & payments,email,52.0,505.2,16.52,14.78
2026-08-10,28,14:00,billing.email,Billing & payments,email,49.0,505.2,15.16,14.14
2026-08-10,29,14:30,billing.email,Billing & payments,email,71.0,505.2,19.33,18.5
2026-08-10,30,15:00,billing.email,Billing & payments,email,55.0,505.2,14.26,15.94
2026-08-10,31,15:30,billing.email,Billing & payments,email,63.0,505.2,18.49,19.11
2026-08-10,32,16:00,billing.email,Billing & payments,email,33.0,505.2,7.69,9.6
2026-08-10,33,16:30,billing.email,Billing & payments,email,17.0,505.2,3.59,4.79
2026-08-10,34,17:00,billing.email,Billing & payments,email,8.0,505.2,2.31,2.31
2026-08-10,35,17:30,billing.email,Billing & payments,email,5.0,505.2,1.14,1.38
2026-08-11,16,08:00,billing.email,Billing & payments,email,14.0,514.7,3.46,4.2
2026-08-11,17,08:30,billing.email,Billing & payments,email,34.0,514.7,7.94,10.66
2026-08-11,18,09:00,billing.email,Billing & payments,email,60.0,514.7,16.17,16.73
2026-08-11,19,09:30,billing.email,Billing & payments,email,78.0,514.7,25.55,21.24
2026-08-11,20,10:00,billing.email,Billing & payments,email,93.0,514.7,29.15,25.14
2026-08-11,21,10:30,billing.email,Billing & payments,email,41.0,514.7,13.49,12.67
2026-08-11,22,11:00,billing.email,Billing & payments,email,56.0,514.7,16.27,18.29
2026-08-11,23,11:30,billing.email,Billing & payments,email,47.0,514.7,12.15,14.16
2026-08-11,24,12:00,billing.email,Billing & payments,email,16.0,514.7,5.14,4.56
2026-08-11,25,12:30,billing.email,Billing & payments,email,19.0,514.7,6.42,5.38
2026-08-11,26,13:00,billing.email,Billing & payments,email,30.0,514.7,8.25,8.34
2026-08-11,27,13:30,billing.email,Billing & payments,email,40.0,514.7,12.25,10.81
2026-08-11,28,14:00,billing.email,Billing & payments,email,51.0,514.7,12.7,14.38
2026-08-11,29,14:30,billing.email,Billing & payments,email,63.0,514.7,16.88,19.33
2026-08-11,30,15:00,billing.email,Billing & payments,email,60.0,514.7,18.14,16.58
2026-08-11,31,15:30,billing.email,Billing & payments,email,33.0,514.7,7.37,9.89
2026-08-11,32,16:00,billing.email,Billing & payments,email,40.0,514.7,11.49,11.51
2026-08-11,33,16:30,billing.email,Billing & payments,email,16.0,514.7,3.82,4.57
2026-08-11,34,17:00,billing.email,Billing & payments,email,11.0,514.7,3.46,3.05
2026-08-11,35,17:30,billing.email,Billing & payments,email,4.0,514.7,1.06,1.09
2026-08-12,16,08:00,billing.email,Billing & payments,email,8.0,525.7,2.3,2.36
2026-08-12,17,08:30,billing.email,Billing & payments,email,27.0,525.7,9.34,8.17
2026-08-12,18,09:00,billing.email,Billing & payments,email,32.0,525.7,13.09,9.39
2026-08-12,19,09:30,billing.email,Billing & payments,email,70.0,525.7,18.04,19.92
2026-08-12,20,10:00,billing.email,Billing & payments,email,39.0,525.7,10.33,11.99
2026-08-12,21,10:30,billing.email,Billing & payments,email,48.0,525.7,17.66,14.82
2026-08-12,22,11:00,billing.email,Billing & payments,email,44.0,525.7,11.87,12.74
2026-08-12,23,11:30,billing.email,Billing & payments,email,21.0,525.7,5.53,5.92
2026-08-12,24,12:00,billing.email,Billing & payments,email,15.0,525.7,4.52,4.35
2026-08-12,25,12:30,billing.email,Billing & payments,email,8.0,525.7,2.28,2.29
2026-08-12,26,13:00,billing.email,Billing & payments,email,22.0,525.7,7.12,7.13
2026-08-12,27,13:30,billing.email,Billing & payments,email,20.0,525.7,4.57,6.06
2026-08-12,28,14:00,billing.email,Billing & payments,email,33.0,525.7,8.32,10.64
2026-08-12,29,14:30,billing.email,Billing & payments,email,35.0,525.7,8.22,9.65
2026-08-12,30,15:00,billing.email,Billing & payments,email,27.0,525.7,8.83,8.02
2026-08-12,31,15:30,billing.email,Billing & payments,email,30.0,525.7,7.55,8.97
2026-08-12,32,16:00,billing.email,Billing & payments,email,19.0,525.7,4.61,5.63
2026-08-12,33,16:30,billing.email,Billing & payments,email,18.0,525.7,5.18,5.62
2026-08-12,34,17:00,billing.email,Billing & payments,email,7.0,525.7,2.41,1.99
2026-08-12,35,17:30,billing.email,Billing & payments,email,2.0,525.7,0.46,0.61
2026-08-13,16,08:00,billing.email,Billing & payments,email,21.0,516.3,6.03,6.55
2026-08-13,17,08:30,billing.email,Billing & payments,email,29.0,516.3,8.23,7.83
2026-08-13,18,09:00,billing.email,Billing & payments,email,32.0,516.3,7.77,8.61
2026-08-13,19,09:30,billing.email,Billing & payments,email,51.0,516.3,16.69,14.93
2026-08-13,20,10:00,billing.email,Billing & payments,email,60.0,516.3,19.35,17.62
2026-08-13,21,10:30,billing.email,Billing & payments,email,51.0,516.3,14.01,15.09
2026-08-13,22,11:00,billing.email,Billing & payments,email,42.0,516.3,10.03,11.54
2026-08-13,23,11:30,billing.email,Billing & payments,email,30.0,516.3,9.75,8.76
2026-08-13,24,12:00,billing.email,Billing & payments,email,19.0,516.3,5.73,5.32
2026-08-13,25,12:30,billing.email,Billing & payments,email,11.0,516.3,3.57,3.4
2026-08-13,26,13:00,billing.email,Billing & payments,email,10.0,516.3,2.57,2.96
2026-08-13,27,13:30,billing.email,Billing & payments,email,37.0,516.3,11.28,11.1
2026-08-13,28,14:00,billing.email,Billing & payments,email,47.0,516.3,14.93,12.74
2026-08-13,29,14:30,billing.email,Billing & payments,email,44.0,516.3,11.47,12.31
2026-08-13,30,15:00,billing.email,Billing & payments,email,36.0,516.3,8.37,9.96
2026-08-13,31,15:30,billing.email,Billing & payments,email,26.0,516.3,8.02,6.51
2026-08-13,32,16:00,billing.email,Billing & payments,email,25.0,516.3,6.77,6.95
2026-08-13,33,16:30,billing.email,Billing & payments,email,19.0,516.3,5.48,4.86
2026-08-13,34,17:00,billing.email,Billing & payments,email,10.0,516.3,3.04,2.81
2026-08-13,35,17:30,billing.email,Billing & payments,email,2.0,516.3,0.59,0.6
2026-08-14,16,08:00,billing.email,Billing & payments,email,11.0,487.6,3.0,2.77
2026-08-14,17,08:30,billing.email,Billing & payments,email,28.0,487.6,7.52,7.78
2026-08-14,18,09:00,billing.email,Billing & payments,email,51.0,487.6,9.54,13.0
2026-08-14,19,09:30,billing.email,Billing & payments,email,51.0,487.6,11.89,13.64
2026-08-14,20,10:00,billing.email,Billing & payments,email,61.0,487.6,17.77,17.43
2026-08-14,21,10:30,billing.email,Billing & payments,email,47.0,487.6,11.72,12.81
2026-08-14,22,11:00,billing.email,Billing & payments,email,49.0,487.6,12.45,12.61
2026-08-14,23,11:30,billing.email,Billing & payments,email,33.0,487.6,6.21,8.57
2026-08-14,24,12:00,billing.email,Billing & payments,email,21.0,487.6,4.9,5.45
2026-08-14,25,12:30,billing.email,Billing & payments,email,15.0,487.6,4.58,4.09
2026-08-14,26,13:00,billing.email,Billing & payments,email,12.0,487.6,3.96,3.36
2026-08-14,27,13:30,billing.email,Billing & payments,email,40.0,487.6,9.02,10.3
2026-08-14,28,14:00,billing.email,Billing & payments,email,51.0,487.6,8.87,14.15
2026-08-14,29,14:30,billing.email,Billing & payments,email,59.0,487.6,15.89,16.51
2026-08-14,30,15:00,billing.email,Billing & payments,email,41.0,487.6,11.74,10.72
2026-08-14,31,15:30,billing.email,Billing & payments,email,34.0,487.6,8.7,9.17
2026-08-14,32,16:00,billing.email,Billing & payments,email,20.0,487.6,5.32,5.51
2026-08-14,33,16:30,billing.email,Billing & payments,email,10.0,487.6,2.39,2.7
2026-08-14,34,17:00,billing.email,Billing & payments,email,13.0,487.6,3.25,3.39
2026-08-14,35,17:30,billing.email,Billing & payments,email,5.0,487.6,1.33,1.31
2026-07-20,16,08:00,billing.messaging,Billing & payments,messaging,9.0,332.5,1.56,1.58
2026-07-20,17,08:30,billing.messaging,Billing & payments,messaging,25.0,332.5,3.9,4.9
2026-07-20,18,09:00,billing.messaging,Billing & payments,messaging,31.0,332.5,5.36,5.7
2026-07-20,19,09:30,billing.messaging,Billing & payments,messaging,33.0,332.5,6.15,5.75
2026-07-20,20,10:00,billing.messaging,Billing & payments,messaging,47.0,332.5,9.77,8.65
2026-07-20,21,10:30,billing.messaging,Billing & payments,messaging,35.0,332.5,5.33,6.74
2026-07-20,22,11:00,billing.messaging,Billing & payments,messaging,24.0,332.5,3.91,4.62
2026-07-20,23,11:30,billing.messaging,Billing & payments,messaging,16.0,332.5,2.98,2.95
2026-07-20,24,12:00,billing.messaging,Billing & payments,messaging,13.0,332.5,2.02,2.53
2026-07-20,25,12:30,billing.messaging,Billing & payments,messaging,3.0,332.5,0.48,0.6
2026-07-20,26,13:00,billing.messaging,Billing & payments,messaging,11.0,332.5,2.3,2.05
2026-07-20,27,13:30,billing.messaging,Billing & payments,messaging,30.0,332.5,5.12,5.89
2026-07-20,28,14:00,billing.messaging,Billing & payments,messaging,32.0,332.5,6.52,5.54
2026-07-20,29,14:30,billing.messaging,Billing & payments,messaging,38.0,332.5,6.51,7.36
2026-07-20,30,15:00,billing.messaging,Billing & payments,messaging,36.0,332.5,6.84,6.64
2026-07-20,31,15:30,billing.messaging,Billing & payments,messaging,25.0,332.5,5.2,4.65
2026-07-20,32,16:00,billing.messaging,Billing & payments,messaging,29.0,332.5,5.93,5.26
2026-07-20,33,16:30,billing.messaging,Billing & payments,messaging,11.0,332.5,2.03,2.17
2026-07-20,34,17:00,billing.messaging,Billing & payments,messaging,5.0,332.5,0.93,0.91
2026-07-20,35,17:30,billing.messaging,Billing & payments,messaging,3.0,332.5,0.48,0.55
2026-07-21,16,08:00,billing.messaging,Billing & payments,messaging,10.0,317.6,1.1,1.75
2026-07-21,17,08:30,billing.messaging,Billing & payments,messaging,29.0,317.6,4.87,5.26
2026-07-21,18,09:00,billing.messaging,Billing & payments,messaging,43.0,317.6,8.64,7.81
2026-07-21,19,09:30,billing.messaging,Billing & payments,messaging,46.0,317.6,7.53,8.16
2026-07-21,20,10:00,billing.messaging,Billing & payments,messaging,43.0,317.6,6.83,7.85
2026-07-21,21,10:30,billing.messaging,Billing & payments,messaging,46.0,317.6,7.21,8.57
2026-07-21,22,11:00,billing.messaging,Billing & payments,messaging,25.0,317.6,4.03,4.4
2026-07-21,23,11:30,billing.messaging,Billing & payments,messaging,27.0,317.6,3.74,4.77
2026-07-21,24,12:00,billing.messaging,Billing & payments,messaging,7.0,317.6,1.43,1.24
2026-07-21,25,12:30,billing.messaging,Billing & payments,messaging,7.0,317.6,0.9,1.25
2026-07-21,26,13:00,billing.messaging,Billing & payments,messaging,12.0,317.6,1.63,2.16
2026-07-21,27,13:30,billing.messaging,Billing & payments,messaging,24.0,317.6,3.54,3.92
2026-07-21,28,14:00,billing.messaging,Billing & payments,messaging,38.0,317.6,8.5,7.04
2026-07-21,29,14:30,billing.messaging,Billing & payments,messaging,33.0,317.6,4.75,5.35
2026-07-21,30,15:00,billing.messaging,Billing & payments,messaging,39.0,317.6,7.07,7.18
2026-07-21,31,15:30,billing.messaging,Billing & payments,messaging,31.0,317.6,5.57,5.29
2026-07-21,32,16:00,billing.messaging,Billing & payments,messaging,21.0,317.6,3.52,3.71
2026-07-21,33,16:30,billing.messaging,Billing & payments,messaging,18.0,317.6,2.58,3.04
2026-07-21,34,17:00,billing.messaging,Billing & payments,messaging,4.0,317.6,0.58,0.74
2026-07-21,35,17:30,billing.messaging,Billing & payments,messaging,1.0,317.6,0.14,0.19
2026-07-22,16,08:00,billing.messaging,Billing & payments,messaging,8.0,326.3,1.17,1.41
2026-07-22,17,08:30,billing.messaging,Billing & payments,messaging,22.0,326.3,4.1,4.05
2026-07-22,18,09:00,billing.messaging,Billing & payments,messaging,31.0,326.3,5.48,5.13
2026-07-22,19,09:30,billing.messaging,Billing & payments,messaging,29.0,326.3,6.17,5.02
2026-07-22,20,10:00,billing.messaging,Billing & payments,messaging,31.0,326.3,6.04,5.56
2026-07-22,21,10:30,billing.messaging,Billing & payments,messaging,42.0,326.3,7.9,7.99
2026-07-22,22,11:00,billing.messaging,Billing & payments,messaging,25.0,326.3,5.06,4.49
2026-07-22,23,11:30,billing.messaging,Billing & payments,messaging,15.0,326.3,2.88,2.65
2026-07-22,24,12:00,billing.messaging,Billing & payments,messaging,8.0,326.3,1.3,1.35
2026-07-22,25,12:30,billing.messaging,Billing & payments,messaging,8.0,326.3,1.18,1.44
2026-07-22,26,13:00,billing.messaging,Billing & payments,messaging,9.0,326.3,1.42,1.63
2026-07-22,27,13:30,billing.messaging,Billing & payments,messaging,19.0,326.3,3.52,3.48
2026-07-22,28,14:00,billing.messaging,Billing & payments,messaging,33.0,326.3,6.52,5.91
2026-07-22,29,14:30,billing.messaging,Billing & payments,messaging,38.0,326.3,6.79,7.08
2026-07-22,30,15:00,billing.messaging,Billing & payments,messaging,27.0,326.3,4.86,5.48
2026-07-22,31,15:30,billing.messaging,Billing & payments,messaging,22.0,326.3,3.96,3.86
2026-07-22,32,16:00,billing.messaging,Billing & payments,messaging,21.0,326.3,3.46,3.89
2026-07-22,33,16:30,billing.messaging,Billing & payments,messaging,18.0,326.3,3.74,3.45
2026-07-22,34,17:00,billing.messaging,Billing & payments,messaging,2.0,326.3,0.28,0.37
2026-07-22,35,17:30,billing.messaging,Billing & payments,messaging,3.0,326.3,0.62,0.56
2026-07-23,16,08:00,billing.messaging,Billing & payments,messaging,8.0,314.1,1.32,1.46
2026-07-23,17,08:30,billing.messaging,Billing & payments,messaging,19.0,314.1,3.63,3.26
2026-07-23,18,09:00,billing.messaging,Billing & payments,messaging,21.0,314.1,2.5,3.72
2026-07-23,19,09:30,billing.messaging,Billing & payments,messaging,48.0,314.1,8.41,8.29
2026-07-23,20,10:00,billing.messaging,Billing & payments,messaging,41.0,314.1,7.78,7.25
2026-07-23,21,10:30,billing.messaging,Billing & payments,messaging,38.0,314.1,8.3,6.97
2026-07-23,22,11:00,billing.messaging,Billing & payments,messaging,27.0,314.1,6.01,4.55
2026-07-23,23,11:30,billing.messaging,Billing & payments,messaging,18.0,314.1,3.3,3.29
2026-07-23,24,12:00,billing.messaging,Billing & payments,messaging,13.0,314.1,2.32,2.26
2026-07-23,25,12:30,billing.messaging,Billing & payments,messaging,6.0,314.1,1.21,1.12
2026-07-23,26,13:00,billing.messaging,Billing & payments,messaging,15.0,314.1,2.72,2.71
2026-07-23,27,13:30,billing.messaging,Billing & payments,messaging,21.0,314.1,3.46,4.03
2026-07-23,28,14:00,billing.messaging,Billing & payments,messaging,33.0,314.1,4.17,6.25
2026-07-23,29,14:30,billing.messaging,Billing & payments,messaging,26.0,314.1,4.87,4.5
2026-07-23,30,15:00,billing.messaging,Billing & payments,messaging,33.0,314.1,3.75,5.3
2026-07-23,31,15:30,billing.messaging,Billing & payments,messaging,33.0,314.1,6.01,5.81
2026-07-23,32,16:00,billing.messaging,Billing & payments,messaging,16.0,314.1,2.89,2.81
2026-07-23,33,16:30,billing.messaging,Billing & payments,messaging,10.0,314.1,1.87,1.86
2026-07-23,34,17:00,billing.messaging,Billing & payments,messaging,3.0,314.1,0.46,0.55
2026-07-23,35,17:30,billing.messaging,Billing & payments,messaging,1.0,314.1,0.2,0.17
2026-07-24,16,08:00,billing.messaging,Billing & payments,messaging,10.0,317.1,1.63,1.89
2026-07-24,17,08:30,billing.messaging,Billing & payments,messaging,26.0,317.1,4.63,4.61
2026-07-24,18,09:00,billing.messaging,Billing & payments,messaging,28.0,317.1,3.34,4.78
2026-07-24,19,09:30,billing.messaging,Billing & payments,messaging,31.0,317.1,4.72,5.81
2026-07-24,20,10:00,billing.messaging,Billing & payments,messaging,38.0,317.1,6.55,7.18
2026-07-24,21,10:30,billing.messaging,Billing & payments,messaging,35.0,317.1,7.08,6.08
2026-07-24,22,11:00,billing.messaging,Billing & payments,messaging,26.0,317.1,5.15,4.84
2026-07-24,23,11:30,billing.messaging,Billing & payments,messaging,20.0,317.1,3.82,3.64
2026-07-24,24,12:00,billing.messaging,Billing & payments,messaging,11.0,317.1,1.88,2.0
2026-07-24,25,12:30,billing.messaging,Billing & payments,messaging,10.0,317.1,1.64,1.77
2026-07-24,26,13:00,billing.messaging,Billing & payments,messaging,13.0,317.1,2.6,2.27
2026-07-24,27,13:30,billing.messaging,Billing & payments,messaging,18.0,317.1,2.51,3.3
2026-07-24,28,14:00,billing.messaging,Billing & payments,messaging,36.0,317.1,6.33,6.52
2026-07-24,29,14:30,billing.messaging,Billing & payments,messaging,29.0,317.1,4.57,5.11
2026-07-24,30,15:00,billing.messaging,Billing & payments,messaging,35.0,317.1,6.13,6.14
2026-07-24,31,15:30,billing.messaging,Billing & payments,messaging,23.0,317.1,4.09,4.23
2026-07-24,32,16:00,billing.messaging,Billing & payments,messaging,14.0,317.1,2.4,2.37
2026-07-24,33,16:30,billing.messaging,Billing & payments,messaging,6.0,317.1,1.03,1.01
2026-07-24,34,17:00,billing.messaging,Billing & payments,messaging,5.0,317.1,0.87,0.97
2026-07-24,35,17:30,billing.messaging,Billing & payments,messaging,2.0,317.1,0.37,0.36
2026-07-25,17,08:30,billing.messaging,Billing & payments,messaging,8.0,311.6,1.66,1.37
2026-07-25,18,09:00,billing.messaging,Billing & payments,messaging,22.0,311.6,3.4,3.75
2026-07-25,19,09:30,billing.messaging,Billing & payments,messaging,21.0,311.6,4.13,3.72
2026-07-25,20,10:00,billing.messaging,Billing & payments,messaging,34.0,311.6,5.79,5.69
2026-07-25,21,10:30,billing.messaging,Billing & payments,messaging,28.0,311.6,4.8,4.78
2026-07-25,22,11:00,billing.messaging,Billing & payments,messaging,18.0,311.6,2.97,3.02
2026-07-25,23,11:30,billing.messaging,Billing & payments,messaging,26.0,311.6,4.41,4.53
2026-07-25,24,12:00,billing.messaging,Billing & payments,messaging,9.0,311.6,1.63,1.61
2026-07-25,25,12:30,billing.messaging,Billing & payments,messaging,2.0,311.6,0.28,0.36
2026-07-25,26,13:00,billing.messaging,Billing & payments,messaging,7.0,311.6,1.08,1.22
2026-07-27,16,08:00,billing.messaging,Billing & payments,messaging,17.0,341.8,2.85,3.1
2026-07-27,17,08:30,billing.messaging,Billing & payments,messaging,38.0,341.8,6.69,6.58
2026-07-27,18,09:00,billing.messaging,Billing & payments,messaging,66.0,341.8,11.28,11.46
2026-07-27,19,09:30,billing.messaging,Billing & payments,messaging,61.0,341.8,10.91,11.91
2026-07-27,20,10:00,billing.messaging,Billing & payments,messaging,79.0,341.8,14.95,13.96
2026-07-27,21,10:30,billing.messaging,Billing & payments,messaging,68.0,341.8,12.07,13.14
2026-07-27,22,11:00,billing.messaging,Billing & payments,messaging,61.0,341.8,12.47,12.28
2026-07-27,23,11:30,billing.messaging,Billing & payments,messaging,34.0,341.8,5.85,6.28
2026-07-27,24,12:00,billing.messaging,Billing & payments,messaging,19.0,341.8,3.61,3.27
2026-07-27,25,12:30,billing.messaging,Billing & payments,messaging,12.0,341.8,1.39,2.17
2026-07-27,26,13:00,billing.messaging,Billing & payments,messaging,27.0,341.8,3.68,4.92
2026-07-27,27,13:30,billing.messaging,Billing & payments,messaging,35.0,341.8,7.3,6.54
2026-07-27,28,14:00,billing.messaging,Billing & payments,messaging,69.0,341.8,12.73,13.14
2026-07-27,29,14:30,billing.messaging,Billing & payments,messaging,59.0,341.8,10.62,10.85
2026-07-27,30,15:00,billing.messaging,Billing & payments,messaging,57.0,341.8,12.3,11.34
2026-07-27,31,15:30,billing.messaging,Billing & payments,messaging,39.0,341.8,6.98,6.78
2026-07-27,32,16:00,billing.messaging,Billing & payments,messaging,40.0,341.8,7.95,7.01
2026-07-27,33,16:30,billing.messaging,Billing & payments,messaging,20.0,341.8,3.41,4.07
2026-07-27,34,17:00,billing.messaging,Billing & payments,messaging,8.0,341.8,1.38,1.66
2026-07-27,35,17:30,billing.messaging,Billing & payments,messaging,3.0,341.8,0.7,0.58
2026-07-28,16,08:00,billing.messaging,Billing & payments,messaging,16.0,316.5,2.74,2.75
2026-07-28,17,08:30,billing.messaging,Billing & payments,messaging,15.0,316.5,2.18,2.63
2026-07-28,18,09:00,billing.messaging,Billing & payments,messaging,32.0,316.5,4.99,5.33
2026-07-28,19,09:30,billing.messaging,Billing & payments,messaging,53.0,316.5,9.96,9.47
2026-07-28,20,10:00,billing.messaging,Billing & payments,messaging,58.0,316.5,10.22,10.57
2026-07-28,21,10:30,billing.messaging,Billing & payments,messaging,29.0,316.5,5.53,5.08
2026-07-28,22,11:00,billing.messaging,Billing & payments,messaging,21.0,316.5,4.19,4.06
2026-07-28,23,11:30,billing.messaging,Billing & payments,messaging,28.0,316.5,4.08,5.02
2026-07-28,24,12:00,billing.messaging,Billing & payments,messaging,11.0,316.5,1.98,1.86
2026-07-28,25,12:30,billing.messaging,Billing & payments,messaging,9.0,316.5,1.48,1.55
2026-07-28,26,13:00,billing.messaging,Billing & payments,messaging,18.0,316.5,3.11,3.46
2026-07-28,27,13:30,billing.messaging,Billing & payments,messaging,32.0,316.5,5.14,5.6
2026-07-28,28,14:00,billing.messaging,Billing & payments,messaging,40.0,316.5,5.68,6.92
2026-07-28,29,14:30,billing.messaging,Billing & payments,messaging,39.0,316.5,7.54,6.8
2026-07-28,30,15:00,billing.messaging,Billing & payments,messaging,50.0,316.5,9.16,8.27
2026-07-28,31,15:30,billing.messaging,Billing & payments,messaging,25.0,316.5,5.35,4.02
2026-07-28,32,16:00,billing.messaging,Billing & payments,messaging,20.0,316.5,3.54,3.67
2026-07-28,33,16:30,billing.messaging,Billing & payments,messaging,21.0,316.5,3.24,3.37
2026-07-28,34,17:00,billing.messaging,Billing & payments,messaging,6.0,316.5,0.84,0.95
2026-07-28,35,17:30,billing.messaging,Billing & payments,messaging,5.0,316.5,0.8,0.85
2026-07-29,16,08:00,billing.messaging,Billing & payments,messaging,3.0,316.4,0.52,0.53
2026-07-29,17,08:30,billing.messaging,Billing & payments,messaging,26.0,316.4,4.77,4.43
2026-07-29,18,09:00,billing.messaging,Billing & payments,messaging,28.0,316.4,5.22,4.93
2026-07-29,19,09:30,billing.messaging,Billing & payments,messaging,25.0,316.4,4.72,4.39
2026-07-29,20,10:00,billing.messaging,Billing & payments,messaging,37.0,316.4,6.38,6.17
2026-07-29,21,10:30,billing.messaging,Billing & payments,messaging,43.0,316.4,6.72,8.05
2026-07-29,22,11:00,billing.messaging,Billing & payments,messaging,21.0,316.4,2.83,3.61
2026-07-29,23,11:30,billing.messaging,Billing & payments,messaging,18.0,316.4,2.48,3.08
2026-07-29,24,12:00,billing.messaging,Billing & payments,messaging,10.0,316.4,1.59,1.67
2026-07-29,25,12:30,billing.messaging,Billing & payments,messaging,6.0,316.4,1.26,1.18
2026-07-29,26,13:00,billing.messaging,Billing & payments,messaging,5.0,316.4,0.78,0.84
2026-07-29,27,13:30,billing.messaging,Billing & payments,messaging,26.0,316.4,4.47,4.14
2026-07-29,28,14:00,billing.messaging,Billing & payments,messaging,24.0,316.4,4.45,4.19
2026-07-29,29,14:30,billing.messaging,Billing & payments,messaging,32.0,316.4,6.35,5.74
2026-07-29,30,15:00,billing.messaging,Billing & payments,messaging,24.0,316.4,4.76,4.19
2026-07-29,31,15:30,billing.messaging,Billing & payments,messaging,22.0,316.4,3.92,3.71
2026-07-29,32,16:00,billing.messaging,Billing & payments,messaging,13.0,316.4,2.04,2.33
2026-07-29,33,16:30,billing.messaging,Billing & payments,messaging,14.0,316.4,1.53,2.42
2026-07-29,34,17:00,billing.messaging,Billing & payments,messaging,8.0,316.4,1.06,1.45
2026-07-29,35,17:30,billing.messaging,Billing & payments,messaging,2.0,316.4,0.33,0.34
2026-07-30,16,08:00,billing.messaging,Billing & payments,messaging,2.0,317.3,0.32,0.36
2026-07-30,17,08:30,billing.messaging,Billing & payments,messaging,27.0,317.3,4.98,4.8
2026-07-30,18,09:00,billing.messaging,Billing & payments,messaging,36.0,317.3,5.49,6.19
2026-07-30,19,09:30,billing.messaging,Billing & payments,messaging,34.0,317.3,5.41,5.97
2026-07-30,20,10:00,billing.messaging,Billing & payments,messaging,34.0,317.3,5.01,6.12
2026-07-30,21,10:30,billing.messaging,Billing & payments,messaging,35.0,317.3,5.16,6.33
2026-07-30,22,11:00,billing.messaging,Billing & payments,messaging,32.0,317.3,5.45,5.74
2026-07-30,23,11:30,billing.messaging,Billing & payments,messaging,18.0,317.3,3.29,3.17
2026-07-30,24,12:00,billing.messaging,Billing & payments,messaging,10.0,317.3,1.38,1.8
2026-07-30,25,12:30,billing.messaging,Billing & payments,messaging,7.0,317.3,1.2,1.31
2026-07-30,26,13:00,billing.messaging,Billing & payments,messaging,12.0,317.3,2.29,1.95
2026-07-30,27,13:30,billing.messaging,Billing & payments,messaging,24.0,317.3,4.18,4.35
2026-07-30,28,14:00,billing.messaging,Billing & payments,messaging,35.0,317.3,5.31,6.11
2026-07-30,29,14:30,billing.messaging,Billing & payments,messaging,16.0,317.3,2.94,2.79
2026-07-30,30,15:00,billing.messaging,Billing & payments,messaging,26.0,317.3,3.64,4.54
2026-07-30,31,15:30,billing.messaging,Billing & payments,messaging,22.0,317.3,3.53,3.86
2026-07-30,32,16:00,billing.messaging,Billing & payments,messaging,13.0,317.3,2.11,2.26
2026-07-30,33,16:30,billing.messaging,Billing & payments,messaging,17.0,317.3,2.58,2.72
2026-07-30,34,17:00,billing.messaging,Billing & payments,messaging,4.0,317.3,0.67,0.75
2026-07-30,35,17:30,billing.messaging,Billing & payments,messaging,1.0,317.3,0.16,0.18
2026-07-31,16,08:00,billing.messaging,Billing & payments,messaging,10.0,317.4,1.95,1.76
2026-07-31,17,08:30,billing.messaging,Billing & payments,messaging,27.0,317.4,5.69,4.54
2026-07-31,18,09:00,billing.messaging,Billing & payments,messaging,48.0,317.4,8.95,8.97
2026-07-31,19,09:30,billing.messaging,Billing & payments,messaging,50.0,317.4,11.96,8.69
2026-07-31,20,10:00,billing.messaging,Billing & payments,messaging,47.0,317.4,8.65,7.88
2026-07-31,21,10:30,billing.messaging,Billing & payments,messaging,38.0,317.4,7.37,7.42
2026-07-31,22,11:00,billing.messaging,Billing & payments,messaging,34.0,317.4,5.49,5.78
2026-07-31,23,11:30,billing.messaging,Billing & payments,messaging,12.0,317.4,2.11,2.27
2026-07-31,24,12:00,billing.messaging,Billing & payments,messaging,10.0,317.4,1.69,1.82
2026-07-31,25,12:30,billing.messaging,Billing & payments,messaging,11.0,317.4,1.99,1.85
2026-07-31,26,13:00,billing.messaging,Billing & payments,messaging,6.0,317.4,1.34,0.97
2026-07-31,27,13:30,billing.messaging,Billing & payments,messaging,30.0,317.4,5.85,5.36
2026-07-31,28,14:00,billing.messaging,Billing & payments,messaging,41.0,317.4,7.38,6.86
2026-07-31,29,14:30,billing.messaging,Billing & payments,messaging,38.0,317.4,6.78,6.95
2026-07-31,30,15:00,billing.messaging,Billing & payments,messaging,34.0,317.4,5.4,6.12
2026-07-31,31,15:30,billing.messaging,Billing & payments,messaging,27.0,317.4,4.36,4.44
2026-07-31,32,16:00,billing.messaging,Billing & payments,messaging,11.0,317.4,1.92,1.79
2026-07-31,33,16:30,billing.messaging,Billing & payments,messaging,11.0,317.4,1.94,1.76
2026-07-31,34,17:00,billing.messaging,Billing & payments,messaging,5.0,317.4,0.83,0.88
2026-07-31,35,17:30,billing.messaging,Billing & payments,messaging,0.0,317.4,0.0,0.0
2026-08-01,17,08:30,billing.messaging,Billing & payments,messaging,5.0,310.2,0.67,0.87
2026-08-01,18,09:00,billing.messaging,Billing & payments,messaging,27.0,310.2,4.74,4.75
2026-08-01,19,09:30,billing.messaging,Billing & payments,messaging,28.0,310.2,3.29,4.72
2026-08-01,20,10:00,billing.messaging,Billing & payments,messaging,17.0,310.2,3.38,2.81
2026-08-01,21,10:30,billing.messaging,Billing & payments,messaging,28.0,310.2,4.14,4.79
2026-08-01,22,11:00,billing.messaging,Billing & payments,messaging,36.0,310.2,5.67,6.42
2026-08-01,23,11:30,billing.messaging,Billing & payments,messaging,19.0,310.2,3.64,3.0
2026-08-01,24,12:00,billing.messaging,Billing & payments,messaging,9.0,310.2,1.26,1.61
2026-08-01,25,12:30,billing.messaging,Billing & payments,messaging,4.0,310.2,0.81,0.67
2026-08-01,26,13:00,billing.messaging,Billing & payments,messaging,4.0,310.2,0.57,0.72
2026-08-03,16,08:00,billing.messaging,Billing & payments,messaging,14.0,333.5,2.78,2.55
2026-08-03,17,08:30,billing.messaging,Billing & payments,messaging,37.0,333.5,7.9,7.0
2026-08-03,18,09:00,billing.messaging,Billing & payments,messaging,47.0,333.5,9.21,8.74
2026-08-03,19,09:30,billing.messaging,Billing & payments,messaging,38.0,333.5,6.49,7.5
2026-08-03,20,10:00,billing.messaging,Billing & payments,messaging,60.0,333.5,11.76,11.8
2026-08-03,21,10:30,billing.messaging,Billing & payments,messaging,36.0,333.5,5.83,6.38
2026-08-03,22,11:00,billing.messaging,Billing & payments,messaging,39.0,333.5,7.98,7.15
2026-08-03,23,11:30,billing.messaging,Billing & payments,messaging,28.0,333.5,5.98,4.92
2026-08-03,24,12:00,billing.messaging,Billing & payments,messaging,17.0,333.5,3.07,3.0
2026-08-03,25,12:30,billing.messaging,Billing & payments,messaging,10.0,333.5,2.2,1.83
2026-08-03,26,13:00,billing.messaging,Billing & payments,messaging,15.0,333.5,2.12,2.78
2026-08-03,27,13:30,billing.messaging,Billing & payments,messaging,14.0,333.5,2.84,2.53
2026-08-03,28,14:00,billing.messaging,Billing & payments,messaging,51.0,333.5,10.17,9.47
2026-08-03,29,14:30,billing.messaging,Billing & payments,messaging,58.0,333.5,10.44,11.63
2026-08-03,30,15:00,billing.messaging,Billing & payments,messaging,28.0,333.5,5.17,5.27
2026-08-03,31,15:30,billing.messaging,Billing & payments,messaging,23.0,333.5,4.42,4.34
2026-08-03,32,16:00,billing.messaging,Billing & payments,messaging,22.0,333.5,4.1,3.89
2026-08-03,33,16:30,billing.messaging,Billing & payments,messaging,16.0,333.5,2.79,3.11
2026-08-03,34,17:00,billing.messaging,Billing & payments,messaging,5.0,333.5,0.99,0.94
2026-08-03,35,17:30,billing.messaging,Billing & payments,messaging,2.0,333.5,0.41,0.32
2026-08-04,16,08:00,billing.messaging,Billing & payments,messaging,6.0,312.1,1.18,1.02
2026-08-04,17,08:30,billing.messaging,Billing & payments,messaging,26.0,312.1,4.35,3.94
2026-08-04,18,09:00,billing.messaging,Billing & payments,messaging,31.0,312.1,5.66,5.95
2026-08-04,19,09:30,billing.messaging,Billing & payments,messaging,42.0,312.1,8.05,6.9
2026-08-04,20,10:00,billing.messaging,Billing & payments,messaging,40.0,312.1,6.41,7.09
2026-08-04,21,10:30,billing.messaging,Billing & payments,messaging,42.0,312.1,6.82,7.38
2026-08-04,22,11:00,billing.messaging,Billing & payments,messaging,27.0,312.1,5.45,4.53
2026-08-04,23,11:30,billing.messaging,Billing & payments,messaging,21.0,312.1,1.94,3.82
2026-08-04,24,12:00,billing.messaging,Billing & payments,messaging,10.0,312.1,2.02,1.66
2026-08-04,25,12:30,billing.messaging,Billing & payments,messaging,9.0,312.1,1.14,1.64
2026-08-04,26,13:00,billing.messaging,Billing & payments,messaging,9.0,312.1,1.72,1.61
2026-08-04,27,13:30,billing.messaging,Billing & payments,messaging,24.0,312.1,3.57,4.53
2026-08-04,28,14:00,billing.messaging,Billing & payments,messaging,42.0,312.1,7.39,7.44
2026-08-04,29,14:30,billing.messaging,Billing & payments,messaging,26.0,312.1,5.12,4.59
2026-08-04,30,15:00,billing.messaging,Billing & payments,messaging,33.0,312.1,5.41,5.54
2026-08-04,31,15:30,billing.messaging,Billing & payments,messaging,39.0,312.1,6.84,6.9
2026-08-04,32,16:00,billing.messaging,Billing & payments,messaging,13.0,312.1,2.41,2.33
2026-08-04,33,16:30,billing.messaging,Billing & payments,messaging,8.0,312.1,1.42,1.41
2026-08-04,34,17:00,billing.messaging,Billing & payments,messaging,5.0,312.1,0.92,0.86
2026-08-04,35,17:30,billing.messaging,Billing & payments,messaging,4.0,312.1,0.59,0.69
2026-08-05,16,08:00,billing.messaging,Billing & payments,messaging,8.0,323.0,1.3,1.44
2026-08-05,17,08:30,billing.messaging,Billing & payments,messaging,20.0,323.0,3.41,3.62
2026-08-05,18,09:00,billing.messaging,Billing & payments,messaging,23.0,323.0,4.56,4.4
2026-08-05,19,09:30,billing.messaging,Billing & payments,messaging,33.0,323.0,5.9,5.81
2026-08-05,20,10:00,billing.messaging,Billing & payments,messaging,33.0,323.0,6.18,5.82
2026-08-05,21,10:30,billing.messaging,Billing & payments,messaging,45.0,323.0,9.21,8.22
2026-08-05,22,11:00,billing.messaging,Billing & payments,messaging,15.0,323.0,2.77,2.71
2026-08-05,23,11:30,billing.messaging,Billing & payments,messaging,18.0,323.0,2.63,3.42
2026-08-05,24,12:00,billing.messaging,Billing & payments,messaging,10.0,323.0,1.64,1.74
2026-08-05,25,12:30,billing.messaging,Billing & payments,messaging,6.0,323.0,1.18,1.01
2026-08-05,26,13:00,billing.messaging,Billing & payments,messaging,11.0,323.0,1.66,2.23
2026-08-05,27,13:30,billing.messaging,Billing & payments,messaging,19.0,323.0,3.31,3.46
2026-08-05,28,14:00,billing.messaging,Billing & payments,messaging,26.0,323.0,4.12,4.61
2026-08-05,29,14:30,billing.messaging,Billing & payments,messaging,40.0,323.0,5.93,6.84
2026-08-05,30,15:00,billing.messaging,Billing & payments,messaging,30.0,323.0,5.59,5.77
2026-08-05,31,15:30,billing.messaging,Billing & payments,messaging,33.0,323.0,6.31,6.43
2026-08-05,32,16:00,billing.messaging,Billing & payments,messaging,13.0,323.0,2.48,2.36
2026-08-05,33,16:30,billing.messaging,Billing & payments,messaging,16.0,323.0,2.69,2.73
2026-08-05,34,17:00,billing.messaging,Billing & payments,messaging,7.0,323.0,1.31,1.27
2026-08-05,35,17:30,billing.messaging,Billing & payments,messaging,3.0,323.0,0.53,0.51
2026-08-06,16,08:00,billing.messaging,Billing & payments,messaging,6.0,326.3,1.04,1.06
2026-08-06,17,08:30,billing.messaging,Billing & payments,messaging,18.0,326.3,3.34,3.35
2026-08-06,18,09:00,billing.messaging,Billing & payments,messaging,13.0,326.3,2.42,2.29
2026-08-06,19,09:30,billing.messaging,Billing & payments,messaging,34.0,326.3,5.52,5.66
2026-08-06,20,10:00,billing.messaging,Billing & payments,messaging,26.0,326.3,4.63,4.78
2026-08-06,21,10:30,billing.messaging,Billing & payments,messaging,29.0,326.3,4.73,4.89
2026-08-06,22,11:00,billing.messaging,Billing & payments,messaging,17.0,326.3,2.91,3.18
2026-08-06,23,11:30,billing.messaging,Billing & payments,messaging,19.0,326.3,3.79,3.63
2026-08-06,24,12:00,billing.messaging,Billing & payments,messaging,9.0,326.3,1.74,1.63
2026-08-06,25,12:30,billing.messaging,Billing & payments,messaging,8.0,326.3,1.55,1.27
2026-08-06,26,13:00,billing.messaging,Billing & payments,messaging,10.0,326.3,2.07,1.66
2026-08-06,27,13:30,billing.messaging,Billing & payments,messaging,14.0,326.3,2.42,2.64
2026-08-06,28,14:00,billing.messaging,Billing & payments,messaging,25.0,326.3,4.77,5.06
2026-08-06,29,14:30,billing.messaging,Billing & payments,messaging,27.0,326.3,4.48,4.68
2026-08-06,30,15:00,billing.messaging,Billing & payments,messaging,29.0,326.3,5.49,5.39
2026-08-06,31,15:30,billing.messaging,Billing & payments,messaging,22.0,326.3,4.32,4.15
2026-08-06,32,16:00,billing.messaging,Billing & payments,messaging,13.0,326.3,2.38,2.37
2026-08-06,33,16:30,billing.messaging,Billing & payments,messaging,15.0,326.3,2.87,2.85
2026-08-06,34,17:00,billing.messaging,Billing & payments,messaging,4.0,326.3,0.88,0.73
2026-08-06,35,17:30,billing.messaging,Billing & payments,messaging,5.0,326.3,0.86,0.9
2026-08-07,16,08:00,billing.messaging,Billing & payments,messaging,0.0,326.4,0.0,0.0
2026-08-07,17,08:30,billing.messaging,Billing & payments,messaging,23.0,326.4,4.89,4.1
2026-08-07,18,09:00,billing.messaging,Billing & payments,messaging,26.0,326.4,4.43,4.76
2026-08-07,19,09:30,billing.messaging,Billing & payments,messaging,45.0,326.4,8.25,7.61
2026-08-07,20,10:00,billing.messaging,Billing & payments,messaging,45.0,326.4,8.62,7.45
2026-08-07,21,10:30,billing.messaging,Billing & payments,messaging,19.0,326.4,3.56,3.73
2026-08-07,22,11:00,billing.messaging,Billing & payments,messaging,23.0,326.4,5.6,4.28
2026-08-07,23,11:30,billing.messaging,Billing & payments,messaging,17.0,326.4,2.71,3.1
2026-08-07,24,12:00,billing.messaging,Billing & payments,messaging,18.0,326.4,3.11,3.6
2026-08-07,25,12:30,billing.messaging,Billing & payments,messaging,2.0,326.4,0.33,0.38
2026-08-07,26,13:00,billing.messaging,Billing & payments,messaging,11.0,326.4,1.87,2.0
2026-08-07,27,13:30,billing.messaging,Billing & payments,messaging,19.0,326.4,3.62,3.41
2026-08-07,28,14:00,billing.messaging,Billing & payments,messaging,22.0,326.4,4.26,3.78
2026-08-07,29,14:30,billing.messaging,Billing & payments,messaging,34.0,326.4,5.15,6.02
2026-08-07,30,15:00,billing.messaging,Billing & payments,messaging,24.0,326.4,4.23,4.49
2026-08-07,31,15:30,billing.messaging,Billing & payments,messaging,17.0,326.4,3.04,3.19
2026-08-07,32,16:00,billing.messaging,Billing & payments,messaging,17.0,326.4,2.34,3.24
2026-08-07,33,16:30,billing.messaging,Billing & payments,messaging,9.0,326.4,1.74,1.61
2026-08-07,34,17:00,billing.messaging,Billing & payments,messaging,3.0,326.4,0.56,0.53
2026-08-07,35,17:30,billing.messaging,Billing & payments,messaging,3.0,326.4,0.5,0.55
2026-08-08,17,08:30,billing.messaging,Billing & payments,messaging,8.0,301.6,1.62,1.34
2026-08-08,18,09:00,billing.messaging,Billing & payments,messaging,21.0,301.6,3.02,3.66
2026-08-08,19,09:30,billing.messaging,Billing & payments,messaging,22.0,301.6,3.8,3.35
2026-08-08,20,10:00,billing.messaging,Billing & payments,messaging,22.0,301.6,3.52,3.74
2026-08-08,21,10:30,billing.messaging,Billing & payments,messaging,27.0,301.6,4.58,4.42
2026-08-08,22,11:00,billing.messaging,Billing & payments,messaging,14.0,301.6,2.41,2.44
2026-08-08,23,11:30,billing.messaging,Billing & payments,messaging,18.0,301.6,2.68,3.06
2026-08-08,24,12:00,billing.messaging,Billing & payments,messaging,6.0,301.6,0.83,1.04
2026-08-08,25,12:30,billing.messaging,Billing & payments,messaging,2.0,301.6,0.38,0.34
2026-08-08,26,13:00,billing.messaging,Billing & payments,messaging,7.0,301.6,1.32,1.17
2026-08-10,16,08:00,billing.messaging,Billing & payments,messaging,9.0,328.0,1.44,1.64
2026-08-10,17,08:30,billing.messaging,Billing & payments,messaging,28.0,328.0,5.99,5.39
2026-08-10,18,09:00,billing.messaging,Billing & payments,messaging,37.0,328.0,6.75,7.24
2026-08-10,19,09:30,billing.messaging,Billing & payments,messaging,37.0,328.0,5.89,7.07
2026-08-10,20,10:00,billing.messaging,Billing & payments,messaging,37.0,328.0,6.73,6.45
2026-08-10,21,10:30,billing.messaging,Billing & payments,messaging,43.0,328.0,9.18,7.55
2026-08-10,22,11:00,billing.messaging,Billing & payments,messaging,30.0,328.0,4.22,4.85
2026-08-10,23,11:30,billing.messaging,Billing & payments,messaging,23.0,328.0,4.69,4.49
2026-08-10,24,12:00,billing.messaging,Billing & payments,messaging,18.0,328.0,3.22,3.22
2026-08-10,25,12:30,billing.messaging,Billing & payments,messaging,9.0,328.0,1.74,1.5
2026-08-10,26,13:00,billing.messaging,Billing & payments,messaging,27.0,328.0,4.26,5.2
2026-08-10,27,13:30,billing.messaging,Billing & payments,messaging,26.0,328.0,4.8,4.61
2026-08-10,28,14:00,billing.messaging,Billing & payments,messaging,33.0,328.0,5.05,4.94
2026-08-10,29,14:30,billing.messaging,Billing & payments,messaging,42.0,328.0,7.32,8.3
2026-08-10,30,15:00,billing.messaging,Billing & payments,messaging,37.0,328.0,5.01,6.98
2026-08-10,31,15:30,billing.messaging,Billing & payments,messaging,18.0,328.0,3.5,3.54
2026-08-10,32,16:00,billing.messaging,Billing & payments,messaging,16.0,328.0,3.27,2.91
2026-08-10,33,16:30,billing.messaging,Billing & payments,messaging,24.0,328.0,4.06,4.53
2026-08-10,34,17:00,billing.messaging,Billing & payments,messaging,1.0,328.0,0.22,0.18
2026-08-10,35,17:30,billing.messaging,Billing & payments,messaging,3.0,328.0,0.47,0.54
2026-08-11,16,08:00,billing.messaging,Billing & payments,messaging,10.0,320.2,1.46,1.9
2026-08-11,17,08:30,billing.messaging,Billing & payments,messaging,24.0,320.2,3.59,3.91
2026-08-11,18,09:00,billing.messaging,Billing & payments,messaging,30.0,320.2,3.41,5.18
2026-08-11,19,09:30,billing.messaging,Billing & payments,messaging,37.0,320.2,5.77,6.81
2026-08-11,20,10:00,billing.messaging,Billing & payments,messaging,42.0,320.2,6.46,7.1
2026-08-11,21,10:30,billing.messaging,Billing & payments,messaging,42.0,320.2,8.62,7.39
2026-08-11,22,11:00,billing.messaging,Billing & payments,messaging,35.0,320.2,6.9,6.26
2026-08-11,23,11:30,billing.messaging,Billing & payments,messaging,26.0,320.2,5.58,4.83
2026-08-11,24,12:00,billing.messaging,Billing & payments,messaging,10.0,320.2,1.86,1.82
2026-08-11,25,12:30,billing.messaging,Billing & payments,messaging,2.0,320.2,0.3,0.34
2026-08-11,26,13:00,billing.messaging,Billing & payments,messaging,15.0,320.2,1.99,2.57
2026-08-11,27,13:30,billing.messaging,Billing & payments,messaging,23.0,320.2,4.06,4.47
2026-08-11,28,14:00,billing.messaging,Billing & payments,messaging,23.0,320.2,4.66,3.8
2026-08-11,29,14:30,billing.messaging,Billing & payments,messaging,49.0,320.2,8.56,8.15
2026-08-11,30,15:00,billing.messaging,Billing & payments,messaging,50.0,320.2,8.41,9.07
2026-08-11,31,15:30,billing.messaging,Billing & payments,messaging,35.0,320.2,5.64,6.48
2026-08-11,32,16:00,billing.messaging,Billing & payments,messaging,23.0,320.2,4.2,4.35
2026-08-11,33,16:30,billing.messaging,Billing & payments,messaging,12.0,320.2,2.05,2.12
2026-08-11,34,17:00,billing.messaging,Billing & payments,messaging,3.0,320.2,0.59,0.54
2026-08-11,35,17:30,billing.messaging,Billing & payments,messaging,2.0,320.2,0.29,0.37
2026-08-12,16,08:00,billing.messaging,Billing & payments,messaging,5.0,316.6,0.99,0.84
2026-08-12,17,08:30,billing.messaging,Billing & payments,messaging,28.0,316.6,4.47,4.71
2026-08-12,18,09:00,billing.messaging,Billing & payments,messaging,34.0,316.6,5.2,5.27
2026-08-12,19,09:30,billing.messaging,Billing & payments,messaging,33.0,316.6,5.03,6.15
2026-08-12,20,10:00,billing.messaging,Billing & payments,messaging,41.0,316.6,7.02,7.05
2026-08-12,21,10:30,billing.messaging,Billing & payments,messaging,24.0,316.6,3.68,4.1
2026-08-12,22,11:00,billing.messaging,Billing & payments,messaging,31.0,316.6,5.94,5.58
2026-08-12,23,11:30,billing.messaging,Billing & payments,messaging,21.0,316.6,3.11,3.92
2026-08-12,24,12:00,billing.messaging,Billing & payments,messaging,16.0,316.6,2.11,3.01
2026-08-12,25,12:30,billing.messaging,Billing & payments,messaging,10.0,316.6,1.68,1.89
2026-08-12,26,13:00,billing.messaging,Billing & payments,messaging,18.0,316.6,2.85,3.15
2026-08-12,27,13:30,billing.messaging,Billing & payments,messaging,24.0,316.6,4.31,4.66
2026-08-12,28,14:00,billing.messaging,Billing & payments,messaging,17.0,316.6,3.47,2.93
2026-08-12,29,14:30,billing.messaging,Billing & payments,messaging,33.0,316.6,6.39,5.7
2026-08-12,30,15:00,billing.messaging,Billing & payments,messaging,31.0,316.6,5.62,5.46
2026-08-12,31,15:30,billing.messaging,Billing & payments,messaging,28.0,316.6,6.05,5.28
2026-08-12,32,16:00,billing.messaging,Billing & payments,messaging,13.0,316.6,2.3,2.28
2026-08-12,33,16:30,billing.messaging,Billing & payments,messaging,11.0,316.6,1.65,1.87
2026-08-12,34,17:00,billing.messaging,Billing & payments,messaging,5.0,316.6,0.85,0.92
2026-08-12,35,17:30,billing.messaging,Billing & payments,messaging,3.0,316.6,0.43,0.53
2026-08-13,16,08:00,billing.messaging,Billing & payments,messaging,10.0,318.5,1.23,1.62
2026-08-13,17,08:30,billing.messaging,Billing & payments,messaging,21.0,318.5,3.85,4.1
2026-08-13,18,09:00,billing.messaging,Billing & payments,messaging,26.0,318.5,4.0,4.79
2026-08-13,19,09:30,billing.messaging,Billing & payments,messaging,38.0,318.5,6.44,6.54
2026-08-13,20,10:00,billing.messaging,Billing & payments,messaging,32.0,318.5,5.33,5.94
2026-08-13,21,10:30,billing.messaging,Billing & payments,messaging,38.0,318.5,5.03,6.51
2026-08-13,22,11:00,billing.messaging,Billing & payments,messaging,38.0,318.5,6.94,6.34
2026-08-13,23,11:30,billing.messaging,Billing & payments,messaging,22.0,318.5,3.64,3.79
2026-08-13,24,12:00,billing.messaging,Billing & payments,messaging,14.0,318.5,2.66,2.33
2026-08-13,25,12:30,billing.messaging,Billing & payments,messaging,5.0,318.5,0.66,0.9
2026-08-13,26,13:00,billing.messaging,Billing & payments,messaging,9.0,318.5,1.77,1.43
2026-08-13,27,13:30,billing.messaging,Billing & payments,messaging,21.0,318.5,3.3,4.08
2026-08-13,28,14:00,billing.messaging,Billing & payments,messaging,14.0,318.5,2.04,2.35
2026-08-13,29,14:30,billing.messaging,Billing & payments,messaging,31.0,318.5,5.36,5.33
2026-08-13,30,15:00,billing.messaging,Billing & payments,messaging,32.0,318.5,5.91,5.67
2026-08-13,31,15:30,billing.messaging,Billing & payments,messaging,21.0,318.5,3.07,3.76
2026-08-13,32,16:00,billing.messaging,Billing & payments,messaging,18.0,318.5,3.29,2.91
2026-08-13,33,16:30,billing.messaging,Billing & payments,messaging,19.0,318.5,2.74,3.45
2026-08-13,34,17:00,billing.messaging,Billing & payments,messaging,3.0,318.5,0.55,0.59
2026-08-13,35,17:30,billing.messaging,Billing & payments,messaging,3.0,318.5,0.54,0.52
2026-08-14,16,08:00,billing.messaging,Billing & payments,messaging,2.0,315.7,0.41,0.35
2026-08-14,17,08:30,billing.messaging,Billing & payments,messaging,25.0,315.7,3.99,4.42
2026-08-14,18,09:00,billing.messaging,Billing & payments,messaging,23.0,315.7,3.45,4.26
2026-08-14,19,09:30,billing.messaging,Billing & payments,messaging,36.0,315.7,5.4,6.44
2026-08-14,20,10:00,billing.messaging,Billing & payments,messaging,44.0,315.7,8.59,8.22
2026-08-14,21,10:30,billing.messaging,Billing & payments,messaging,24.0,315.7,3.49,4.15
2026-08-14,22,11:00,billing.messaging,Billing & payments,messaging,24.0,315.7,4.34,4.66
2026-08-14,23,11:30,billing.messaging,Billing & payments,messaging,17.0,315.7,2.84,3.23
2026-08-14,24,12:00,billing.messaging,Billing & payments,messaging,7.0,315.7,1.25,1.27
2026-08-14,25,12:30,billing.messaging,Billing & payments,messaging,9.0,315.7,1.63,1.56
2026-08-14,26,13:00,billing.messaging,Billing & payments,messaging,10.0,315.7,1.96,1.66
2026-08-14,27,13:30,billing.messaging,Billing & payments,messaging,29.0,315.7,5.93,5.34
2026-08-14,28,14:00,billing.messaging,Billing & payments,messaging,26.0,315.7,4.79,4.75
2026-08-14,29,14:30,billing.messaging,Billing & payments,messaging,26.0,315.7,4.88,4.66
2026-08-14,30,15:00,billing.messaging,Billing & payments,messaging,12.0,315.7,2.23,2.1
2026-08-14,31,15:30,billing.messaging,Billing & payments,messaging,24.0,315.7,4.05,3.99
2026-08-14,32,16:00,billing.messaging,Billing & payments,messaging,19.0,315.7,3.05,3.49
2026-08-14,33,16:30,billing.messaging,Billing & payments,messaging,6.0,315.7,1.16,1.16
2026-08-14,34,17:00,billing.messaging,Billing & payments,messaging,2.0,315.7,0.33,0.35
2026-08-14,35,17:30,billing.messaging,Billing & payments,messaging,2.0,315.7,0.33,0.36
2026-08-15,17,08:30,billing.messaging,Billing & payments,messaging,9.0,303.3,1.57,1.43
2026-08-15,18,09:00,billing.messaging,Billing & payments,messaging,36.0,303.3,4.39,5.95
2026-08-15,19,09:30,billing.messaging,Billing & payments,messaging,27.0,303.3,5.56,4.57
2026-08-15,20,10:00,billing.messaging,Billing & payments,messaging,36.0,303.3,5.43,6.15
2026-08-15,21,10:30,billing.messaging,Billing & payments,messaging,29.0,303.3,5.12,5.05
2026-08-15,22,11:00,billing.messaging,Billing & payments,messaging,20.0,303.3,2.69,3.64
2026-08-15,23,11:30,billing.messaging,Billing & payments,messaging,15.0,303.3,2.47,2.7
2026-08-15,24,12:00,billing.messaging,Billing & payments,messaging,7.0,303.3,1.38,1.19
2026-08-15,25,12:30,billing.messaging,Billing & payments,messaging,3.0,303.3,0.48,0.46
2026-08-15,26,13:00,billing.messaging,Billing & payments,messaging,0.0,303.3,0.0,0.0
2026-07-20,16,08:00,metering.voice,Metering,voice,19.0,446.2,4.63,4.85
2026-07-20,17,08:30,metering.voice,Metering,voice,72.0,446.2,22.03,17.85
2026-07-20,18,09:00,metering.voice,Metering,voice,90.0,446.2,25.5,21.11
2026-07-20,19,09:30,metering.voice,Metering,voice,92.0,446.2,20.87,21.33
2026-07-20,20,10:00,metering.voice,Metering,voice,120.0,446.2,30.07,29.72
2026-07-20,21,10:30,metering.voice,Metering,voice,100.0,446.2,22.28,23.98
2026-07-20,22,11:00,metering.voice,Metering,voice,76.0,446.2,14.89,20.45
2026-07-20,23,11:30,metering.voice,Metering,voice,53.0,446.2,11.42,12.61
2026-07-20,24,12:00,metering.voice,Metering,voice,31.0,446.2,6.19,7.64
2026-07-20,25,12:30,metering.voice,Metering,voice,19.0,446.2,3.68,4.97
2026-07-20,26,13:00,metering.voice,Metering,voice,36.0,446.2,10.76,9.81
2026-07-20,27,13:30,metering.voice,Metering,voice,53.0,446.2,11.87,12.49
2026-07-20,28,14:00,metering.voice,Metering,voice,71.0,446.2,9.27,18.39
2026-07-20,29,14:30,metering.voice,Metering,voice,89.0,446.2,20.97,20.84
2026-07-20,30,15:00,metering.voice,Metering,voice,79.0,446.2,19.95,19.08
2026-07-20,31,15:30,metering.voice,Metering,voice,67.0,446.2,16.71,15.89
2026-07-20,32,16:00,metering.voice,Metering,voice,46.0,446.2,12.1,11.05
2026-07-20,33,16:30,metering.voice,Metering,voice,48.0,446.2,11.75,11.18
2026-07-20,34,17:00,metering.voice,Metering,voice,10.0,446.2,2.41,2.56
2026-07-20,35,17:30,metering.voice,Metering,voice,7.0,446.2,1.88,1.78
2026-07-21,16,08:00,metering.voice,Metering,voice,7.0,430.5,1.76,1.59
2026-07-21,17,08:30,metering.voice,Metering,voice,60.0,430.5,14.87,14.1
2026-07-21,18,09:00,metering.voice,Metering,voice,75.0,430.5,18.14,18.42
2026-07-21,19,09:30,metering.voice,Metering,voice,100.0,430.5,21.53,24.17
2026-07-21,20,10:00,metering.voice,Metering,voice,102.0,430.5,21.06,24.61
2026-07-21,21,10:30,metering.voice,Metering,voice,82.0,430.5,16.85,18.33
2026-07-21,22,11:00,metering.voice,Metering,voice,63.0,430.5,13.01,15.11
2026-07-21,23,11:30,metering.voice,Metering,voice,63.0,430.5,15.55,14.16
2026-07-21,24,12:00,metering.voice,Metering,voice,28.0,430.5,5.61,7.04
2026-07-21,25,12:30,metering.voice,Metering,voice,15.0,430.5,2.89,3.41
2026-07-21,26,13:00,metering.voice,Metering,voice,26.0,430.5,6.07,6.48
2026-07-21,27,13:30,metering.voice,Metering,voice,56.0,430.5,15.71,14.34
2026-07-21,28,14:00,metering.voice,Metering,voice,70.0,430.5,14.82,16.12
2026-07-21,29,14:30,metering.voice,Metering,voice,82.0,430.5,19.16,18.77
2026-07-21,30,15:00,metering.voice,Metering,voice,54.0,430.5,13.85,12.01
2026-07-21,31,15:30,metering.voice,Metering,voice,42.0,430.5,9.83,10.72
2026-07-21,32,16:00,metering.voice,Metering,voice,63.0,430.5,19.13,15.85
2026-07-21,33,16:30,metering.voice,Metering,voice,40.0,430.5,9.45,9.8
2026-07-21,34,17:00,metering.voice,Metering,voice,17.0,430.5,4.2,4.21
2026-07-21,35,17:30,metering.voice,Metering,voice,4.0,430.5,1.07,0.97
2026-07-22,16,08:00,metering.voice,Metering,voice,22.0,422.4,4.94,5.29
2026-07-22,17,08:30,metering.voice,Metering,voice,52.0,422.4,12.9,12.49
2026-07-22,18,09:00,metering.voice,Metering,voice,94.0,422.4,20.88,21.35
2026-07-22,19,09:30,metering.voice,Metering,voice,76.0,422.4,14.27,16.8
2026-07-22,20,10:00,metering.voice,Metering,voice,84.0,422.4,20.35,19.59
2026-07-22,21,10:30,metering.voice,Metering,voice,91.0,422.4,23.08,22.94
2026-07-22,22,11:00,metering.voice,Metering,voice,60.0,422.4,13.95,14.64
2026-07-22,23,11:30,metering.voice,Metering,voice,42.0,422.4,7.92,9.4
2026-07-22,24,12:00,metering.voice,Metering,voice,35.0,422.4,8.87,8.58
2026-07-22,25,12:30,metering.voice,Metering,voice,16.0,422.4,4.34,4.02
2026-07-22,26,13:00,metering.voice,Metering,voice,31.0,422.4,8.75,6.97
2026-07-22,27,13:30,metering.voice,Metering,voice,77.0,422.4,19.23,18.12
2026-07-22,28,14:00,metering.voice,Metering,voice,80.0,422.4,16.82,18.94
2026-07-22,29,14:30,metering.voice,Metering,voice,89.0,422.4,18.99,21.99
2026-07-22,30,15:00,metering.voice,Metering,voice,80.0,422.4,21.24,19.14
2026-07-22,31,15:30,metering.voice,Metering,voice,52.0,422.4,12.6,12.83
2026-07-22,32,16:00,metering.voice,Metering,voice,49.0,422.4,11.59,11.36
2026-07-22,33,16:30,metering.voice,Metering,voice,45.0,422.4,12.09,10.82
2026-07-22,34,17:00,metering.voice,Metering,voice,13.0,422.4,2.86,3.2
2026-07-22,35,17:30,metering.voice,Metering,voice,5.0,422.4,1.07,1.16
2026-07-23,16,08:00,metering.voice,Metering,voice,15.0,437.5,3.34,3.78
2026-07-23,17,08:30,metering.voice,Metering,voice,40.0,437.5,8.71,9.69
2026-07-23,18,09:00,metering.voice,Metering,voice,71.0,437.5,15.25,19.03
2026-07-23,19,09:30,metering.voice,Metering,voice,58.0,437.5,13.95,14.37
2026-07-23,20,10:00,metering.voice,Metering,voice,90.0,437.5,24.0,20.88
2026-07-23,21,10:30,metering.voice,Metering,voice,67.0,437.5,18.77,15.72
2026-07-23,22,11:00,metering.voice,Metering,voice,61.0,437.5,16.51,15.79
2026-07-23,23,11:30,metering.voice,Metering,voice,50.0,437.5,14.32,12.47
2026-07-23,24,12:00,metering.voice,Metering,voice,27.0,437.5,5.47,6.0
2026-07-23,25,12:30,metering.voice,Metering,voice,9.0,437.5,2.59,2.26
2026-07-23,26,13:00,metering.voice,Metering,voice,16.0,437.5,4.33,3.73
2026-07-23,27,13:30,metering.voice,Metering,voice,46.0,437.5,10.64,10.27
2026-07-23,28,14:00,metering.voice,Metering,voice,53.0,437.5,14.26,12.84
2026-07-23,29,14:30,metering.voice,Metering,voice,58.0,437.5,13.04,14.29
2026-07-23,30,15:00,metering.voice,Metering,voice,59.0,437.5,12.39,14.11
2026-07-23,31,15:30,metering.voice,Metering,voice,49.0,437.5,11.52,11.65
2026-07-23,32,16:00,metering.voice,Metering,voice,34.0,437.5,7.1,8.5
2026-07-23,33,16:30,metering.voice,Metering,voice,19.0,437.5,5.27,4.79
2026-07-23,34,17:00,metering.voice,Metering,voice,10.0,437.5,2.44,2.52
2026-07-23,35,17:30,metering.voice,Metering,voice,6.0,437.5,1.32,1.47
2026-07-24,16,08:00,metering.voice,Metering,voice,26.0,431.8,4.89,6.67
2026-07-24,17,08:30,metering.voice,Metering,voice,35.0,431.8,6.94,8.13
2026-07-24,18,09:00,metering.voice,Metering,voice,56.0,431.8,12.81,13.48
2026-07-24,19,09:30,metering.voice,Metering,voice,78.0,431.8,18.97,17.51
2026-07-24,20,10:00,metering.voice,Metering,voice,67.0,431.8,16.22,15.65
2026-07-24,21,10:30,metering.voice,Metering,voice,64.0,431.8,16.79,15.51
2026-07-24,22,11:00,metering.voice,Metering,voice,50.0,431.8,12.95,12.72
2026-07-24,23,11:30,metering.voice,Metering,voice,43.0,431.8,9.64,10.33
2026-07-24,24,12:00,metering.voice,Metering,voice,22.0,431.8,5.02,5.22
2026-07-24,25,12:30,metering.voice,Metering,voice,17.0,431.8,4.44,4.22
2026-07-24,26,13:00,metering.voice,Metering,voice,24.0,431.8,5.59,6.08
2026-07-24,27,13:30,metering.voice,Metering,voice,52.0,431.8,12.17,11.83
2026-07-24,28,14:00,metering.voice,Metering,voice,40.0,431.8,7.59,10.44
2026-07-24,29,14:30,metering.voice,Metering,voice,65.0,431.8,18.0,15.08
2026-07-24,30,15:00,metering.voice,Metering,voice,48.0,431.8,11.44,11.34
2026-07-24,31,15:30,metering.voice,Metering,voice,46.0,431.8,9.15,10.19
2026-07-24,32,16:00,metering.voice,Metering,voice,38.0,431.8,7.53,8.44
2026-07-24,33,16:30,metering.voice,Metering,voice,14.0,431.8,3.08,3.39
2026-07-24,34,17:00,metering.voice,Metering,voice,9.0,431.8,1.5,2.26
2026-07-24,35,17:30,metering.voice,Metering,voice,5.0,431.8,1.1,1.13
2026-07-25,17,08:30,metering.voice,Metering,voice,21.0,430.7,5.1,4.64
2026-07-25,18,09:00,metering.voice,Metering,voice,46.0,430.7,10.19,10.79
2026-07-25,19,09:30,metering.voice,Metering,voice,69.0,430.7,16.09,16.7
2026-07-25,20,10:00,metering.voice,Metering,voice,57.0,430.7,15.14,13.61
2026-07-25,21,10:30,metering.voice,Metering,voice,58.0,430.7,12.31,13.65
2026-07-25,22,11:00,metering.voice,Metering,voice,45.0,430.7,9.94,11.77
2026-07-25,23,11:30,metering.voice,Metering,voice,21.0,430.7,3.75,5.0
2026-07-25,24,12:00,metering.voice,Metering,voice,27.0,430.7,7.74,6.68
2026-07-25,25,12:30,metering.voice,Metering,voice,14.0,430.7,3.26,3.18
2026-07-25,26,13:00,metering.voice,Metering,voice,11.0,430.7,2.38,2.41
2026-07-27,16,08:00,metering.voice,Metering,voice,24.0,430.3,5.83,5.92
2026-07-27,17,08:30,metering.voice,Metering,voice,46.0,430.3,10.96,10.75
2026-07-27,18,09:00,metering.voice,Metering,voice,53.0,430.3,9.01,12.34
2026-07-27,19,09:30,metering.voice,Metering,voice,66.0,430.3,18.82,15.25
2026-07-27,20,10:00,metering.voice,Metering,voice,95.0,430.3,17.61,23.74
2026-07-27,21,10:30,metering.voice,Metering,voice,85.0,430.3,16.79,20.93
2026-07-27,22,11:00,metering.voice,Metering,voice,47.0,430.3,12.91,11.99
2026-07-27,23,11:30,metering.voice,Metering,voice,34.0,430.3,8.47,8.97
2026-07-27,24,12:00,metering.voice,Metering,voice,22.0,430.3,4.9,5.16
2026-07-27,25,12:30,metering.voice,Metering,voice,19.0,430.3,5.02,4.38
2026-07-27,26,13:00,metering.voice,Metering,voice,36.0,430.3,7.94,9.52
2026-07-27,27,13:30,metering.voice,Metering,voice,40.0,430.3,8.84,10.37
2026-07-27,28,14:00,metering.voice,Metering,voice,62.0,430.3,14.62,15.31
2026-07-27,29,14:30,metering.voice,Metering,voice,83.0,430.3,22.73,18.93
2026-07-27,30,15:00,metering.voice,Metering,voice,70.0,430.3,17.23,16.66
2026-07-27,31,15:30,metering.voice,Metering,voice,50.0,430.3,12.41,12.83
2026-07-27,32,16:00,metering.voice,Metering,voice,34.0,430.3,8.68,7.74
2026-07-27,33,16:30,metering.voice,Metering,voice,17.0,430.3,3.28,4.07
2026-07-27,34,17:00,metering.voice,Metering,voice,7.0,430.3,1.81,1.73
2026-07-27,35,17:30,metering.voice,Metering,voice,4.0,430.3,1.08,0.87
2026-07-28,16,08:00,metering.voice,Metering,voice,12.0,431.7,2.91,2.84
2026-07-28,17,08:30,metering.voice,Metering,voice,39.0,431.7,10.05,9.58
2026-07-28,18,09:00,metering.voice,Metering,voice,33.0,431.7,7.67,7.46
2026-07-28,19,09:30,metering.voice,Metering,voice,52.0,431.7,10.4,13.65
2026-07-28,20,10:00,metering.voice,Metering,voice,69.0,431.7,16.51,16.17
2026-07-28,21,10:30,metering.voice,Metering,voice,46.0,431.7,9.5,10.44
2026-07-28,22,11:00,metering.voice,Metering,voice,48.0,431.7,9.48,11.02
2026-07-28,23,11:30,metering.voice,Metering,voice,24.0,431.7,4.33,6.02
2026-07-28,24,12:00,metering.voice,Metering,voice,13.0,431.7,2.24,2.93
2026-07-28,25,12:30,metering.voice,Metering,voice,14.0,431.7,3.05,3.35
2026-07-28,26,13:00,metering.voice,Metering,voice,14.0,431.7,2.47,3.68
2026-07-28,27,13:30,metering.voice,Metering,voice,35.0,431.7,7.7,7.97
2026-07-28,28,14:00,metering.voice,Metering,voice,35.0,431.7,7.47,7.92
2026-07-28,29,14:30,metering.voice,Metering,voice,39.0,431.7,7.9,9.28
2026-07-28,30,15:00,metering.voice,Metering,voice,42.0,431.7,11.04,11.11
2026-07-28,31,15:30,metering.voice,Metering,voice,44.0,431.7,10.28,11.02
2026-07-28,32,16:00,metering.voice,Metering,voice,33.0,431.7,8.15,7.92
2026-07-28,33,16:30,metering.voice,Metering,voice,21.0,431.7,5.71,4.76
2026-07-28,34,17:00,metering.voice,Metering,voice,8.0,431.7,2.24,2.0
2026-07-28,35,17:30,metering.voice,Metering,voice,5.0,431.7,1.45,1.3
2026-07-29,16,08:00,metering.voice,Metering,voice,9.0,430.1,2.21,2.2
2026-07-29,17,08:30,metering.voice,Metering,voice,35.0,430.1,8.69,8.69
2026-07-29,18,09:00,metering.voice,Metering,voice,43.0,430.1,10.66,10.29
2026-07-29,19,09:30,metering.voice,Metering,voice,44.0,430.1,13.09,10.19
2026-07-29,20,10:00,metering.voice,Metering,voice,65.0,430.1,13.09,16.3
2026-07-29,21,10:30,metering.voice,Metering,voice,54.0,430.1,9.72,12.09
2026-07-29,22,11:00,metering.voice,Metering,voice,55.0,430.1,10.48,12.38
2026-07-29,23,11:30,metering.voice,Metering,voice,32.0,430.1,7.03,7.34
2026-07-29,24,12:00,metering.voice,Metering,voice,19.0,430.1,3.65,4.48
2026-07-29,25,12:30,metering.voice,Metering,voice,5.0,430.1,1.22,1.15
2026-07-29,26,13:00,metering.voice,Metering,voice,23.0,430.1,5.73,5.21
2026-07-29,27,13:30,metering.voice,Metering,voice,19.0,430.1,4.84,4.71
2026-07-29,28,14:00,metering.voice,Metering,voice,47.0,430.1,12.09,11.33
2026-07-29,29,14:30,metering.voice,Metering,voice,39.0,430.1,9.33,8.96
2026-07-29,30,15:00,metering.voice,Metering,voice,56.0,430.1,15.96,13.03
2026-07-29,31,15:30,metering.voice,Metering,voice,37.0,430.1,7.45,8.86
2026-07-29,32,16:00,metering.voice,Metering,voice,35.0,430.1,7.51,8.81
2026-07-29,33,16:30,metering.voice,Metering,voice,17.0,430.1,3.7,3.74
2026-07-29,34,17:00,metering.voice,Metering,voice,4.0,430.1,0.73,0.94
2026-07-29,35,17:30,metering.voice,Metering,voice,3.0,430.1,0.65,0.77
2026-07-30,16,08:00,metering.voice,Metering,voice,13.0,411.2,2.77,2.87
2026-07-30,17,08:30,metering.voice,Metering,voice,26.0,411.2,4.93,5.93
2026-07-30,18,09:00,metering.voice,Metering,voice,60.0,411.2,15.4,12.5
2026-07-30,19,09:30,metering.voice,Metering,voice,47.0,411.2,10.54,11.63
2026-07-30,20,10:00,metering.voice,Metering,voice,46.0,411.2,10.74,10.91
2026-07-30,21,10:30,metering.voice,Metering,voice,56.0,411.2,10.33,12.21
2026-07-30,22,11:00,metering.voice,Metering,voice,48.0,411.2,9.87,9.56
2026-07-30,23,11:30,metering.voice,Metering,voice,33.0,411.2,6.74,7.57
2026-07-30,24,12:00,metering.voice,Metering,voice,16.0,411.2,4.22,3.52
2026-07-30,25,12:30,metering.voice,Metering,voice,8.0,411.2,1.94,2.0
2026-07-30,26,13:00,metering.voice,Metering,voice,13.0,411.2,3.93,3.22
2026-07-30,27,13:30,metering.voice,Metering,voice,22.0,411.2,4.84,5.02
2026-07-30,28,14:00,metering.voice,Metering,voice,47.0,411.2,9.88,10.96
2026-07-30,29,14:30,metering.voice,Metering,voice,50.0,411.2,9.31,10.74
2026-07-30,30,15:00,metering.voice,Metering,voice,40.0,411.2,6.83,8.72
2026-07-30,31,15:30,metering.voice,Metering,voice,29.0,411.2,6.64,6.69
2026-07-30,32,16:00,metering.voice,Metering,voice,34.0,411.2,8.2,7.26
2026-07-30,33,16:30,metering.voice,Metering,voice,21.0,411.2,4.99,5.41
2026-07-30,34,17:00,metering.voice,Metering,voice,9.0,411.2,1.98,2.04
2026-07-30,35,17:30,metering.voice,Metering,voice,1.0,411.2,0.19,0.21
2026-07-31,16,08:00,metering.voice,Metering,voice,11.0,432.3,1.54,2.91
2026-07-31,17,08:30,metering.voice,Metering,voice,41.0,432.3,6.65,9.71
2026-07-31,18,09:00,metering.voice,Metering,voice,43.0,432.3,11.12,10.63
2026-07-31,19,09:30,metering.voice,Metering,voice,52.0,432.3,12.32,13.33
2026-07-31,20,10:00,metering.voice,Metering,voice,61.0,432.3,14.4,14.29
2026-07-31,21,10:30,metering.voice,Metering,voice,47.0,432.3,8.06,12.42
2026-07-31,22,11:00,metering.voice,Metering,voice,31.0,432.3,6.93,7.29
2026-07-31,23,11:30,metering.voice,Metering,voice,25.0,432.3,5.71,6.1
2026-07-31,24,12:00,metering.voice,Metering,voice,12.0,432.3,2.93,2.78
2026-07-31,25,12:30,metering.voice,Metering,voice,14.0,432.3,3.74,3.34
2026-07-31,26,13:00,metering.voice,Metering,voice,14.0,432.3,3.21,3.03
2026-07-31,27,13:30,metering.voice,Metering,voice,41.0,432.3,7.76,9.83
2026-07-31,28,14:00,metering.voice,Metering,voice,47.0,432.3,10.94,10.17
2026-07-31,29,14:30,metering.voice,Metering,voice,32.0,432.3,6.99,7.88
2026-07-31,30,15:00,metering.voice,Metering,voice,36.0,432.3,8.33,8.01
2026-07-31,31,15:30,metering.voice,Metering,voice,40.0,432.3,10.33,10.19
2026-07-31,32,16:00,metering.voice,Metering,voice,42.0,432.3,10.46,9.69
2026-07-31,33,16:30,metering.voice,Metering,voice,12.0,432.3,2.57,2.7
2026-07-31,34,17:00,metering.voice,Metering,voice,1.0,432.3,0.24,0.26
2026-07-31,35,17:30,metering.voice,Metering,voice,0.0,432.3,0.0,0.0
2026-08-01,17,08:30,metering.voice,Metering,voice,15.0,419.9,2.73,3.36
2026-08-01,18,09:00,metering.voice,Metering,voice,33.0,419.9,7.95,7.6
2026-08-01,19,09:30,metering.voice,Metering,voice,53.0,419.9,11.87,13.43
2026-08-01,20,10:00,metering.voice,Metering,voice,43.0,419.9,9.5,9.46
2026-08-01,21,10:30,metering.voice,Metering,voice,48.0,419.9,10.3,12.37
2026-08-01,22,11:00,metering.voice,Metering,voice,39.0,419.9,7.6,9.2
2026-08-01,23,11:30,metering.voice,Metering,voice,29.0,419.9,6.94,6.89
2026-08-01,24,12:00,metering.voice,Metering,voice,17.0,419.9,3.76,3.81
2026-08-01,25,12:30,metering.voice,Metering,voice,4.0,419.9,1.06,0.84
2026-08-01,26,13:00,metering.voice,Metering,voice,1.0,419.9,0.22,0.25
2026-08-03,16,08:00,metering.voice,Metering,voice,7.0,454.5,1.81,1.65
2026-08-03,17,08:30,metering.voice,Metering,voice,28.0,454.5,5.56,7.21
2026-08-03,18,09:00,metering.voice,Metering,voice,47.0,454.5,12.04,12.52
2026-08-03,19,09:30,metering.voice,Metering,voice,43.0,454.5,8.85,11.34
2026-08-03,20,10:00,metering.voice,Metering,voice,53.0,454.5,13.42,12.54
2026-08-03,21,10:30,metering.voice,Metering,voice,51.0,454.5,13.46,14.24
2026-08-03,22,11:00,metering.voice,Metering,voice,34.0,454.5,8.31,8.29
2026-08-03,23,11:30,metering.voice,Metering,voice,23.0,454.5,5.12,5.83
2026-08-03,24,12:00,metering.voice,Metering,voice,22.0,454.5,4.86,5.34
2026-08-03,25,12:30,metering.voice,Metering,voice,11.0,454.5,1.82,2.58
2026-08-03,26,13:00,metering.voice,Metering,voice,14.0,454.5,3.31,3.59
2026-08-03,27,13:30,metering.voice,Metering,voice,28.0,454.5,6.75,7.27
2026-08-03,28,14:00,metering.voice,Metering,voice,38.0,454.5,9.94,9.87
2026-08-03,29,14:30,metering.voice,Metering,voice,57.0,454.5,16.5,13.44
2026-08-03,30,15:00,metering.voice,Metering,voice,49.0,454.5,9.82,12.86
2026-08-03,31,15:30,metering.voice,Metering,voice,46.0,454.5,14.84,11.5
2026-08-03,32,16:00,metering.voice,Metering,voice,30.0,454.5,7.8,8.11
2026-08-03,33,16:30,metering.voice,Metering,voice,17.0,454.5,3.7,4.31
2026-08-03,34,17:00,metering.voice,Metering,voice,9.0,454.5,1.72,2.11
2026-08-03,35,17:30,metering.voice,Metering,voice,3.0,454.5,0.63,0.74
2026-08-04,16,08:00,metering.voice,Metering,voice,13.0,431.6,3.3,3.07
2026-08-04,17,08:30,metering.voice,Metering,voice,26.0,431.6,7.09,5.93
2026-08-04,18,09:00,metering.voice,Metering,voice,35.0,431.6,7.52,8.8
2026-08-04,19,09:30,metering.voice,Metering,voice,45.0,431.6,8.63,10.99
2026-08-04,20,10:00,metering.voice,Metering,voice,61.0,431.6,14.96,13.28
2026-08-04,21,10:30,metering.voice,Metering,voice,32.0,431.6,7.28,7.5
2026-08-04,22,11:00,metering.voice,Metering,voice,28.0,431.6,7.51,6.43
2026-08-04,23,11:30,metering.voice,Metering,voice,33.0,431.6,8.0,7.51
2026-08-04,24,12:00,metering.voice,Metering,voice,18.0,431.6,4.68,4.41
2026-08-04,25,12:30,metering.voice,Metering,voice,12.0,431.6,3.02,3.01
2026-08-04,26,13:00,metering.voice,Metering,voice,10.0,431.6,1.8,2.35
2026-08-04,27,13:30,metering.voice,Metering,voice,38.0,431.6,7.03,9.84
2026-08-04,28,14:00,metering.voice,Metering,voice,37.0,431.6,7.96,9.57
2026-08-04,29,14:30,metering.voice,Metering,voice,41.0,431.6,7.92,10.28
2026-08-04,30,15:00,metering.voice,Metering,voice,46.0,431.6,11.15,10.53
2026-08-04,31,15:30,metering.voice,Metering,voice,28.0,431.6,5.6,5.74
2026-08-04,32,16:00,metering.voice,Metering,voice,32.0,431.6,8.03,6.79
2026-08-04,33,16:30,metering.voice,Metering,voice,21.0,431.6,4.5,5.13
2026-08-04,34,17:00,metering.voice,Metering,voice,6.0,431.6,1.09,1.42
2026-08-04,35,17:30,metering.voice,Metering,voice,2.0,431.6,0.49,0.47
2026-08-05,16,08:00,metering.voice,Metering,voice,6.0,429.8,1.25,1.25
2026-08-05,17,08:30,metering.voice,Metering,voice,26.0,429.8,5.1,6.41
2026-08-05,18,09:00,metering.voice,Metering,voice,32.0,429.8,7.07,7.16
2026-08-05,19,09:30,metering.voice,Metering,voice,39.0,429.8,9.67,9.43
2026-08-05,20,10:00,metering.voice,Metering,voice,59.0,429.8,13.89,12.9
2026-08-05,21,10:30,metering.voice,Metering,voice,37.0,429.8,4.27,9.85
2026-08-05,22,11:00,metering.voice,Metering,voice,42.0,429.8,8.94,9.53
2026-08-05,23,11:30,metering.voice,Metering,voice,23.0,429.8,6.06,5.78
2026-08-05,24,12:00,metering.voice,Metering,voice,13.0,429.8,2.82,3.18
2026-08-05,25,12:30,metering.voice,Metering,voice,6.0,429.8,1.5,1.45
2026-08-05,26,13:00,metering.voice,Metering,voice,9.0,429.8,2.63,2.17
2026-08-05,27,13:30,metering.voice,Metering,voice,20.0,429.8,4.13,4.99
2026-08-05,28,14:00,metering.voice,Metering,voice,35.0,429.8,8.46,8.08
2026-08-05,29,14:30,metering.voice,Metering,voice,48.0,429.8,11.13,11.14
2026-08-05,30,15:00,metering.voice,Metering,voice,33.0,429.8,7.44,7.86
2026-08-05,31,15:30,metering.voice,Metering,voice,18.0,429.8,4.74,4.13
2026-08-05,32,16:00,metering.voice,Metering,voice,24.0,429.8,4.95,5.02
2026-08-05,33,16:30,metering.voice,Metering,voice,15.0,429.8,3.36,3.43
2026-08-05,34,17:00,metering.voice,Metering,voice,4.0,429.8,1.07,1.01
2026-08-05,35,17:30,metering.voice,Metering,voice,5.0,429.8,1.38,1.25
2026-08-06,16,08:00,metering.voice,Metering,voice,8.0,431.8,1.86,1.85
2026-08-06,17,08:30,metering.voice,Metering,voice,29.0,431.8,7.33,6.75
2026-08-06,18,09:00,metering.voice,Metering,voice,39.0,431.8,8.84,9.15
2026-08-06,19,09:30,metering.voice,Metering,voice,45.0,431.8,11.09,11.33
2026-08-06,20,10:00,metering.voice,Metering,voice,33.0,431.8,8.76,7.96
2026-08-06,21,10:30,metering.voice,Metering,voice,42.0,431.8,6.77,9.98
2026-08-06,22,11:00,metering.voice,Metering,voice,39.0,431.8,7.45,9.2
2026-08-06,23,11:30,metering.voice,Metering,voice,29.0,431.8,5.57,6.64
2026-08-06,24,12:00,metering.voice,Metering,voice,16.0,431.8,3.57,3.71
2026-08-06,25,12:30,metering.voice,Metering,voice,7.0,431.8,1.52,1.54
2026-08-06,26,13:00,metering.voice,Metering,voice,13.0,431.8,2.95,2.99
2026-08-06,27,13:30,metering.voice,Metering,voice,33.0,431.8,9.63,7.78
2026-08-06,28,14:00,metering.voice,Metering,voice,36.0,431.8,7.33,8.61
2026-08-06,29,14:30,metering.voice,Metering,voice,37.0,431.8,7.48,8.53
2026-08-06,30,15:00,metering.voice,Metering,voice,29.0,431.8,7.71,6.82
2026-08-06,31,15:30,metering.voice,Metering,voice,30.0,431.8,7.41,7.23
2026-08-06,32,16:00,metering.voice,Metering,voice,14.0,431.8,3.35,3.3
2026-08-06,33,16:30,metering.voice,Metering,voice,17.0,431.8,4.58,3.94
2026-08-06,34,17:00,metering.voice,Metering,voice,3.0,431.8,0.82,0.7
2026-08-06,35,17:30,metering.voice,Metering,voice,7.0,431.8,1.62,1.77
2026-08-07,16,08:00,metering.voice,Metering,voice,19.0,429.3,5.31,4.22
2026-08-07,17,08:30,metering.voice,Metering,voice,30.0,429.3,7.06,7.27
2026-08-07,18,09:00,metering.voice,Metering,voice,31.0,429.3,7.61,5.86
2026-08-07,19,09:30,metering.voice,Metering,voice,66.0,429.3,15.23,16.8
2026-08-07,20,10:00,metering.voice,Metering,voice,54.0,429.3,7.54,13.36
2026-08-07,21,10:30,metering.voice,Metering,voice,42.0,429.3,8.4,10.45
2026-08-07,22,11:00,metering.voice,Metering,voice,45.0,429.3,7.89,11.95
2026-08-07,23,11:30,metering.voice,Metering,voice,22.0,429.3,4.77,5.15
2026-08-07,24,12:00,metering.voice,Metering,voice,16.0,429.3,3.55,3.79
2026-08-07,25,12:30,metering.voice,Metering,voice,8.0,429.3,1.79,1.82
2026-08-07,26,13:00,metering.voice,Metering,voice,19.0,429.3,4.68,4.84
2026-08-07,27,13:30,metering.voice,Metering,voice,26.0,429.3,3.91,5.87
2026-08-07,28,14:00,metering.voice,Metering,voice,46.0,429.3,11.34,10.76
2026-08-07,29,14:30,metering.voice,Metering,voice,47.0,429.3,11.78,10.78
2026-08-07,30,15:00,metering.voice,Metering,voice,57.0,429.3,13.05,12.82
2026-08-07,31,15:30,metering.voice,Metering,voice,45.0,429.3,9.4,11.62
2026-08-07,32,16:00,metering.voice,Metering,voice,23.0,429.3,6.18,5.55
2026-08-07,33,16:30,metering.voice,Metering,voice,16.0,429.3,3.6,3.69
2026-08-07,34,17:00,metering.voice,Metering,voice,5.0,429.3,1.0,1.25
2026-08-07,35,17:30,metering.voice,Metering,voice,2.0,429.3,0.55,0.47
2026-08-08,17,08:30,metering.voice,Metering,voice,14.0,406.6,2.76,3.07
2026-08-08,18,09:00,metering.voice,Metering,voice,47.0,406.6,10.54,9.75
2026-08-08,19,09:30,metering.voice,Metering,voice,34.0,406.6,5.04,7.48
2026-08-08,20,10:00,metering.voice,Metering,voice,40.0,406.6,8.43,9.07
2026-08-08,21,10:30,metering.voice,Metering,voice,24.0,406.6,4.88,5.23
2026-08-08,22,11:00,metering.voice,Metering,voice,41.0,406.6,8.78,8.79
2026-08-08,23,11:30,metering.voice,Metering,voice,25.0,406.6,4.66,5.47
2026-08-08,24,12:00,metering.voice,Metering,voice,8.0,406.6,1.77,1.83
2026-08-08,25,12:30,metering.voice,Metering,voice,4.0,406.6,1.18,0.86
2026-08-08,26,13:00,metering.voice,Metering,voice,6.0,406.6,1.44,1.33
2026-08-10,16,08:00,metering.voice,Metering,voice,10.0,453.3,2.33,2.55
2026-08-10,17,08:30,metering.voice,Metering,voice,35.0,453.3,9.24,8.45
2026-08-10,18,09:00,metering.voice,Metering,voice,44.0,453.3,11.0,11.8
2026-08-10,19,09:30,metering.voice,Metering,voice,64.0,453.3,17.71,16.72
2026-08-10,20,10:00,metering.voice,Metering,voice,53.0,453.3,12.67,12.83
2026-08-10,21,10:30,metering.voice,Metering,voice,55.0,453.3,12.37,14.09
2026-08-10,22,11:00,metering.voice,Metering,voice,47.0,453.3,13.04,11.62
2026-08-10,23,11:30,metering.voice,Metering,voice,39.0,453.3,7.61,9.62
2026-08-10,24,12:00,metering.voice,Metering,voice,31.0,453.3,6.58,8.31
2026-08-10,25,12:30,metering.voice,Metering,voice,9.0,453.3,1.73,2.22
2026-08-10,26,13:00,metering.voice,Metering,voice,15.0,453.3,3.82,3.85
2026-08-10,27,13:30,metering.voice,Metering,voice,42.0,453.3,9.36,11.25
2026-08-10,28,14:00,metering.voice,Metering,voice,49.0,453.3,10.56,11.84
2026-08-10,29,14:30,metering.voice,Metering,voice,51.0,453.3,12.12,13.37
2026-08-10,30,15:00,metering.voice,Metering,voice,33.0,453.3,6.95,9.11
2026-08-10,31,15:30,metering.voice,Metering,voice,30.0,453.3,5.54,7.09
2026-08-10,32,16:00,metering.voice,Metering,voice,21.0,453.3,4.8,5.27
2026-08-10,33,16:30,metering.voice,Metering,voice,17.0,453.3,5.54,4.16
2026-08-10,34,17:00,metering.voice,Metering,voice,5.0,453.3,1.29,1.27
2026-08-10,35,17:30,metering.voice,Metering,voice,6.0,453.3,1.76,1.6
2026-08-11,16,08:00,metering.voice,Metering,voice,7.0,412.2,1.34,1.69
2026-08-11,17,08:30,metering.voice,Metering,voice,46.0,412.2,8.17,10.21
2026-08-11,18,09:00,metering.voice,Metering,voice,52.0,412.2,10.51,11.39
2026-08-11,19,09:30,metering.voice,Metering,voice,55.0,412.2,14.82,13.04
2026-08-11,20,10:00,metering.voice,Metering,voice,60.0,412.2,9.56,13.96
2026-08-11,21,10:30,metering.voice,Metering,voice,69.0,412.2,16.33,15.37
2026-08-11,22,11:00,metering.voice,Metering,voice,58.0,412.2,12.31,13.2
2026-08-11,23,11:30,metering.voice,Metering,voice,38.0,412.2,10.44,8.26
2026-08-11,24,12:00,metering.voice,Metering,voice,12.0,412.2,3.07,2.69
2026-08-11,25,12:30,metering.voice,Metering,voice,23.0,412.2,5.59,5.5
2026-08-11,26,13:00,metering.voice,Metering,voice,20.0,412.2,3.73,4.27
2026-08-11,27,13:30,metering.voice,Metering,voice,28.0,412.2,6.31,6.02
2026-08-11,28,14:00,metering.voice,Metering,voice,49.0,412.2,9.85,12.38
2026-08-11,29,14:30,metering.voice,Metering,voice,47.0,412.2,12.24,10.54
2026-08-11,30,15:00,metering.voice,Metering,voice,48.0,412.2,9.65,11.79
2026-08-11,31,15:30,metering.voice,Metering,voice,40.0,412.2,11.08,9.5
2026-08-11,32,16:00,metering.voice,Metering,voice,25.0,412.2,5.1,6.25
2026-08-11,33,16:30,metering.voice,Metering,voice,19.0,412.2,3.87,4.11
2026-08-11,34,17:00,metering.voice,Metering,voice,7.0,412.2,1.32,1.75
2026-08-11,35,17:30,metering.voice,Metering,voice,6.0,412.2,1.14,1.37
2026-08-12,16,08:00,metering.voice,Metering,voice,2.0,435.7,0.6,0.49
2026-08-12,17,08:30,metering.voice,Metering,voice,14.0,435.7,3.49,3.21
2026-08-12,18,09:00,metering.voice,Metering,voice,37.0,435.7,8.87,9.54
2026-08-12,19,09:30,metering.voice,Metering,voice,51.0,435.7,9.45,12.72
2026-08-12,20,10:00,metering.voice,Metering,voice,49.0,435.7,10.81,12.05
2026-08-12,21,10:30,metering.voice,Metering,voice,39.0,435.7,7.92,10.38
2026-08-12,22,11:00,metering.voice,Metering,voice,38.0,435.7,9.21,9.38
2026-08-12,23,11:30,metering.voice,Metering,voice,20.0,435.7,5.25,4.98
2026-08-12,24,12:00,metering.voice,Metering,voice,4.0,435.7,0.92,0.93
2026-08-12,25,12:30,metering.voice,Metering,voice,8.0,435.7,1.89,2.08
2026-08-12,26,13:00,metering.voice,Metering,voice,16.0,435.7,3.39,3.69
2026-08-12,27,13:30,metering.voice,Metering,voice,17.0,435.7,4.24,3.89
2026-08-12,28,14:00,metering.voice,Metering,voice,22.0,435.7,4.82,5.27
2026-08-12,29,14:30,metering.voice,Metering,voice,29.0,435.7,5.81,6.79
2026-08-12,30,15:00,metering.voice,Metering,voice,32.0,435.7,6.78,7.91
2026-08-12,31,15:30,metering.voice,Metering,voice,31.0,435.7,6.68,8.8
2026-08-12,32,16:00,metering.voice,Metering,voice,20.0,435.7,4.6,4.32
2026-08-12,33,16:30,metering.voice,Metering,voice,14.0,435.7,3.53,3.49
2026-08-12,34,17:00,metering.voice,Metering,voice,6.0,435.7,1.5,1.59
2026-08-12,35,17:30,metering.voice,Metering,voice,2.0,435.7,0.5,0.48
2026-08-13,16,08:00,metering.voice,Metering,voice,13.0,424.3,2.55,3.1
2026-08-13,17,08:30,metering.voice,Metering,voice,30.0,424.3,7.07,6.41
2026-08-13,18,09:00,metering.voice,Metering,voice,39.0,424.3,9.1,9.01
2026-08-13,19,09:30,metering.voice,Metering,voice,44.0,424.3,9.63,10.28
2026-08-13,20,10:00,metering.voice,Metering,voice,42.0,424.3,9.13,9.41
2026-08-13,21,10:30,metering.voice,Metering,voice,40.0,424.3,8.65,9.94
2026-08-13,22,11:00,metering.voice,Metering,voice,36.0,424.3,8.27,8.15
2026-08-13,23,11:30,metering.voice,Metering,voice,23.0,424.3,6.31,5.25
2026-08-13,24,12:00,metering.voice,Metering,voice,8.0,424.3,1.82,1.98
2026-08-13,25,12:30,metering.voice,Metering,voice,9.0,424.3,2.08,2.18
2026-08-13,26,13:00,metering.voice,Metering,voice,9.0,424.3,1.95,2.25
2026-08-13,27,13:30,metering.voice,Metering,voice,39.0,424.3,8.25,9.36
2026-08-13,28,14:00,metering.voice,Metering,voice,45.0,424.3,9.33,10.48
2026-08-13,29,14:30,metering.voice,Metering,voice,39.0,424.3,10.88,9.6
2026-08-13,30,15:00,metering.voice,Metering,voice,39.0,424.3,9.71,9.61
2026-08-13,31,15:30,metering.voice,Metering,voice,38.0,424.3,7.59,8.33
2026-08-13,32,16:00,metering.voice,Metering,voice,19.0,424.3,4.4,4.72
2026-08-13,33,16:30,metering.voice,Metering,voice,15.0,424.3,3.49,3.27
2026-08-13,34,17:00,metering.voice,Metering,voice,5.0,424.3,1.32,1.11
2026-08-13,35,17:30,metering.voice,Metering,voice,6.0,424.3,1.32,1.37
2026-08-14,16,08:00,metering.voice,Metering,voice,11.0,437.7,2.67,2.73
2026-08-14,17,08:30,metering.voice,Metering,voice,23.0,437.7,3.89,5.36
2026-08-14,18,09:00,metering.voice,Metering,voice,38.0,437.7,10.1,9.02
2026-08-14,19,09:30,metering.voice,Metering,voice,41.0,437.7,8.61,10.02
2026-08-14,20,10:00,metering.voice,Metering,voice,32.0,437.7,7.64,8.32
2026-08-14,21,10:30,metering.voice,Metering,voice,35.0,437.7,8.63,8.73
2026-08-14,22,11:00,metering.voice,Metering,voice,29.0,437.7,7.7,6.83
2026-08-14,23,11:30,metering.voice,Metering,voice,38.0,437.7,9.82,9.21
2026-08-14,24,12:00,metering.voice,Metering,voice,14.0,437.7,3.12,3.72
2026-08-14,25,12:30,metering.voice,Metering,voice,10.0,437.7,2.57,2.35
2026-08-14,26,13:00,metering.voice,Metering,voice,13.0,437.7,2.71,3.11
2026-08-14,27,13:30,metering.voice,Metering,voice,33.0,437.7,8.59,8.09
2026-08-14,28,14:00,metering.voice,Metering,voice,38.0,437.7,6.89,9.4
2026-08-14,29,14:30,metering.voice,Metering,voice,38.0,437.7,7.72,8.98
2026-08-14,30,15:00,metering.voice,Metering,voice,33.0,437.7,7.64,8.31
2026-08-14,31,15:30,metering.voice,Metering,voice,42.0,437.7,11.2,10.78
2026-08-14,32,16:00,metering.voice,Metering,voice,15.0,437.7,4.08,3.69
2026-08-14,33,16:30,metering.voice,Metering,voice,17.0,437.7,4.49,4.33
2026-08-14,34,17:00,metering.voice,Metering,voice,6.0,437.7,1.46,1.37
2026-08-14,35,17:30,metering.voice,Metering,voice,4.0,437.7,0.98,0.94
2026-08-15,17,08:30,metering.voice,Metering,voice,22.0,412.3,5.32,4.61
2026-08-15,18,09:00,metering.voice,Metering,voice,44.0,412.3,10.43,10.58
2026-08-15,19,09:30,metering.voice,Metering,voice,48.0,412.3,10.95,11.15
2026-08-15,20,10:00,metering.voice,Metering,voice,59.0,412.3,16.09,13.68
2026-08-15,21,10:30,metering.voice,Metering,voice,43.0,412.3,9.86,10.1
2026-08-15,22,11:00,metering.voice,Metering,voice,37.0,412.3,6.29,8.04
2026-08-15,23,11:30,metering.voice,Metering,voice,30.0,412.3,7.61,7.05
2026-08-15,24,12:00,metering.voice,Metering,voice,18.0,412.3,4.33,3.91
2026-08-15,25,12:30,metering.voice,Metering,voice,6.0,412.3,1.53,1.42
2026-08-15,26,13:00,metering.voice,Metering,voice,8.0,412.3,1.34,1.86
2026-07-20,16,08:00,metering.email,Metering,email,7.0,529.4,2.13,2.07
2026-07-20,17,08:30,metering.email,Metering,email,31.0,529.4,10.31,8.06
2026-07-20,18,09:00,metering.email,Metering,email,41.0,529.4,10.78,12.21
2026-07-20,19,09:30,metering.email,Metering,email,32.0,529.4,10.03,9.47
2026-07-20,20,10:00,metering.email,Metering,email,51.0,529.4,15.23,15.58
2026-07-20,21,10:30,metering.email,Metering,email,50.0,529.4,13.98,16.12
2026-07-20,22,11:00,metering.email,Metering,email,42.0,529.4,12.5,12.58
2026-07-20,23,11:30,metering.email,Metering,email,31.0,529.4,9.65,9.26
2026-07-20,24,12:00,metering.email,Metering,email,10.0,529.4,3.12,3.02
2026-07-20,25,12:30,metering.email,Metering,email,4.0,529.4,1.1,1.1
2026-07-20,26,13:00,metering.email,Metering,email,16.0,529.4,4.64,4.97
2026-07-20,27,13:30,metering.email,Metering,email,28.0,529.4,6.62,8.56
2026-07-20,28,14:00,metering.email,Metering,email,35.0,529.4,9.79,10.75
2026-07-20,29,14:30,metering.email,Metering,email,38.0,529.4,10.63,10.51
2026-07-20,30,15:00,metering.email,Metering,email,33.0,529.4,8.89,9.07
2026-07-20,31,15:30,metering.email,Metering,email,27.0,529.4,6.33,8.2
2026-07-20,32,16:00,metering.email,Metering,email,28.0,529.4,6.59,8.69
2026-07-20,33,16:30,metering.email,Metering,email,20.0,529.4,6.7,5.95
2026-07-20,34,17:00,metering.email,Metering,email,7.0,529.4,2.53,2.08
2026-07-20,35,17:30,metering.email,Metering,email,6.0,529.4,1.5,1.76
2026-07-21,16,08:00,metering.email,Metering,email,10.0,504.8,3.0,2.7
2026-07-21,17,08:30,metering.email,Metering,email,19.0,504.8,5.82,5.34
2026-07-21,18,09:00,metering.email,Metering,email,36.0,504.8,7.58,10.65
2026-07-21,19,09:30,metering.email,Metering,email,44.0,504.8,12.71,12.37
2026-07-21,20,10:00,metering.email,Metering,email,51.0,504.8,15.72,14.42
2026-07-21,21,10:30,metering.email,Metering,email,31.0,504.8,10.49,8.84
2026-07-21,22,11:00,metering.email,Metering,email,29.0,504.8,6.93,8.65
2026-07-21,23,11:30,metering.email,Metering,email,17.0,504.8,4.82,5.43
2026-07-21,24,12:00,metering.email,Metering,email,10.0,504.8,2.55,2.95
2026-07-21,25,12:30,metering.email,Metering,email,7.0,504.8,1.93,1.81
2026-07-21,26,13:00,metering.email,Metering,email,14.0,504.8,4.45,3.75
2026-07-21,27,13:30,metering.email,Metering,email,28.0,504.8,6.56,7.77
2026-07-21,28,14:00,metering.email,Metering,email,32.0,504.8,8.36,8.89
2026-07-21,29,14:30,metering.email,Metering,email,32.0,504.8,6.97,8.18
2026-07-21,30,15:00,metering.email,Metering,email,29.0,504.8,7.4,8.13
2026-07-21,31,15:30,metering.email,Metering,email,26.0,504.8,8.47,7.21
2026-07-21,32,16:00,metering.email,Metering,email,19.0,504.8,3.45,5.44
2026-07-21,33,16:30,metering.email,Metering,email,11.0,504.8,3.41,3.17
2026-07-21,34,17:00,metering.email,Metering,email,6.0,504.8,1.7,1.87
2026-07-21,35,17:30,metering.email,Metering,email,5.0,504.8,1.19,1.44
2026-07-22,16,08:00,metering.email,Metering,email,8.0,489.8,2.23,2.12
2026-07-22,17,08:30,metering.email,Metering,email,15.0,489.8,5.04,3.96
2026-07-22,18,09:00,metering.email,Metering,email,14.0,489.8,4.04,3.75
2026-07-22,19,09:30,metering.email,Metering,email,34.0,489.8,10.74,8.1
2026-07-22,20,10:00,metering.email,Metering,email,30.0,489.8,8.81,8.26
2026-07-22,21,10:30,metering.email,Metering,email,34.0,489.8,8.55,9.63
2026-07-22,22,11:00,metering.email,Metering,email,19.0,489.8,4.46,5.38
2026-07-22,23,11:30,metering.email,Metering,email,16.0,489.8,4.34,4.25
2026-07-22,24,12:00,metering.email,Metering,email,9.0,489.8,2.42,2.52
2026-07-22,25,12:30,metering.email,Metering,email,7.0,489.8,2.05,1.88
2026-07-22,26,13:00,metering.email,Metering,email,4.0,489.8,1.06,0.98
2026-07-22,27,13:30,metering.email,Metering,email,14.0,489.8,3.62,3.97
2026-07-22,28,14:00,metering.email,Metering,email,22.0,489.8,6.33,5.56
2026-07-22,29,14:30,metering.email,Metering,email,19.0,489.8,4.85,5.01
2026-07-22,30,15:00,metering.email,Metering,email,27.0,489.8,7.91,6.89
2026-07-22,31,15:30,metering.email,Metering,email,19.0,489.8,4.28,5.21
2026-07-22,32,16:00,metering.email,Metering,email,12.0,489.8,3.42,3.69
2026-07-22,33,16:30,metering.email,Metering,email,8.0,489.8,2.1,2.27
2026-07-22,34,17:00,metering.email,Metering,email,3.0,489.8,0.72,0.84
2026-07-22,35,17:30,metering.email,Metering,email,6.0,489.8,1.54,1.55
2026-07-23,16,08:00,metering.email,Metering,email,13.0,500.8,3.46,3.56
2026-07-23,17,08:30,metering.email,Metering,email,22.0,500.8,6.98,6.43
2026-07-23,18,09:00,metering.email,Metering,email,23.0,500.8,7.44,6.63
2026-07-23,19,09:30,metering.email,Metering,email,40.0,500.8,10.33,11.68
2026-07-23,20,10:00,metering.email,Metering,email,28.0,500.8,8.31,7.88
2026-07-23,21,10:30,metering.email,Metering,email,33.0,500.8,7.32,9.49
2026-07-23,22,11:00,metering.email,Metering,email,26.0,500.8,7.23,7.67
2026-07-23,23,11:30,metering.email,Metering,email,19.0,500.8,3.75,5.27
2026-07-23,24,12:00,metering.email,Metering,email,8.0,500.8,1.73,2.33
2026-07-23,25,12:30,metering.email,Metering,email,4.0,500.8,1.13,1.14
2026-07-23,26,13:00,metering.email,Metering,email,4.0,500.8,1.05,1.14
2026-07-23,27,13:30,metering.email,Metering,email,16.0,500.8,4.29,4.31
2026-07-23,28,14:00,metering.email,Metering,email,29.0,500.8,7.41,7.74
2026-07-23,29,14:30,metering.email,Metering,email,36.0,500.8,7.63,9.82
2026-07-23,30,15:00,metering.email,Metering,email,19.0,500.8,3.52,5.31
2026-07-23,31,15:30,metering.email,Metering,email,22.0,500.8,5.9,6.11
2026-07-23,32,16:00,metering.email,Metering,email,10.0,500.8,2.73,2.96
2026-07-23,33,16:30,metering.email,Metering,email,9.0,500.8,3.04,2.43
2026-07-23,34,17:00,metering.email,Metering,email,4.0,500.8,1.16,1.11
2026-07-23,35,17:30,metering.email,Metering,email,3.0,500.8,0.72,0.81
2026-07-24,16,08:00,metering.email,Metering,email,3.0,495.6,0.84,0.87
2026-07-24,17,08:30,metering.email,Metering,email,8.0,495.6,1.87,2.3
2026-07-24,18,09:00,metering.email,Metering,email,23.0,495.6,5.42,5.81
2026-07-24,19,09:30,metering.email,Metering,email,33.0,495.6,8.7,9.15
2026-07-24,20,10:00,metering.email,Metering,email,40.0,495.6,11.2,11.2
2026-07-24,21,10:30,metering.email,Metering,email,15.0,495.6,3.51,3.78
2026-07-24,22,11:00,metering.email,Metering,email,28.0,495.6,8.59,7.51
2026-07-24,23,11:30,metering.email,Metering,email,18.0,495.6,4.99,4.8
2026-07-24,24,12:00,metering.email,Metering,email,15.0,495.6,4.21,3.87
2026-07-24,25,12:30,metering.email,Metering,email,6.0,495.6,1.92,1.71
2026-07-24,26,13:00,metering.email,Metering,email,13.0,495.6,4.01,3.5
2026-07-24,27,13:30,metering.email,Metering,email,20.0,495.6,5.55,5.24
2026-07-24,28,14:00,metering.email,Metering,email,28.0,495.6,7.5,6.92
2026-07-24,29,14:30,metering.email,Metering,email,27.0,495.6,7.5,7.67
2026-07-24,30,15:00,metering.email,Metering,email,29.0,495.6,8.59,8.57
2026-07-24,31,15:30,metering.email,Metering,email,20.0,495.6,6.33,5.32
2026-07-24,32,16:00,metering.email,Metering,email,6.0,495.6,1.45,1.64
2026-07-24,33,16:30,metering.email,Metering,email,14.0,495.6,4.13,3.78
2026-07-24,34,17:00,metering.email,Metering,email,2.0,495.6,0.44,0.6
2026-07-24,35,17:30,metering.email,Metering,email,3.0,495.6,0.67,0.84
2026-07-27,16,08:00,metering.email,Metering,email,6.0,522.9,1.75,1.65
2026-07-27,17,08:30,metering.email,Metering,email,16.0,522.9,4.65,4.87
2026-07-27,18,09:00,metering.email,Metering,email,24.0,522.9,5.34,7.52
2026-07-27,19,09:30,metering.email,Metering,email,27.0,522.9,7.62,8.44
2026-07-27,20,10:00,metering.email,Metering,email,29.0,522.9,7.23,8.36
2026-07-27,21,10:30,metering.email,Metering,email,17.0,522.9,4.0,4.71
2026-07-27,22,11:00,metering.email,Metering,email,23.0,522.9,5.33,6.53
2026-07-27,23,11:30,metering.email,Metering,email,15.0,522.9,4.43,4.26
2026-07-27,24,12:00,metering.email,Metering,email,10.0,522.9,3.36,2.94
2026-07-27,25,12:30,metering.email,Metering,email,4.0,522.9,1.2,1.17
2026-07-27,26,13:00,metering.email,Metering,email,13.0,522.9,4.83,4.29
2026-07-27,27,13:30,metering.email,Metering,email,22.0,522.9,5.62,6.62
2026-07-27,28,14:00,metering.email,Metering,email,30.0,522.9,7.18,8.89
2026-07-27,29,14:30,metering.email,Metering,email,25.0,522.9,7.27,7.25
2026-07-27,30,15:00,metering.email,Metering,email,31.0,522.9,8.69,9.02
2026-07-27,31,15:30,metering.email,Metering,email,21.0,522.9,5.91,6.23
2026-07-27,32,16:00,metering.email,Metering,email,13.0,522.9,4.59,3.83
2026-07-27,33,16:30,metering.email,Metering,email,7.0,522.9,1.61,1.85
2026-07-27,34,17:00,metering.email,Metering,email,1.0,522.9,0.29,0.29
2026-07-27,35,17:30,metering.email,Metering,email,2.0,522.9,0.54,0.57
2026-07-28,16,08:00,metering.email,Metering,email,6.0,526.7,1.73,1.87
2026-07-28,17,08:30,metering.email,Metering,email,15.0,526.7,3.59,4.28
2026-07-28,18,09:00,metering.email,Metering,email,21.0,526.7,6.67,6.3
2026-07-28,19,09:30,metering.email,Metering,email,25.0,526.7,6.74,7.09
2026-07-28,20,10:00,metering.email,Metering,email,29.0,526.7,10.56,8.58
2026-07-28,21,10:30,metering.email,Metering,email,27.0,526.7,7.95,7.32
2026-07-28,22,11:00,metering.email,Metering,email,22.0,526.7,5.76,6.75
2026-07-28,23,11:30,metering.email,Metering,email,19.0,526.7,5.6,5.78
2026-07-28,24,12:00,metering.email,Metering,email,2.0,526.7,0.56,0.61
2026-07-28,25,12:30,metering.email,Metering,email,8.0,526.7,1.72,2.24
2026-07-28,26,13:00,metering.email,Metering,email,13.0,526.7,3.94,3.51
2026-07-28,27,13:30,metering.email,Metering,email,20.0,526.7,4.48,6.16
2026-07-28,28,14:00,metering.email,Metering,email,24.0,526.7,6.76,7.54
2026-07-28,29,14:30,metering.email,Metering,email,20.0,526.7,5.94,5.51
2026-07-28,30,15:00,metering.email,Metering,email,11.0,526.7,3.4,3.02
2026-07-28,31,15:30,metering.email,Metering,email,10.0,526.7,2.55,3.17
2026-07-28,32,16:00,metering.email,Metering,email,14.0,526.7,4.12,4.01
2026-07-28,33,16:30,metering.email,Metering,email,12.0,526.7,2.92,3.44
2026-07-28,34,17:00,metering.email,Metering,email,2.0,526.7,0.62,0.54
2026-07-28,35,17:30,metering.email,Metering,email,3.0,526.7,0.93,0.87
2026-07-29,16,08:00,metering.email,Metering,email,4.0,508.3,1.11,1.08
2026-07-29,17,08:30,metering.email,Metering,email,14.0,508.3,3.66,3.74
2026-07-29,18,09:00,metering.email,Metering,email,15.0,508.3,4.19,4.35
2026-07-29,19,09:30,metering.email,Metering,email,16.0,508.3,4.61,4.24
2026-07-29,20,10:00,metering.email,Metering,email,19.0,508.3,5.35,5.61
2026-07-29,21,10:30,metering.email,Metering,email,22.0,508.3,6.14,6.21
2026-07-29,22,11:00,metering.email,Metering,email,20.0,508.3,5.83,5.78
2026-07-29,23,11:30,metering.email,Metering,email,13.0,508.3,3.13,4.06
2026-07-29,24,12:00,metering.email,Metering,email,7.0,508.3,1.81,1.87
2026-07-29,25,12:30,metering.email,Metering,email,5.0,508.3,1.93,1.55
2026-07-29,26,13:00,metering.email,Metering,email,7.0,508.3,1.86,1.94
2026-07-29,27,13:30,metering.email,Metering,email,17.0,508.3,4.29,5.1
2026-07-29,28,14:00,metering.email,Metering,email,27.0,508.3,7.2,8.0
2026-07-29,29,14:30,metering.email,Metering,email,17.0,508.3,3.26,4.78
2026-07-29,30,15:00,metering.email,Metering,email,19.0,508.3,5.27,5.56
2026-07-29,31,15:30,metering.email,Metering,email,21.0,508.3,5.84,5.95
2026-07-29,32,16:00,metering.email,Metering,email,12.0,508.3,3.61,3.49
2026-07-29,33,16:30,metering.email,Metering,email,6.0,508.3,1.44,1.58
2026-07-29,34,17:00,metering.email,Metering,email,3.0,508.3,0.8,0.78
2026-07-29,35,17:30,metering.email,Metering,email,1.0,508.3,0.24,0.3
2026-07-30,16,08:00,metering.email,Metering,email,8.0,509.9,2.22,2.34
2026-07-30,17,08:30,metering.email,Metering,email,12.0,509.9,2.18,3.27
2026-07-30,18,09:00,metering.email,Metering,email,15.0,509.9,4.03,4.58
2026-07-30,19,09:30,metering.email,Metering,email,27.0,509.9,8.65,8.32
2026-07-30,20,10:00,metering.email,Metering,email,12.0,509.9,3.18,3.2
2026-07-30,21,10:30,metering.email,Metering,email,21.0,509.9,6.89,5.45
2026-07-30,22,11:00,metering.email,Metering,email,14.0,509.9,3.86,4.01
2026-07-30,23,11:30,metering.email,Metering,email,12.0,509.9,2.86,3.23
2026-07-30,24,12:00,metering.email,Metering,email,5.0,509.9,1.53,1.52
2026-07-30,25,12:30,metering.email,Metering,email,4.0,509.9,1.07,1.11
2026-07-30,26,13:00,metering.email,Metering,email,11.0,509.9,2.96,3.1
2026-07-30,27,13:30,metering.email,Metering,email,15.0,509.9,4.83,4.11
2026-07-30,28,14:00,metering.email,Metering,email,18.0,509.9,5.69,5.22
2026-07-30,29,14:30,metering.email,Metering,email,20.0,509.9,5.64,5.84
2026-07-30,30,15:00,metering.email,Metering,email,17.0,509.9,3.46,4.81
2026-07-30,31,15:30,metering.email,Metering,email,14.0,509.9,3.7,4.06
2026-07-30,32,16:00,metering.email,Metering,email,5.0,509.9,1.48,1.38
2026-07-30,33,16:30,metering.email,Metering,email,3.0,509.9,0.53,0.87
2026-07-30,34,17:00,metering.email,Metering,email,2.0,509.9,0.45,0.51
2026-07-30,35,17:30,metering.email,Metering,email,0.0,509.9,0.0,0.0
2026-07-31,16,08:00,metering.email,Metering,email,6.0,494.3,1.1,1.7
2026-07-31,17,08:30,metering.email,Metering,email,10.0,494.3,2.48,2.72
2026-07-31,18,09:00,metering.email,Metering,email,22.0,494.3,7.04,6.17
2026-07-31,19,09:30,metering.email,Metering,email,20.0,494.3,3.56,5.8
2026-07-31,20,10:00,metering.email,Metering,email,12.0,494.3,3.33,3.16
2026-07-31,21,10:30,metering.email,Metering,email,20.0,494.3,5.13,5.05
2026-07-31,22,11:00,metering.email,Metering,email,14.0,494.3,3.9,3.9
2026-07-31,23,11:30,metering.email,Metering,email,11.0,494.3,2.43,3.09
2026-07-31,24,12:00,metering.email,Metering,email,11.0,494.3,3.24,3.02
2026-07-31,25,12:30,metering.email,Metering,email,7.0,494.3,1.99,1.94
2026-07-31,26,13:00,metering.email,Metering,email,5.0,494.3,1.24,1.32
2026-07-31,27,13:30,metering.email,Metering,email,11.0,494.3,2.92,2.87
2026-07-31,28,14:00,metering.email,Metering,email,11.0,494.3,2.75,3.28
2026-07-31,29,14:30,metering.email,Metering,email,14.0,494.3,3.49,4.1
2026-07-31,30,15:00,metering.email,Metering,email,12.0,494.3,2.91,3.41
2026-07-31,31,15:30,metering.email,Metering,email,11.0,494.3,2.59,2.96
2026-07-31,32,16:00,metering.email,Metering,email,12.0,494.3,3.76,3.41
2026-07-31,33,16:30,metering.email,Metering,email,6.0,494.3,1.86,1.47
2026-07-31,34,17:00,metering.email,Metering,email,5.0,494.3,1.25,1.4
2026-07-31,35,17:30,metering.email,Metering,email,0.0,494.3,0.0,0.0
2026-08-03,16,08:00,metering.email,Metering,email,7.0,547.8,1.72,2.0
2026-08-03,17,08:30,metering.email,Metering,email,20.0,547.8,4.69,5.86
2026-08-03,18,09:00,metering.email,Metering,email,22.0,547.8,6.04,6.96
2026-08-03,19,09:30,metering.email,Metering,email,21.0,547.8,5.65,6.47
2026-08-03,20,10:00,metering.email,Metering,email,31.0,547.8,9.06,9.74
2026-08-03,21,10:30,metering.email,Metering,email,17.0,547.8,3.78,4.95
2026-08-03,22,11:00,metering.email,Metering,email,13.0,547.8,4.13,3.91
2026-08-03,23,11:30,metering.email,Metering,email,14.0,547.8,4.19,4.26
2026-08-03,24,12:00,metering.email,Metering,email,6.0,547.8,1.79,1.59
2026-08-03,25,12:30,metering.email,Metering,email,5.0,547.8,1.82,1.51
2026-08-03,26,13:00,metering.email,Metering,email,8.0,547.8,2.24,2.37
2026-08-03,27,13:30,metering.email,Metering,email,11.0,547.8,3.75,3.14
2026-08-03,28,14:00,metering.email,Metering,email,33.0,547.8,13.96,10.68
2026-08-03,29,14:30,metering.email,Metering,email,25.0,547.8,7.87,8.09
2026-08-03,30,15:00,metering.email,Metering,email,14.0,547.8,4.35,4.39
2026-08-03,31,15:30,metering.email,Metering,email,17.0,547.8,6.6,5.32
2026-08-03,32,16:00,metering.email,Metering,email,8.0,547.8,2.46,2.35
2026-08-03,33,16:30,metering.email,Metering,email,6.0,547.8,1.7,1.91
2026-08-03,34,17:00,metering.email,Metering,email,2.0,547.8,0.71,0.57
2026-08-03,35,17:30,metering.email,Metering,email,0.0,547.8,0.0,0.0
2026-08-04,16,08:00,metering.email,Metering,email,4.0,508.4,1.44,1.08
2026-08-04,17,08:30,metering.email,Metering,email,15.0,508.4,4.43,4.1
2026-08-04,18,09:00,metering.email,Metering,email,10.0,508.4,2.58,2.75
2026-08-04,19,09:30,metering.email,Metering,email,38.0,508.4,10.44,10.55
2026-08-04,20,10:00,metering.email,Metering,email,31.0,508.4,7.33,8.39
2026-08-04,21,10:30,metering.email,Metering,email,23.0,508.4,6.96,6.73
2026-08-04,22,11:00,metering.email,Metering,email,24.0,508.4,4.5,6.4
2026-08-04,23,11:30,metering.email,Metering,email,9.0,508.4,2.19,2.52
2026-08-04,24,12:00,metering.email,Metering,email,10.0,508.4,3.09,3.03
2026-08-04,25,12:30,metering.email,Metering,email,0.0,508.4,0.0,0.0
2026-08-04,26,13:00,metering.email,Metering,email,11.0,508.4,2.85,2.98
2026-08-04,27,13:30,metering.email,Metering,email,17.0,508.4,4.74,4.79
2026-08-04,28,14:00,metering.email,Metering,email,14.0,508.4,4.03,3.94
2026-08-04,29,14:30,metering.email,Metering,email,19.0,508.4,4.51,5.76
2026-08-04,30,15:00,metering.email,Metering,email,22.0,508.4,6.07,6.17
2026-08-04,31,15:30,metering.email,Metering,email,12.0,508.4,3.58,3.37
2026-08-04,32,16:00,metering.email,Metering,email,23.0,508.4,5.91,6.69
2026-08-04,33,16:30,metering.email,Metering,email,11.0,508.4,2.73,3.13
2026-08-04,34,17:00,metering.email,Metering,email,2.0,508.4,0.68,0.54
2026-08-04,35,17:30,metering.email,Metering,email,1.0,508.4,0.27,0.28
2026-08-05,16,08:00,metering.email,Metering,email,11.0,498.7,2.39,3.15
2026-08-05,17,08:30,metering.email,Metering,email,14.0,498.7,4.4,3.86
2026-08-05,18,09:00,metering.email,Metering,email,20.0,498.7,5.71,5.87
2026-08-05,19,09:30,metering.email,Metering,email,12.0,498.7,2.65,3.31
2026-08-05,20,10:00,metering.email,Metering,email,21.0,498.7,6.0,5.69
2026-08-05,21,10:30,metering.email,Metering,email,33.0,498.7,8.39,9.12
2026-08-05,22,11:00,metering.email,Metering,email,23.0,498.7,5.94,6.12
2026-08-05,23,11:30,metering.email,Metering,email,11.0,498.7,2.71,3.29
2026-08-05,24,12:00,metering.email,Metering,email,4.0,498.7,1.26,1.19
2026-08-05,25,12:30,metering.email,Metering,email,9.0,498.7,3.09,2.53
2026-08-05,26,13:00,metering.email,Metering,email,16.0,498.7,4.63,4.23
2026-08-05,27,13:30,metering.email,Metering,email,13.0,498.7,3.28,3.87
2026-08-05,28,14:00,metering.email,Metering,email,21.0,498.7,5.3,6.04
2026-08-05,29,14:30,metering.email,Metering,email,26.0,498.7,7.43,7.2
2026-08-05,30,15:00,metering.email,Metering,email,15.0,498.7,5.01,3.96
2026-08-05,31,15:30,metering.email,Metering,email,17.0,498.7,5.6,4.77
2026-08-05,32,16:00,metering.email,Metering,email,7.0,498.7,1.94,2.02
2026-08-05,33,16:30,metering.email,Metering,email,7.0,498.7,1.94,1.89
2026-08-05,34,17:00,metering.email,Metering,email,6.0,498.7,1.68,1.66
2026-08-05,35,17:30,metering.email,Metering,email,2.0,498.7,0.6,0.57
2026-08-06,16,08:00,metering.email,Metering,email,3.0,521.6,0.94,0.88
2026-08-06,17,08:30,metering.email,Metering,email,13.0,521.6,3.61,3.65
2026-08-06,18,09:00,metering.email,Metering,email,17.0,521.6,3.57,5.0
2026-08-06,19,09:30,metering.email,Metering,email,17.0,521.6,5.93,5.32
2026-08-06,20,10:00,metering.email,Metering,email,9.0,521.6,2.83,2.65
2026-08-06,21,10:30,metering.email,Metering,email,9.0,521.6,2.7,2.47
2026-08-06,22,11:00,metering.email,Metering,email,8.0,521.6,2.36,2.19
2026-08-06,23,11:30,metering.email,Metering,email,13.0,521.6,4.07,3.55
2026-08-06,24,12:00,metering.email,Metering,email,3.0,521.6,0.93,0.89
2026-08-06,25,12:30,metering.email,Metering,email,5.0,521.6,1.61,1.44
2026-08-06,26,13:00,metering.email,Metering,email,8.0,521.6,2.65,2.43
2026-08-06,27,13:30,metering.email,Metering,email,7.0,521.6,2.07,1.93
2026-08-06,28,14:00,metering.email,Metering,email,12.0,521.6,2.71,3.13
2026-08-06,29,14:30,metering.email,Metering,email,15.0,521.6,3.73,4.4
2026-08-06,30,15:00,metering.email,Metering,email,13.0,521.6,3.15,3.64
2026-08-06,31,15:30,metering.email,Metering,email,20.0,521.6,3.52,5.79
2026-08-06,32,16:00,metering.email,Metering,email,12.0,521.6,3.67,3.43
2026-08-06,33,16:30,metering.email,Metering,email,7.0,521.6,2.21,1.98
2026-08-06,34,17:00,metering.email,Metering,email,1.0,521.6,0.34,0.3
2026-08-06,35,17:30,metering.email,Metering,email,3.0,521.6,0.79,0.94
2026-08-07,16,08:00,metering.email,Metering,email,5.0,518.9,1.48,1.48
2026-08-07,17,08:30,metering.email,Metering,email,10.0,518.9,2.44,2.76
2026-08-07,18,09:00,metering.email,Metering,email,17.0,518.9,4.25,4.97
2026-08-07,19,09:30,metering.email,Metering,email,18.0,518.9,5.39,5.11
2026-08-07,20,10:00,metering.email,Metering,email,21.0,518.9,6.45,5.4
2026-08-07,21,10:30,metering.email,Metering,email,24.0,518.9,5.89,6.67
2026-08-07,22,11:00,metering.email,Metering,email,15.0,518.9,3.3,4.27
2026-08-07,23,11:30,metering.email,Metering,email,8.0,518.9,1.9,2.3
2026-08-07,24,12:00,metering.email,Metering,email,11.0,518.9,2.81,3.1
2026-08-07,25,12:30,metering.email,Metering,email,3.0,518.9,0.71,0.81
2026-08-07,26,13:00,metering.email,Metering,email,4.0,518.9,0.98,1.08
2026-08-07,27,13:30,metering.email,Metering,email,10.0,518.9,3.56,2.71
2026-08-07,28,14:00,metering.email,Metering,email,15.0,518.9,4.4,4.07
2026-08-07,29,14:30,metering.email,Metering,email,16.0,518.9,5.06,4.47
2026-08-07,30,15:00,metering.email,Metering,email,19.0,518.9,5.87,5.65
2026-08-07,31,15:30,metering.email,Metering,email,12.0,518.9,3.38,3.41
2026-08-07,32,16:00,metering.email,Metering,email,12.0,518.9,2.95,3.5
2026-08-07,33,16:30,metering.email,Metering,email,7.0,518.9,2.08,2.16
2026-08-07,34,17:00,metering.email,Metering,email,3.0,518.9,0.61,0.87
2026-08-07,35,17:30,metering.email,Metering,email,0.0,518.9,0.0,0.0
2026-08-10,16,08:00,metering.email,Metering,email,2.0,528.1,0.49,0.57
2026-08-10,17,08:30,metering.email,Metering,email,14.0,528.1,4.28,4.06
2026-08-10,18,09:00,metering.email,Metering,email,20.0,528.1,6.33,5.53
2026-08-10,19,09:30,metering.email,Metering,email,34.0,528.1,9.18,9.47
2026-08-10,20,10:00,metering.email,Metering,email,23.0,528.1,6.25,6.57
2026-08-10,21,10:30,metering.email,Metering,email,15.0,528.1,3.64,4.24
2026-08-10,22,11:00,metering.email,Metering,email,17.0,528.1,3.74,5.05
2026-08-10,23,11:30,metering.email,Metering,email,13.0,528.1,2.88,3.73
2026-08-10,24,12:00,metering.email,Metering,email,5.0,528.1,1.54,1.49
2026-08-10,25,12:30,metering.email,Metering,email,8.0,528.1,2.44,2.3
2026-08-10,26,13:00,metering.email,Metering,email,8.0,528.1,2.05,2.31
2026-08-10,27,13:30,metering.email,Metering,email,17.0,528.1,4.11,5.26
2026-08-10,28,14:00,metering.email,Metering,email,22.0,528.1,5.88,6.92
2026-08-10,29,14:30,metering.email,Metering,email,21.0,528.1,6.03,6.63
2026-08-10,30,15:00,metering.email,Metering,email,20.0,528.1,7.17,5.32
2026-08-10,31,15:30,metering.email,Metering,email,11.0,528.1,2.37,3.47
2026-08-10,32,16:00,metering.email,Metering,email,12.0,528.1,3.91,3.44
2026-08-10,33,16:30,metering.email,Metering,email,6.0,528.1,1.83,1.91
2026-08-10,34,17:00,metering.email,Metering,email,2.0,528.1,0.53,0.59
2026-08-10,35,17:30,metering.email,Metering,email,4.0,528.1,1.25,1.16
2026-08-11,16,08:00,metering.email,Metering,email,6.0,506.0,1.89,1.68
2026-08-11,17,08:30,metering.email,Metering,email,9.0,506.0,2.68,2.54
2026-08-11,18,09:00,metering.email,Metering,email,15.0,506.0,4.1,4.13
2026-08-11,19,09:30,metering.email,Metering,email,28.0,506.0,6.25,7.46
2026-08-11,20,10:00,metering.email,Metering,email,14.0,506.0,4.65,4.1
2026-08-11,21,10:30,metering.email,Metering,email,19.0,506.0,5.49,5.56
2026-08-11,22,11:00,metering.email,Metering,email,16.0,506.0,4.9,4.37
2026-08-11,23,11:30,metering.email,Metering,email,13.0,506.0,3.38,3.55
2026-08-11,24,12:00,metering.email,Metering,email,7.0,506.0,1.71,1.89
2026-08-11,25,12:30,metering.email,Metering,email,4.0,506.0,1.08,1.14
2026-08-11,26,13:00,metering.email,Metering,email,3.0,506.0,0.77,0.84
2026-08-11,27,13:30,metering.email,Metering,email,7.0,506.0,1.85,1.82
2026-08-11,28,14:00,metering.email,Metering,email,15.0,506.0,3.83,4.13
2026-08-11,29,14:30,metering.email,Metering,email,13.0,506.0,4.16,3.93
2026-08-11,30,15:00,metering.email,Metering,email,20.0,506.0,5.64,5.27
2026-08-11,31,15:30,metering.email,Metering,email,14.0,506.0,4.12,4.18
2026-08-11,32,16:00,metering.email,Metering,email,12.0,506.0,2.33,3.38
2026-08-11,33,16:30,metering.email,Metering,email,3.0,506.0,0.87,0.78
2026-08-11,34,17:00,metering.email,Metering,email,3.0,506.0,0.67,0.83
2026-08-11,35,17:30,metering.email,Metering,email,1.0,506.0,0.25,0.26
2026-08-12,16,08:00,metering.email,Metering,email,6.0,513.5,1.72,1.83
2026-08-12,17,08:30,metering.email,Metering,email,9.0,513.5,2.37,2.52
2026-08-12,18,09:00,metering.email,Metering,email,23.0,513.5,5.18,7.18
2026-08-12,19,09:30,metering.email,Metering,email,21.0,513.5,4.59,5.85
2026-08-12,20,10:00,metering.email,Metering,email,19.0,513.5,4.47,5.12
2026-08-12,21,10:30,metering.email,Metering,email,14.0,513.5,3.73,3.96
2026-08-12,22,11:00,metering.email,Metering,email,13.0,513.5,3.53,4.06
2026-08-12,23,11:30,metering.email,Metering,email,9.0,513.5,2.78,2.5
2026-08-12,24,12:00,metering.email,Metering,email,9.0,513.5,2.25,2.75
2026-08-12,25,12:30,metering.email,Metering,email,5.0,513.5,1.44,1.4
2026-08-12,26,13:00,metering.email,Metering,email,8.0,513.5,2.39,2.65
2026-08-12,27,13:30,metering.email,Metering,email,11.0,513.5,3.0,3.26
2026-08-12,28,14:00,metering.email,Metering,email,20.0,513.5,3.93,6.03
2026-08-12,29,14:30,metering.email,Metering,email,17.0,513.5,4.94,4.69
2026-08-12,30,15:00,metering.email,Metering,email,18.0,513.5,5.35,5.61
2026-08-12,31,15:30,metering.email,Metering,email,14.0,513.5,4.12,3.92
2026-08-12,32,16:00,metering.email,Metering,email,11.0,513.5,3.43,3.11
2026-08-12,33,16:30,metering.email,Metering,email,3.0,513.5,0.66,0.94
2026-08-12,34,17:00,metering.email,Metering,email,4.0,513.5,1.01,1.02
2026-08-12,35,17:30,metering.email,Metering,email,3.0,513.5,0.89,0.76
2026-08-13,16,08:00,metering.email,Metering,email,4.0,493.1,1.13,1.1
2026-08-13,17,08:30,metering.email,Metering,email,13.0,493.1,3.98,3.5
2026-08-13,18,09:00,metering.email,Metering,email,7.0,493.1,1.57,1.96
2026-08-13,19,09:30,metering.email,Metering,email,24.0,493.1,6.92,6.72
2026-08-13,20,10:00,metering.email,Metering,email,19.0,493.1,5.86,5.35
2026-08-13,21,10:30,metering.email,Metering,email,13.0,493.1,3.49,3.47
2026-08-13,22,11:00,metering.email,Metering,email,17.0,493.1,3.45,4.9
2026-08-13,23,11:30,metering.email,Metering,email,11.0,493.1,3.0,3.0
2026-08-13,24,12:00,metering.email,Metering,email,7.0,493.1,1.73,1.92
2026-08-13,25,12:30,metering.email,Metering,email,2.0,493.1,0.63,0.53
2026-08-13,26,13:00,metering.email,Metering,email,2.0,493.1,0.57,0.56
2026-08-13,27,13:30,metering.email,Metering,email,6.0,493.1,1.75,1.67
2026-08-13,28,14:00,metering.email,Metering,email,11.0,493.1,2.9,2.95
2026-08-13,29,14:30,metering.email,Metering,email,21.0,493.1,5.52,5.87
2026-08-13,30,15:00,metering.email,Metering,email,15.0,493.1,4.49,3.74
2026-08-13,31,15:30,metering.email,Metering,email,13.0,493.1,3.24,3.96
2026-08-13,32,16:00,metering.email,Metering,email,11.0,493.1,2.69,2.86
2026-08-13,33,16:30,metering.email,Metering,email,7.0,493.1,1.64,1.97
2026-08-13,34,17:00,metering.email,Metering,email,1.0,493.1,0.32,0.27
2026-08-13,35,17:30,metering.email,Metering,email,0.0,493.1,0.0,0.0
2026-08-14,16,08:00,metering.email,Metering,email,5.0,502.4,1.48,1.23
2026-08-14,17,08:30,metering.email,Metering,email,15.0,502.4,4.51,4.09
2026-08-14,18,09:00,metering.email,Metering,email,23.0,502.4,5.65,6.64
2026-08-14,19,09:30,metering.email,Metering,email,27.0,502.4,8.66,8.08
2026-08-14,20,10:00,metering.email,Metering,email,35.0,502.4,10.71,10.03
2026-08-14,21,10:30,metering.email,Metering,email,20.0,502.4,5.89,5.78
2026-08-14,22,11:00,metering.email,Metering,email,15.0,502.4,4.89,4.41
2026-08-14,23,11:30,metering.email,Metering,email,13.0,502.4,3.53,3.52
2026-08-14,24,12:00,metering.email,Metering,email,5.0,502.4,1.52,1.34
2026-08-14,25,12:30,metering.email,Metering,email,8.0,502.4,1.95,2.07
2026-08-14,26,13:00,metering.email,Metering,email,14.0,502.4,2.87,3.92
2026-08-14,27,13:30,metering.email,Metering,email,18.0,502.4,5.01,5.25
2026-08-14,28,14:00,metering.email,Metering,email,18.0,502.4,4.48,4.88
2026-08-14,29,14:30,metering.email,Metering,email,21.0,502.4,5.74,5.75
2026-08-14,30,15:00,metering.email,Metering,email,11.0,502.4,2.77,3.1
2026-08-14,31,15:30,metering.email,Metering,email,28.0,502.4,7.55,7.65
2026-08-14,32,16:00,metering.email,Metering,email,15.0,502.4,4.4,4.38
2026-08-14,33,16:30,metering.email,Metering,email,7.0,502.4,1.78,1.96
2026-08-14,34,17:00,metering.email,Metering,email,2.0,502.4,0.55,0.6
2026-08-14,35,17:30,metering.email,Metering,email,1.0,502.4,0.26,0.27
2026-07-20,0,00:00,operations.voice,Leaks & supply interruption,voice,1.0,363.1,0.24,0.18
2026-07-20,1,00:30,operations.voice,Leaks & supply interruption,voice,1.0,363.1,0.21,0.18
2026-07-20,2,01:00,operations.voice,Leaks & supply interruption,voice,2.0,363.1,0.28,0.4
2026-07-20,3,01:30,operations.voice,Leaks & supply interruption,voice,4.0,363.1,0.83,0.76
2026-07-20,4,02:00,operations.voice,Leaks & supply interruption,voice,2.0,363.1,0.34,0.4
2026-07-20,5,02:30,operations.voice,Leaks & supply interruption,voice,3.0,363.1,0.59,0.62
2026-07-20,6,03:00,operations.voice,Leaks & supply interruption,voice,1.0,363.1,0.19,0.22
2026-07-20,7,03:30,operations.voice,Leaks & supply interruption,voice,2.0,363.1,0.42,0.4
2026-07-20,8,04:00,operations.voice,Leaks & supply interruption,voice,1.0,363.1,0.19,0.22
2026-07-20,9,04:30,operations.voice,Leaks & supply interruption,voice,4.0,363.1,0.46,0.79
2026-07-20,10,05:00,operations.voice,Leaks & supply interruption,voice,2.0,363.1,0.4,0.42
2026-07-20,11,05:30,operations.voice,Leaks & supply interruption,voice,1.0,363.1,0.18,0.21
2026-07-20,12,06:00,operations.voice,Leaks & supply interruption,voice,5.0,363.1,0.78,0.98
2026-07-20,13,06:30,operations.voice,Leaks & supply interruption,voice,15.0,363.1,3.09,3.0
2026-07-20,14,07:00,operations.voice,Leaks & supply interruption,voice,18.0,363.1,3.32,3.69
2026-07-20,15,07:30,operations.voice,Leaks & supply interruption,voice,21.0,363.1,4.99,4.21
2026-07-20,16,08:00,operations.voice,Leaks & supply interruption,voice,34.0,363.1,5.76,6.76
2026-07-20,17,08:30,operations.voice,Leaks & supply interruption,voice,40.0,363.1,8.01,8.12
2026-07-20,18,09:00,operations.voice,Leaks & supply interruption,voice,42.0,363.1,6.0,8.32
2026-07-20,19,09:30,operations.voice,Leaks & supply interruption,voice,28.0,363.1,6.64,5.78
2026-07-20,20,10:00,operations.voice,Leaks & supply interruption,voice,41.0,363.1,9.09,8.01
2026-07-20,21,10:30,operations.voice,Leaks & supply interruption,voice,37.0,363.1,8.05,7.47
2026-07-20,22,11:00,operations.voice,Leaks & supply interruption,voice,38.0,363.1,8.6,7.06
2026-07-20,23,11:30,operations.voice,Leaks & supply interruption,voice,31.0,363.1,6.86,6.23
2026-07-20,24,12:00,operations.voice,Leaks & supply interruption,voice,13.0,363.1,2.49,2.47
2026-07-20,25,12:30,operations.voice,Leaks & supply interruption,voice,12.0,363.1,2.54,2.4
2026-07-20,26,13:00,operations.voice,Leaks & supply interruption,voice,22.0,363.1,5.04,4.81
2026-07-20,27,13:30,operations.voice,Leaks & supply interruption,voice,32.0,363.1,6.96,6.3
2026-07-20,28,14:00,operations.voice,Leaks & supply interruption,voice,39.0,363.1,8.63,6.64
2026-07-20,29,14:30,operations.voice,Leaks & supply interruption,voice,31.0,363.1,6.09,6.31
2026-07-20,30,15:00,operations.voice,Leaks & supply interruption,voice,29.0,363.1,5.02,6.11
2026-07-20,31,15:30,operations.voice,Leaks & supply interruption,voice,22.0,363.1,5.11,4.33
2026-07-20,32,16:00,operations.voice,Leaks & supply interruption,voice,19.0,363.1,3.98,4.04
2026-07-20,33,16:30,operations.voice,Leaks & supply interruption,voice,16.0,363.1,3.18,3.09
2026-07-20,34,17:00,operations.voice,Leaks & supply interruption,voice,19.0,363.1,4.04,3.78
2026-07-20,35,17:30,operations.voice,Leaks & supply interruption,voice,14.0,363.1,2.55,2.87
2026-07-20,36,18:00,operations.voice,Leaks & supply interruption,voice,10.0,363.1,1.79,1.93
2026-07-20,37,18:30,operations.voice,Leaks & supply interruption,voice,9.0,363.1,1.92,1.75
2026-07-20,38,19:00,operations.voice,Leaks & supply interruption,voice,15.0,363.1,2.97,2.98
2026-07-20,39,19:30,operations.voice,Leaks & supply interruption,voice,12.0,363.1,2.47,2.42
2026-07-20,40,20:00,operations.voice,Leaks & supply interruption,voice,14.0,363.1,2.75,2.58
2026-07-20,41,20:30,operations.voice,Leaks & supply interruption,voice,7.0,363.1,1.3,1.38
2026-07-20,42,21:00,operations.voice,Leaks & supply interruption,voice,0.0,363.1,0.0,0.0
2026-07-20,43,21:30,operations.voice,Leaks & supply interruption,voice,4.0,363.1,0.69,0.86
2026-07-20,44,22:00,operations.voice,Leaks & supply interruption,voice,4.0,363.1,0.73,0.77
2026-07-20,45,22:30,operations.voice,Leaks & supply interruption,voice,3.0,363.1,0.58,0.66
2026-07-20,46,23:00,operations.voice,Leaks & supply interruption,voice,2.0,363.1,0.47,0.41
2026-07-20,47,23:30,operations.voice,Leaks & supply interruption,voice,4.0,363.1,0.68,0.79
2026-07-21,0,00:00,operations.voice,Leaks & supply interruption,voice,3.0,335.3,0.48,0.52
2026-07-21,1,00:30,operations.voice,Leaks & supply interruption,voice,3.0,335.3,0.58,0.55
2026-07-21,2,01:00,operations.voice,Leaks & supply interruption,voice,1.0,335.3,0.19,0.19
2026-07-21,3,01:30,operations.voice,Leaks & supply interruption,voice,2.0,335.3,0.3,0.39
2026-07-21,4,02:00,operations.voice,Leaks & supply interruption,voice,2.0,335.3,0.32,0.35
2026-07-21,5,02:30,operations.voice,Leaks & supply interruption,voice,2.0,335.3,0.36,0.35
2026-07-21,6,03:00,operations.voice,Leaks & supply interruption,voice,3.0,335.3,0.48,0.58
2026-07-21,7,03:30,operations.voice,Leaks & supply interruption,voice,4.0,335.3,0.65,0.72
2026-07-21,8,04:00,operations.voice,Leaks & supply interruption,voice,0.0,335.3,0.0,0.0
2026-07-21,9,04:30,operations.voice,Leaks & supply interruption,voice,3.0,335.3,0.51,0.56
2026-07-21,10,05:00,operations.voice,Leaks & supply interruption,voice,2.0,335.3,0.45,0.37
2026-07-21,11,05:30,operations.voice,Leaks & supply interruption,voice,4.0,335.3,0.73,0.75
2026-07-21,12,06:00,operations.voice,Leaks & supply interruption,voice,3.0,335.3,0.66,0.55
2026-07-21,13,06:30,operations.voice,Leaks & supply interruption,voice,13.0,335.3,2.19,2.44
2026-07-21,14,07:00,operations.voice,Leaks & supply interruption,voice,17.0,335.3,2.44,3.27
2026-07-21,15,07:30,operations.voice,Leaks & supply interruption,voice,16.0,335.3,3.35,3.11
2026-07-21,16,08:00,operations.voice,Leaks & supply interruption,voice,19.0,335.3,3.86,3.6
2026-07-21,17,08:30,operations.voice,Leaks & supply interruption,voice,19.0,335.3,3.59,3.32
2026-07-21,18,09:00,operations.voice,Leaks & supply interruption,voice,32.0,335.3,6.48,5.8
2026-07-21,19,09:30,operations.voice,Leaks & supply interruption,voice,41.0,335.3,6.77,7.89
2026-07-21,20,10:00,operations.voice,Leaks & supply interruption,voice,29.0,335.3,5.47,5.36
2026-07-21,21,10:30,operations.voice,Leaks & supply interruption,voice,40.0,335.3,6.93,8.05
2026-07-21,22,11:00,operations.voice,Leaks & supply interruption,voice,31.0,335.3,4.18,5.75
2026-07-21,23,11:30,operations.voice,Leaks & supply interruption,voice,17.0,335.3,3.29,3.2
2026-07-21,24,12:00,operations.voice,Leaks & supply interruption,voice,14.0,335.3,2.8,2.47
2026-07-21,25,12:30,operations.voice,Leaks & supply interruption,voice,5.0,335.3,1.13,0.92
2026-07-21,26,13:00,operations.voice,Leaks & supply interruption,voice,10.0,335.3,1.69,1.93
2026-07-21,27,13:30,operations.voice,Leaks & supply interruption,voice,19.0,335.3,4.64,3.69
2026-07-21,28,14:00,operations.voice,Leaks & supply interruption,voice,28.0,335.3,5.5,5.21
2026-07-21,29,14:30,operations.voice,Leaks & supply interruption,voice,43.0,335.3,8.27,7.78
2026-07-21,30,15:00,operations.voice,Leaks & supply interruption,voice,14.0,335.3,3.0,2.51
2026-07-21,31,15:30,operations.voice,Leaks & supply interruption,voice,31.0,335.3,5.12,5.73
2026-07-21,32,16:00,operations.voice,Leaks & supply interruption,voice,18.0,335.3,3.87,3.83
2026-07-21,33,16:30,operations.voice,Leaks & supply interruption,voice,14.0,335.3,2.1,2.53
2026-07-21,34,17:00,operations.voice,Leaks & supply interruption,voice,17.0,335.3,3.1,3.13
2026-07-21,35,17:30,operations.voice,Leaks & supply interruption,voice,12.0,335.3,2.36,2.17
2026-07-21,36,18:00,operations.voice,Leaks & supply interruption,voice,10.0,335.3,1.81,1.88
2026-07-21,37,18:30,operations.voice,Leaks & supply interruption,voice,12.0,335.3,2.51,2.37
2026-07-21,38,19:00,operations.voice,Leaks & supply interruption,voice,11.0,335.3,2.19,2.12
2026-07-21,39,19:30,operations.voice,Leaks & supply interruption,voice,8.0,335.3,1.05,1.55
2026-07-21,40,20:00,operations.voice,Leaks & supply interruption,voice,12.0,335.3,1.35,2.37
2026-07-21,41,20:30,operations.voice,Leaks & supply interruption,voice,14.0,335.3,2.8,2.39
2026-07-21,42,21:00,operations.voice,Leaks & supply interruption,voice,2.0,335.3,0.38,0.38
2026-07-21,43,21:30,operations.voice,Leaks & supply interruption,voice,4.0,335.3,0.96,0.75
2026-07-21,44,22:00,operations.voice,Leaks & supply interruption,voice,3.0,335.3,0.54,0.58
2026-07-21,45,22:30,operations.voice,Leaks & supply interruption,voice,4.0,335.3,0.74,0.76
2026-07-21,46,23:00,operations.voice,Leaks & supply interruption,voice,4.0,335.3,0.89,0.71
2026-07-21,47,23:30,operations.voice,Leaks & supply interruption,voice,3.0,335.3,0.43,0.53
2026-07-22,0,00:00,operations.voice,Leaks & supply interruption,voice,5.0,352.1,0.82,0.94
2026-07-22,1,00:30,operations.voice,Leaks & supply interruption,voice,4.0,352.1,0.64,0.75
2026-07-22,2,01:00,operations.voice,Leaks & supply interruption,voice,3.0,352.1,0.59,0.53
2026-07-22,3,01:30,operations.voice,Leaks & supply interruption,voice,3.0,352.1,0.56,0.59
2026-07-22,4,02:00,operations.voice,Leaks & supply interruption,voice,3.0,352.1,0.55,0.63
2026-07-22,5,02:30,operations.voice,Leaks & supply interruption,voice,4.0,352.1,0.89,0.72
2026-07-22,6,03:00,operations.voice,Leaks & supply interruption,voice,1.0,352.1,0.17,0.18
2026-07-22,7,03:30,operations.voice,Leaks & supply interruption,voice,1.0,352.1,0.17,0.19
2026-07-22,8,04:00,operations.voice,Leaks & supply interruption,voice,2.0,352.1,0.42,0.35
2026-07-22,9,04:30,operations.voice,Leaks & supply interruption,voice,2.0,352.1,0.44,0.39
2026-07-22,10,05:00,operations.voice,Leaks & supply interruption,voice,4.0,352.1,0.96,0.74
2026-07-22,11,05:30,operations.voice,Leaks & supply interruption,voice,5.0,352.1,0.99,0.98
2026-07-22,12,06:00,operations.voice,Leaks & supply interruption,voice,4.0,352.1,0.67,0.73
2026-07-22,13,06:30,operations.voice,Leaks & supply interruption,voice,16.0,352.1,3.05,2.92
2026-07-22,14,07:00,operations.voice,Leaks & supply interruption,voice,9.0,352.1,1.73,1.76
2026-07-22,15,07:30,operations.voice,Leaks & supply interruption,voice,21.0,352.1,4.07,3.91
2026-07-22,16,08:00,operations.voice,Leaks & supply interruption,voice,28.0,352.1,5.22,5.69
2026-07-22,17,08:30,operations.voice,Leaks & supply interruption,voice,21.0,352.1,3.94,3.84
2026-07-22,18,09:00,operations.voice,Leaks & supply interruption,voice,22.0,352.1,3.66,4.25
2026-07-22,19,09:30,operations.voice,Leaks & supply interruption,voice,32.0,352.1,6.13,5.8
2026-07-22,20,10:00,operations.voice,Leaks & supply interruption,voice,51.0,352.1,8.76,10.67
2026-07-22,21,10:30,operations.voice,Leaks & supply interruption,voice,40.0,352.1,6.86,7.21
2026-07-22,22,11:00,operations.voice,Leaks & supply interruption,voice,28.0,352.1,5.63,5.72
2026-07-22,23,11:30,operations.voice,Leaks & supply interruption,voice,22.0,352.1,4.28,4.47
2026-07-22,24,12:00,operations.voice,Leaks & supply interruption,voice,14.0,352.1,2.45,2.83
2026-07-22,25,12:30,operations.voice,Leaks & supply interruption,voice,3.0,352.1,0.63,0.65
2026-07-22,26,13:00,operations.voice,Leaks & supply interruption,voice,13.0,352.1,2.8,2.76
2026-07-22,27,13:30,operations.voice,Leaks & supply interruption,voice,18.0,352.1,3.31,3.46
2026-07-22,28,14:00,operations.voice,Leaks & supply interruption,voice,38.0,352.1,8.04,7.76
2026-07-22,29,14:30,operations.voice,Leaks & supply interruption,voice,35.0,352.1,5.71,6.55
2026-07-22,30,15:00,operations.voice,Leaks & supply interruption,voice,33.0,352.1,4.94,6.51
2026-07-22,31,15:30,operations.voice,Leaks & supply interruption,voice,22.0,352.1,3.96,4.07
2026-07-22,32,16:00,operations.voice,Leaks & supply interruption,voice,26.0,352.1,5.3,5.02
2026-07-22,33,16:30,operations.voice,Leaks & supply interruption,voice,16.0,352.1,2.98,3.13
2026-07-22,34,17:00,operations.voice,Leaks & supply interruption,voice,13.0,352.1,2.5,2.5
2026-07-22,35,17:30,operations.voice,Leaks & supply interruption,voice,19.0,352.1,3.8,3.52
2026-07-22,36,18:00,operations.voice,Leaks & supply interruption,voice,12.0,352.1,2.75,2.33
2026-07-22,37,18:30,operations.voice,Leaks & supply interruption,voice,8.0,352.1,1.78,1.59
2026-07-22,38,19:00,operations.voice,Leaks & supply interruption,voice,27.0,352.1,5.08,4.99
2026-07-22,39,19:30,operations.voice,Leaks & supply interruption,voice,10.0,352.1,2.24,1.98
2026-07-22,40,20:00,operations.voice,Leaks & supply interruption,voice,6.0,352.1,1.26,1.12
2026-07-22,41,20:30,operations.voice,Leaks & supply interruption,voice,8.0,352.1,1.64,1.43
2026-07-22,42,21:00,operations.voice,Leaks & supply interruption,voice,4.0,352.1,0.86,0.78
2026-07-22,43,21:30,operations.voice,Leaks & supply interruption,voice,4.0,352.1,0.62,0.77
2026-07-22,44,22:00,operations.voice,Leaks & supply interruption,voice,3.0,352.1,0.6,0.61
2026-07-22,45,22:30,operations.voice,Leaks & supply interruption,voice,0.0,352.1,0.0,0.0
2026-07-22,46,23:00,operations.voice,Leaks & supply interruption,voice,2.0,352.1,0.41,0.41
2026-07-22,47,23:30,operations.voice,Leaks & supply interruption,voice,1.0,352.1,0.15,0.2
2026-07-23,0,00:00,operations.voice,Leaks & supply interruption,voice,3.0,353.9,0.55,0.63
2026-07-23,1,00:30,operations.voice,Leaks & supply interruption,voice,1.0,353.9,0.18,0.18
2026-07-23,2,01:00,operations.voice,Leaks & supply interruption,voice,6.0,353.9,0.91,1.31
2026-07-23,3,01:30,operations.voice,Leaks & supply interruption,voice,2.0,353.9,0.41,0.37
2026-07-23,4,02:00,operations.voice,Leaks & supply interruption,voice,0.0,353.9,0.0,0.0
2026-07-23,5,02:30,operations.voice,Leaks & supply interruption,voice,0.0,353.9,0.0,0.0
2026-07-23,6,03:00,operations.voice,Leaks & supply interruption,voice,4.0,353.9,0.79,0.79
2026-07-23,7,03:30,operations.voice,Leaks & supply interruption,voice,4.0,353.9,0.88,0.82
2026-07-23,8,04:00,operations.voice,Leaks & supply interruption,voice,2.0,353.9,0.37,0.4
2026-07-23,9,04:30,operations.voice,Leaks & supply interruption,voice,0.0,353.9,0.0,0.0
2026-07-23,10,05:00,operations.voice,Leaks & supply interruption,voice,1.0,353.9,0.19,0.19
2026-07-23,11,05:30,operations.voice,Leaks & supply interruption,voice,1.0,353.9,0.15,0.2
2026-07-23,12,06:00,operations.voice,Leaks & supply interruption,voice,11.0,353.9,1.64,2.14
2026-07-23,13,06:30,operations.voice,Leaks & supply interruption,voice,11.0,353.9,2.08,2.23
2026-07-23,14,07:00,operations.voice,Leaks & supply interruption,voice,15.0,353.9,3.01,3.05
2026-07-23,15,07:30,operations.voice,Leaks & supply interruption,voice,24.0,353.9,4.73,4.56
2026-07-23,16,08:00,operations.voice,Leaks & supply interruption,voice,12.0,353.9,1.92,2.13
2026-07-23,17,08:30,operations.voice,Leaks & supply interruption,voice,25.0,353.9,3.87,5.3
2026-07-23,18,09:00,operations.voice,Leaks & supply interruption,voice,29.0,353.9,6.29,5.91
2026-07-23,19,09:30,operations.voice,Leaks & supply interruption,voice,25.0,353.9,4.55,4.58
2026-07-23,20,10:00,operations.voice,Leaks & supply interruption,voice,26.0,353.9,4.57,5.54
2026-07-23,21,10:30,operations.voice,Leaks & supply interruption,voice,39.0,353.9,7.79,7.48
2026-07-23,22,11:00,operations.voice,Leaks & supply interruption,voice,22.0,353.9,4.45,4.1
2026-07-23,23,11:30,operations.voice,Leaks & supply interruption,voice,15.0,353.9,2.83,2.86
2026-07-23,24,12:00,operations.voice,Leaks & supply interruption,voice,12.0,353.9,1.95,2.37
2026-07-23,25,12:30,operations.voice,Leaks & supply interruption,voice,11.0,353.9,2.2,1.98
2026-07-23,26,13:00,operations.voice,Leaks & supply interruption,voice,12.0,353.9,2.52,2.29
2026-07-23,27,13:30,operations.voice,Leaks & supply interruption,voice,22.0,353.9,4.17,4.49
2026-07-23,28,14:00,operations.voice,Leaks & supply interruption,voice,43.0,353.9,8.67,9.29
2026-07-23,29,14:30,operations.voice,Leaks & supply interruption,voice,34.0,353.9,5.79,6.8
2026-07-23,30,15:00,operations.voice,Leaks & supply interruption,voice,31.0,353.9,6.1,6.11
2026-07-23,31,15:30,operations.voice,Leaks & supply interruption,voice,26.0,353.9,6.46,5.12
2026-07-23,32,16:00,operations.voice,Leaks & supply interruption,voice,14.0,353.9,2.16,2.7
2026-07-23,33,16:30,operations.voice,Leaks & supply interruption,voice,16.0,353.9,3.14,3.24
2026-07-23,34,17:00,operations.voice,Leaks & supply interruption,voice,16.0,353.9,3.72,3.0
2026-07-23,35,17:30,operations.voice,Leaks & supply interruption,voice,11.0,353.9,1.65,2.09
2026-07-23,36,18:00,operations.voice,Leaks & supply interruption,voice,5.0,353.9,0.94,1.02
2026-07-23,37,18:30,operations.voice,Leaks & supply interruption,voice,10.0,353.9,1.64,2.06
2026-07-23,38,19:00,operations.voice,Leaks & supply interruption,voice,9.0,353.9,1.63,1.81
2026-07-23,39,19:30,operations.voice,Leaks & supply interruption,voice,7.0,353.9,1.32,1.42
2026-07-23,40,20:00,operations.voice,Leaks & supply interruption,voice,8.0,353.9,1.64,1.53
2026-07-23,41,20:30,operations.voice,Leaks & supply interruption,voice,4.0,353.9,0.52,0.74
2026-07-23,42,21:00,operations.voice,Leaks & supply interruption,voice,5.0,353.9,0.96,1.0
2026-07-23,43,21:30,operations.voice,Leaks & supply interruption,voice,4.0,353.9,0.72,0.79
2026-07-23,44,22:00,operations.voice,Leaks & supply interruption,voice,3.0,353.9,0.54,0.61
2026-07-23,45,22:30,operations.voice,Leaks & supply interruption,voice,2.0,353.9,0.49,0.39
2026-07-23,46,23:00,operations.voice,Leaks & supply interruption,voice,1.0,353.9,0.17,0.2
2026-07-23,47,23:30,operations.voice,Leaks & supply interruption,voice,1.0,353.9,0.23,0.2
2026-07-24,0,00:00,operations.voice,Leaks & supply interruption,voice,2.0,352.7,0.31,0.39
2026-07-24,1,00:30,operations.voice,Leaks & supply interruption,voice,3.0,352.7,0.54,0.56
2026-07-24,2,01:00,operations.voice,Leaks & supply interruption,voice,1.0,352.7,0.18,0.19
2026-07-24,3,01:30,operations.voice,Leaks & supply interruption,voice,4.0,352.7,0.76,0.79
2026-07-24,4,02:00,operations.voice,Leaks & supply interruption,voice,3.0,352.7,0.57,0.61
2026-07-24,5,02:30,operations.voice,Leaks & supply interruption,voice,2.0,352.7,0.3,0.42
2026-07-24,6,03:00,operations.voice,Leaks & supply interruption,voice,1.0,352.7,0.2,0.19
2026-07-24,7,03:30,operations.voice,Leaks & supply interruption,voice,1.0,352.7,0.21,0.2
2026-07-24,8,04:00,operations.voice,Leaks & supply interruption,voice,0.0,352.7,0.0,0.0
2026-07-24,9,04:30,operations.voice,Leaks & supply interruption,voice,3.0,352.7,0.57,0.59
2026-07-24,10,05:00,operations.voice,Leaks & supply interruption,voice,3.0,352.7,0.67,0.61
2026-07-24,11,05:30,operations.voice,Leaks & supply interruption,voice,4.0,352.7,0.95,0.74
2026-07-24,12,06:00,operations.voice,Leaks & supply interruption,voice,7.0,352.7,1.12,1.33
2026-07-24,13,06:30,operations.voice,Leaks & supply interruption,voice,19.0,352.7,3.26,3.67
2026-07-24,14,07:00,operations.voice,Leaks & supply interruption,voice,22.0,352.7,5.46,4.2
2026-07-24,15,07:30,operations.voice,Leaks & supply interruption,voice,18.0,352.7,3.02,3.79
2026-07-24,16,08:00,operations.voice,Leaks & supply interruption,voice,22.0,352.7,3.8,4.35
2026-07-24,17,08:30,operations.voice,Leaks & supply interruption,voice,31.0,352.7,5.48,5.45
2026-07-24,18,09:00,operations.voice,Leaks & supply interruption,voice,42.0,352.7,8.89,8.45
2026-07-24,19,09:30,operations.voice,Leaks & supply interruption,voice,41.0,352.7,7.15,8.61
2026-07-24,20,10:00,operations.voice,Leaks & supply interruption,voice,28.0,352.7,4.9,5.65
2026-07-24,21,10:30,operations.voice,Leaks & supply interruption,voice,29.0,352.7,6.09,5.53
2026-07-24,22,11:00,operations.voice,Leaks & supply interruption,voice,34.0,352.7,7.69,6.57
2026-07-24,23,11:30,operations.voice,Leaks & supply interruption,voice,26.0,352.7,4.08,4.73
2026-07-24,24,12:00,operations.voice,Leaks & supply interruption,voice,14.0,352.7,2.57,2.87
2026-07-24,25,12:30,operations.voice,Leaks & supply interruption,voice,10.0,352.7,2.01,1.82
2026-07-24,26,13:00,operations.voice,Leaks & supply interruption,voice,8.0,352.7,1.47,1.53
2026-07-24,27,13:30,operations.voice,Leaks & supply interruption,voice,19.0,352.7,3.28,3.66
2026-07-24,28,14:00,operations.voice,Leaks & supply interruption,voice,29.0,352.7,4.71,5.67
2026-07-24,29,14:30,operations.voice,Leaks & supply interruption,voice,28.0,352.7,4.78,5.45
2026-07-24,30,15:00,operations.voice,Leaks & supply interruption,voice,33.0,352.7,5.63,6.15
2026-07-24,31,15:30,operations.voice,Leaks & supply interruption,voice,32.0,352.7,5.94,6.15
2026-07-24,32,16:00,operations.voice,Leaks & supply interruption,voice,34.0,352.7,6.37,6.44
2026-07-24,33,16:30,operations.voice,Leaks & supply interruption,voice,15.0,352.7,2.9,2.99
2026-07-24,34,17:00,operations.voice,Leaks & supply interruption,voice,19.0,352.7,4.08,3.63
2026-07-24,35,17:30,operations.voice,Leaks & supply interruption,voice,10.0,352.7,2.38,1.89
2026-07-24,36,18:00,operations.voice,Leaks & supply interruption,voice,11.0,352.7,2.46,2.13
2026-07-24,37,18:30,operations.voice,Leaks & supply interruption,voice,5.0,352.7,1.08,0.96
2026-07-24,38,19:00,operations.voice,Leaks & supply interruption,voice,21.0,352.7,4.53,4.32
2026-07-24,39,19:30,operations.voice,Leaks & supply interruption,voice,14.0,352.7,2.78,2.82
2026-07-24,40,20:00,operations.voice,Leaks & supply interruption,voice,15.0,352.7,2.79,3.08
2026-07-24,41,20:30,operations.voice,Leaks & supply interruption,voice,6.0,352.7,1.14,1.18
2026-07-24,42,21:00,operations.voice,Leaks & supply interruption,voice,2.0,352.7,0.44,0.37
2026-07-24,43,21:30,operations.voice,Leaks & supply interruption,voice,6.0,352.7,1.08,1.23
2026-07-24,44,22:00,operations.voice,Leaks & supply interruption,voice,1.0,352.7,0.21,0.2
2026-07-24,45,22:30,operations.voice,Leaks & supply interruption,voice,1.0,352.7,0.14,0.19
2026-07-24,46,23:00,operations.voice,Leaks & supply interruption,voice,1.0,352.7,0.22,0.17
2026-07-24,47,23:30,operations.voice,Leaks & supply interruption,voice,0.0,352.7,0.0,0.0
2026-07-25,0,00:00,operations.voice,Leaks & supply interruption,voice,1.0,340.0,0.17,0.17
2026-07-25,1,00:30,operations.voice,Leaks & supply interruption,voice,1.0,340.0,0.18,0.2
2026-07-25,2,01:00,operations.voice,Leaks & supply interruption,voice,4.0,340.0,0.69,0.74
2026-07-25,3,01:30,operations.voice,Leaks & supply interruption,voice,2.0,340.0,0.34,0.4
2026-07-25,4,02:00,operations.voice,Leaks & supply interruption,voice,2.0,340.0,0.43,0.37
2026-07-25,5,02:30,operations.voice,Leaks & supply interruption,voice,0.0,340.0,0.0,0.0
2026-07-25,6,03:00,operations.voice,Leaks & supply interruption,voice,0.0,340.0,0.0,0.0
2026-07-25,7,03:30,operations.voice,Leaks & supply interruption,voice,3.0,340.0,0.62,0.57
2026-07-25,8,04:00,operations.voice,Leaks & supply interruption,voice,4.0,340.0,0.78,0.84
2026-07-25,9,04:30,operations.voice,Leaks & supply interruption,voice,2.0,340.0,0.39,0.4
2026-07-25,10,05:00,operations.voice,Leaks & supply interruption,voice,2.0,340.0,0.45,0.38
2026-07-25,11,05:30,operations.voice,Leaks & supply interruption,voice,3.0,340.0,0.5,0.56
2026-07-25,12,06:00,operations.voice,Leaks & supply interruption,voice,9.0,340.0,1.8,1.7
2026-07-25,13,06:30,operations.voice,Leaks & supply interruption,voice,10.0,340.0,1.93,1.97
2026-07-25,14,07:00,operations.voice,Leaks & supply interruption,voice,15.0,340.0,2.88,2.83
2026-07-25,15,07:30,operations.voice,Leaks & supply interruption,voice,14.0,340.0,2.7,2.69
2026-07-25,16,08:00,operations.voice,Leaks & supply interruption,voice,16.0,340.0,2.58,2.85
2026-07-25,17,08:30,operations.voice,Leaks & supply interruption,voice,22.0,340.0,4.5,4.2
2026-07-25,18,09:00,operations.voice,Leaks & supply interruption,voice,29.0,340.0,5.5,5.44
2026-07-25,19,09:30,operations.voice,Leaks & supply interruption,voice,23.0,340.0,4.47,4.18
2026-07-25,20,10:00,operations.voice,Leaks & supply interruption,voice,32.0,340.0,5.63,6.09
2026-07-25,21,10:30,operations.voice,Leaks & supply interruption,voice,24.0,340.0,4.35,4.63
2026-07-25,22,11:00,operations.voice,Leaks & supply interruption,voice,25.0,340.0,4.39,5.04
2026-07-25,23,11:30,operations.voice,Leaks & supply interruption,voice,23.0,340.0,5.02,4.42
2026-07-25,24,12:00,operations.voice,Leaks & supply interruption,voice,20.0,340.0,3.07,3.89
2026-07-25,25,12:30,operations.voice,Leaks & supply interruption,voice,8.0,340.0,1.26,1.6
2026-07-25,26,13:00,operations.voice,Leaks & supply interruption,voice,14.0,340.0,2.9,2.52
2026-07-25,27,13:30,operations.voice,Leaks & supply interruption,voice,29.0,340.0,5.95,5.11
2026-07-25,28,14:00,operations.voice,Leaks & supply interruption,voice,15.0,340.0,2.66,2.66
2026-07-25,29,14:30,operations.voice,Leaks & supply interruption,voice,23.0,340.0,4.0,4.27
2026-07-25,30,15:00,operations.voice,Leaks & supply interruption,voice,22.0,340.0,3.41,4.29
2026-07-25,31,15:30,operations.voice,Leaks & supply interruption,voice,37.0,340.0,5.96,7.14
2026-07-25,32,16:00,operations.voice,Leaks & supply interruption,voice,18.0,340.0,3.43,3.46
2026-07-25,33,16:30,operations.voice,Leaks & supply interruption,voice,14.0,340.0,2.28,2.54
2026-07-25,34,17:00,operations.voice,Leaks & supply interruption,voice,17.0,340.0,2.77,3.2
2026-07-25,35,17:30,operations.voice,Leaks & supply interruption,voice,8.0,340.0,1.58,1.7
2026-07-25,36,18:00,operations.voice,Leaks & supply interruption,voice,10.0,340.0,1.71,1.84
2026-07-25,37,18:30,operations.voice,Leaks & supply interruption,voice,14.0,340.0,2.53,2.62
2026-07-25,38,19:00,operations.voice,Leaks & supply interruption,voice,9.0,340.0,1.61,1.8
2026-07-25,39,19:30,operations.voice,Leaks & supply interruption,voice,7.0,340.0,1.43,1.34
2026-07-25,40,20:00,operations.voice,Leaks & supply interruption,voice,7.0,340.0,1.31,1.25
2026-07-25,41,20:30,operations.voice,Leaks & supply interruption,voice,6.0,340.0,0.97,1.06
2026-07-25,42,21:00,operations.voice,Leaks & supply interruption,voice,2.0,340.0,0.35,0.39
2026-07-25,43,21:30,operations.voice,Leaks & supply interruption,voice,2.0,340.0,0.42,0.41
2026-07-25,44,22:00,operations.voice,Leaks & supply interruption,voice,3.0,340.0,0.48,0.55
2026-07-25,45,22:30,operations.voice,Leaks & supply interruption,voice,3.0,340.0,0.51,0.51
2026-07-25,46,23:00,operations.voice,Leaks & supply interruption,voice,0.0,340.0,0.0,0.0
2026-07-25,47,23:30,operations.voice,Leaks & supply interruption,voice,5.0,340.0,0.92,1.02
2026-07-26,0,00:00,operations.voice,Leaks & supply interruption,voice,0.0,327.7,0.0,0.0
2026-07-26,1,00:30,operations.voice,Leaks & supply interruption,voice,0.0,327.7,0.0,0.0
2026-07-26,2,01:00,operations.voice,Leaks & supply interruption,voice,2.0,327.7,0.34,0.39
2026-07-26,3,01:30,operations.voice,Leaks & supply interruption,voice,1.0,327.7,0.2,0.19
2026-07-26,4,02:00,operations.voice,Leaks & supply interruption,voice,0.0,327.7,0.0,0.0
2026-07-26,5,02:30,operations.voice,Leaks & supply interruption,voice,4.0,327.7,0.71,0.71
2026-07-26,6,03:00,operations.voice,Leaks & supply interruption,voice,1.0,327.7,0.16,0.18
2026-07-26,7,03:30,operations.voice,Leaks & supply interruption,voice,0.0,327.7,0.0,0.0
2026-07-26,8,04:00,operations.voice,Leaks & supply interruption,voice,0.0,327.7,0.0,0.0
2026-07-26,9,04:30,operations.voice,Leaks & supply interruption,voice,3.0,327.7,0.57,0.56
2026-07-26,10,05:00,operations.voice,Leaks & supply interruption,voice,1.0,327.7,0.18,0.19
2026-07-26,11,05:30,operations.voice,Leaks & supply interruption,voice,5.0,327.7,0.7,0.86
2026-07-26,12,06:00,operations.voice,Leaks & supply interruption,voice,6.0,327.7,1.15,1.1
2026-07-26,13,06:30,operations.voice,Leaks & supply interruption,voice,13.0,327.7,2.52,2.42
2026-07-26,14,07:00,operations.voice,Leaks & supply interruption,voice,12.0,327.7,1.76,2.23
2026-07-26,15,07:30,operations.voice,Leaks & supply interruption,voice,13.0,327.7,2.72,2.46
2026-07-26,16,08:00,operations.voice,Leaks & supply interruption,voice,15.0,327.7,3.07,2.52
2026-07-26,17,08:30,operations.voice,Leaks & supply interruption,voice,24.0,327.7,3.86,4.37
2026-07-26,18,09:00,operations.voice,Leaks & supply interruption,voice,23.0,327.7,4.05,3.98
2026-07-26,19,09:30,operations.voice,Leaks & supply interruption,voice,40.0,327.7,6.46,8.0
2026-07-26,20,10:00,operations.voice,Leaks & supply interruption,voice,31.0,327.7,6.52,5.36
2026-07-26,21,10:30,operations.voice,Leaks & supply interruption,voice,29.0,327.7,5.62,5.33
2026-07-26,22,11:00,operations.voice,Leaks & supply interruption,voice,24.0,327.7,4.56,4.27
2026-07-26,23,11:30,operations.voice,Leaks & supply interruption,voice,16.0,327.7,2.65,3.11
2026-07-26,24,12:00,operations.voice,Leaks & supply interruption,voice,13.0,327.7,2.29,2.54
2026-07-26,25,12:30,operations.voice,Leaks & supply interruption,voice,14.0,327.7,1.97,2.51
2026-07-26,26,13:00,operations.voice,Leaks & supply interruption,voice,13.0,327.7,2.47,2.35
2026-07-26,27,13:30,operations.voice,Leaks & supply interruption,voice,18.0,327.7,3.34,3.25
2026-07-26,28,14:00,operations.voice,Leaks & supply interruption,voice,21.0,327.7,3.95,3.73
2026-07-26,29,14:30,operations.voice,Leaks & supply interruption,voice,31.0,327.7,4.08,6.07
2026-07-26,30,15:00,operations.voice,Leaks & supply interruption,voice,27.0,327.7,4.56,5.22
2026-07-26,31,15:30,operations.voice,Leaks & supply interruption,voice,34.0,327.7,5.97,5.98
2026-07-26,32,16:00,operations.voice,Leaks & supply interruption,voice,19.0,327.7,2.78,3.51
2026-07-26,33,16:30,operations.voice,Leaks & supply interruption,voice,23.0,327.7,4.44,4.08
2026-07-26,34,17:00,operations.voice,Leaks & supply interruption,voice,20.0,327.7,3.42,3.52
2026-07-26,35,17:30,operations.voice,Leaks & supply interruption,voice,14.0,327.7,2.43,2.53
2026-07-26,36,18:00,operations.voice,Leaks & supply interruption,voice,9.0,327.7,1.39,1.66
2026-07-26,37,18:30,operations.voice,Leaks & supply interruption,voice,7.0,327.7,1.26,1.19
2026-07-26,38,19:00,operations.voice,Leaks & supply interruption,voice,9.0,327.7,1.54,1.73
2026-07-26,39,19:30,operations.voice,Leaks & supply interruption,voice,13.0,327.7,2.36,2.35
2026-07-26,40,20:00,operations.voice,Leaks & supply interruption,voice,5.0,327.7,1.01,0.97
2026-07-26,41,20:30,operations.voice,Leaks & supply interruption,voice,7.0,327.7,1.22,1.23
2026-07-26,42,21:00,operations.voice,Leaks & supply interruption,voice,5.0,327.7,0.94,0.9
2026-07-26,43,21:30,operations.voice,Leaks & supply interruption,voice,3.0,327.7,0.49,0.54
2026-07-26,44,22:00,operations.voice,Leaks & supply interruption,voice,4.0,327.7,0.64,0.71
2026-07-26,45,22:30,operations.voice,Leaks & supply interruption,voice,4.0,327.7,0.65,0.74
2026-07-26,46,23:00,operations.voice,Leaks & supply interruption,voice,1.0,327.7,0.17,0.19
2026-07-26,47,23:30,operations.voice,Leaks & supply interruption,voice,2.0,327.7,0.38,0.37
2026-07-27,0,00:00,operations.voice,Leaks & supply interruption,voice,4.0,364.3,0.46,0.83
2026-07-27,1,00:30,operations.voice,Leaks & supply interruption,voice,2.0,364.3,0.44,0.4
2026-07-27,2,01:00,operations.voice,Leaks & supply interruption,voice,1.0,364.3,0.19,0.2
2026-07-27,3,01:30,operations.voice,Leaks & supply interruption,voice,2.0,364.3,0.31,0.4
2026-07-27,4,02:00,operations.voice,Leaks & supply interruption,voice,6.0,364.3,1.33,1.19
2026-07-27,5,02:30,operations.voice,Leaks & supply interruption,voice,1.0,364.3,0.19,0.21
2026-07-27,6,03:00,operations.voice,Leaks & supply interruption,voice,1.0,364.3,0.16,0.19
2026-07-27,7,03:30,operations.voice,Leaks & supply interruption,voice,0.0,364.3,0.0,0.0
2026-07-27,8,04:00,operations.voice,Leaks & supply interruption,voice,1.0,364.3,0.21,0.21
2026-07-27,9,04:30,operations.voice,Leaks & supply interruption,voice,2.0,364.3,0.44,0.41
2026-07-27,10,05:00,operations.voice,Leaks & supply interruption,voice,2.0,364.3,0.38,0.37
2026-07-27,11,05:30,operations.voice,Leaks & supply interruption,voice,4.0,364.3,0.77,0.72
2026-07-27,12,06:00,operations.voice,Leaks & supply interruption,voice,6.0,364.3,1.11,1.17
2026-07-27,13,06:30,operations.voice,Leaks & supply interruption,voice,19.0,364.3,3.96,3.88
2026-07-27,14,07:00,operations.voice,Leaks & supply interruption,voice,43.0,364.3,7.31,8.23
2026-07-27,15,07:30,operations.voice,Leaks & supply interruption,voice,18.0,364.3,2.91,3.36
2026-07-27,16,08:00,operations.voice,Leaks & supply interruption,voice,17.0,364.3,3.48,3.42
2026-07-27,17,08:30,operations.voice,Leaks & supply interruption,voice,24.0,364.3,4.57,4.45
2026-07-27,18,09:00,operations.voice,Leaks & supply interruption,voice,22.0,364.3,4.16,4.18
2026-07-27,19,09:30,operations.voice,Leaks & supply interruption,voice,30.0,364.3,6.72,5.77
2026-07-27,20,10:00,operations.voice,Leaks & supply interruption,voice,38.0,364.3,5.31,7.68
2026-07-27,21,10:30,operations.voice,Leaks & supply interruption,voice,44.0,364.3,7.85,8.4
2026-07-27,22,11:00,operations.voice,Leaks & supply interruption,voice,27.0,364.3,5.8,5.49
2026-07-27,23,11:30,operations.voice,Leaks & supply interruption,voice,20.0,364.3,2.62,3.97
2026-07-27,24,12:00,operations.voice,Leaks & supply interruption,voice,11.0,364.3,2.35,2.26
2026-07-27,25,12:30,operations.voice,Leaks & supply interruption,voice,12.0,364.3,2.09,2.44
2026-07-27,26,13:00,operations.voice,Leaks & supply interruption,voice,26.0,364.3,6.01,5.77
2026-07-27,27,13:30,operations.voice,Leaks & supply interruption,voice,25.0,364.3,4.57,5.24
2026-07-27,28,14:00,operations.voice,Leaks & supply interruption,voice,34.0,364.3,6.91,7.16
2026-07-27,29,14:30,operations.voice,Leaks & supply interruption,voice,48.0,364.3,9.55,10.77
2026-07-27,30,15:00,operations.voice,Leaks & supply interruption,voice,26.0,364.3,5.46,5.5
2026-07-27,31,15:30,operations.voice,Leaks & supply interruption,voice,31.0,364.3,4.52,6.05
2026-07-27,32,16:00,operations.voice,Leaks & supply interruption,voice,20.0,364.3,4.17,3.88
2026-07-27,33,16:30,operations.voice,Leaks & supply interruption,voice,18.0,364.3,3.85,3.58
2026-07-27,34,17:00,operations.voice,Leaks & supply interruption,voice,22.0,364.3,3.65,4.63
2026-07-27,35,17:30,operations.voice,Leaks & supply interruption,voice,30.0,364.3,5.78,6.45
2026-07-27,36,18:00,operations.voice,Leaks & supply interruption,voice,13.0,364.3,1.95,2.62
2026-07-27,37,18:30,operations.voice,Leaks & supply interruption,voice,10.0,364.3,2.22,2.0
2026-07-27,38,19:00,operations.voice,Leaks & supply interruption,voice,14.0,364.3,2.44,2.65
2026-07-27,39,19:30,operations.voice,Leaks & supply interruption,voice,15.0,364.3,2.69,3.07
2026-07-27,40,20:00,operations.voice,Leaks & supply interruption,voice,7.0,364.3,0.85,1.39
2026-07-27,41,20:30,operations.voice,Leaks & supply interruption,voice,10.0,364.3,1.82,2.12
2026-07-27,42,21:00,operations.voice,Leaks & supply interruption,voice,6.0,364.3,1.22,1.22
2026-07-27,43,21:30,operations.voice,Leaks & supply interruption,voice,4.0,364.3,0.64,0.75
2026-07-27,44,22:00,operations.voice,Leaks & supply interruption,voice,4.0,364.3,0.77,0.74
2026-07-27,45,22:30,operations.voice,Leaks & supply interruption,voice,3.0,364.3,0.81,0.59
2026-07-27,46,23:00,operations.voice,Leaks & supply interruption,voice,1.0,364.3,0.21,0.2
2026-07-27,47,23:30,operations.voice,Leaks & supply interruption,voice,2.0,364.3,0.39,0.38
2026-07-28,0,00:00,operations.voice,Leaks & supply interruption,voice,0.0,352.8,0.0,0.0
2026-07-28,1,00:30,operations.voice,Leaks & supply interruption,voice,2.0,352.8,0.44,0.41
2026-07-28,2,01:00,operations.voice,Leaks & supply interruption,voice,3.0,352.8,0.47,0.54
2026-07-28,3,01:30,operations.voice,Leaks & supply interruption,voice,1.0,352.8,0.23,0.18
2026-07-28,4,02:00,operations.voice,Leaks & supply interruption,voice,1.0,352.8,0.18,0.19
2026-07-28,5,02:30,operations.voice,Leaks & supply interruption,voice,1.0,352.8,0.2,0.18
2026-07-28,6,03:00,operations.voice,Leaks & supply interruption,voice,1.0,352.8,0.22,0.2
2026-07-28,7,03:30,operations.voice,Leaks & supply interruption,voice,1.0,352.8,0.16,0.2
2026-07-28,8,04:00,operations.voice,Leaks & supply interruption,voice,1.0,352.8,0.17,0.19
2026-07-28,9,04:30,operations.voice,Leaks & supply interruption,voice,2.0,352.8,0.32,0.38
2026-07-28,10,05:00,operations.voice,Leaks & supply interruption,voice,0.0,352.8,0.0,0.0
2026-07-28,11,05:30,operations.voice,Leaks & supply interruption,voice,4.0,352.8,0.82,0.72
2026-07-28,12,06:00,operations.voice,Leaks & supply interruption,voice,6.0,352.8,1.35,1.19
2026-07-28,13,06:30,operations.voice,Leaks & supply interruption,voice,11.0,352.8,2.02,2.3
2026-07-28,14,07:00,operations.voice,Leaks & supply interruption,voice,11.0,352.8,1.99,2.31
2026-07-28,15,07:30,operations.voice,Leaks & supply interruption,voice,13.0,352.8,2.34,2.65
2026-07-28,16,08:00,operations.voice,Leaks & supply interruption,voice,18.0,352.8,3.72,3.49
2026-07-28,17,08:30,operations.voice,Leaks & supply interruption,voice,28.0,352.8,5.11,5.37
2026-07-28,18,09:00,operations.voice,Leaks & supply interruption,voice,26.0,352.8,4.46,4.88
2026-07-28,19,09:30,operations.voice,Leaks & supply interruption,voice,28.0,352.8,5.18,5.31
2026-07-28,20,10:00,operations.voice,Leaks & supply interruption,voice,31.0,352.8,5.8,5.79
2026-07-28,21,10:30,operations.voice,Leaks & supply interruption,voice,40.0,352.8,7.79,8.09
2026-07-28,22,11:00,operations.voice,Leaks & supply interruption,voice,24.0,352.8,3.32,4.98
2026-07-28,23,11:30,operations.voice,Leaks & supply interruption,voice,23.0,352.8,3.77,4.55
2026-07-28,24,12:00,operations.voice,Leaks & supply interruption,voice,13.0,352.8,2.17,2.54
2026-07-28,25,12:30,operations.voice,Leaks & supply interruption,voice,8.0,352.8,1.73,1.65
2026-07-28,26,13:00,operations.voice,Leaks & supply interruption,voice,19.0,352.8,3.65,3.78
2026-07-28,27,13:30,operations.voice,Leaks & supply interruption,voice,11.0,352.8,1.89,2.1
2026-07-28,28,14:00,operations.voice,Leaks & supply interruption,voice,24.0,352.8,4.93,4.59
2026-07-28,29,14:30,operations.voice,Leaks & supply interruption,voice,38.0,352.8,7.0,7.53
2026-07-28,30,15:00,operations.voice,Leaks & supply interruption,voice,35.0,352.8,7.47,7.57
2026-07-28,31,15:30,operations.voice,Leaks & supply interruption,voice,16.0,352.8,3.88,2.99
2026-07-28,32,16:00,operations.voice,Leaks & supply interruption,voice,26.0,352.8,4.94,4.87
2026-07-28,33,16:30,operations.voice,Leaks & supply interruption,voice,21.0,352.8,4.42,3.88
2026-07-28,34,17:00,operations.voice,Leaks & supply interruption,voice,14.0,352.8,2.35,2.8
2026-07-28,35,17:30,operations.voice,Leaks & supply interruption,voice,12.0,352.8,2.21,2.16
2026-07-28,36,18:00,operations.voice,Leaks & supply interruption,voice,7.0,352.8,1.24,1.41
2026-07-28,37,18:30,operations.voice,Leaks & supply interruption,voice,7.0,352.8,0.97,1.34
2026-07-28,38,19:00,operations.voice,Leaks & supply interruption,voice,10.0,352.8,2.38,2.01
2026-07-28,39,19:30,operations.voice,Leaks & supply interruption,voice,8.0,352.8,1.39,1.64
2026-07-28,40,20:00,operations.voice,Leaks & supply interruption,voice,6.0,352.8,0.93,1.13
2026-07-28,41,20:30,operations.voice,Leaks & supply interruption,voice,5.0,352.8,1.21,1.02
2026-07-28,42,21:00,operations.voice,Leaks & supply interruption,voice,4.0,352.8,0.58,0.77
2026-07-28,43,21:30,operations.voice,Leaks & supply interruption,voice,4.0,352.8,0.74,0.8
2026-07-28,44,22:00,operations.voice,Leaks & supply interruption,voice,1.0,352.8,0.18,0.2
2026-07-28,45,22:30,operations.voice,Leaks & supply interruption,voice,2.0,352.8,0.37,0.36
2026-07-28,46,23:00,operations.voice,Leaks & supply interruption,voice,2.0,352.8,0.4,0.41
2026-07-28,47,23:30,operations.voice,Leaks & supply interruption,voice,1.0,352.8,0.18,0.17
2026-07-29,0,00:00,operations.voice,Leaks & supply interruption,voice,5.0,353.1,1.15,0.95
2026-07-29,1,00:30,operations.voice,Leaks & supply interruption,voice,3.0,353.1,0.63,0.58
2026-07-29,2,01:00,operations.voice,Leaks & supply interruption,voice,2.0,353.1,0.39,0.41
2026-07-29,3,01:30,operations.voice,Leaks & supply interruption,voice,1.0,353.1,0.21,0.19
2026-07-29,4,02:00,operations.voice,Leaks & supply interruption,voice,3.0,353.1,0.53,0.58
2026-07-29,5,02:30,operations.voice,Leaks & supply interruption,voice,0.0,353.1,0.0,0.0
2026-07-29,6,03:00,operations.voice,Leaks & supply interruption,voice,1.0,353.1,0.22,0.2
2026-07-29,7,03:30,operations.voice,Leaks & supply interruption,voice,2.0,353.1,0.43,0.38
2026-07-29,8,04:00,operations.voice,Leaks & supply interruption,voice,4.0,353.1,0.86,0.81
2026-07-29,9,04:30,operations.voice,Leaks & supply interruption,voice,1.0,353.1,0.16,0.19
2026-07-29,10,05:00,operations.voice,Leaks & supply interruption,voice,3.0,353.1,0.64,0.6
2026-07-29,11,05:30,operations.voice,Leaks & supply interruption,voice,3.0,353.1,0.64,0.59
2026-07-29,12,06:00,operations.voice,Leaks & supply interruption,voice,3.0,353.1,0.49,0.64
2026-07-29,13,06:30,operations.voice,Leaks & supply interruption,voice,7.0,353.1,1.2,1.47
2026-07-29,14,07:00,operations.voice,Leaks & supply interruption,voice,17.0,353.1,3.41,3.31
2026-07-29,15,07:30,operations.voice,Leaks & supply interruption,voice,18.0,353.1,2.78,3.34
2026-07-29,16,08:00,operations.voice,Leaks & supply interruption,voice,14.0,353.1,3.37,2.83
2026-07-29,17,08:30,operations.voice,Leaks & supply interruption,voice,19.0,353.1,3.27,4.05
2026-07-29,18,09:00,operations.voice,Leaks & supply interruption,voice,35.0,353.1,5.88,6.79
2026-07-29,19,09:30,operations.voice,Leaks & supply interruption,voice,45.0,353.1,8.25,8.97
2026-07-29,20,10:00,operations.voice,Leaks & supply interruption,voice,28.0,353.1,4.74,5.59
2026-07-29,21,10:30,operations.voice,Leaks & supply interruption,voice,43.0,353.1,7.92,9.04
2026-07-29,22,11:00,operations.voice,Leaks & supply interruption,voice,29.0,353.1,6.48,5.7
2026-07-29,23,11:30,operations.voice,Leaks & supply interruption,voice,22.0,353.1,3.57,4.53
2026-07-29,24,12:00,operations.voice,Leaks & supply interruption,voice,9.0,353.1,1.66,1.74
2026-07-29,25,12:30,operations.voice,Leaks & supply interruption,voice,8.0,353.1,1.37,1.54
2026-07-29,26,13:00,operations.voice,Leaks & supply interruption,voice,13.0,353.1,2.71,2.65
2026-07-29,27,13:30,operations.voice,Leaks & supply interruption,voice,22.0,353.1,3.57,4.52
2026-07-29,28,14:00,operations.voice,Leaks & supply interruption,voice,21.0,353.1,3.48,4.14
2026-07-29,29,14:30,operations.voice,Leaks & supply interruption,voice,36.0,353.1,8.53,7.05
2026-07-29,30,15:00,operations.voice,Leaks & supply interruption,voice,27.0,353.1,4.82,5.27
2026-07-29,31,15:30,operations.voice,Leaks & supply interruption,voice,21.0,353.1,4.61,4.12
2026-07-29,32,16:00,operations.voice,Leaks & supply interruption,voice,18.0,353.1,3.44,3.26
2026-07-29,33,16:30,operations.voice,Leaks & supply interruption,voice,18.0,353.1,3.74,3.57
2026-07-29,34,17:00,operations.voice,Leaks & supply interruption,voice,26.0,353.1,5.39,5.14
2026-07-29,35,17:30,operations.voice,Leaks & supply interruption,voice,15.0,353.1,2.98,2.92
2026-07-29,36,18:00,operations.voice,Leaks & supply interruption,voice,12.0,353.1,2.42,2.33
2026-07-29,37,18:30,operations.voice,Leaks & supply interruption,voice,9.0,353.1,1.68,1.77
2026-07-29,38,19:00,operations.voice,Leaks & supply interruption,voice,11.0,353.1,1.73,2.07
2026-07-29,39,19:30,operations.voice,Leaks & supply interruption,voice,11.0,353.1,1.9,2.24
2026-07-29,40,20:00,operations.voice,Leaks & supply interruption,voice,5.0,353.1,1.24,0.96
2026-07-29,41,20:30,operations.voice,Leaks & supply interruption,voice,4.0,353.1,0.79,0.81
2026-07-29,42,21:00,operations.voice,Leaks & supply interruption,voice,4.0,353.1,0.63,0.81
2026-07-29,43,21:30,operations.voice,Leaks & supply interruption,voice,5.0,353.1,0.92,0.96
2026-07-29,44,22:00,operations.voice,Leaks & supply interruption,voice,3.0,353.1,0.62,0.61
2026-07-29,45,22:30,operations.voice,Leaks & supply interruption,voice,1.0,353.1,0.23,0.18
2026-07-29,46,23:00,operations.voice,Leaks & supply interruption,voice,2.0,353.1,0.39,0.35
2026-07-29,47,23:30,operations.voice,Leaks & supply interruption,voice,2.0,353.1,0.44,0.4
2026-07-30,0,00:00,operations.voice,Leaks & supply interruption,voice,4.0,349.5,0.84,0.84
2026-07-30,1,00:30,operations.voice,Leaks & supply interruption,voice,1.0,349.5,0.16,0.19
2026-07-30,2,01:00,operations.voice,Leaks & supply interruption,voice,3.0,349.5,0.59,0.59
2026-07-30,3,01:30,operations.voice,Leaks & supply interruption,voice,5.0,349.5,0.84,0.88
2026-07-30,4,02:00,operations.voice,Leaks & supply interruption,voice,5.0,349.5,1.09,0.95
2026-07-30,5,02:30,operations.voice,Leaks & supply interruption,voice,2.0,349.5,0.43,0.4
2026-07-30,6,03:00,operations.voice,Leaks & supply interruption,voice,1.0,349.5,0.17,0.19
2026-07-30,7,03:30,operations.voice,Leaks & supply interruption,voice,5.0,349.5,0.92,0.96
2026-07-30,8,04:00,operations.voice,Leaks & supply interruption,voice,3.0,349.5,0.42,0.57
2026-07-30,9,04:30,operations.voice,Leaks & supply interruption,voice,1.0,349.5,0.21,0.18
2026-07-30,10,05:00,operations.voice,Leaks & supply interruption,voice,1.0,349.5,0.2,0.2
2026-07-30,11,05:30,operations.voice,Leaks & supply interruption,voice,2.0,349.5,0.42,0.38
2026-07-30,12,06:00,operations.voice,Leaks & supply interruption,voice,9.0,349.5,1.67,1.55
2026-07-30,13,06:30,operations.voice,Leaks & supply interruption,voice,11.0,349.5,2.46,2.12
2026-07-30,14,07:00,operations.voice,Leaks & supply interruption,voice,19.0,349.5,3.19,3.62
2026-07-30,15,07:30,operations.voice,Leaks & supply interruption,voice,5.0,349.5,1.07,0.94
2026-07-30,16,08:00,operations.voice,Leaks & supply interruption,voice,16.0,349.5,2.95,2.86
2026-07-30,17,08:30,operations.voice,Leaks & supply interruption,voice,23.0,349.5,3.76,4.58
2026-07-30,18,09:00,operations.voice,Leaks & supply interruption,voice,33.0,349.5,5.43,6.47
2026-07-30,19,09:30,operations.voice,Leaks & supply interruption,voice,49.0,349.5,10.43,9.13
2026-07-30,20,10:00,operations.voice,Leaks & supply interruption,voice,45.0,349.5,7.6,8.07
2026-07-30,21,10:30,operations.voice,Leaks & supply interruption,voice,43.0,349.5,7.21,8.6
2026-07-30,22,11:00,operations.voice,Leaks & supply interruption,voice,32.0,349.5,5.4,6.5
2026-07-30,23,11:30,operations.voice,Leaks & supply interruption,voice,26.0,349.5,5.9,4.91
2026-07-30,24,12:00,operations.voice,Leaks & supply interruption,voice,15.0,349.5,2.12,2.85
2026-07-30,25,12:30,operations.voice,Leaks & supply interruption,voice,5.0,349.5,1.12,0.96
2026-07-30,26,13:00,operations.voice,Leaks & supply interruption,voice,15.0,349.5,2.41,2.8
2026-07-30,27,13:30,operations.voice,Leaks & supply interruption,voice,23.0,349.5,5.47,4.35
2026-07-30,28,14:00,operations.voice,Leaks & supply interruption,voice,23.0,349.5,4.9,4.83
2026-07-30,29,14:30,operations.voice,Leaks & supply interruption,voice,32.0,349.5,5.35,6.39
2026-07-30,30,15:00,operations.voice,Leaks & supply interruption,voice,30.0,349.5,5.98,6.16
2026-07-30,31,15:30,operations.voice,Leaks & supply interruption,voice,16.0,349.5,3.14,3.19
2026-07-30,32,16:00,operations.voice,Leaks & supply interruption,voice,23.0,349.5,4.28,4.66
2026-07-30,33,16:30,operations.voice,Leaks & supply interruption,voice,18.0,349.5,3.01,3.51
2026-07-30,34,17:00,operations.voice,Leaks & supply interruption,voice,14.0,349.5,2.59,2.56
2026-07-30,35,17:30,operations.voice,Leaks & supply interruption,voice,18.0,349.5,4.32,3.83
2026-07-30,36,18:00,operations.voice,Leaks & supply interruption,voice,13.0,349.5,2.43,2.63
2026-07-30,37,18:30,operations.voice,Leaks & supply interruption,voice,13.0,349.5,2.64,2.59
2026-07-30,38,19:00,operations.voice,Leaks & supply interruption,voice,13.0,349.5,2.2,2.39
2026-07-30,39,19:30,operations.voice,Leaks & supply interruption,voice,10.0,349.5,1.94,1.93
2026-07-30,40,20:00,operations.voice,Leaks & supply interruption,voice,3.0,349.5,0.48,0.6
2026-07-30,41,20:30,operations.voice,Leaks & supply interruption,voice,9.0,349.5,1.5,1.79
2026-07-30,42,21:00,operations.voice,Leaks & supply interruption,voice,4.0,349.5,0.85,0.78
2026-07-30,43,21:30,operations.voice,Leaks & supply interruption,voice,3.0,349.5,0.5,0.55
2026-07-30,44,22:00,operations.voice,Leaks & supply interruption,voice,6.0,349.5,1.19,1.15
2026-07-30,45,22:30,operations.voice,Leaks & supply interruption,voice,4.0,349.5,0.87,0.86
2026-07-30,46,23:00,operations.voice,Leaks & supply interruption,voice,3.0,349.5,0.59,0.61
2026-07-30,47,23:30,operations.voice,Leaks & supply interruption,voice,2.0,349.5,0.26,0.43
2026-07-31,0,00:00,operations.voice,Leaks & supply interruption,voice,1.0,356.3,0.22,0.21
2026-07-31,1,00:30,operations.voice,Leaks & supply interruption,voice,2.0,356.3,0.4,0.37
2026-07-31,2,01:00,operations.voice,Leaks & supply interruption,voice,3.0,356.3,0.76,0.54
2026-07-31,3,01:30,operations.voice,Leaks & supply interruption,voice,2.0,356.3,0.38,0.38
2026-07-31,4,02:00,operations.voice,Leaks & supply interruption,voice,4.0,356.3,0.76,0.79
2026-07-31,5,02:30,operations.voice,Leaks & supply interruption,voice,2.0,356.3,0.29,0.38
2026-07-31,6,03:00,operations.voice,Leaks & supply interruption,voice,3.0,356.3,0.52,0.55
2026-07-31,7,03:30,operations.voice,Leaks & supply interruption,voice,4.0,356.3,0.95,0.81
2026-07-31,8,04:00,operations.voice,Leaks & supply interruption,voice,4.0,356.3,0.75,0.78
2026-07-31,9,04:30,operations.voice,Leaks & supply interruption,voice,3.0,356.3,0.52,0.59
2026-07-31,10,05:00,operations.voice,Leaks & supply interruption,voice,2.0,356.3,0.44,0.38
2026-07-31,11,05:30,operations.voice,Leaks & supply interruption,voice,4.0,356.3,0.76,0.76
2026-07-31,12,06:00,operations.voice,Leaks & supply interruption,voice,6.0,356.3,1.09,1.17
2026-07-31,13,06:30,operations.voice,Leaks & supply interruption,voice,10.0,356.3,1.69,2.0
2026-07-31,14,07:00,operations.voice,Leaks & supply interruption,voice,16.0,356.3,3.16,3.14
2026-07-31,15,07:30,operations.voice,Leaks & supply interruption,voice,21.0,356.3,4.13,4.3
2026-07-31,16,08:00,operations.voice,Leaks & supply interruption,voice,26.0,356.3,4.5,5.4
2026-07-31,17,08:30,operations.voice,Leaks & supply interruption,voice,29.0,356.3,5.75,5.37
2026-07-31,18,09:00,operations.voice,Leaks & supply interruption,voice,24.0,356.3,5.91,4.81
2026-07-31,19,09:30,operations.voice,Leaks & supply interruption,voice,27.0,356.3,5.64,5.29
2026-07-31,20,10:00,operations.voice,Leaks & supply interruption,voice,56.0,356.3,10.97,11.65
2026-07-31,21,10:30,operations.voice,Leaks & supply interruption,voice,44.0,356.3,9.13,9.52
2026-07-31,22,11:00,operations.voice,Leaks & supply interruption,voice,31.0,356.3,7.67,6.25
2026-07-31,23,11:30,operations.voice,Leaks & supply interruption,voice,31.0,356.3,6.02,6.33
2026-07-31,24,12:00,operations.voice,Leaks & supply interruption,voice,10.0,356.3,1.72,1.96
2026-07-31,25,12:30,operations.voice,Leaks & supply interruption,voice,8.0,356.3,1.27,1.56
2026-07-31,26,13:00,operations.voice,Leaks & supply interruption,voice,11.0,356.3,1.92,2.06
2026-07-31,27,13:30,operations.voice,Leaks & supply interruption,voice,26.0,356.3,4.91,4.96
2026-07-31,28,14:00,operations.voice,Leaks & supply interruption,voice,22.0,356.3,4.28,4.46
2026-07-31,29,14:30,operations.voice,Leaks & supply interruption,voice,44.0,356.3,8.93,8.88
2026-07-31,30,15:00,operations.voice,Leaks & supply interruption,voice,26.0,356.3,5.52,5.28
2026-07-31,31,15:30,operations.voice,Leaks & supply interruption,voice,27.0,356.3,5.63,4.96
2026-07-31,32,16:00,operations.voice,Leaks & supply interruption,voice,30.0,356.3,4.28,6.27
2026-07-31,33,16:30,operations.voice,Leaks & supply interruption,voice,29.0,356.3,5.97,5.7
2026-07-31,34,17:00,operations.voice,Leaks & supply interruption,voice,13.0,356.3,1.96,2.92
2026-07-31,35,17:30,operations.voice,Leaks & supply interruption,voice,17.0,356.3,3.21,3.24
2026-07-31,36,18:00,operations.voice,Leaks & supply interruption,voice,11.0,356.3,2.11,2.11
2026-07-31,37,18:30,operations.voice,Leaks & supply interruption,voice,19.0,356.3,3.88,3.73
2026-07-31,38,19:00,operations.voice,Leaks & supply interruption,voice,11.0,356.3,2.29,2.25
2026-07-31,39,19:30,operations.voice,Leaks & supply interruption,voice,4.0,356.3,0.72,0.8
2026-07-31,40,20:00,operations.voice,Leaks & supply interruption,voice,10.0,356.3,2.13,2.01
2026-07-31,41,20:30,operations.voice,Leaks & supply interruption,voice,7.0,356.3,1.31,1.39
2026-07-31,42,21:00,operations.voice,Leaks & supply interruption,voice,3.0,356.3,0.62,0.59
2026-07-31,43,21:30,operations.voice,Leaks & supply interruption,voice,1.0,356.3,0.15,0.19
2026-07-31,44,22:00,operations.voice,Leaks & supply interruption,voice,2.0,356.3,0.36,0.42
2026-07-31,45,22:30,operations.voice,Leaks & supply interruption,voice,3.0,356.3,0.53,0.58
2026-07-31,46,23:00,operations.voice,Leaks & supply interruption,voice,2.0,356.3,0.32,0.44
2026-07-31,47,23:30,operations.voice,Leaks & supply interruption,voice,2.0,356.3,0.29,0.38
2026-08-01,0,00:00,operations.voice,Leaks & supply interruption,voice,1.0,334.7,0.19,0.19
2026-08-01,1,00:30,operations.voice,Leaks & supply interruption,voice,2.0,334.7,0.34,0.38
2026-08-01,2,01:00,operations.voice,Leaks & supply interruption,voice,2.0,334.7,0.38,0.38
2026-08-01,3,01:30,operations.voice,Leaks & supply interruption,voice,3.0,334.7,0.67,0.55
2026-08-01,4,02:00,operations.voice,Leaks & supply interruption,voice,0.0,334.7,0.0,0.0
2026-08-01,5,02:30,operations.voice,Leaks & supply interruption,voice,1.0,334.7,0.17,0.2
2026-08-01,6,03:00,operations.voice,Leaks & supply interruption,voice,2.0,334.7,0.34,0.34
2026-08-01,7,03:30,operations.voice,Leaks & supply interruption,voice,2.0,334.7,0.41,0.39
2026-08-01,8,04:00,operations.voice,Leaks & supply interruption,voice,0.0,334.7,0.0,0.0
2026-08-01,9,04:30,operations.voice,Leaks & supply interruption,voice,1.0,334.7,0.19,0.2
2026-08-01,10,05:00,operations.voice,Leaks & supply interruption,voice,1.0,334.7,0.17,0.18
2026-08-01,11,05:30,operations.voice,Leaks & supply interruption,voice,1.0,334.7,0.16,0.19
2026-08-01,12,06:00,operations.voice,Leaks & supply interruption,voice,8.0,334.7,1.52,1.65
2026-08-01,13,06:30,operations.voice,Leaks & supply interruption,voice,10.0,334.7,1.55,1.69
2026-08-01,14,07:00,operations.voice,Leaks & supply interruption,voice,22.0,334.7,4.32,4.07
2026-08-01,15,07:30,operations.voice,Leaks & supply interruption,voice,18.0,334.7,3.27,3.32
2026-08-01,16,08:00,operations.voice,Leaks & supply interruption,voice,22.0,334.7,3.32,4.11
2026-08-01,17,08:30,operations.voice,Leaks & supply interruption,voice,25.0,334.7,4.44,4.64
2026-08-01,18,09:00,operations.voice,Leaks & supply interruption,voice,23.0,334.7,4.48,4.25
2026-08-01,19,09:30,operations.voice,Leaks & supply interruption,voice,40.0,334.7,7.98,7.35
2026-08-01,20,10:00,operations.voice,Leaks & supply interruption,voice,37.0,334.7,5.52,7.1
2026-08-01,21,10:30,operations.voice,Leaks & supply interruption,voice,30.0,334.7,3.84,5.22
2026-08-01,22,11:00,operations.voice,Leaks & supply interruption,voice,24.0,334.7,4.78,4.38
2026-08-01,23,11:30,operations.voice,Leaks & supply interruption,voice,9.0,334.7,1.63,1.63
2026-08-01,24,12:00,operations.voice,Leaks & supply interruption,voice,9.0,334.7,1.37,1.75
2026-08-01,25,12:30,operations.voice,Leaks & supply interruption,voice,8.0,334.7,1.01,1.36
2026-08-01,26,13:00,operations.voice,Leaks & supply interruption,voice,19.0,334.7,3.25,3.26
2026-08-01,27,13:30,operations.voice,Leaks & supply interruption,voice,16.0,334.7,2.59,2.99
2026-08-01,28,14:00,operations.voice,Leaks & supply interruption,voice,23.0,334.7,3.94,4.4
2026-08-01,29,14:30,operations.voice,Leaks & supply interruption,voice,29.0,334.7,4.02,5.12
2026-08-01,30,15:00,operations.voice,Leaks & supply interruption,voice,19.0,334.7,3.69,3.44
2026-08-01,31,15:30,operations.voice,Leaks & supply interruption,voice,23.0,334.7,4.5,4.28
2026-08-01,32,16:00,operations.voice,Leaks & supply interruption,voice,12.0,334.7,2.01,2.24
2026-08-01,33,16:30,operations.voice,Leaks & supply interruption,voice,20.0,334.7,3.32,3.98
2026-08-01,34,17:00,operations.voice,Leaks & supply interruption,voice,18.0,334.7,3.18,3.72
2026-08-01,35,17:30,operations.voice,Leaks & supply interruption,voice,15.0,334.7,2.75,2.61
2026-08-01,36,18:00,operations.voice,Leaks & supply interruption,voice,14.0,334.7,2.55,2.63
2026-08-01,37,18:30,operations.voice,Leaks & supply interruption,voice,13.0,334.7,2.07,2.4
2026-08-01,38,19:00,operations.voice,Leaks & supply interruption,voice,11.0,334.7,1.71,1.94
2026-08-01,39,19:30,operations.voice,Leaks & supply interruption,voice,10.0,334.7,1.97,1.78
2026-08-01,40,20:00,operations.voice,Leaks & supply interruption,voice,9.0,334.7,1.8,1.79
2026-08-01,41,20:30,operations.voice,Leaks & supply interruption,voice,5.0,334.7,0.83,0.96
2026-08-01,42,21:00,operations.voice,Leaks & supply interruption,voice,4.0,334.7,0.93,0.67
2026-08-01,43,21:30,operations.voice,Leaks & supply interruption,voice,6.0,334.7,0.98,1.15
2026-08-01,44,22:00,operations.voice,Leaks & supply interruption,voice,1.0,334.7,0.14,0.19
2026-08-01,45,22:30,operations.voice,Leaks & supply interruption,voice,2.0,334.7,0.39,0.39
2026-08-01,46,23:00,operations.voice,Leaks & supply interruption,voice,5.0,334.7,0.71,0.96
2026-08-01,47,23:30,operations.voice,Leaks & supply interruption,voice,0.0,334.7,0.0,0.0
2026-08-02,0,00:00,operations.voice,Leaks & supply interruption,voice,0.0,348.3,0.0,0.0
2026-08-02,1,00:30,operations.voice,Leaks & supply interruption,voice,5.0,348.3,1.26,0.97
2026-08-02,2,01:00,operations.voice,Leaks & supply interruption,voice,2.0,348.3,0.4,0.41
2026-08-02,3,01:30,operations.voice,Leaks & supply interruption,voice,0.0,348.3,0.0,0.0
2026-08-02,4,02:00,operations.voice,Leaks & supply interruption,voice,1.0,348.3,0.13,0.2
2026-08-02,5,02:30,operations.voice,Leaks & supply interruption,voice,2.0,348.3,0.38,0.36
2026-08-02,6,03:00,operations.voice,Leaks & supply interruption,voice,0.0,348.3,0.0,0.0
2026-08-02,7,03:30,operations.voice,Leaks & supply interruption,voice,2.0,348.3,0.33,0.37
2026-08-02,8,04:00,operations.voice,Leaks & supply interruption,voice,3.0,348.3,0.49,0.56
2026-08-02,9,04:30,operations.voice,Leaks & supply interruption,voice,3.0,348.3,0.47,0.57
2026-08-02,10,05:00,operations.voice,Leaks & supply interruption,voice,2.0,348.3,0.28,0.35
2026-08-02,11,05:30,operations.voice,Leaks & supply interruption,voice,5.0,348.3,1.14,0.94
2026-08-02,12,06:00,operations.voice,Leaks & supply interruption,voice,2.0,348.3,0.39,0.43
2026-08-02,13,06:30,operations.voice,Leaks & supply interruption,voice,8.0,348.3,1.8,1.56
2026-08-02,14,07:00,operations.voice,Leaks & supply interruption,voice,15.0,348.3,3.01,2.96
2026-08-02,15,07:30,operations.voice,Leaks & supply interruption,voice,14.0,348.3,2.31,2.49
2026-08-02,16,08:00,operations.voice,Leaks & supply interruption,voice,15.0,348.3,2.48,2.89
2026-08-02,17,08:30,operations.voice,Leaks & supply interruption,voice,29.0,348.3,6.22,6.0
2026-08-02,18,09:00,operations.voice,Leaks & supply interruption,voice,24.0,348.3,3.74,4.71
2026-08-02,19,09:30,operations.voice,Leaks & supply interruption,voice,41.0,348.3,7.78,7.87
2026-08-02,20,10:00,operations.voice,Leaks & supply interruption,voice,38.0,348.3,8.13,7.22
2026-08-02,21,10:30,operations.voice,Leaks & supply interruption,voice,24.0,348.3,3.55,4.75
2026-08-02,22,11:00,operations.voice,Leaks & supply interruption,voice,26.0,348.3,4.33,5.03
2026-08-02,23,11:30,operations.voice,Leaks & supply interruption,voice,18.0,348.3,3.72,3.49
2026-08-02,24,12:00,operations.voice,Leaks & supply interruption,voice,14.0,348.3,2.69,2.84
2026-08-02,25,12:30,operations.voice,Leaks & supply interruption,voice,4.0,348.3,0.91,0.78
2026-08-02,26,13:00,operations.voice,Leaks & supply interruption,voice,9.0,348.3,2.12,1.8
2026-08-02,27,13:30,operations.voice,Leaks & supply interruption,voice,18.0,348.3,3.24,3.65
2026-08-02,28,14:00,operations.voice,Leaks & supply interruption,voice,18.0,348.3,3.05,3.47
2026-08-02,29,14:30,operations.voice,Leaks & supply interruption,voice,20.0,348.3,3.63,3.79
2026-08-02,30,15:00,operations.voice,Leaks & supply interruption,voice,22.0,348.3,3.73,4.4
2026-08-02,31,15:30,operations.voice,Leaks & supply interruption,voice,18.0,348.3,3.64,3.26
2026-08-02,32,16:00,operations.voice,Leaks & supply interruption,voice,30.0,348.3,4.84,6.02
2026-08-02,33,16:30,operations.voice,Leaks & supply interruption,voice,17.0,348.3,2.72,3.22
2026-08-02,34,17:00,operations.voice,Leaks & supply interruption,voice,21.0,348.3,4.03,4.12
2026-08-02,35,17:30,operations.voice,Leaks & supply interruption,voice,16.0,348.3,3.21,3.2
2026-08-02,36,18:00,operations.voice,Leaks & supply interruption,voice,6.0,348.3,1.22,1.09
2026-08-02,37,18:30,operations.voice,Leaks & supply interruption,voice,8.0,348.3,1.59,1.43
2026-08-02,38,19:00,operations.voice,Leaks & supply interruption,voice,11.0,348.3,1.88,2.26
2026-08-02,39,19:30,operations.voice,Leaks & supply interruption,voice,4.0,348.3,0.73,0.72
2026-08-02,40,20:00,operations.voice,Leaks & supply interruption,voice,7.0,348.3,1.13,1.45
2026-08-02,41,20:30,operations.voice,Leaks & supply interruption,voice,9.0,348.3,1.92,1.73
2026-08-02,42,21:00,operations.voice,Leaks & supply interruption,voice,3.0,348.3,0.54,0.66
2026-08-02,43,21:30,operations.voice,Leaks & supply interruption,voice,2.0,348.3,0.39,0.42
2026-08-02,44,22:00,operations.voice,Leaks & supply interruption,voice,4.0,348.3,0.73,0.81
2026-08-02,45,22:30,operations.voice,Leaks & supply interruption,voice,2.0,348.3,0.44,0.39
2026-08-02,46,23:00,operations.voice,Leaks & supply interruption,voice,3.0,348.3,0.54,0.62
2026-08-02,47,23:30,operations.voice,Leaks & supply interruption,voice,1.0,348.3,0.22,0.2
2026-08-03,0,00:00,operations.voice,Leaks & supply interruption,voice,4.0,363.9,0.74,0.88
2026-08-03,1,00:30,operations.voice,Leaks & supply interruption,voice,2.0,363.9,0.4,0.4
2026-08-03,2,01:00,operations.voice,Leaks & supply interruption,voice,2.0,363.9,0.4,0.42
2026-08-03,3,01:30,operations.voice,Leaks & supply interruption,voice,2.0,363.9,0.45,0.4
2026-08-03,4,02:00,operations.voice,Leaks & supply interruption,voice,2.0,363.9,0.39,0.41
2026-08-03,5,02:30,operations.voice,Leaks & supply interruption,voice,2.0,363.9,0.38,0.43
2026-08-03,6,03:00,operations.voice,Leaks & supply interruption,voice,0.0,363.9,0.0,0.0
2026-08-03,7,03:30,operations.voice,Leaks & supply interruption,voice,3.0,363.9,0.48,0.63
2026-08-03,8,04:00,operations.voice,Leaks & supply interruption,voice,2.0,363.9,0.35,0.42
2026-08-03,9,04:30,operations.voice,Leaks & supply interruption,voice,2.0,363.9,0.39,0.39
2026-08-03,10,05:00,operations.voice,Leaks & supply interruption,voice,3.0,363.9,0.74,0.59
2026-08-03,11,05:30,operations.voice,Leaks & supply interruption,voice,5.0,363.9,0.99,1.08
2026-08-03,12,06:00,operations.voice,Leaks & supply interruption,voice,6.0,363.9,1.56,1.24
2026-08-03,13,06:30,operations.voice,Leaks & supply interruption,voice,15.0,363.9,3.09,3.04
2026-08-03,14,07:00,operations.voice,Leaks & supply interruption,voice,18.0,363.9,3.83,3.45
2026-08-03,15,07:30,operations.voice,Leaks & supply interruption,voice,27.0,363.9,5.31,5.53
2026-08-03,16,08:00,operations.voice,Leaks & supply interruption,voice,21.0,363.9,4.16,4.42
2026-08-03,17,08:30,operations.voice,Leaks & supply interruption,voice,17.0,363.9,2.99,3.42
2026-08-03,18,09:00,operations.voice,Leaks & supply interruption,voice,26.0,363.9,5.19,5.02
2026-08-03,19,09:30,operations.voice,Leaks & supply interruption,voice,39.0,363.9,8.79,7.28
2026-08-03,20,10:00,operations.voice,Leaks & supply interruption,voice,32.0,363.9,6.14,6.46
2026-08-03,21,10:30,operations.voice,Leaks & supply interruption,voice,31.0,363.9,5.3,5.88
2026-08-03,22,11:00,operations.voice,Leaks & supply interruption,voice,38.0,363.9,6.56,7.37
2026-08-03,23,11:30,operations.voice,Leaks & supply interruption,voice,14.0,363.9,2.51,2.89
2026-08-03,24,12:00,operations.voice,Leaks & supply interruption,voice,9.0,363.9,1.74,1.76
2026-08-03,25,12:30,operations.voice,Leaks & supply interruption,voice,5.0,363.9,0.79,1.02
2026-08-03,26,13:00,operations.voice,Leaks & supply interruption,voice,15.0,363.9,2.91,2.99
2026-08-03,27,13:30,operations.voice,Leaks & supply interruption,voice,22.0,363.9,3.91,4.27
2026-08-03,28,14:00,operations.voice,Leaks & supply interruption,voice,35.0,363.9,4.56,7.26
2026-08-03,29,14:30,operations.voice,Leaks & supply interruption,voice,26.0,363.9,5.65,5.31
2026-08-03,30,15:00,operations.voice,Leaks & supply interruption,voice,34.0,363.9,6.53,6.91
2026-08-03,31,15:30,operations.voice,Leaks & supply interruption,voice,35.0,363.9,4.36,6.93
2026-08-03,32,16:00,operations.voice,Leaks & supply interruption,voice,22.0,363.9,4.0,4.25
2026-08-03,33,16:30,operations.voice,Leaks & supply interruption,voice,17.0,363.9,3.57,3.24
2026-08-03,34,17:00,operations.voice,Leaks & supply interruption,voice,15.0,363.9,3.02,3.02
2026-08-03,35,17:30,operations.voice,Leaks & supply interruption,voice,19.0,363.9,3.72,3.64
2026-08-03,36,18:00,operations.voice,Leaks & supply interruption,voice,7.0,363.9,1.59,1.55
2026-08-03,37,18:30,operations.voice,Leaks & supply interruption,voice,11.0,363.9,2.28,2.12
2026-08-03,38,19:00,operations.voice,Leaks & supply interruption,voice,15.0,363.9,2.64,3.24
2026-08-03,39,19:30,operations.voice,Leaks & supply interruption,voice,9.0,363.9,1.13,1.9
2026-08-03,40,20:00,operations.voice,Leaks & supply interruption,voice,7.0,363.9,1.32,1.33
2026-08-03,41,20:30,operations.voice,Leaks & supply interruption,voice,4.0,363.9,0.98,0.82
2026-08-03,42,21:00,operations.voice,Leaks & supply interruption,voice,5.0,363.9,0.93,1.04
2026-08-03,43,21:30,operations.voice,Leaks & supply interruption,voice,3.0,363.9,0.69,0.59
2026-08-03,44,22:00,operations.voice,Leaks & supply interruption,voice,6.0,363.9,0.99,1.22
2026-08-03,45,22:30,operations.voice,Leaks & supply interruption,voice,3.0,363.9,0.66,0.61
2026-08-03,46,23:00,operations.voice,Leaks & supply interruption,voice,1.0,363.9,0.18,0.2
2026-08-03,47,23:30,operations.voice,Leaks & supply interruption,voice,1.0,363.9,0.13,0.2
2026-08-04,0,00:00,operations.voice,Leaks & supply interruption,voice,4.0,360.6,0.92,0.78
2026-08-04,1,00:30,operations.voice,Leaks & supply interruption,voice,5.0,360.6,0.99,0.99
2026-08-04,2,01:00,operations.voice,Leaks & supply interruption,voice,3.0,360.6,0.66,0.58
2026-08-04,3,01:30,operations.voice,Leaks & supply interruption,voice,1.0,360.6,0.2,0.2
2026-08-04,4,02:00,operations.voice,Leaks & supply interruption,voice,2.0,360.6,0.37,0.41
2026-08-04,5,02:30,operations.voice,Leaks & supply interruption,voice,3.0,360.6,0.53,0.57
2026-08-04,6,03:00,operations.voice,Leaks & supply interruption,voice,0.0,360.6,0.0,0.0
2026-08-04,7,03:30,operations.voice,Leaks & supply interruption,voice,4.0,360.6,0.84,0.8
2026-08-04,8,04:00,operations.voice,Leaks & supply interruption,voice,0.0,360.6,0.0,0.0
2026-08-04,9,04:30,operations.voice,Leaks & supply interruption,voice,2.0,360.6,0.48,0.41
2026-08-04,10,05:00,operations.voice,Leaks & supply interruption,voice,2.0,360.6,0.4,0.38
2026-08-04,11,05:30,operations.voice,Leaks & supply interruption,voice,3.0,360.6,0.52,0.63
2026-08-04,12,06:00,operations.voice,Leaks & supply interruption,voice,5.0,360.6,1.06,0.97
2026-08-04,13,06:30,operations.voice,Leaks & supply interruption,voice,10.0,360.6,2.18,2.06
2026-08-04,14,07:00,operations.voice,Leaks & supply interruption,voice,20.0,360.6,4.07,4.04
2026-08-04,15,07:30,operations.voice,Leaks & supply interruption,voice,18.0,360.6,3.22,3.54
2026-08-04,16,08:00,operations.voice,Leaks & supply interruption,voice,21.0,360.6,5.44,4.3
2026-08-04,17,08:30,operations.voice,Leaks & supply interruption,voice,27.0,360.6,4.58,5.14
2026-08-04,18,09:00,operations.voice,Leaks & supply interruption,voice,35.0,360.6,4.87,7.39
2026-08-04,19,09:30,operations.voice,Leaks & supply interruption,voice,44.0,360.6,8.04,8.49
2026-08-04,20,10:00,operations.voice,Leaks & supply interruption,voice,33.0,360.6,6.44,6.63
2026-08-04,21,10:30,operations.voice,Leaks & supply interruption,voice,44.0,360.6,7.82,8.69
2026-08-04,22,11:00,operations.voice,Leaks & supply interruption,voice,25.0,360.6,4.52,4.85
2026-08-04,23,11:30,operations.voice,Leaks & supply interruption,voice,22.0,360.6,3.63,4.28
2026-08-04,24,12:00,operations.voice,Leaks & supply interruption,voice,11.0,360.6,3.01,2.14
2026-08-04,25,12:30,operations.voice,Leaks & supply interruption,voice,8.0,360.6,1.45,1.73
2026-08-04,26,13:00,operations.voice,Leaks & supply interruption,voice,12.0,360.6,2.26,2.57
2026-08-04,27,13:30,operations.voice,Leaks & supply interruption,voice,22.0,360.6,5.01,4.49
2026-08-04,28,14:00,operations.voice,Leaks & supply interruption,voice,25.0,360.6,3.85,5.12
2026-08-04,29,14:30,operations.voice,Leaks & supply interruption,voice,43.0,360.6,7.85,8.35
2026-08-04,30,15:00,operations.voice,Leaks & supply interruption,voice,23.0,360.6,4.26,4.38
2026-08-04,31,15:30,operations.voice,Leaks & supply interruption,voice,31.0,360.6,5.62,6.16
2026-08-04,32,16:00,operations.voice,Leaks & supply interruption,voice,24.0,360.6,5.39,4.99
2026-08-04,33,16:30,operations.voice,Leaks & supply interruption,voice,13.0,360.6,2.27,2.73
2026-08-04,34,17:00,operations.voice,Leaks & supply interruption,voice,16.0,360.6,3.87,2.96
2026-08-04,35,17:30,operations.voice,Leaks & supply interruption,voice,20.0,360.6,3.45,3.75
2026-08-04,36,18:00,operations.voice,Leaks & supply interruption,voice,11.0,360.6,1.94,2.38
2026-08-04,37,18:30,operations.voice,Leaks & supply interruption,voice,14.0,360.6,2.5,2.89
2026-08-04,38,19:00,operations.voice,Leaks & supply interruption,voice,9.0,360.6,2.12,1.76
2026-08-04,39,19:30,operations.voice,Leaks & supply interruption,voice,11.0,360.6,1.88,2.21
2026-08-04,40,20:00,operations.voice,Leaks & supply interruption,voice,13.0,360.6,2.19,2.48
2026-08-04,41,20:30,operations.voice,Leaks & supply interruption,voice,9.0,360.6,1.49,1.76
2026-08-04,42,21:00,operations.voice,Leaks & supply interruption,voice,3.0,360.6,0.55,0.6
2026-08-04,43,21:30,operations.voice,Leaks & supply interruption,voice,3.0,360.6,0.66,0.55
2026-08-04,44,22:00,operations.voice,Leaks & supply interruption,voice,8.0,360.6,1.86,1.69
2026-08-04,45,22:30,operations.voice,Leaks & supply interruption,voice,1.0,360.6,0.2,0.2
2026-08-04,46,23:00,operations.voice,Leaks & supply interruption,voice,0.0,360.6,0.0,0.0
2026-08-04,47,23:30,operations.voice,Leaks & supply interruption,voice,2.0,360.6,0.4,0.4
2026-08-05,0,00:00,operations.voice,Leaks & supply interruption,voice,3.0,353.6,0.61,0.57
2026-08-05,1,00:30,operations.voice,Leaks & supply interruption,voice,1.0,353.6,0.15,0.21
2026-08-05,2,01:00,operations.voice,Leaks & supply interruption,voice,1.0,353.6,0.21,0.19
2026-08-05,3,01:30,operations.voice,Leaks & supply interruption,voice,4.0,353.6,0.73,0.81
2026-08-05,4,02:00,operations.voice,Leaks & supply interruption,voice,2.0,353.6,0.33,0.37
2026-08-05,5,02:30,operations.voice,Leaks & supply interruption,voice,3.0,353.6,0.55,0.57
2026-08-05,6,03:00,operations.voice,Leaks & supply interruption,voice,1.0,353.6,0.23,0.19
2026-08-05,7,03:30,operations.voice,Leaks & supply interruption,voice,2.0,353.6,0.33,0.38
2026-08-05,8,04:00,operations.voice,Leaks & supply interruption,voice,3.0,353.6,0.57,0.61
2026-08-05,9,04:30,operations.voice,Leaks & supply interruption,voice,0.0,353.6,0.0,0.0
2026-08-05,10,05:00,operations.voice,Leaks & supply interruption,voice,0.0,353.6,0.0,0.0
2026-08-05,11,05:30,operations.voice,Leaks & supply interruption,voice,5.0,353.6,0.98,0.99
2026-08-05,12,06:00,operations.voice,Leaks & supply interruption,voice,9.0,353.6,1.8,1.89
2026-08-05,13,06:30,operations.voice,Leaks & supply interruption,voice,10.0,353.6,2.1,1.96
2026-08-05,14,07:00,operations.voice,Leaks & supply interruption,voice,11.0,353.6,1.82,2.32
2026-08-05,15,07:30,operations.voice,Leaks & supply interruption,voice,18.0,353.6,4.27,3.53
2026-08-05,16,08:00,operations.voice,Leaks & supply interruption,voice,11.0,353.6,1.95,2.19
2026-08-05,17,08:30,operations.voice,Leaks & supply interruption,voice,21.0,353.6,3.26,4.12
2026-08-05,18,09:00,operations.voice,Leaks & supply interruption,voice,33.0,353.6,7.64,6.83
2026-08-05,19,09:30,operations.voice,Leaks & supply interruption,voice,42.0,353.6,8.8,7.95
2026-08-05,20,10:00,operations.voice,Leaks & supply interruption,voice,34.0,353.6,8.01,6.87
2026-08-05,21,10:30,operations.voice,Leaks & supply interruption,voice,33.0,353.6,7.64,7.41
2026-08-05,22,11:00,operations.voice,Leaks & supply interruption,voice,30.0,353.6,5.15,5.92
2026-08-05,23,11:30,operations.voice,Leaks & supply interruption,voice,19.0,353.6,3.31,3.78
2026-08-05,24,12:00,operations.voice,Leaks & supply interruption,voice,14.0,353.6,2.78,2.73
2026-08-05,25,12:30,operations.voice,Leaks & supply interruption,voice,11.0,353.6,2.36,2.2
2026-08-05,26,13:00,operations.voice,Leaks & supply interruption,voice,12.0,353.6,2.42,2.5
2026-08-05,27,13:30,operations.voice,Leaks & supply interruption,voice,24.0,353.6,5.91,4.64
2026-08-05,28,14:00,operations.voice,Leaks & supply interruption,voice,34.0,353.6,6.04,6.4
2026-08-05,29,14:30,operations.voice,Leaks & supply interruption,voice,22.0,353.6,3.93,4.3
2026-08-05,30,15:00,operations.voice,Leaks & supply interruption,voice,25.0,353.6,3.38,4.92
2026-08-05,31,15:30,operations.voice,Leaks & supply interruption,voice,26.0,353.6,4.33,5.39
2026-08-05,32,16:00,operations.voice,Leaks & supply interruption,voice,24.0,353.6,5.24,5.01
2026-08-05,33,16:30,operations.voice,Leaks & supply interruption,voice,21.0,353.6,4.52,4.36
2026-08-05,34,17:00,operations.voice,Leaks & supply interruption,voice,6.0,353.6,1.15,1.17
2026-08-05,35,17:30,operations.voice,Leaks & supply interruption,voice,8.0,353.6,1.58,1.5
2026-08-05,36,18:00,operations.voice,Leaks & supply interruption,voice,13.0,353.6,2.65,2.55
2026-08-05,37,18:30,operations.voice,Leaks & supply interruption,voice,8.0,353.6,1.75,1.61
2026-08-05,38,19:00,operations.voice,Leaks & supply interruption,voice,6.0,353.6,1.17,1.14
2026-08-05,39,19:30,operations.voice,Leaks & supply interruption,voice,10.0,353.6,1.67,1.79
2026-08-05,40,20:00,operations.voice,Leaks & supply interruption,voice,12.0,353.6,1.83,2.31
2026-08-05,41,20:30,operations.voice,Leaks & supply interruption,voice,8.0,353.6,1.33,1.64
2026-08-05,42,21:00,operations.voice,Leaks & supply interruption,voice,5.0,353.6,0.87,0.91
2026-08-05,43,21:30,operations.voice,Leaks & supply interruption,voice,4.0,353.6,0.87,0.78
2026-08-05,44,22:00,operations.voice,Leaks & supply interruption,voice,2.0,353.6,0.45,0.42
2026-08-05,45,22:30,operations.voice,Leaks & supply interruption,voice,2.0,353.6,0.35,0.41
2026-08-05,46,23:00,operations.voice,Leaks & supply interruption,voice,1.0,353.6,0.23,0.2
2026-08-05,47,23:30,operations.voice,Leaks & supply interruption,voice,1.0,353.6,0.16,0.19
2026-08-06,0,00:00,operations.voice,Leaks & supply interruption,voice,3.0,356.1,0.56,0.55
2026-08-06,1,00:30,operations.voice,Leaks & supply interruption,voice,2.0,356.1,0.33,0.39
2026-08-06,2,01:00,operations.voice,Leaks & supply interruption,voice,3.0,356.1,0.59,0.57
2026-08-06,3,01:30,operations.voice,Leaks & supply interruption,voice,2.0,356.1,0.42,0.43
2026-08-06,4,02:00,operations.voice,Leaks & supply interruption,voice,2.0,356.1,0.43,0.37
2026-08-06,5,02:30,operations.voice,Leaks & supply interruption,voice,1.0,356.1,0.23,0.19
2026-08-06,6,03:00,operations.voice,Leaks & supply interruption,voice,2.0,356.1,0.46,0.42
2026-08-06,7,03:30,operations.voice,Leaks & supply interruption,voice,0.0,356.1,0.0,0.0
2026-08-06,8,04:00,operations.voice,Leaks & supply interruption,voice,3.0,356.1,0.55,0.58
2026-08-06,9,04:30,operations.voice,Leaks & supply interruption,voice,2.0,356.1,0.37,0.37
2026-08-06,10,05:00,operations.voice,Leaks & supply interruption,voice,2.0,356.1,0.37,0.38
2026-08-06,11,05:30,operations.voice,Leaks & supply interruption,voice,6.0,356.1,1.02,1.15
2026-08-06,12,06:00,operations.voice,Leaks & supply interruption,voice,3.0,356.1,0.6,0.58
2026-08-06,13,06:30,operations.voice,Leaks & supply interruption,voice,13.0,356.1,2.63,2.53
2026-08-06,14,07:00,operations.voice,Leaks & supply interruption,voice,18.0,356.1,3.43,3.95
2026-08-06,15,07:30,operations.voice,Leaks & supply interruption,voice,17.0,356.1,2.7,3.56
2026-08-06,16,08:00,operations.voice,Leaks & supply interruption,voice,22.0,356.1,4.49,4.48
2026-08-06,17,08:30,operations.voice,Leaks & supply interruption,voice,31.0,356.1,7.02,6.14
2026-08-06,18,09:00,operations.voice,Leaks & supply interruption,voice,36.0,356.1,6.61,7.28
2026-08-06,19,09:30,operations.voice,Leaks & supply interruption,voice,42.0,356.1,6.43,8.55
2026-08-06,20,10:00,operations.voice,Leaks & supply interruption,voice,40.0,356.1,7.69,7.87
2026-08-06,21,10:30,operations.voice,Leaks & supply interruption,voice,39.0,356.1,8.95,7.86
2026-08-06,22,11:00,operations.voice,Leaks & supply interruption,voice,25.0,356.1,5.64,4.9
2026-08-06,23,11:30,operations.voice,Leaks & supply interruption,voice,24.0,356.1,5.15,4.74
2026-08-06,24,12:00,operations.voice,Leaks & supply interruption,voice,12.0,356.1,2.26,2.48
2026-08-06,25,12:30,operations.voice,Leaks & supply interruption,voice,5.0,356.1,1.06,1.0
2026-08-06,26,13:00,operations.voice,Leaks & supply interruption,voice,9.0,356.1,1.99,1.72
2026-08-06,27,13:30,operations.voice,Leaks & supply interruption,voice,16.0,356.1,3.61,3.0
2026-08-06,28,14:00,operations.voice,Leaks & supply interruption,voice,32.0,356.1,5.98,5.99
2026-08-06,29,14:30,operations.voice,Leaks & supply interruption,voice,32.0,356.1,4.82,6.31
2026-08-06,30,15:00,operations.voice,Leaks & supply interruption,voice,38.0,356.1,8.89,7.15
2026-08-06,31,15:30,operations.voice,Leaks & supply interruption,voice,25.0,356.1,4.96,5.06
2026-08-06,32,16:00,operations.voice,Leaks & supply interruption,voice,29.0,356.1,6.32,5.72
2026-08-06,33,16:30,operations.voice,Leaks & supply interruption,voice,12.0,356.1,2.48,2.43
2026-08-06,34,17:00,operations.voice,Leaks & supply interruption,voice,17.0,356.1,3.15,3.56
2026-08-06,35,17:30,operations.voice,Leaks & supply interruption,voice,12.0,356.1,1.9,2.21
2026-08-06,36,18:00,operations.voice,Leaks & supply interruption,voice,9.0,356.1,1.76,1.79
2026-08-06,37,18:30,operations.voice,Leaks & supply interruption,voice,13.0,356.1,2.23,2.47
2026-08-06,38,19:00,operations.voice,Leaks & supply interruption,voice,11.0,356.1,2.36,2.26
2026-08-06,39,19:30,operations.voice,Leaks & supply interruption,voice,12.0,356.1,2.04,2.45
2026-08-06,40,20:00,operations.voice,Leaks & supply interruption,voice,5.0,356.1,0.86,0.9
2026-08-06,41,20:30,operations.voice,Leaks & supply interruption,voice,6.0,356.1,1.24,1.16
2026-08-06,42,21:00,operations.voice,Leaks & supply interruption,voice,1.0,356.1,0.18,0.19
2026-08-06,43,21:30,operations.voice,Leaks & supply interruption,voice,4.0,356.1,0.69,0.79
2026-08-06,44,22:00,operations.voice,Leaks & supply interruption,voice,2.0,356.1,0.38,0.4
2026-08-06,45,22:30,operations.voice,Leaks & supply interruption,voice,1.0,356.1,0.22,0.2
2026-08-06,46,23:00,operations.voice,Leaks & supply interruption,voice,2.0,356.1,0.4,0.4
2026-08-06,47,23:30,operations.voice,Leaks & supply interruption,voice,1.0,356.1,0.18,0.2
2026-08-07,0,00:00,operations.voice,Leaks & supply interruption,voice,1.0,348.2,0.15,0.19
2026-08-07,1,00:30,operations.voice,Leaks & supply interruption,voice,3.0,348.2,0.45,0.6
2026-08-07,2,01:00,operations.voice,Leaks & supply interruption,voice,1.0,348.2,0.14,0.17
2026-08-07,3,01:30,operations.voice,Leaks & supply interruption,voice,1.0,348.2,0.19,0.19
2026-08-07,4,02:00,operations.voice,Leaks & supply interruption,voice,2.0,348.2,0.37,0.35
2026-08-07,5,02:30,operations.voice,Leaks & supply interruption,voice,2.0,348.2,0.21,0.37
2026-08-07,6,03:00,operations.voice,Leaks & supply interruption,voice,2.0,348.2,0.35,0.37
2026-08-07,7,03:30,operations.voice,Leaks & supply interruption,voice,1.0,348.2,0.18,0.21
2026-08-07,8,04:00,operations.voice,Leaks & supply interruption,voice,1.0,348.2,0.21,0.19
2026-08-07,9,04:30,operations.voice,Leaks & supply interruption,voice,0.0,348.2,0.0,0.0
2026-08-07,10,05:00,operations.voice,Leaks & supply interruption,voice,1.0,348.2,0.24,0.18
2026-08-07,11,05:30,operations.voice,Leaks & supply interruption,voice,6.0,348.2,1.28,1.15
2026-08-07,12,06:00,operations.voice,Leaks & supply interruption,voice,3.0,348.2,0.59,0.58
2026-08-07,13,06:30,operations.voice,Leaks & supply interruption,voice,18.0,348.2,2.96,3.77
2026-08-07,14,07:00,operations.voice,Leaks & supply interruption,voice,20.0,348.2,2.97,3.92
2026-08-07,15,07:30,operations.voice,Leaks & supply interruption,voice,13.0,348.2,2.42,2.67
2026-08-07,16,08:00,operations.voice,Leaks & supply interruption,voice,25.0,348.2,4.15,4.77
2026-08-07,17,08:30,operations.voice,Leaks & supply interruption,voice,25.0,348.2,4.92,4.83
2026-08-07,18,09:00,operations.voice,Leaks & supply interruption,voice,21.0,348.2,3.53,4.09
2026-08-07,19,09:30,operations.voice,Leaks & supply interruption,voice,37.0,348.2,6.21,7.1
2026-08-07,20,10:00,operations.voice,Leaks & supply interruption,voice,40.0,348.2,6.75,6.84
2026-08-07,21,10:30,operations.voice,Leaks & supply interruption,voice,40.0,348.2,9.01,7.64
2026-08-07,22,11:00,operations.voice,Leaks & supply interruption,voice,32.0,348.2,5.52,5.82
2026-08-07,23,11:30,operations.voice,Leaks & supply interruption,voice,20.0,348.2,4.11,4.07
2026-08-07,24,12:00,operations.voice,Leaks & supply interruption,voice,15.0,348.2,3.01,2.68
2026-08-07,25,12:30,operations.voice,Leaks & supply interruption,voice,5.0,348.2,0.85,1.1
2026-08-07,26,13:00,operations.voice,Leaks & supply interruption,voice,19.0,348.2,3.06,3.72
2026-08-07,27,13:30,operations.voice,Leaks & supply interruption,voice,34.0,348.2,6.18,5.77
2026-08-07,28,14:00,operations.voice,Leaks & supply interruption,voice,24.0,348.2,4.19,4.84
2026-08-07,29,14:30,operations.voice,Leaks & supply interruption,voice,41.0,348.2,6.86,7.69
2026-08-07,30,15:00,operations.voice,Leaks & supply interruption,voice,30.0,348.2,6.12,5.81
2026-08-07,31,15:30,operations.voice,Leaks & supply interruption,voice,21.0,348.2,3.43,3.94
2026-08-07,32,16:00,operations.voice,Leaks & supply interruption,voice,21.0,348.2,4.66,3.58
2026-08-07,33,16:30,operations.voice,Leaks & supply interruption,voice,17.0,348.2,3.16,3.48
2026-08-07,34,17:00,operations.voice,Leaks & supply interruption,voice,14.0,348.2,2.19,2.61
2026-08-07,35,17:30,operations.voice,Leaks & supply interruption,voice,13.0,348.2,1.83,2.54
2026-08-07,36,18:00,operations.voice,Leaks & supply interruption,voice,10.0,348.2,1.74,2.01
2026-08-07,37,18:30,operations.voice,Leaks & supply interruption,voice,13.0,348.2,1.73,2.47
2026-08-07,38,19:00,operations.voice,Leaks & supply interruption,voice,9.0,348.2,1.83,1.82
2026-08-07,39,19:30,operations.voice,Leaks & supply interruption,voice,11.0,348.2,2.15,2.28
2026-08-07,40,20:00,operations.voice,Leaks & supply interruption,voice,7.0,348.2,1.07,1.4
2026-08-07,41,20:30,operations.voice,Leaks & supply interruption,voice,7.0,348.2,1.32,1.43
2026-08-07,42,21:00,operations.voice,Leaks & supply interruption,voice,3.0,348.2,0.59,0.62
2026-08-07,43,21:30,operations.voice,Leaks & supply interruption,voice,3.0,348.2,0.55,0.6
2026-08-07,44,22:00,operations.voice,Leaks & supply interruption,voice,6.0,348.2,1.08,1.26
2026-08-07,45,22:30,operations.voice,Leaks & supply interruption,voice,3.0,348.2,0.67,0.6
2026-08-07,46,23:00,operations.voice,Leaks & supply interruption,voice,3.0,348.2,0.64,0.62
2026-08-07,47,23:30,operations.voice,Leaks & supply interruption,voice,2.0,348.2,0.35,0.39
2026-08-08,0,00:00,operations.voice,Leaks & supply interruption,voice,2.0,334.7,0.38,0.35
2026-08-08,1,00:30,operations.voice,Leaks & supply interruption,voice,2.0,334.7,0.43,0.34
2026-08-08,2,01:00,operations.voice,Leaks & supply interruption,voice,1.0,334.7,0.17,0.2
2026-08-08,3,01:30,operations.voice,Leaks & supply interruption,voice,0.0,334.7,0.0,0.0
2026-08-08,4,02:00,operations.voice,Leaks & supply interruption,voice,1.0,334.7,0.18,0.19
2026-08-08,5,02:30,operations.voice,Leaks & supply interruption,voice,0.0,334.7,0.0,0.0
2026-08-08,6,03:00,operations.voice,Leaks & supply interruption,voice,1.0,334.7,0.16,0.19
2026-08-08,7,03:30,operations.voice,Leaks & supply interruption,voice,4.0,334.7,0.82,0.74
2026-08-08,8,04:00,operations.voice,Leaks & supply interruption,voice,1.0,334.7,0.16,0.18
2026-08-08,9,04:30,operations.voice,Leaks & supply interruption,voice,1.0,334.7,0.2,0.18
2026-08-08,10,05:00,operations.voice,Leaks & supply interruption,voice,1.0,334.7,0.15,0.17
2026-08-08,11,05:30,operations.voice,Leaks & supply interruption,voice,2.0,334.7,0.32,0.4
2026-08-08,12,06:00,operations.voice,Leaks & supply interruption,voice,4.0,334.7,0.78,0.7
2026-08-08,13,06:30,operations.voice,Leaks & supply interruption,voice,14.0,334.7,2.58,2.7
2026-08-08,14,07:00,operations.voice,Leaks & supply interruption,voice,17.0,334.7,2.54,3.26
2026-08-08,15,07:30,operations.voice,Leaks & supply interruption,voice,11.0,334.7,2.17,2.0
2026-08-08,16,08:00,operations.voice,Leaks & supply interruption,voice,15.0,334.7,2.45,2.59
2026-08-08,17,08:30,operations.voice,Leaks & supply interruption,voice,19.0,334.7,3.26,3.83
2026-08-08,18,09:00,operations.voice,Leaks & supply interruption,voice,28.0,334.7,4.51,5.17
2026-08-08,19,09:30,operations.voice,Leaks & supply interruption,voice,31.0,334.7,5.69,5.65
2026-08-08,20,10:00,operations.voice,Leaks & supply interruption,voice,29.0,334.7,5.11,5.73
2026-08-08,21,10:30,operations.voice,Leaks & supply interruption,voice,28.0,334.7,5.04,5.34
2026-08-08,22,11:00,operations.voice,Leaks & supply interruption,voice,21.0,334.7,4.26,3.72
2026-08-08,23,11:30,operations.voice,Leaks & supply interruption,voice,19.0,334.7,3.42,3.51
2026-08-08,24,12:00,operations.voice,Leaks & supply interruption,voice,8.0,334.7,1.38,1.34
2026-08-08,25,12:30,operations.voice,Leaks & supply interruption,voice,8.0,334.7,1.38,1.41
2026-08-08,26,13:00,operations.voice,Leaks & supply interruption,voice,8.0,334.7,1.76,1.46
2026-08-08,27,13:30,operations.voice,Leaks & supply interruption,voice,12.0,334.7,2.37,2.28
2026-08-08,28,14:00,operations.voice,Leaks & supply interruption,voice,19.0,334.7,2.96,3.44
2026-08-08,29,14:30,operations.voice,Leaks & supply interruption,voice,26.0,334.7,5.6,4.86
2026-08-08,30,15:00,operations.voice,Leaks & supply interruption,voice,27.0,334.7,4.33,4.61
2026-08-08,31,15:30,operations.voice,Leaks & supply interruption,voice,19.0,334.7,2.97,3.35
2026-08-08,32,16:00,operations.voice,Leaks & supply interruption,voice,19.0,334.7,2.98,3.49
2026-08-08,33,16:30,operations.voice,Leaks & supply interruption,voice,8.0,334.7,1.36,1.48
2026-08-08,34,17:00,operations.voice,Leaks & supply interruption,voice,20.0,334.7,3.52,3.48
2026-08-08,35,17:30,operations.voice,Leaks & supply interruption,voice,10.0,334.7,1.46,1.78
2026-08-08,36,18:00,operations.voice,Leaks & supply interruption,voice,12.0,334.7,1.89,2.06
2026-08-08,37,18:30,operations.voice,Leaks & supply interruption,voice,5.0,334.7,0.9,0.84
2026-08-08,38,19:00,operations.voice,Leaks & supply interruption,voice,14.0,334.7,2.64,2.57
2026-08-08,39,19:30,operations.voice,Leaks & supply interruption,voice,5.0,334.7,0.8,0.96
2026-08-08,40,20:00,operations.voice,Leaks & supply interruption,voice,3.0,334.7,0.55,0.54
2026-08-08,41,20:30,operations.voice,Leaks & supply interruption,voice,6.0,334.7,1.1,1.12
2026-08-08,42,21:00,operations.voice,Leaks & supply interruption,voice,8.0,334.7,1.6,1.55
2026-08-08,43,21:30,operations.voice,Leaks & supply interruption,voice,6.0,334.7,0.92,1.09
2026-08-08,44,22:00,operations.voice,Leaks & supply interruption,voice,4.0,334.7,0.77,0.72
2026-08-08,45,22:30,operations.voice,Leaks & supply interruption,voice,2.0,334.7,0.32,0.36
2026-08-08,46,23:00,operations.voice,Leaks & supply interruption,voice,1.0,334.7,0.18,0.19
2026-08-08,47,23:30,operations.voice,Leaks & supply interruption,voice,0.0,334.7,0.0,0.0
2026-08-09,0,00:00,operations.voice,Leaks & supply interruption,voice,2.0,337.3,0.4,0.39
2026-08-09,1,00:30,operations.voice,Leaks & supply interruption,voice,1.0,337.3,0.17,0.19
2026-08-09,2,01:00,operations.voice,Leaks & supply interruption,voice,1.0,337.3,0.19,0.2
2026-08-09,3,01:30,operations.voice,Leaks & supply interruption,voice,3.0,337.3,0.57,0.58
2026-08-09,4,02:00,operations.voice,Leaks & supply interruption,voice,1.0,337.3,0.16,0.18
2026-08-09,5,02:30,operations.voice,Leaks & supply interruption,voice,2.0,337.3,0.28,0.36
2026-08-09,6,03:00,operations.voice,Leaks & supply interruption,voice,4.0,337.3,0.81,0.82
2026-08-09,7,03:30,operations.voice,Leaks & supply interruption,voice,3.0,337.3,0.49,0.6
2026-08-09,8,04:00,operations.voice,Leaks & supply interruption,voice,1.0,337.3,0.22,0.21
2026-08-09,9,04:30,operations.voice,Leaks & supply interruption,voice,1.0,337.3,0.18,0.19
2026-08-09,10,05:00,operations.voice,Leaks & supply interruption,voice,2.0,337.3,0.32,0.36
2026-08-09,11,05:30,operations.voice,Leaks & supply interruption,voice,1.0,337.3,0.18,0.18
2026-08-09,12,06:00,operations.voice,Leaks & supply interruption,voice,6.0,337.3,1.13,1.21
2026-08-09,13,06:30,operations.voice,Leaks & supply interruption,voice,10.0,337.3,1.86,1.98
2026-08-09,14,07:00,operations.voice,Leaks & supply interruption,voice,20.0,337.3,2.95,3.98
2026-08-09,15,07:30,operations.voice,Leaks & supply interruption,voice,15.0,337.3,2.35,2.98
2026-08-09,16,08:00,operations.voice,Leaks & supply interruption,voice,25.0,337.3,4.23,5.01
2026-08-09,17,08:30,operations.voice,Leaks & supply interruption,voice,17.0,337.3,3.59,3.34
2026-08-09,18,09:00,operations.voice,Leaks & supply interruption,voice,46.0,337.3,6.47,8.89
2026-08-09,19,09:30,operations.voice,Leaks & supply interruption,voice,28.0,337.3,4.66,5.22
2026-08-09,20,10:00,operations.voice,Leaks & supply interruption,voice,28.0,337.3,5.3,5.51
2026-08-09,21,10:30,operations.voice,Leaks & supply interruption,voice,27.0,337.3,4.62,4.77
2026-08-09,22,11:00,operations.voice,Leaks & supply interruption,voice,23.0,337.3,3.46,4.22
2026-08-09,23,11:30,operations.voice,Leaks & supply interruption,voice,18.0,337.3,2.89,3.45
2026-08-09,24,12:00,operations.voice,Leaks & supply interruption,voice,13.0,337.3,2.37,2.36
2026-08-09,25,12:30,operations.voice,Leaks & supply interruption,voice,12.0,337.3,1.86,2.22
2026-08-09,26,13:00,operations.voice,Leaks & supply interruption,voice,16.0,337.3,2.9,2.87
2026-08-09,27,13:30,operations.voice,Leaks & supply interruption,voice,8.0,337.3,1.27,1.33
2026-08-09,28,14:00,operations.voice,Leaks & supply interruption,voice,23.0,337.3,3.91,4.28
2026-08-09,29,14:30,operations.voice,Leaks & supply interruption,voice,24.0,337.3,4.27,4.56
2026-08-09,30,15:00,operations.voice,Leaks & supply interruption,voice,39.0,337.3,7.05,7.56
2026-08-09,31,15:30,operations.voice,Leaks & supply interruption,voice,26.0,337.3,4.0,4.67
2026-08-09,32,16:00,operations.voice,Leaks & supply interruption,voice,17.0,337.3,3.52,3.25
2026-08-09,33,16:30,operations.voice,Leaks & supply interruption,voice,19.0,337.3,2.5,3.35
2026-08-09,34,17:00,operations.voice,Leaks & supply interruption,voice,14.0,337.3,2.5,2.75
2026-08-09,35,17:30,operations.voice,Leaks & supply interruption,voice,12.0,337.3,1.38,2.26
2026-08-09,36,18:00,operations.voice,Leaks & supply interruption,voice,10.0,337.3,1.66,1.89
2026-08-09,37,18:30,operations.voice,Leaks & supply interruption,voice,15.0,337.3,2.74,2.75
2026-08-09,38,19:00,operations.voice,Leaks & supply interruption,voice,12.0,337.3,2.1,2.15
2026-08-09,39,19:30,operations.voice,Leaks & supply interruption,voice,9.0,337.3,1.44,1.55
2026-08-09,40,20:00,operations.voice,Leaks & supply interruption,voice,6.0,337.3,1.24,1.16
2026-08-09,41,20:30,operations.voice,Leaks & supply interruption,voice,8.0,337.3,1.4,1.53
2026-08-09,42,21:00,operations.voice,Leaks & supply interruption,voice,2.0,337.3,0.39,0.38
2026-08-09,43,21:30,operations.voice,Leaks & supply interruption,voice,5.0,337.3,0.96,0.96
2026-08-09,44,22:00,operations.voice,Leaks & supply interruption,voice,5.0,337.3,0.95,0.98
2026-08-09,45,22:30,operations.voice,Leaks & supply interruption,voice,0.0,337.3,0.0,0.0
2026-08-09,46,23:00,operations.voice,Leaks & supply interruption,voice,2.0,337.3,0.35,0.4
2026-08-09,47,23:30,operations.voice,Leaks & supply interruption,voice,1.0,337.3,0.17,0.19
2026-08-10,0,00:00,operations.voice,Leaks & supply interruption,voice,1.0,363.2,0.21,0.2
2026-08-10,1,00:30,operations.voice,Leaks & supply interruption,voice,2.0,363.2,0.4,0.39
2026-08-10,2,01:00,operations.voice,Leaks & supply interruption,voice,4.0,363.2,0.79,0.75
2026-08-10,3,01:30,operations.voice,Leaks & supply interruption,voice,0.0,363.2,0.0,0.0
2026-08-10,4,02:00,operations.voice,Leaks & supply interruption,voice,1.0,363.2,0.24,0.22
2026-08-10,5,02:30,operations.voice,Leaks & supply interruption,voice,1.0,363.2,0.17,0.2
2026-08-10,6,03:00,operations.voice,Leaks & supply interruption,voice,2.0,363.2,0.38,0.41
2026-08-10,7,03:30,operations.voice,Leaks & supply interruption,voice,1.0,363.2,0.18,0.21
2026-08-10,8,04:00,operations.voice,Leaks & supply interruption,voice,2.0,363.2,0.34,0.39
2026-08-10,9,04:30,operations.voice,Leaks & supply interruption,voice,6.0,363.2,1.01,1.32
2026-08-10,10,05:00,operations.voice,Leaks & supply interruption,voice,2.0,363.2,0.29,0.42
2026-08-10,11,05:30,operations.voice,Leaks & supply interruption,voice,4.0,363.2,0.7,0.82
2026-08-10,12,06:00,operations.voice,Leaks & supply interruption,voice,7.0,363.2,1.28,1.39
2026-08-10,13,06:30,operations.voice,Leaks & supply interruption,voice,15.0,363.2,2.47,2.8
2026-08-10,14,07:00,operations.voice,Leaks & supply interruption,voice,13.0,363.2,2.81,2.94
2026-08-10,15,07:30,operations.voice,Leaks & supply interruption,voice,23.0,363.2,4.36,4.52
2026-08-10,16,08:00,operations.voice,Leaks & supply interruption,voice,18.0,363.2,3.63,3.37
2026-08-10,17,08:30,operations.voice,Leaks & supply interruption,voice,30.0,363.2,5.21,5.6
2026-08-10,18,09:00,operations.voice,Leaks & supply interruption,voice,43.0,363.2,9.3,8.84
2026-08-10,19,09:30,operations.voice,Leaks & supply interruption,voice,53.0,363.2,10.5,10.19
2026-08-10,20,10:00,operations.voice,Leaks & supply interruption,voice,39.0,363.2,7.94,8.61
2026-08-10,21,10:30,operations.voice,Leaks & supply interruption,voice,29.0,363.2,5.86,5.9
2026-08-10,22,11:00,operations.voice,Leaks & supply interruption,voice,37.0,363.2,6.18,7.21
2026-08-10,23,11:30,operations.voice,Leaks & supply interruption,voice,24.0,363.2,4.93,4.8
2026-08-10,24,12:00,operations.voice,Leaks & supply interruption,voice,18.0,363.2,3.97,3.35
2026-08-10,25,12:30,operations.voice,Leaks & supply interruption,voice,8.0,363.2,1.67,1.57
2026-08-10,26,13:00,operations.voice,Leaks & supply interruption,voice,16.0,363.2,3.05,3.45
2026-08-10,27,13:30,operations.voice,Leaks & supply interruption,voice,15.0,363.2,2.63,3.13
2026-08-10,28,14:00,operations.voice,Leaks & supply interruption,voice,20.0,363.2,3.35,3.93
2026-08-10,29,14:30,operations.voice,Leaks & supply interruption,voice,32.0,363.2,6.58,6.51
2026-08-10,30,15:00,operations.voice,Leaks & supply interruption,voice,26.0,363.2,5.83,5.18
2026-08-10,31,15:30,operations.voice,Leaks & supply interruption,voice,17.0,363.2,3.66,3.6
2026-08-10,32,16:00,operations.voice,Leaks & supply interruption,voice,17.0,363.2,2.45,3.49
2026-08-10,33,16:30,operations.voice,Leaks & supply interruption,voice,12.0,363.2,2.42,2.39
2026-08-10,34,17:00,operations.voice,Leaks & supply interruption,voice,7.0,363.2,1.41,1.37
2026-08-10,35,17:30,operations.voice,Leaks & supply interruption,voice,10.0,363.2,1.78,1.98
2026-08-10,36,18:00,operations.voice,Leaks & supply interruption,voice,6.0,363.2,1.29,1.24
2026-08-10,37,18:30,operations.voice,Leaks & supply interruption,voice,17.0,363.2,2.59,3.52
2026-08-10,38,19:00,operations.voice,Leaks & supply interruption,voice,13.0,363.2,2.31,2.67
2026-08-10,39,19:30,operations.voice,Leaks & supply interruption,voice,7.0,363.2,1.56,1.42
2026-08-10,40,20:00,operations.voice,Leaks & supply interruption,voice,9.0,363.2,1.97,2.11
2026-08-10,41,20:30,operations.voice,Leaks & supply interruption,voice,6.0,363.2,1.12,1.23
2026-08-10,42,21:00,operations.voice,Leaks & supply interruption,voice,4.0,363.2,0.93,0.78
2026-08-10,43,21:30,operations.voice,Leaks & supply interruption,voice,2.0,363.2,0.34,0.41
2026-08-10,44,22:00,operations.voice,Leaks & supply interruption,voice,1.0,363.2,0.11,0.2
2026-08-10,45,22:30,operations.voice,Leaks & supply interruption,voice,1.0,363.2,0.22,0.19
2026-08-10,46,23:00,operations.voice,Leaks & supply interruption,voice,0.0,363.2,0.0,0.0
2026-08-10,47,23:30,operations.voice,Leaks & supply interruption,voice,2.0,363.2,0.35,0.39
2026-08-11,0,00:00,operations.voice,Leaks & supply interruption,voice,3.0,350.4,0.61,0.57
2026-08-11,1,00:30,operations.voice,Leaks & supply interruption,voice,0.0,350.4,0.0,0.0
2026-08-11,2,01:00,operations.voice,Leaks & supply interruption,voice,3.0,350.4,0.55,0.6
2026-08-11,3,01:30,operations.voice,Leaks & supply interruption,voice,2.0,350.4,0.27,0.41
2026-08-11,4,02:00,operations.voice,Leaks & supply interruption,voice,3.0,350.4,0.54,0.61
2026-08-11,5,02:30,operations.voice,Leaks & supply interruption,voice,3.0,350.4,0.47,0.6
2026-08-11,6,03:00,operations.voice,Leaks & supply interruption,voice,1.0,350.4,0.21,0.19
2026-08-11,7,03:30,operations.voice,Leaks & supply interruption,voice,2.0,350.4,0.43,0.41
2026-08-11,8,04:00,operations.voice,Leaks & supply interruption,voice,0.0,350.4,0.0,0.0
2026-08-11,9,04:30,operations.voice,Leaks & supply interruption,voice,1.0,350.4,0.2,0.2
2026-08-11,10,05:00,operations.voice,Leaks & supply interruption,voice,1.0,350.4,0.16,0.2
2026-08-11,11,05:30,operations.voice,Leaks & supply interruption,voice,2.0,350.4,0.36,0.41
2026-08-11,12,06:00,operations.voice,Leaks & supply interruption,voice,4.0,350.4,0.67,0.77
2026-08-11,13,06:30,operations.voice,Leaks & supply interruption,voice,10.0,350.4,1.79,1.67
2026-08-11,14,07:00,operations.voice,Leaks & supply interruption,voice,11.0,350.4,1.86,2.27
2026-08-11,15,07:30,operations.voice,Leaks & supply interruption,voice,11.0,350.4,1.5,2.03
2026-08-11,16,08:00,operations.voice,Leaks & supply interruption,voice,9.0,350.4,1.5,1.74
2026-08-11,17,08:30,operations.voice,Leaks & supply interruption,voice,13.0,350.4,2.39,2.67
2026-08-11,18,09:00,operations.voice,Leaks & supply interruption,voice,35.0,350.4,7.47,6.43
2026-08-11,19,09:30,operations.voice,Leaks & supply interruption,voice,25.0,350.4,5.09,5.21
2026-08-11,20,10:00,operations.voice,Leaks & supply interruption,voice,42.0,350.4,7.55,8.22
2026-08-11,21,10:30,operations.voice,Leaks & supply interruption,voice,36.0,350.4,7.65,7.46
2026-08-11,22,11:00,operations.voice,Leaks & supply interruption,voice,23.0,350.4,3.63,4.36
2026-08-11,23,11:30,operations.voice,Leaks & supply interruption,voice,14.0,350.4,2.44,2.52
2026-08-11,24,12:00,operations.voice,Leaks & supply interruption,voice,11.0,350.4,2.08,2.05
2026-08-11,25,12:30,operations.voice,Leaks & supply interruption,voice,11.0,350.4,2.3,2.17
2026-08-11,26,13:00,operations.voice,Leaks & supply interruption,voice,16.0,350.4,2.78,2.98
2026-08-11,27,13:30,operations.voice,Leaks & supply interruption,voice,10.0,350.4,1.61,2.08
2026-08-11,28,14:00,operations.voice,Leaks & supply interruption,voice,28.0,350.4,4.88,5.56
2026-08-11,29,14:30,operations.voice,Leaks & supply interruption,voice,25.0,350.4,4.45,4.91
2026-08-11,30,15:00,operations.voice,Leaks & supply interruption,voice,29.0,350.4,4.67,5.68
2026-08-11,31,15:30,operations.voice,Leaks & supply interruption,voice,35.0,350.4,5.82,6.71
2026-08-11,32,16:00,operations.voice,Leaks & supply interruption,voice,20.0,350.4,3.48,3.72
2026-08-11,33,16:30,operations.voice,Leaks & supply interruption,voice,12.0,350.4,2.18,2.25
2026-08-11,34,17:00,operations.voice,Leaks & supply interruption,voice,16.0,350.4,3.79,2.94
2026-08-11,35,17:30,operations.voice,Leaks & supply interruption,voice,18.0,350.4,3.04,3.7
2026-08-11,36,18:00,operations.voice,Leaks & supply interruption,voice,10.0,350.4,1.71,1.93
2026-08-11,37,18:30,operations.voice,Leaks & supply interruption,voice,16.0,350.4,2.9,3.33
2026-08-11,38,19:00,operations.voice,Leaks & supply interruption,voice,6.0,350.4,1.07,1.16
2026-08-11,39,19:30,operations.voice,Leaks & supply interruption,voice,16.0,350.4,3.82,2.8
2026-08-11,40,20:00,operations.voice,Leaks & supply interruption,voice,2.0,350.4,0.39,0.41
2026-08-11,41,20:30,operations.voice,Leaks & supply interruption,voice,6.0,350.4,0.98,1.1
2026-08-11,42,21:00,operations.voice,Leaks & supply interruption,voice,6.0,350.4,1.31,1.25
2026-08-11,43,21:30,operations.voice,Leaks & supply interruption,voice,5.0,350.4,1.03,0.97
2026-08-11,44,22:00,operations.voice,Leaks & supply interruption,voice,4.0,350.4,0.53,0.74
2026-08-11,45,22:30,operations.voice,Leaks & supply interruption,voice,0.0,350.4,0.0,0.0
2026-08-11,46,23:00,operations.voice,Leaks & supply interruption,voice,1.0,350.4,0.15,0.18
2026-08-11,47,23:30,operations.voice,Leaks & supply interruption,voice,3.0,350.4,0.64,0.61
2026-08-12,0,00:00,operations.voice,Leaks & supply interruption,voice,1.0,355.8,0.15,0.2
2026-08-12,1,00:30,operations.voice,Leaks & supply interruption,voice,1.0,355.8,0.23,0.2
2026-08-12,2,01:00,operations.voice,Leaks & supply interruption,voice,2.0,355.8,0.31,0.39
2026-08-12,3,01:30,operations.voice,Leaks & supply interruption,voice,4.0,355.8,0.55,0.89
2026-08-12,4,02:00,operations.voice,Leaks & supply interruption,voice,2.0,355.8,0.39,0.41
2026-08-12,5,02:30,operations.voice,Leaks & supply interruption,voice,4.0,355.8,0.66,0.8
2026-08-12,6,03:00,operations.voice,Leaks & supply interruption,voice,2.0,355.8,0.32,0.42
2026-08-12,7,03:30,operations.voice,Leaks & supply interruption,voice,1.0,355.8,0.17,0.19
2026-08-12,8,04:00,operations.voice,Leaks & supply interruption,voice,3.0,355.8,0.58,0.59
2026-08-12,9,04:30,operations.voice,Leaks & supply interruption,voice,1.0,355.8,0.22,0.22
2026-08-12,10,05:00,operations.voice,Leaks & supply interruption,voice,2.0,355.8,0.32,0.39
2026-08-12,11,05:30,operations.voice,Leaks & supply interruption,voice,4.0,355.8,0.81,0.8
2026-08-12,12,06:00,operations.voice,Leaks & supply interruption,voice,2.0,355.8,0.38,0.39
2026-08-12,13,06:30,operations.voice,Leaks & supply interruption,voice,13.0,355.8,2.22,2.55
2026-08-12,14,07:00,operations.voice,Leaks & supply interruption,voice,15.0,355.8,2.65,2.92
2026-08-12,15,07:30,operations.voice,Leaks & supply interruption,voice,25.0,355.8,5.28,4.56
2026-08-12,16,08:00,operations.voice,Leaks & supply interruption,voice,13.0,355.8,2.28,2.58
2026-08-12,17,08:30,operations.voice,Leaks & supply interruption,voice,25.0,355.8,4.97,4.99
2026-08-12,18,09:00,operations.voice,Leaks & supply interruption,voice,42.0,355.8,7.16,8.81
2026-08-12,19,09:30,operations.voice,Leaks & supply interruption,voice,22.0,355.8,3.15,4.34
2026-08-12,20,10:00,operations.voice,Leaks & supply interruption,voice,50.0,355.8,10.04,10.19
2026-08-12,21,10:30,operations.voice,Leaks & supply interruption,voice,41.0,355.8,8.81,9.28
2026-08-12,22,11:00,operations.voice,Leaks & supply interruption,voice,31.0,355.8,6.08,6.55
2026-08-12,23,11:30,operations.voice,Leaks & supply interruption,voice,27.0,355.8,5.06,5.72
2026-08-12,24,12:00,operations.voice,Leaks & supply interruption,voice,12.0,355.8,2.41,2.4
2026-08-12,25,12:30,operations.voice,Leaks & supply interruption,voice,13.0,355.8,2.08,2.63
2026-08-12,26,13:00,operations.voice,Leaks & supply interruption,voice,11.0,355.8,2.48,2.11
2026-08-12,27,13:30,operations.voice,Leaks & supply interruption,voice,20.0,355.8,2.66,3.79
2026-08-12,28,14:00,operations.voice,Leaks & supply interruption,voice,38.0,355.8,6.25,7.26
2026-08-12,29,14:30,operations.voice,Leaks & supply interruption,voice,40.0,355.8,8.63,7.69
2026-08-12,30,15:00,operations.voice,Leaks & supply interruption,voice,26.0,355.8,5.67,5.52
2026-08-12,31,15:30,operations.voice,Leaks & supply interruption,voice,25.0,355.8,4.93,4.61
2026-08-12,32,16:00,operations.voice,Leaks & supply interruption,voice,13.0,355.8,2.59,2.75
2026-08-12,33,16:30,operations.voice,Leaks & supply interruption,voice,21.0,355.8,3.7,4.4
2026-08-12,34,17:00,operations.voice,Leaks & supply interruption,voice,17.0,355.8,3.14,3.44
2026-08-12,35,17:30,operations.voice,Leaks & supply interruption,voice,15.0,355.8,2.67,3.0
2026-08-12,36,18:00,operations.voice,Leaks & supply interruption,voice,9.0,355.8,2.04,1.55
2026-08-12,37,18:30,operations.voice,Leaks & supply interruption,voice,12.0,355.8,1.91,2.38
2026-08-12,38,19:00,operations.voice,Leaks & supply interruption,voice,6.0,355.8,1.08,1.12
2026-08-12,39,19:30,operations.voice,Leaks & supply interruption,voice,10.0,355.8,1.87,2.09
2026-08-12,40,20:00,operations.voice,Leaks & supply interruption,voice,11.0,355.8,2.43,2.22
2026-08-12,41,20:30,operations.voice,Leaks & supply interruption,voice,4.0,355.8,0.85,0.76
2026-08-12,42,21:00,operations.voice,Leaks & supply interruption,voice,3.0,355.8,0.55,0.57
2026-08-12,43,21:30,operations.voice,Leaks & supply interruption,voice,3.0,355.8,0.39,0.61
2026-08-12,44,22:00,operations.voice,Leaks & supply interruption,voice,1.0,355.8,0.2,0.2
2026-08-12,45,22:30,operations.voice,Leaks & supply interruption,voice,3.0,355.8,0.43,0.59
2026-08-12,46,23:00,operations.voice,Leaks & supply interruption,voice,4.0,355.8,0.6,0.86
2026-08-12,47,23:30,operations.voice,Leaks & supply interruption,voice,2.0,355.8,0.43,0.41
2026-08-13,0,00:00,operations.voice,Leaks & supply interruption,voice,4.0,349.5,0.67,0.77
2026-08-13,1,00:30,operations.voice,Leaks & supply interruption,voice,4.0,349.5,0.9,0.69
2026-08-13,2,01:00,operations.voice,Leaks & supply interruption,voice,2.0,349.5,0.35,0.4
2026-08-13,3,01:30,operations.voice,Leaks & supply interruption,voice,2.0,349.5,0.35,0.37
2026-08-13,4,02:00,operations.voice,Leaks & supply interruption,voice,3.0,349.5,0.57,0.53
2026-08-13,5,02:30,operations.voice,Leaks & supply interruption,voice,2.0,349.5,0.35,0.38
2026-08-13,6,03:00,operations.voice,Leaks & supply interruption,voice,3.0,349.5,0.53,0.58
2026-08-13,7,03:30,operations.voice,Leaks & supply interruption,voice,0.0,349.5,0.0,0.0
2026-08-13,8,04:00,operations.voice,Leaks & supply interruption,voice,0.0,349.5,0.0,0.0
2026-08-13,9,04:30,operations.voice,Leaks & supply interruption,voice,1.0,349.5,0.19,0.2
2026-08-13,10,05:00,operations.voice,Leaks & supply interruption,voice,1.0,349.5,0.19,0.2
2026-08-13,11,05:30,operations.voice,Leaks & supply interruption,voice,1.0,349.5,0.19,0.21
2026-08-13,12,06:00,operations.voice,Leaks & supply interruption,voice,11.0,349.5,2.06,2.13
2026-08-13,13,06:30,operations.voice,Leaks & supply interruption,voice,15.0,349.5,2.54,3.01
2026-08-13,14,07:00,operations.voice,Leaks & supply interruption,voice,22.0,349.5,4.03,4.42
2026-08-13,15,07:30,operations.voice,Leaks & supply interruption,voice,17.0,349.5,3.29,3.06
2026-08-13,16,08:00,operations.voice,Leaks & supply interruption,voice,13.0,349.5,2.24,2.57
2026-08-13,17,08:30,operations.voice,Leaks & supply interruption,voice,27.0,349.5,4.82,5.76
2026-08-13,18,09:00,operations.voice,Leaks & supply interruption,voice,34.0,349.5,8.11,6.85
2026-08-13,19,09:30,operations.voice,Leaks & supply interruption,voice,35.0,349.5,6.54,6.13
2026-08-13,20,10:00,operations.voice,Leaks & supply interruption,voice,45.0,349.5,8.97,8.86
2026-08-13,21,10:30,operations.voice,Leaks & supply interruption,voice,36.0,349.5,7.54,6.89
2026-08-13,22,11:00,operations.voice,Leaks & supply interruption,voice,30.0,349.5,5.87,5.73
2026-08-13,23,11:30,operations.voice,Leaks & supply interruption,voice,22.0,349.5,3.7,4.63
2026-08-13,24,12:00,operations.voice,Leaks & supply interruption,voice,6.0,349.5,1.35,1.13
2026-08-13,25,12:30,operations.voice,Leaks & supply interruption,voice,10.0,349.5,2.28,2.11
2026-08-13,26,13:00,operations.voice,Leaks & supply interruption,voice,13.0,349.5,2.02,2.5
2026-08-13,27,13:30,operations.voice,Leaks & supply interruption,voice,17.0,349.5,3.58,3.27
2026-08-13,28,14:00,operations.voice,Leaks & supply interruption,voice,27.0,349.5,4.37,5.0
2026-08-13,29,14:30,operations.voice,Leaks & supply interruption,voice,22.0,349.5,4.39,4.19
2026-08-13,30,15:00,operations.voice,Leaks & supply interruption,voice,30.0,349.5,4.14,6.12
2026-08-13,31,15:30,operations.voice,Leaks & supply interruption,voice,32.0,349.5,4.49,6.57
2026-08-13,32,16:00,operations.voice,Leaks & supply interruption,voice,25.0,349.5,4.02,4.42
2026-08-13,33,16:30,operations.voice,Leaks & supply interruption,voice,21.0,349.5,2.55,4.01
2026-08-13,34,17:00,operations.voice,Leaks & supply interruption,voice,21.0,349.5,3.17,4.03
2026-08-13,35,17:30,operations.voice,Leaks & supply interruption,voice,14.0,349.5,2.97,2.71
2026-08-13,36,18:00,operations.voice,Leaks & supply interruption,voice,11.0,349.5,2.55,2.28
2026-08-13,37,18:30,operations.voice,Leaks & supply interruption,voice,13.0,349.5,2.92,2.46
2026-08-13,38,19:00,operations.voice,Leaks & supply interruption,voice,15.0,349.5,2.77,3.01
2026-08-13,39,19:30,operations.voice,Leaks & supply interruption,voice,4.0,349.5,0.85,0.74
2026-08-13,40,20:00,operations.voice,Leaks & supply interruption,voice,6.0,349.5,1.1,1.12
2026-08-13,41,20:30,operations.voice,Leaks & supply interruption,voice,5.0,349.5,0.97,1.01
2026-08-13,42,21:00,operations.voice,Leaks & supply interruption,voice,5.0,349.5,1.06,0.84
2026-08-13,43,21:30,operations.voice,Leaks & supply interruption,voice,5.0,349.5,1.0,1.08
2026-08-13,44,22:00,operations.voice,Leaks & supply interruption,voice,3.0,349.5,0.71,0.54
2026-08-13,45,22:30,operations.voice,Leaks & supply interruption,voice,3.0,349.5,0.5,0.62
2026-08-13,46,23:00,operations.voice,Leaks & supply interruption,voice,1.0,349.5,0.22,0.2
2026-08-13,47,23:30,operations.voice,Leaks & supply interruption,voice,4.0,349.5,0.78,0.81
2026-08-14,0,00:00,operations.voice,Leaks & supply interruption,voice,2.0,344.7,0.4,0.39
2026-08-14,1,00:30,operations.voice,Leaks & supply interruption,voice,0.0,344.7,0.0,0.0
2026-08-14,2,01:00,operations.voice,Leaks & supply interruption,voice,2.0,344.7,0.42,0.39
2026-08-14,3,01:30,operations.voice,Leaks & supply interruption,voice,1.0,344.7,0.2,0.19
2026-08-14,4,02:00,operations.voice,Leaks & supply interruption,voice,0.0,344.7,0.0,0.0
2026-08-14,5,02:30,operations.voice,Leaks & supply interruption,voice,2.0,344.7,0.33,0.38
2026-08-14,6,03:00,operations.voice,Leaks & supply interruption,voice,0.0,344.7,0.0,0.0
2026-08-14,7,03:30,operations.voice,Leaks & supply interruption,voice,1.0,344.7,0.21,0.18
2026-08-14,8,04:00,operations.voice,Leaks & supply interruption,voice,3.0,344.7,0.65,0.59
2026-08-14,9,04:30,operations.voice,Leaks & supply interruption,voice,3.0,344.7,0.58,0.57
2026-08-14,10,05:00,operations.voice,Leaks & supply interruption,voice,1.0,344.7,0.19,0.19
2026-08-14,11,05:30,operations.voice,Leaks & supply interruption,voice,4.0,344.7,0.75,0.75
2026-08-14,12,06:00,operations.voice,Leaks & supply interruption,voice,10.0,344.7,1.62,1.95
2026-08-14,13,06:30,operations.voice,Leaks & supply interruption,voice,10.0,344.7,1.72,1.93
2026-08-14,14,07:00,operations.voice,Leaks & supply interruption,voice,11.0,344.7,2.01,2.11
2026-08-14,15,07:30,operations.voice,Leaks & supply interruption,voice,16.0,344.7,2.27,3.38
2026-08-14,16,08:00,operations.voice,Leaks & supply interruption,voice,12.0,344.7,2.52,2.2
2026-08-14,17,08:30,operations.voice,Leaks & supply interruption,voice,18.0,344.7,3.08,3.44
2026-08-14,18,09:00,operations.voice,Leaks & supply interruption,voice,29.0,344.7,4.24,5.55
2026-08-14,19,09:30,operations.voice,Leaks & supply interruption,voice,35.0,344.7,6.82,7.09
2026-08-14,20,10:00,operations.voice,Leaks & supply interruption,voice,34.0,344.7,7.25,6.18
2026-08-14,21,10:30,operations.voice,Leaks & supply interruption,voice,27.0,344.7,5.43,5.16
2026-08-14,22,11:00,operations.voice,Leaks & supply interruption,voice,24.0,344.7,4.82,4.13
2026-08-14,23,11:30,operations.voice,Leaks & supply interruption,voice,24.0,344.7,3.75,4.83
2026-08-14,24,12:00,operations.voice,Leaks & supply interruption,voice,12.0,344.7,2.13,2.42
2026-08-14,25,12:30,operations.voice,Leaks & supply interruption,voice,9.0,344.7,1.72,1.69
2026-08-14,26,13:00,operations.voice,Leaks & supply interruption,voice,16.0,344.7,2.44,2.99
2026-08-14,27,13:30,operations.voice,Leaks & supply interruption,voice,25.0,344.7,4.46,4.85
2026-08-14,28,14:00,operations.voice,Leaks & supply interruption,voice,22.0,344.7,4.21,4.44
2026-08-14,29,14:30,operations.voice,Leaks & supply interruption,voice,19.0,344.7,4.45,3.52
2026-08-14,30,15:00,operations.voice,Leaks & supply interruption,voice,31.0,344.7,5.38,6.16
2026-08-14,31,15:30,operations.voice,Leaks & supply interruption,voice,30.0,344.7,6.24,5.79
2026-08-14,32,16:00,operations.voice,Leaks & supply interruption,voice,21.0,344.7,3.57,3.57
2026-08-14,33,16:30,operations.voice,Leaks & supply interruption,voice,22.0,344.7,4.2,4.01
2026-08-14,34,17:00,operations.voice,Leaks & supply interruption,voice,16.0,344.7,2.25,3.03
2026-08-14,35,17:30,operations.voice,Leaks & supply interruption,voice,10.0,344.7,2.12,1.85
2026-08-14,36,18:00,operations.voice,Leaks & supply interruption,voice,14.0,344.7,2.63,2.72
2026-08-14,37,18:30,operations.voice,Leaks & supply interruption,voice,15.0,344.7,2.55,3.08
2026-08-14,38,19:00,operations.voice,Leaks & supply interruption,voice,6.0,344.7,1.16,1.16
2026-08-14,39,19:30,operations.voice,Leaks & supply interruption,voice,14.0,344.7,3.16,2.84
2026-08-14,40,20:00,operations.voice,Leaks & supply interruption,voice,6.0,344.7,1.06,1.08
2026-08-14,41,20:30,operations.voice,Leaks & supply interruption,voice,6.0,344.7,1.32,1.11
2026-08-14,42,21:00,operations.voice,Leaks & supply interruption,voice,1.0,344.7,0.18,0.19
2026-08-14,43,21:30,operations.voice,Leaks & supply interruption,voice,4.0,344.7,0.76,0.72
2026-08-14,44,22:00,operations.voice,Leaks & supply interruption,voice,1.0,344.7,0.14,0.2
2026-08-14,45,22:30,operations.voice,Leaks & supply interruption,voice,2.0,344.7,0.41,0.39
2026-08-14,46,23:00,operations.voice,Leaks & supply interruption,voice,3.0,344.7,0.44,0.59
2026-08-14,47,23:30,operations.voice,Leaks & supply interruption,voice,1.0,344.7,0.19,0.19
2026-08-15,0,00:00,operations.voice,Leaks & supply interruption,voice,0.0,346.0,0.0,0.0
2026-08-15,1,00:30,operations.voice,Leaks & supply interruption,voice,2.0,346.0,0.25,0.38
2026-08-15,2,01:00,operations.voice,Leaks & supply interruption,voice,3.0,346.0,0.51,0.62
2026-08-15,3,01:30,operations.voice,Leaks & supply interruption,voice,0.0,346.0,0.0,0.0
2026-08-15,4,02:00,operations.voice,Leaks & supply interruption,voice,1.0,346.0,0.22,0.19
2026-08-15,5,02:30,operations.voice,Leaks & supply interruption,voice,0.0,346.0,0.0,0.0
2026-08-15,6,03:00,operations.voice,Leaks & supply interruption,voice,0.0,346.0,0.0,0.0
2026-08-15,7,03:30,operations.voice,Leaks & supply interruption,voice,2.0,346.0,0.35,0.36
2026-08-15,8,04:00,operations.voice,Leaks & supply interruption,voice,1.0,346.0,0.2,0.2
2026-08-15,9,04:30,operations.voice,Leaks & supply interruption,voice,2.0,346.0,0.34,0.36
2026-08-15,10,05:00,operations.voice,Leaks & supply interruption,voice,1.0,346.0,0.19,0.2
2026-08-15,11,05:30,operations.voice,Leaks & supply interruption,voice,3.0,346.0,0.64,0.61
2026-08-15,12,06:00,operations.voice,Leaks & supply interruption,voice,4.0,346.0,0.7,0.8
2026-08-15,13,06:30,operations.voice,Leaks & supply interruption,voice,10.0,346.0,2.11,1.7
2026-08-15,14,07:00,operations.voice,Leaks & supply interruption,voice,12.0,346.0,2.08,2.3
2026-08-15,15,07:30,operations.voice,Leaks & supply interruption,voice,20.0,346.0,3.84,3.77
2026-08-15,16,08:00,operations.voice,Leaks & supply interruption,voice,15.0,346.0,2.71,2.66
2026-08-15,17,08:30,operations.voice,Leaks & supply interruption,voice,20.0,346.0,3.7,3.77
2026-08-15,18,09:00,operations.voice,Leaks & supply interruption,voice,23.0,346.0,3.65,4.5
2026-08-15,19,09:30,operations.voice,Leaks & supply interruption,voice,30.0,346.0,5.18,6.52
2026-08-15,20,10:00,operations.voice,Leaks & supply interruption,voice,29.0,346.0,5.94,5.76
2026-08-15,21,10:30,operations.voice,Leaks & supply interruption,voice,29.0,346.0,4.2,5.4
2026-08-15,22,11:00,operations.voice,Leaks & supply interruption,voice,26.0,346.0,5.39,4.77
2026-08-15,23,11:30,operations.voice,Leaks & supply interruption,voice,20.0,346.0,3.62,4.05
2026-08-15,24,12:00,operations.voice,Leaks & supply interruption,voice,16.0,346.0,2.99,3.21
2026-08-15,25,12:30,operations.voice,Leaks & supply interruption,voice,5.0,346.0,1.04,0.95
2026-08-15,26,13:00,operations.voice,Leaks & supply interruption,voice,10.0,346.0,1.36,1.89
2026-08-15,27,13:30,operations.voice,Leaks & supply interruption,voice,16.0,346.0,2.9,2.83
2026-08-15,28,14:00,operations.voice,Leaks & supply interruption,voice,19.0,346.0,3.37,3.64
2026-08-15,29,14:30,operations.voice,Leaks & supply interruption,voice,30.0,346.0,4.97,6.0
2026-08-15,30,15:00,operations.voice,Leaks & supply interruption,voice,18.0,346.0,3.34,3.54
2026-08-15,31,15:30,operations.voice,Leaks & supply interruption,voice,17.0,346.0,3.16,3.22
2026-08-15,32,16:00,operations.voice,Leaks & supply interruption,voice,24.0,346.0,4.65,4.47
2026-08-15,33,16:30,operations.voice,Leaks & supply interruption,voice,25.0,346.0,4.45,4.81
2026-08-15,34,17:00,operations.voice,Leaks & supply interruption,voice,15.0,346.0,3.67,2.99
2026-08-15,35,17:30,operations.voice,Leaks & supply interruption,voice,14.0,346.0,2.36,2.31
2026-08-15,36,18:00,operations.voice,Leaks & supply interruption,voice,9.0,346.0,1.75,1.77
2026-08-15,37,18:30,operations.voice,Leaks & supply interruption,voice,10.0,346.0,2.0,1.87
2026-08-15,38,19:00,operations.voice,Leaks & supply interruption,voice,10.0,346.0,1.89,1.94
2026-08-15,39,19:30,operations.voice,Leaks & supply interruption,voice,10.0,346.0,1.91,1.95
2026-08-15,40,20:00,operations.voice,Leaks & supply interruption,voice,10.0,346.0,1.65,1.97
2026-08-15,41,20:30,operations.voice,Leaks & supply interruption,voice,5.0,346.0,0.92,1.01
2026-08-15,42,21:00,operations.voice,Leaks & supply interruption,voice,5.0,346.0,1.14,0.96
2026-08-15,43,21:30,operations.voice,Leaks & supply interruption,voice,5.0,346.0,0.92,0.93
2026-08-15,44,22:00,operations.voice,Leaks & supply interruption,voice,3.0,346.0,0.49,0.59
2026-08-15,45,22:30,operations.voice,Leaks & supply interruption,voice,3.0,346.0,0.63,0.53
2026-08-15,46,23:00,operations.voice,Leaks & supply interruption,voice,3.0,346.0,0.69,0.55
2026-08-15,47,23:30,operations.voice,Leaks & supply interruption,voice,0.0,346.0,0.0,0.0
2026-08-16,0,00:00,operations.voice,Leaks & supply interruption,voice,1.0,324.8,0.16,0.18
2026-08-16,1,00:30,operations.voice,Leaks & supply interruption,voice,1.0,324.8,0.21,0.17
2026-08-16,2,01:00,operations.voice,Leaks & supply interruption,voice,2.0,324.8,0.4,0.33
2026-08-16,3,01:30,operations.voice,Leaks & supply interruption,voice,1.0,324.8,0.2,0.18
2026-08-16,4,02:00,operations.voice,Leaks & supply interruption,voice,2.0,324.8,0.23,0.35
2026-08-16,5,02:30,operations.voice,Leaks & supply interruption,voice,2.0,324.8,0.32,0.38
2026-08-16,6,03:00,operations.voice,Leaks & supply interruption,voice,2.0,324.8,0.4,0.36
2026-08-16,7,03:30,operations.voice,Leaks & supply interruption,voice,4.0,324.8,0.77,0.68
2026-08-16,8,04:00,operations.voice,Leaks & supply interruption,voice,4.0,324.8,0.65,0.68
2026-08-16,9,04:30,operations.voice,Leaks & supply interruption,voice,2.0,324.8,0.35,0.38
2026-08-16,10,05:00,operations.voice,Leaks & supply interruption,voice,2.0,324.8,0.31,0.36
2026-08-16,11,05:30,operations.voice,Leaks & supply interruption,voice,4.0,324.8,0.67,0.69
2026-08-16,12,06:00,operations.voice,Leaks & supply interruption,voice,2.0,324.8,0.47,0.33
2026-08-16,13,06:30,operations.voice,Leaks & supply interruption,voice,11.0,324.8,2.07,2.16
2026-08-16,14,07:00,operations.voice,Leaks & supply interruption,voice,16.0,324.8,3.03,2.81
2026-08-16,15,07:30,operations.voice,Leaks & supply interruption,voice,18.0,324.8,3.04,3.33
2026-08-16,16,08:00,operations.voice,Leaks & supply interruption,voice,22.0,324.8,4.5,4.09
2026-08-16,17,08:30,operations.voice,Leaks & supply interruption,voice,15.0,324.8,2.42,2.74
2026-08-16,18,09:00,operations.voice,Leaks & supply interruption,voice,21.0,324.8,2.25,3.77
2026-08-16,19,09:30,operations.voice,Leaks & supply interruption,voice,30.0,324.8,4.51,5.94
2026-08-16,20,10:00,operations.voice,Leaks & supply interruption,voice,28.0,324.8,6.03,4.71
2026-08-16,21,10:30,operations.voice,Leaks & supply interruption,voice,24.0,324.8,3.43,4.4
2026-08-16,22,11:00,operations.voice,Leaks & supply interruption,voice,18.0,324.8,2.78,3.18
2026-08-16,23,11:30,operations.voice,Leaks & supply interruption,voice,12.0,324.8,1.88,2.01
2026-08-16,24,12:00,operations.voice,Leaks & supply interruption,voice,18.0,324.8,3.24,3.26
2026-08-16,25,12:30,operations.voice,Leaks & supply interruption,voice,9.0,324.8,1.71,1.45
2026-08-16,26,13:00,operations.voice,Leaks & supply interruption,voice,13.0,324.8,2.29,2.32
2026-08-16,27,13:30,operations.voice,Leaks & supply interruption,voice,17.0,324.8,3.92,3.01
2026-08-16,28,14:00,operations.voice,Leaks & supply interruption,voice,20.0,324.8,3.8,3.55
2026-08-16,29,14:30,operations.voice,Leaks & supply interruption,voice,28.0,324.8,4.3,4.87
2026-08-16,30,15:00,operations.voice,Leaks & supply interruption,voice,23.0,324.8,4.03,4.52
2026-08-16,31,15:30,operations.voice,Leaks & supply interruption,voice,19.0,324.8,3.35,3.17
2026-08-16,32,16:00,operations.voice,Leaks & supply interruption,voice,17.0,324.8,3.34,3.17
2026-08-16,33,16:30,operations.voice,Leaks & supply interruption,voice,17.0,324.8,3.76,3.1
2026-08-16,34,17:00,operations.voice,Leaks & supply interruption,voice,21.0,324.8,3.99,3.89
2026-08-16,35,17:30,operations.voice,Leaks & supply interruption,voice,12.0,324.8,1.69,2.2
2026-08-16,36,18:00,operations.voice,Leaks & supply interruption,voice,10.0,324.8,1.96,1.87
2026-08-16,37,18:30,operations.voice,Leaks & supply interruption,voice,12.0,324.8,1.73,2.2
2026-08-16,38,19:00,operations.voice,Leaks & supply interruption,voice,8.0,324.8,1.42,1.35
2026-08-16,39,19:30,operations.voice,Leaks & supply interruption,voice,5.0,324.8,0.99,0.84
2026-08-16,40,20:00,operations.voice,Leaks & supply interruption,voice,6.0,324.8,1.07,1.08
2026-08-16,41,20:30,operations.voice,Leaks & supply interruption,voice,8.0,324.8,1.4,1.37
2026-08-16,42,21:00,operations.voice,Leaks & supply interruption,voice,6.0,324.8,0.95,1.09
2026-08-16,43,21:30,operations.voice,Leaks & supply interruption,voice,4.0,324.8,0.6,0.71
2026-08-16,44,22:00,operations.voice,Leaks & supply interruption,voice,1.0,324.8,0.2,0.17
2026-08-16,45,22:30,operations.voice,Leaks & supply interruption,voice,1.0,324.8,0.16,0.19
2026-08-16,46,23:00,operations.voice,Leaks & supply interruption,voice,1.0,324.8,0.13,0.19
2026-08-16,47,23:30,operations.voice,Leaks & supply interruption,voice,0.0,324.8,0.0,0.0
2026-07-20,0,00:00,operations.messaging,Leaks & supply interruption,messaging,2.0,343.4,0.42,0.38
2026-07-20,1,00:30,operations.messaging,Leaks & supply interruption,messaging,0.0,343.4,0.0,0.0
2026-07-20,2,01:00,operations.messaging,Leaks & supply interruption,messaging,1.0,343.4,0.16,0.19
2026-07-20,3,01:30,operations.messaging,Leaks & supply interruption,messaging,3.0,343.4,0.49,0.53
2026-07-20,4,02:00,operations.messaging,Leaks & supply interruption,messaging,0.0,343.4,0.0,0.0
2026-07-20,5,02:30,operations.messaging,Leaks & supply interruption,messaging,0.0,343.4,0.0,0.0
2026-07-20,6,03:00,operations.messaging,Leaks & supply interruption,messaging,0.0,343.4,0.0,0.0
2026-07-20,7,03:30,operations.messaging,Leaks & supply interruption,messaging,0.0,343.4,0.0,0.0
2026-07-20,8,04:00,operations.messaging,Leaks & supply interruption,messaging,2.0,343.4,0.29,0.38
2026-07-20,9,04:30,operations.messaging,Leaks & supply interruption,messaging,0.0,343.4,0.0,0.0
2026-07-20,10,05:00,operations.messaging,Leaks & supply interruption,messaging,1.0,343.4,0.2,0.19
2026-07-20,11,05:30,operations.messaging,Leaks & supply interruption,messaging,2.0,343.4,0.3,0.36
2026-07-20,12,06:00,operations.messaging,Leaks & supply interruption,messaging,1.0,343.4,0.21,0.2
2026-07-20,13,06:30,operations.messaging,Leaks & supply interruption,messaging,7.0,343.4,1.27,1.46
2026-07-20,14,07:00,operations.messaging,Leaks & supply interruption,messaging,7.0,343.4,1.4,1.36
2026-07-20,15,07:30,operations.messaging,Leaks & supply interruption,messaging,7.0,343.4,1.28,1.33
2026-07-20,16,08:00,operations.messaging,Leaks & supply interruption,messaging,10.0,343.4,1.64,2.13
2026-07-20,17,08:30,operations.messaging,Leaks & supply interruption,messaging,10.0,343.4,1.89,2.0
2026-07-20,18,09:00,operations.messaging,Leaks & supply interruption,messaging,9.0,343.4,1.83,1.7
2026-07-20,19,09:30,operations.messaging,Leaks & supply interruption,messaging,10.0,343.4,1.75,1.75
2026-07-20,20,10:00,operations.messaging,Leaks & supply interruption,messaging,17.0,343.4,4.07,3.55
2026-07-20,21,10:30,operations.messaging,Leaks & supply interruption,messaging,10.0,343.4,1.76,1.94
2026-07-20,22,11:00,operations.messaging,Leaks & supply interruption,messaging,14.0,343.4,2.77,2.63
2026-07-20,23,11:30,operations.messaging,Leaks & supply interruption,messaging,7.0,343.4,1.21,1.33
2026-07-20,24,12:00,operations.messaging,Leaks & supply interruption,messaging,5.0,343.4,0.97,0.99
2026-07-20,25,12:30,operations.messaging,Leaks & supply interruption,messaging,3.0,343.4,0.59,0.57
2026-07-20,26,13:00,operations.messaging,Leaks & supply interruption,messaging,5.0,343.4,0.99,1.02
2026-07-20,27,13:30,operations.messaging,Leaks & supply interruption,messaging,7.0,343.4,1.26,1.32
2026-07-20,28,14:00,operations.messaging,Leaks & supply interruption,messaging,12.0,343.4,1.89,2.21
2026-07-20,29,14:30,operations.messaging,Leaks & supply interruption,messaging,9.0,343.4,1.58,1.8
2026-07-20,30,15:00,operations.messaging,Leaks & supply interruption,messaging,9.0,343.4,1.65,1.68
2026-07-20,31,15:30,operations.messaging,Leaks & supply interruption,messaging,13.0,343.4,2.03,2.72
2026-07-20,32,16:00,operations.messaging,Leaks & supply interruption,messaging,5.0,343.4,1.05,1.01
2026-07-20,33,16:30,operations.messaging,Leaks & supply interruption,messaging,5.0,343.4,1.02,0.91
2026-07-20,34,17:00,operations.messaging,Leaks & supply interruption,messaging,5.0,343.4,0.86,0.9
2026-07-20,35,17:30,operations.messaging,Leaks & supply interruption,messaging,4.0,343.4,0.96,0.75
2026-07-20,36,18:00,operations.messaging,Leaks & supply interruption,messaging,3.0,343.4,0.41,0.61
2026-07-20,37,18:30,operations.messaging,Leaks & supply interruption,messaging,4.0,343.4,0.58,0.74
2026-07-20,38,19:00,operations.messaging,Leaks & supply interruption,messaging,2.0,343.4,0.23,0.41
2026-07-20,39,19:30,operations.messaging,Leaks & supply interruption,messaging,3.0,343.4,0.66,0.6
2026-07-20,40,20:00,operations.messaging,Leaks & supply interruption,messaging,4.0,343.4,0.94,0.75
2026-07-20,41,20:30,operations.messaging,Leaks & supply interruption,messaging,1.0,343.4,0.18,0.2
2026-07-20,42,21:00,operations.messaging,Leaks & supply interruption,messaging,2.0,343.4,0.37,0.4
2026-07-20,43,21:30,operations.messaging,Leaks & supply interruption,messaging,1.0,343.4,0.19,0.19
2026-07-20,44,22:00,operations.messaging,Leaks & supply interruption,messaging,1.0,343.4,0.15,0.19
2026-07-20,45,22:30,operations.messaging,Leaks & supply interruption,messaging,2.0,343.4,0.44,0.39
2026-07-20,46,23:00,operations.messaging,Leaks & supply interruption,messaging,1.0,343.4,0.21,0.19
2026-07-20,47,23:30,operations.messaging,Leaks & supply interruption,messaging,0.0,343.4,0.0,0.0
2026-07-21,0,00:00,operations.messaging,Leaks & supply interruption,messaging,1.0,323.7,0.19,0.18
2026-07-21,1,00:30,operations.messaging,Leaks & supply interruption,messaging,0.0,323.7,0.0,0.0
2026-07-21,2,01:00,operations.messaging,Leaks & supply interruption,messaging,1.0,323.7,0.14,0.18
2026-07-21,3,01:30,operations.messaging,Leaks & supply interruption,messaging,0.0,323.7,0.0,0.0
2026-07-21,4,02:00,operations.messaging,Leaks & supply interruption,messaging,0.0,323.7,0.0,0.0
2026-07-21,5,02:30,operations.messaging,Leaks & supply interruption,messaging,1.0,323.7,0.16,0.18
2026-07-21,6,03:00,operations.messaging,Leaks & supply interruption,messaging,3.0,323.7,0.6,0.54
2026-07-21,7,03:30,operations.messaging,Leaks & supply interruption,messaging,0.0,323.7,0.0,0.0
2026-07-21,8,04:00,operations.messaging,Leaks & supply interruption,messaging,1.0,323.7,0.17,0.18
2026-07-21,9,04:30,operations.messaging,Leaks & supply interruption,messaging,1.0,323.7,0.16,0.18
2026-07-21,10,05:00,operations.messaging,Leaks & supply interruption,messaging,2.0,323.7,0.41,0.38
2026-07-21,11,05:30,operations.messaging,Leaks & supply interruption,messaging,2.0,323.7,0.39,0.33
2026-07-21,12,06:00,operations.messaging,Leaks & supply interruption,messaging,4.0,323.7,0.63,0.74
2026-07-21,13,06:30,operations.messaging,Leaks & supply interruption,messaging,4.0,323.7,0.85,0.7
2026-07-21,14,07:00,operations.messaging,Leaks & supply interruption,messaging,3.0,323.7,0.48,0.57
2026-07-21,15,07:30,operations.messaging,Leaks & supply interruption,messaging,7.0,323.7,1.0,1.3
2026-07-21,16,08:00,operations.messaging,Leaks & supply interruption,messaging,8.0,323.7,1.37,1.33
2026-07-21,17,08:30,operations.messaging,Leaks & supply interruption,messaging,9.0,323.7,1.45,1.65
2026-07-21,18,09:00,operations.messaging,Leaks & supply interruption,messaging,19.0,323.7,2.88,3.27
2026-07-21,19,09:30,operations.messaging,Leaks & supply interruption,messaging,13.0,323.7,2.21,2.17
2026-07-21,20,10:00,operations.messaging,Leaks & supply interruption,messaging,13.0,323.7,1.8,2.48
2026-07-21,21,10:30,operations.messaging,Leaks & supply interruption,messaging,7.0,323.7,1.3,1.17
2026-07-21,22,11:00,operations.messaging,Leaks & supply interruption,messaging,9.0,323.7,1.36,1.58
2026-07-21,23,11:30,operations.messaging,Leaks & supply interruption,messaging,11.0,323.7,2.14,2.01
2026-07-21,24,12:00,operations.messaging,Leaks & supply interruption,messaging,6.0,323.7,1.32,1.09
2026-07-21,25,12:30,operations.messaging,Leaks & supply interruption,messaging,4.0,323.7,0.76,0.75
2026-07-21,26,13:00,operations.messaging,Leaks & supply interruption,messaging,6.0,323.7,1.0,1.02
2026-07-21,27,13:30,operations.messaging,Leaks & supply interruption,messaging,11.0,323.7,2.35,1.94
2026-07-21,28,14:00,operations.messaging,Leaks & supply interruption,messaging,11.0,323.7,2.58,1.84
2026-07-21,29,14:30,operations.messaging,Leaks & supply interruption,messaging,8.0,323.7,1.77,1.35
2026-07-21,30,15:00,operations.messaging,Leaks & supply interruption,messaging,8.0,323.7,1.64,1.44
2026-07-21,31,15:30,operations.messaging,Leaks & supply interruption,messaging,12.0,323.7,2.26,2.22
2026-07-21,32,16:00,operations.messaging,Leaks & supply interruption,messaging,9.0,323.7,1.15,1.48
2026-07-21,33,16:30,operations.messaging,Leaks & supply interruption,messaging,9.0,323.7,1.33,1.75
2026-07-21,34,17:00,operations.messaging,Leaks & supply interruption,messaging,6.0,323.7,1.08,1.13
2026-07-21,35,17:30,operations.messaging,Leaks & supply interruption,messaging,5.0,323.7,1.03,0.9
2026-07-21,36,18:00,operations.messaging,Leaks & supply interruption,messaging,2.0,323.7,0.24,0.38
2026-07-21,37,18:30,operations.messaging,Leaks & supply interruption,messaging,5.0,323.7,0.84,0.87
2026-07-21,38,19:00,operations.messaging,Leaks & supply interruption,messaging,3.0,323.7,0.41,0.53
2026-07-21,39,19:30,operations.messaging,Leaks & supply interruption,messaging,2.0,323.7,0.35,0.32
2026-07-21,40,20:00,operations.messaging,Leaks & supply interruption,messaging,3.0,323.7,0.39,0.5
2026-07-21,41,20:30,operations.messaging,Leaks & supply interruption,messaging,4.0,323.7,0.64,0.69
2026-07-21,42,21:00,operations.messaging,Leaks & supply interruption,messaging,3.0,323.7,0.56,0.5
2026-07-21,43,21:30,operations.messaging,Leaks & supply interruption,messaging,2.0,323.7,0.42,0.37
2026-07-21,44,22:00,operations.messaging,Leaks & supply interruption,messaging,0.0,323.7,0.0,0.0
2026-07-21,45,22:30,operations.messaging,Leaks & supply interruption,messaging,1.0,323.7,0.15,0.18
2026-07-21,46,23:00,operations.messaging,Leaks & supply interruption,messaging,2.0,323.7,0.44,0.36
2026-07-21,47,23:30,operations.messaging,Leaks & supply interruption,messaging,3.0,323.7,0.47,0.47
2026-07-22,0,00:00,operations.messaging,Leaks & supply interruption,messaging,0.0,330.1,0.0,0.0
2026-07-22,1,00:30,operations.messaging,Leaks & supply interruption,messaging,0.0,330.1,0.0,0.0
2026-07-22,2,01:00,operations.messaging,Leaks & supply interruption,messaging,2.0,330.1,0.42,0.36
2026-07-22,3,01:30,operations.messaging,Leaks & supply interruption,messaging,0.0,330.1,0.0,0.0
2026-07-22,4,02:00,operations.messaging,Leaks & supply interruption,messaging,0.0,330.1,0.0,0.0
2026-07-22,5,02:30,operations.messaging,Leaks & supply interruption,messaging,0.0,330.1,0.0,0.0
2026-07-22,6,03:00,operations.messaging,Leaks & supply interruption,messaging,0.0,330.1,0.0,0.0
2026-07-22,7,03:30,operations.messaging,Leaks & supply interruption,messaging,0.0,330.1,0.0,0.0
2026-07-22,8,04:00,operations.messaging,Leaks & supply interruption,messaging,2.0,330.1,0.26,0.38
2026-07-22,9,04:30,operations.messaging,Leaks & supply interruption,messaging,1.0,330.1,0.16,0.18
2026-07-22,10,05:00,operations.messaging,Leaks & supply interruption,messaging,0.0,330.1,0.0,0.0
2026-07-22,11,05:30,operations.messaging,Leaks & supply interruption,messaging,1.0,330.1,0.13,0.19
2026-07-22,12,06:00,operations.messaging,Leaks & supply interruption,messaging,6.0,330.1,0.92,1.11
2026-07-22,13,06:30,operations.messaging,Leaks & supply interruption,messaging,2.0,330.1,0.31,0.35
2026-07-22,14,07:00,operations.messaging,Leaks & supply interruption,messaging,6.0,330.1,0.97,1.05
2026-07-22,15,07:30,operations.messaging,Leaks & supply interruption,messaging,5.0,330.1,0.85,0.93
2026-07-22,16,08:00,operations.messaging,Leaks & supply interruption,messaging,7.0,330.1,1.38,1.31
2026-07-22,17,08:30,operations.messaging,Leaks & supply interruption,messaging,8.0,330.1,1.24,1.31
2026-07-22,18,09:00,operations.messaging,Leaks & supply interruption,messaging,15.0,330.1,3.28,2.55
2026-07-22,19,09:30,operations.messaging,Leaks & supply interruption,messaging,6.0,330.1,1.13,1.19
2026-07-22,20,10:00,operations.messaging,Leaks & supply interruption,messaging,19.0,330.1,3.1,3.34
2026-07-22,21,10:30,operations.messaging,Leaks & supply interruption,messaging,18.0,330.1,3.74,3.46
2026-07-22,22,11:00,operations.messaging,Leaks & supply interruption,messaging,5.0,330.1,1.02,0.95
2026-07-22,23,11:30,operations.messaging,Leaks & supply interruption,messaging,10.0,330.1,1.62,1.9
2026-07-22,24,12:00,operations.messaging,Leaks & supply interruption,messaging,6.0,330.1,0.91,1.08
2026-07-22,25,12:30,operations.messaging,Leaks & supply interruption,messaging,3.0,330.1,0.5,0.55
2026-07-22,26,13:00,operations.messaging,Leaks & supply interruption,messaging,5.0,330.1,0.77,0.88
2026-07-22,27,13:30,operations.messaging,Leaks & supply interruption,messaging,12.0,330.1,1.16,2.11
2026-07-22,28,14:00,operations.messaging,Leaks & supply interruption,messaging,13.0,330.1,2.61,2.31
2026-07-22,29,14:30,operations.messaging,Leaks & supply interruption,messaging,11.0,330.1,2.15,2.01
2026-07-22,30,15:00,operations.messaging,Leaks & supply interruption,messaging,10.0,330.1,1.88,1.7
2026-07-22,31,15:30,operations.messaging,Leaks & supply interruption,messaging,11.0,330.1,1.34,2.0
2026-07-22,32,16:00,operations.messaging,Leaks & supply interruption,messaging,12.0,330.1,2.09,2.2
2026-07-22,33,16:30,operations.messaging,Leaks & supply interruption,messaging,3.0,330.1,0.47,0.54
2026-07-22,34,17:00,operations.messaging,Leaks & supply interruption,messaging,4.0,330.1,0.81,0.71
2026-07-22,35,17:30,operations.messaging,Leaks & supply interruption,messaging,5.0,330.1,0.84,0.9
2026-07-22,36,18:00,operations.messaging,Leaks & supply interruption,messaging,6.0,330.1,1.12,1.01
2026-07-22,37,18:30,operations.messaging,Leaks & supply interruption,messaging,1.0,330.1,0.16,0.18
2026-07-22,38,19:00,operations.messaging,Leaks & supply interruption,messaging,3.0,330.1,0.68,0.58
2026-07-22,39,19:30,operations.messaging,Leaks & supply interruption,messaging,3.0,330.1,0.6,0.57
2026-07-22,40,20:00,operations.messaging,Leaks & supply interruption,messaging,5.0,330.1,0.81,0.89
2026-07-22,41,20:30,operations.messaging,Leaks & supply interruption,messaging,1.0,330.1,0.17,0.19
2026-07-22,42,21:00,operations.messaging,Leaks & supply interruption,messaging,0.0,330.1,0.0,0.0
2026-07-22,43,21:30,operations.messaging,Leaks & supply interruption,messaging,0.0,330.1,0.0,0.0
2026-07-22,44,22:00,operations.messaging,Leaks & supply interruption,messaging,0.0,330.1,0.0,0.0
2026-07-22,45,22:30,operations.messaging,Leaks & supply interruption,messaging,0.0,330.1,0.0,0.0
2026-07-22,46,23:00,operations.messaging,Leaks & supply interruption,messaging,1.0,330.1,0.17,0.18
2026-07-22,47,23:30,operations.messaging,Leaks & supply interruption,messaging,1.0,330.1,0.22,0.18
2026-07-23,0,00:00,operations.messaging,Leaks & supply interruption,messaging,0.0,320.3,0.0,0.0
2026-07-23,1,00:30,operations.messaging,Leaks & supply interruption,messaging,1.0,320.3,0.15,0.18
2026-07-23,2,01:00,operations.messaging,Leaks & supply interruption,messaging,0.0,320.3,0.0,0.0
2026-07-23,3,01:30,operations.messaging,Leaks & supply interruption,messaging,1.0,320.3,0.17,0.18
2026-07-23,4,02:00,operations.messaging,Leaks & supply interruption,messaging,0.0,320.3,0.0,0.0
2026-07-23,5,02:30,operations.messaging,Leaks & supply interruption,messaging,1.0,320.3,0.16,0.19
2026-07-23,6,03:00,operations.messaging,Leaks & supply interruption,messaging,0.0,320.3,0.0,0.0
2026-07-23,7,03:30,operations.messaging,Leaks & supply interruption,messaging,4.0,320.3,0.71,0.68
2026-07-23,8,04:00,operations.messaging,Leaks & supply interruption,messaging,1.0,320.3,0.2,0.19
2026-07-23,9,04:30,operations.messaging,Leaks & supply interruption,messaging,0.0,320.3,0.0,0.0
2026-07-23,10,05:00,operations.messaging,Leaks & supply interruption,messaging,2.0,320.3,0.37,0.35
2026-07-23,11,05:30,operations.messaging,Leaks & supply interruption,messaging,3.0,320.3,0.53,0.53
2026-07-23,12,06:00,operations.messaging,Leaks & supply interruption,messaging,4.0,320.3,0.7,0.68
2026-07-23,13,06:30,operations.messaging,Leaks & supply interruption,messaging,4.0,320.3,0.53,0.7
2026-07-23,14,07:00,operations.messaging,Leaks & supply interruption,messaging,6.0,320.3,1.09,1.12
2026-07-23,15,07:30,operations.messaging,Leaks & supply interruption,messaging,8.0,320.3,1.24,1.35
2026-07-23,16,08:00,operations.messaging,Leaks & supply interruption,messaging,7.0,320.3,1.19,1.29
2026-07-23,17,08:30,operations.messaging,Leaks & supply interruption,messaging,6.0,320.3,1.22,1.09
2026-07-23,18,09:00,operations.messaging,Leaks & supply interruption,messaging,12.0,320.3,1.79,2.16
2026-07-23,19,09:30,operations.messaging,Leaks & supply interruption,messaging,14.0,320.3,2.87,2.39
2026-07-23,20,10:00,operations.messaging,Leaks & supply interruption,messaging,10.0,320.3,1.52,1.86
2026-07-23,21,10:30,operations.messaging,Leaks & supply interruption,messaging,9.0,320.3,1.43,1.57
2026-07-23,22,11:00,operations.messaging,Leaks & supply interruption,messaging,13.0,320.3,2.07,2.51
2026-07-23,23,11:30,operations.messaging,Leaks & supply interruption,messaging,5.0,320.3,1.06,0.93
2026-07-23,24,12:00,operations.messaging,Leaks & supply interruption,messaging,1.0,320.3,0.16,0.18
2026-07-23,25,12:30,operations.messaging,Leaks & supply interruption,messaging,2.0,320.3,0.32,0.35
2026-07-23,26,13:00,operations.messaging,Leaks & supply interruption,messaging,5.0,320.3,0.9,0.86
2026-07-23,27,13:30,operations.messaging,Leaks & supply interruption,messaging,5.0,320.3,0.93,0.93
2026-07-23,28,14:00,operations.messaging,Leaks & supply interruption,messaging,7.0,320.3,1.33,1.16
2026-07-23,29,14:30,operations.messaging,Leaks & supply interruption,messaging,11.0,320.3,1.69,1.78
2026-07-23,30,15:00,operations.messaging,Leaks & supply interruption,messaging,5.0,320.3,1.22,0.93
2026-07-23,31,15:30,operations.messaging,Leaks & supply interruption,messaging,11.0,320.3,1.54,2.01
2026-07-23,32,16:00,operations.messaging,Leaks & supply interruption,messaging,8.0,320.3,1.13,1.35
2026-07-23,33,16:30,operations.messaging,Leaks & supply interruption,messaging,6.0,320.3,1.19,1.09
2026-07-23,34,17:00,operations.messaging,Leaks & supply interruption,messaging,3.0,320.3,0.5,0.48
2026-07-23,35,17:30,operations.messaging,Leaks & supply interruption,messaging,11.0,320.3,1.83,1.9
2026-07-23,36,18:00,operations.messaging,Leaks & supply interruption,messaging,5.0,320.3,0.89,0.9
2026-07-23,37,18:30,operations.messaging,Leaks & supply interruption,messaging,5.0,320.3,0.75,0.92
2026-07-23,38,19:00,operations.messaging,Leaks & supply interruption,messaging,4.0,320.3,0.85,0.68
2026-07-23,39,19:30,operations.messaging,Leaks & supply interruption,messaging,3.0,320.3,0.43,0.56
2026-07-23,40,20:00,operations.messaging,Leaks & supply interruption,messaging,5.0,320.3,0.79,0.85
2026-07-23,41,20:30,operations.messaging,Leaks & supply interruption,messaging,4.0,320.3,0.68,0.77
2026-07-23,42,21:00,operations.messaging,Leaks & supply interruption,messaging,4.0,320.3,0.66,0.73
2026-07-23,43,21:30,operations.messaging,Leaks & supply interruption,messaging,0.0,320.3,0.0,0.0
2026-07-23,44,22:00,operations.messaging,Leaks & supply interruption,messaging,0.0,320.3,0.0,0.0
2026-07-23,45,22:30,operations.messaging,Leaks & supply interruption,messaging,0.0,320.3,0.0,0.0
2026-07-23,46,23:00,operations.messaging,Leaks & supply interruption,messaging,1.0,320.3,0.18,0.16
2026-07-23,47,23:30,operations.messaging,Leaks & supply interruption,messaging,0.0,320.3,0.0,0.0
2026-07-24,0,00:00,operations.messaging,Leaks & supply interruption,messaging,1.0,321.3,0.17,0.17
2026-07-24,1,00:30,operations.messaging,Leaks & supply interruption,messaging,0.0,321.3,0.0,0.0
2026-07-24,2,01:00,operations.messaging,Leaks & supply interruption,messaging,1.0,321.3,0.22,0.17
2026-07-24,3,01:30,operations.messaging,Leaks & supply interruption,messaging,0.0,321.3,0.0,0.0
2026-07-24,4,02:00,operations.messaging,Leaks & supply interruption,messaging,0.0,321.3,0.0,0.0
2026-07-24,5,02:30,operations.messaging,Leaks & supply interruption,messaging,0.0,321.3,0.0,0.0
2026-07-24,6,03:00,operations.messaging,Leaks & supply interruption,messaging,1.0,321.3,0.15,0.18
2026-07-24,7,03:30,operations.messaging,Leaks & supply interruption,messaging,1.0,321.3,0.17,0.17
2026-07-24,8,04:00,operations.messaging,Leaks & supply interruption,messaging,0.0,321.3,0.0,0.0
2026-07-24,9,04:30,operations.messaging,Leaks & supply interruption,messaging,0.0,321.3,0.0,0.0
2026-07-24,10,05:00,operations.messaging,Leaks & supply interruption,messaging,2.0,321.3,0.28,0.35
2026-07-24,11,05:30,operations.messaging,Leaks & supply interruption,messaging,1.0,321.3,0.17,0.18
2026-07-24,12,06:00,operations.messaging,Leaks & supply interruption,messaging,3.0,321.3,0.46,0.54
2026-07-24,13,06:30,operations.messaging,Leaks & supply interruption,messaging,5.0,321.3,0.75,0.79
2026-07-24,14,07:00,operations.messaging,Leaks & supply interruption,messaging,10.0,321.3,1.92,1.81
2026-07-24,15,07:30,operations.messaging,Leaks & supply interruption,messaging,5.0,321.3,0.78,0.9
2026-07-24,16,08:00,operations.messaging,Leaks & supply interruption,messaging,5.0,321.3,0.81,0.93
2026-07-24,17,08:30,operations.messaging,Leaks & supply interruption,messaging,6.0,321.3,1.21,1.01
2026-07-24,18,09:00,operations.messaging,Leaks & supply interruption,messaging,4.0,321.3,0.69,0.69
2026-07-24,19,09:30,operations.messaging,Leaks & supply interruption,messaging,13.0,321.3,2.17,2.29
2026-07-24,20,10:00,operations.messaging,Leaks & supply interruption,messaging,13.0,321.3,2.48,2.43
2026-07-24,21,10:30,operations.messaging,Leaks & supply interruption,messaging,12.0,321.3,1.81,2.19
2026-07-24,22,11:00,operations.messaging,Leaks & supply interruption,messaging,7.0,321.3,1.14,1.28
2026-07-24,23,11:30,operations.messaging,Leaks & supply interruption,messaging,4.0,321.3,0.71,0.69
2026-07-24,24,12:00,operations.messaging,Leaks & supply interruption,messaging,3.0,321.3,0.58,0.52
2026-07-24,25,12:30,operations.messaging,Leaks & supply interruption,messaging,4.0,321.3,0.89,0.79
2026-07-24,26,13:00,operations.messaging,Leaks & supply interruption,messaging,2.0,321.3,0.31,0.35
2026-07-24,27,13:30,operations.messaging,Leaks & supply interruption,messaging,5.0,321.3,0.74,0.89
2026-07-24,28,14:00,operations.messaging,Leaks & supply interruption,messaging,4.0,321.3,0.74,0.73
2026-07-24,29,14:30,operations.messaging,Leaks & supply interruption,messaging,6.0,321.3,1.2,1.14
2026-07-24,30,15:00,operations.messaging,Leaks & supply interruption,messaging,10.0,321.3,1.9,1.8
2026-07-24,31,15:30,operations.messaging,Leaks & supply interruption,messaging,11.0,321.3,1.81,1.96
2026-07-24,32,16:00,operations.messaging,Leaks & supply interruption,messaging,5.0,321.3,0.72,0.85
2026-07-24,33,16:30,operations.messaging,Leaks & supply interruption,messaging,6.0,321.3,0.92,1.04
2026-07-24,34,17:00,operations.messaging,Leaks & supply interruption,messaging,4.0,321.3,0.54,0.77
2026-07-24,35,17:30,operations.messaging,Leaks & supply interruption,messaging,1.0,321.3,0.2,0.17
2026-07-24,36,18:00,operations.messaging,Leaks & supply interruption,messaging,2.0,321.3,0.41,0.38
2026-07-24,37,18:30,operations.messaging,Leaks & supply interruption,messaging,5.0,321.3,0.82,0.89
2026-07-24,38,19:00,operations.messaging,Leaks & supply interruption,messaging,3.0,321.3,0.47,0.54
2026-07-24,39,19:30,operations.messaging,Leaks & supply interruption,messaging,4.0,321.3,0.84,0.69
2026-07-24,40,20:00,operations.messaging,Leaks & supply interruption,messaging,2.0,321.3,0.33,0.35
2026-07-24,41,20:30,operations.messaging,Leaks & supply interruption,messaging,2.0,321.3,0.3,0.35
2026-07-24,42,21:00,operations.messaging,Leaks & supply interruption,messaging,0.0,321.3,0.0,0.0
2026-07-24,43,21:30,operations.messaging,Leaks & supply interruption,messaging,0.0,321.3,0.0,0.0
2026-07-24,44,22:00,operations.messaging,Leaks & supply interruption,messaging,0.0,321.3,0.0,0.0
2026-07-24,45,22:30,operations.messaging,Leaks & supply interruption,messaging,1.0,321.3,0.2,0.18
2026-07-24,46,23:00,operations.messaging,Leaks & supply interruption,messaging,0.0,321.3,0.0,0.0
2026-07-24,47,23:30,operations.messaging,Leaks & supply interruption,messaging,1.0,321.3,0.14,0.18
2026-07-25,0,00:00,operations.messaging,Leaks & supply interruption,messaging,0.0,306.3,0.0,0.0
2026-07-25,1,00:30,operations.messaging,Leaks & supply interruption,messaging,1.0,306.3,0.15,0.17
2026-07-25,2,01:00,operations.messaging,Leaks & supply interruption,messaging,0.0,306.3,0.0,0.0
2026-07-25,3,01:30,operations.messaging,Leaks & supply interruption,messaging,0.0,306.3,0.0,0.0
2026-07-25,4,02:00,operations.messaging,Leaks & supply interruption,messaging,0.0,306.3,0.0,0.0
2026-07-25,5,02:30,operations.messaging,Leaks & supply interruption,messaging,0.0,306.3,0.0,0.0
2026-07-25,6,03:00,operations.messaging,Leaks & supply interruption,messaging,1.0,306.3,0.19,0.18
2026-07-25,7,03:30,operations.messaging,Leaks & supply interruption,messaging,0.0,306.3,0.0,0.0
2026-07-25,8,04:00,operations.messaging,Leaks & supply interruption,messaging,0.0,306.3,0.0,0.0
2026-07-25,9,04:30,operations.messaging,Leaks & supply interruption,messaging,0.0,306.3,0.0,0.0
2026-07-25,10,05:00,operations.messaging,Leaks & supply interruption,messaging,1.0,306.3,0.13,0.17
2026-07-25,11,05:30,operations.messaging,Leaks & supply interruption,messaging,0.0,306.3,0.0,0.0
2026-07-25,12,06:00,operations.messaging,Leaks & supply interruption,messaging,1.0,306.3,0.18,0.16
2026-07-25,13,06:30,operations.messaging,Leaks & supply interruption,messaging,4.0,306.3,0.48,0.64
2026-07-25,14,07:00,operations.messaging,Leaks & supply interruption,messaging,3.0,306.3,0.5,0.49
2026-07-25,15,07:30,operations.messaging,Leaks & supply interruption,messaging,7.0,306.3,1.24,1.13
2026-07-25,16,08:00,operations.messaging,Leaks & supply interruption,messaging,6.0,306.3,1.09,1.08
2026-07-25,17,08:30,operations.messaging,Leaks & supply interruption,messaging,6.0,306.3,0.94,1.0
2026-07-25,18,09:00,operations.messaging,Leaks & supply interruption,messaging,8.0,306.3,1.24,1.27
2026-07-25,19,09:30,operations.messaging,Leaks & supply interruption,messaging,13.0,306.3,2.21,2.26
2026-07-25,20,10:00,operations.messaging,Leaks & supply interruption,messaging,9.0,306.3,1.36,1.53
2026-07-25,21,10:30,operations.messaging,Leaks & supply interruption,messaging,10.0,306.3,1.32,1.58
2026-07-25,22,11:00,operations.messaging,Leaks & supply interruption,messaging,3.0,306.3,0.49,0.51
2026-07-25,23,11:30,operations.messaging,Leaks & supply interruption,messaging,11.0,306.3,1.56,1.9
2026-07-25,24,12:00,operations.messaging,Leaks & supply interruption,messaging,6.0,306.3,1.04,1.06
2026-07-25,25,12:30,operations.messaging,Leaks & supply interruption,messaging,3.0,306.3,0.5,0.5
2026-07-25,26,13:00,operations.messaging,Leaks & supply interruption,messaging,3.0,306.3,0.53,0.53
2026-07-25,27,13:30,operations.messaging,Leaks & supply interruption,messaging,12.0,306.3,1.6,1.9
2026-07-25,28,14:00,operations.messaging,Leaks & supply interruption,messaging,5.0,306.3,0.78,0.91
2026-07-25,29,14:30,operations.messaging,Leaks & supply interruption,messaging,9.0,306.3,1.79,1.59
2026-07-25,30,15:00,operations.messaging,Leaks & supply interruption,messaging,10.0,306.3,1.23,1.62
2026-07-25,31,15:30,operations.messaging,Leaks & supply interruption,messaging,4.0,306.3,0.7,0.58
2026-07-25,32,16:00,operations.messaging,Leaks & supply interruption,messaging,7.0,306.3,1.23,1.16
2026-07-25,33,16:30,operations.messaging,Leaks & supply interruption,messaging,8.0,306.3,1.21,1.5
2026-07-25,34,17:00,operations.messaging,Leaks & supply interruption,messaging,6.0,306.3,1.13,1.02
2026-07-25,35,17:30,operations.messaging,Leaks & supply interruption,messaging,1.0,306.3,0.18,0.15
2026-07-25,36,18:00,operations.messaging,Leaks & supply interruption,messaging,7.0,306.3,1.23,1.17
2026-07-25,37,18:30,operations.messaging,Leaks & supply interruption,messaging,3.0,306.3,0.52,0.51
2026-07-25,38,19:00,operations.messaging,Leaks & supply interruption,messaging,2.0,306.3,0.37,0.34
2026-07-25,39,19:30,operations.messaging,Leaks & supply interruption,messaging,6.0,306.3,0.86,1.01
2026-07-25,40,20:00,operations.messaging,Leaks & supply interruption,messaging,0.0,306.3,0.0,0.0
2026-07-25,41,20:30,operations.messaging,Leaks & supply interruption,messaging,2.0,306.3,0.35,0.31
2026-07-25,42,21:00,operations.messaging,Leaks & supply interruption,messaging,0.0,306.3,0.0,0.0
2026-07-25,43,21:30,operations.messaging,Leaks & supply interruption,messaging,1.0,306.3,0.21,0.17
2026-07-25,44,22:00,operations.messaging,Leaks & supply interruption,messaging,1.0,306.3,0.13,0.18
2026-07-25,45,22:30,operations.messaging,Leaks & supply interruption,messaging,2.0,306.3,0.36,0.32
2026-07-25,46,23:00,operations.messaging,Leaks & supply interruption,messaging,1.0,306.3,0.18,0.18
2026-07-25,47,23:30,operations.messaging,Leaks & supply interruption,messaging,0.0,306.3,0.0,0.0
2026-07-26,0,00:00,operations.messaging,Leaks & supply interruption,messaging,1.0,308.9,0.16,0.17
2026-07-26,1,00:30,operations.messaging,Leaks & supply interruption,messaging,0.0,308.9,0.0,0.0
2026-07-26,2,01:00,operations.messaging,Leaks & supply interruption,messaging,2.0,308.9,0.31,0.35
2026-07-26,3,01:30,operations.messaging,Leaks & supply interruption,messaging,0.0,308.9,0.0,0.0
2026-07-26,4,02:00,operations.messaging,Leaks & supply interruption,messaging,0.0,308.9,0.0,0.0
2026-07-26,5,02:30,operations.messaging,Leaks & supply interruption,messaging,1.0,308.9,0.17,0.16
2026-07-26,6,03:00,operations.messaging,Leaks & supply interruption,messaging,0.0,308.9,0.0,0.0
2026-07-26,7,03:30,operations.messaging,Leaks & supply interruption,messaging,1.0,308.9,0.2,0.17
2026-07-26,8,04:00,operations.messaging,Leaks & supply interruption,messaging,0.0,308.9,0.0,0.0
2026-07-26,9,04:30,operations.messaging,Leaks & supply interruption,messaging,0.0,308.9,0.0,0.0
2026-07-26,10,05:00,operations.messaging,Leaks & supply interruption,messaging,1.0,308.9,0.15,0.16
2026-07-26,11,05:30,operations.messaging,Leaks & supply interruption,messaging,2.0,308.9,0.35,0.34
2026-07-26,12,06:00,operations.messaging,Leaks & supply interruption,messaging,2.0,308.9,0.3,0.35
2026-07-26,13,06:30,operations.messaging,Leaks & supply interruption,messaging,8.0,308.9,1.33,1.33
2026-07-26,14,07:00,operations.messaging,Leaks & supply interruption,messaging,6.0,308.9,0.97,1.12
2026-07-26,15,07:30,operations.messaging,Leaks & supply interruption,messaging,9.0,308.9,1.82,1.51
2026-07-26,16,08:00,operations.messaging,Leaks & supply interruption,messaging,7.0,308.9,1.15,1.34
2026-07-26,17,08:30,operations.messaging,Leaks & supply interruption,messaging,6.0,308.9,0.59,0.9
2026-07-26,18,09:00,operations.messaging,Leaks & supply interruption,messaging,8.0,308.9,1.25,1.36
2026-07-26,19,09:30,operations.messaging,Leaks & supply interruption,messaging,12.0,308.9,2.06,2.03
2026-07-26,20,10:00,operations.messaging,Leaks & supply interruption,messaging,17.0,308.9,2.7,2.8
2026-07-26,21,10:30,operations.messaging,Leaks & supply interruption,messaging,9.0,308.9,1.68,1.55
2026-07-26,22,11:00,operations.messaging,Leaks & supply interruption,messaging,11.0,308.9,2.0,1.8
2026-07-26,23,11:30,operations.messaging,Leaks & supply interruption,messaging,8.0,308.9,1.44,1.5
2026-07-26,24,12:00,operations.messaging,Leaks & supply interruption,messaging,6.0,308.9,1.03,1.01
2026-07-26,25,12:30,operations.messaging,Leaks & supply interruption,messaging,2.0,308.9,0.27,0.33
2026-07-26,26,13:00,operations.messaging,Leaks & supply interruption,messaging,3.0,308.9,0.44,0.45
2026-07-26,27,13:30,operations.messaging,Leaks & supply interruption,messaging,10.0,308.9,1.75,1.67
2026-07-26,28,14:00,operations.messaging,Leaks & supply interruption,messaging,7.0,308.9,1.13,1.29
2026-07-26,29,14:30,operations.messaging,Leaks & supply interruption,messaging,13.0,308.9,2.78,2.24
2026-07-26,30,15:00,operations.messaging,Leaks & supply interruption,messaging,6.0,308.9,1.19,0.98
2026-07-26,31,15:30,operations.messaging,Leaks & supply interruption,messaging,13.0,308.9,2.29,2.03
2026-07-26,32,16:00,operations.messaging,Leaks & supply interruption,messaging,8.0,308.9,1.23,1.51
2026-07-26,33,16:30,operations.messaging,Leaks & supply interruption,messaging,3.0,308.9,0.38,0.51
2026-07-26,34,17:00,operations.messaging,Leaks & supply interruption,messaging,2.0,308.9,0.33,0.35
2026-07-26,35,17:30,operations.messaging,Leaks & supply interruption,messaging,3.0,308.9,0.36,0.53
2026-07-26,36,18:00,operations.messaging,Leaks & supply interruption,messaging,9.0,308.9,1.63,1.41
2026-07-26,37,18:30,operations.messaging,Leaks & supply interruption,messaging,1.0,308.9,0.11,0.17
2026-07-26,38,19:00,operations.messaging,Leaks & supply interruption,messaging,4.0,308.9,0.82,0.73
2026-07-26,39,19:30,operations.messaging,Leaks & supply interruption,messaging,1.0,308.9,0.15,0.17
2026-07-26,40,20:00,operations.messaging,Leaks & supply interruption,messaging,3.0,308.9,0.61,0.53
2026-07-26,41,20:30,operations.messaging,Leaks & supply interruption,messaging,2.0,308.9,0.42,0.38
2026-07-26,42,21:00,operations.messaging,Leaks & supply interruption,messaging,3.0,308.9,0.5,0.49
2026-07-26,43,21:30,operations.messaging,Leaks & supply interruption,messaging,3.0,308.9,0.39,0.52
2026-07-26,44,22:00,operations.messaging,Leaks & supply interruption,messaging,0.0,308.9,0.0,0.0
2026-07-26,45,22:30,operations.messaging,Leaks & supply interruption,messaging,1.0,308.9,0.21,0.18
2026-07-26,46,23:00,operations.messaging,Leaks & supply interruption,messaging,2.0,308.9,0.26,0.36
2026-07-26,47,23:30,operations.messaging,Leaks & supply interruption,messaging,1.0,308.9,0.18,0.17
2026-07-27,0,00:00,operations.messaging,Leaks & supply interruption,messaging,0.0,323.3,0.0,0.0
2026-07-27,1,00:30,operations.messaging,Leaks & supply interruption,messaging,1.0,323.3,0.17,0.17
2026-07-27,2,01:00,operations.messaging,Leaks & supply interruption,messaging,0.0,323.3,0.0,0.0
2026-07-27,3,01:30,operations.messaging,Leaks & supply interruption,messaging,2.0,323.3,0.38,0.36
2026-07-27,4,02:00,operations.messaging,Leaks & supply interruption,messaging,0.0,323.3,0.0,0.0
2026-07-27,5,02:30,operations.messaging,Leaks & supply interruption,messaging,0.0,323.3,0.0,0.0
2026-07-27,6,03:00,operations.messaging,Leaks & supply interruption,messaging,0.0,323.3,0.0,0.0
2026-07-27,7,03:30,operations.messaging,Leaks & supply interruption,messaging,0.0,323.3,0.0,0.0
2026-07-27,8,04:00,operations.messaging,Leaks & supply interruption,messaging,0.0,323.3,0.0,0.0
2026-07-27,9,04:30,operations.messaging,Leaks & supply interruption,messaging,0.0,323.3,0.0,0.0
2026-07-27,10,05:00,operations.messaging,Leaks & supply interruption,messaging,2.0,323.3,0.3,0.35
2026-07-27,11,05:30,operations.messaging,Leaks & supply interruption,messaging,1.0,323.3,0.17,0.19
2026-07-27,12,06:00,operations.messaging,Leaks & supply interruption,messaging,2.0,323.3,0.33,0.4
2026-07-27,13,06:30,operations.messaging,Leaks & supply interruption,messaging,7.0,323.3,1.25,1.22
2026-07-27,14,07:00,operations.messaging,Leaks & supply interruption,messaging,5.0,323.3,0.81,0.88
2026-07-27,15,07:30,operations.messaging,Leaks & supply interruption,messaging,3.0,323.3,0.49,0.54
2026-07-27,16,08:00,operations.messaging,Leaks & supply interruption,messaging,7.0,323.3,1.17,1.26
2026-07-27,17,08:30,operations.messaging,Leaks & supply interruption,messaging,6.0,323.3,0.99,1.16
2026-07-27,18,09:00,operations.messaging,Leaks & supply interruption,messaging,6.0,323.3,1.07,1.16
2026-07-27,19,09:30,operations.messaging,Leaks & supply interruption,messaging,9.0,323.3,1.86,1.64
2026-07-27,20,10:00,operations.messaging,Leaks & supply interruption,messaging,11.0,323.3,1.72,2.13
2026-07-27,21,10:30,operations.messaging,Leaks & supply interruption,messaging,12.0,323.3,1.49,2.12
2026-07-27,22,11:00,operations.messaging,Leaks & supply interruption,messaging,10.0,323.3,1.82,1.88
2026-07-27,23,11:30,operations.messaging,Leaks & supply interruption,messaging,10.0,323.3,1.78,1.84
2026-07-27,24,12:00,operations.messaging,Leaks & supply interruption,messaging,7.0,323.3,1.18,1.21
2026-07-27,25,12:30,operations.messaging,Leaks & supply interruption,messaging,7.0,323.3,1.35,1.3
2026-07-27,26,13:00,operations.messaging,Leaks & supply interruption,messaging,2.0,323.3,0.23,0.32
2026-07-27,27,13:30,operations.messaging,Leaks & supply interruption,messaging,8.0,323.3,1.55,1.42
2026-07-27,28,14:00,operations.messaging,Leaks & supply interruption,messaging,9.0,323.3,1.78,1.48
2026-07-27,29,14:30,operations.messaging,Leaks & supply interruption,messaging,7.0,323.3,1.59,1.23
2026-07-27,30,15:00,operations.messaging,Leaks & supply interruption,messaging,8.0,323.3,1.48,1.4
2026-07-27,31,15:30,operations.messaging,Leaks & supply interruption,messaging,12.0,323.3,2.18,2.02
2026-07-27,32,16:00,operations.messaging,Leaks & supply interruption,messaging,6.0,323.3,0.79,1.13
2026-07-27,33,16:30,operations.messaging,Leaks & supply interruption,messaging,5.0,323.3,0.8,0.87
2026-07-27,34,17:00,operations.messaging,Leaks & supply interruption,messaging,5.0,323.3,0.84,0.93
2026-07-27,35,17:30,operations.messaging,Leaks & supply interruption,messaging,6.0,323.3,1.05,1.04
2026-07-27,36,18:00,operations.messaging,Leaks & supply interruption,messaging,3.0,323.3,0.58,0.57
2026-07-27,37,18:30,operations.messaging,Leaks & supply interruption,messaging,5.0,323.3,0.66,0.93
2026-07-27,38,19:00,operations.messaging,Leaks & supply interruption,messaging,0.0,323.3,0.0,0.0
2026-07-27,39,19:30,operations.messaging,Leaks & supply interruption,messaging,6.0,323.3,0.98,1.13
2026-07-27,40,20:00,operations.messaging,Leaks & supply interruption,messaging,4.0,323.3,0.61,0.76
2026-07-27,41,20:30,operations.messaging,Leaks & supply interruption,messaging,1.0,323.3,0.22,0.19
2026-07-27,42,21:00,operations.messaging,Leaks & supply interruption,messaging,1.0,323.3,0.18,0.19
2026-07-27,43,21:30,operations.messaging,Leaks & supply interruption,messaging,1.0,323.3,0.21,0.18
2026-07-27,44,22:00,operations.messaging,Leaks & supply interruption,messaging,0.0,323.3,0.0,0.0
2026-07-27,45,22:30,operations.messaging,Leaks & supply interruption,messaging,0.0,323.3,0.0,0.0
2026-07-27,46,23:00,operations.messaging,Leaks & supply interruption,messaging,2.0,323.3,0.38,0.35
2026-07-27,47,23:30,operations.messaging,Leaks & supply interruption,messaging,0.0,323.3,0.0,0.0
2026-07-28,0,00:00,operations.messaging,Leaks & supply interruption,messaging,0.0,302.5,0.0,0.0
2026-07-28,1,00:30,operations.messaging,Leaks & supply interruption,messaging,0.0,302.5,0.0,0.0
2026-07-28,2,01:00,operations.messaging,Leaks & supply interruption,messaging,0.0,302.5,0.0,0.0
2026-07-28,3,01:30,operations.messaging,Leaks & supply interruption,messaging,0.0,302.5,0.0,0.0
2026-07-28,4,02:00,operations.messaging,Leaks & supply interruption,messaging,0.0,302.5,0.0,0.0
2026-07-28,5,02:30,operations.messaging,Leaks & supply interruption,messaging,1.0,302.5,0.14,0.16
2026-07-28,6,03:00,operations.messaging,Leaks & supply interruption,messaging,2.0,302.5,0.34,0.33
2026-07-28,7,03:30,operations.messaging,Leaks & supply interruption,messaging,0.0,302.5,0.0,0.0
2026-07-28,8,04:00,operations.messaging,Leaks & supply interruption,messaging,1.0,302.5,0.17,0.17
2026-07-28,9,04:30,operations.messaging,Leaks & supply interruption,messaging,1.0,302.5,0.15,0.16
2026-07-28,10,05:00,operations.messaging,Leaks & supply interruption,messaging,0.0,302.5,0.0,0.0
2026-07-28,11,05:30,operations.messaging,Leaks & supply interruption,messaging,0.0,302.5,0.0,0.0
2026-07-28,12,06:00,operations.messaging,Leaks & supply interruption,messaging,4.0,302.5,0.66,0.71
2026-07-28,13,06:30,operations.messaging,Leaks & supply interruption,messaging,6.0,302.5,1.16,1.01
2026-07-28,14,07:00,operations.messaging,Leaks & supply interruption,messaging,3.0,302.5,0.61,0.52
2026-07-28,15,07:30,operations.messaging,Leaks & supply interruption,messaging,12.0,302.5,2.5,1.86
2026-07-28,16,08:00,operations.messaging,Leaks & supply interruption,messaging,3.0,302.5,0.38,0.51
2026-07-28,17,08:30,operations.messaging,Leaks & supply interruption,messaging,11.0,302.5,1.75,1.67
2026-07-28,18,09:00,operations.messaging,Leaks & supply interruption,messaging,7.0,302.5,1.33,1.16
2026-07-28,19,09:30,operations.messaging,Leaks & supply interruption,messaging,12.0,302.5,2.0,1.93
2026-07-28,20,10:00,operations.messaging,Leaks & supply interruption,messaging,11.0,302.5,1.57,1.75
2026-07-28,21,10:30,operations.messaging,Leaks & supply interruption,messaging,5.0,302.5,0.67,0.9
2026-07-28,22,11:00,operations.messaging,Leaks & supply interruption,messaging,1.0,302.5,0.16,0.17
2026-07-28,23,11:30,operations.messaging,Leaks & supply interruption,messaging,10.0,302.5,1.59,1.86
2026-07-28,24,12:00,operations.messaging,Leaks & supply interruption,messaging,2.0,302.5,0.31,0.31
2026-07-28,25,12:30,operations.messaging,Leaks & supply interruption,messaging,2.0,302.5,0.2,0.33
2026-07-28,26,13:00,operations.messaging,Leaks & supply interruption,messaging,4.0,302.5,0.83,0.68
2026-07-28,27,13:30,operations.messaging,Leaks & supply interruption,messaging,5.0,302.5,0.54,0.83
2026-07-28,28,14:00,operations.messaging,Leaks & supply interruption,messaging,6.0,302.5,0.72,1.02
2026-07-28,29,14:30,operations.messaging,Leaks & supply interruption,messaging,5.0,302.5,0.75,0.89
2026-07-28,30,15:00,operations.messaging,Leaks & supply interruption,messaging,3.0,302.5,0.57,0.53
2026-07-28,31,15:30,operations.messaging,Leaks & supply interruption,messaging,13.0,302.5,2.54,2.4
2026-07-28,32,16:00,operations.messaging,Leaks & supply interruption,messaging,8.0,302.5,1.18,1.33
2026-07-28,33,16:30,operations.messaging,Leaks & supply interruption,messaging,5.0,302.5,0.68,0.83
2026-07-28,34,17:00,operations.messaging,Leaks & supply interruption,messaging,5.0,302.5,0.7,0.85
2026-07-28,35,17:30,operations.messaging,Leaks & supply interruption,messaging,1.0,302.5,0.16,0.18
2026-07-28,36,18:00,operations.messaging,Leaks & supply interruption,messaging,4.0,302.5,0.62,0.62
2026-07-28,37,18:30,operations.messaging,Leaks & supply interruption,messaging,0.0,302.5,0.0,0.0
2026-07-28,38,19:00,operations.messaging,Leaks & supply interruption,messaging,1.0,302.5,0.16,0.17
2026-07-28,39,19:30,operations.messaging,Leaks & supply interruption,messaging,1.0,302.5,0.17,0.17
2026-07-28,40,20:00,operations.messaging,Leaks & supply interruption,messaging,5.0,302.5,0.73,0.84
2026-07-28,41,20:30,operations.messaging,Leaks & supply interruption,messaging,0.0,302.5,0.0,0.0
2026-07-28,42,21:00,operations.messaging,Leaks & supply interruption,messaging,4.0,302.5,0.7,0.69
2026-07-28,43,21:30,operations.messaging,Leaks & supply interruption,messaging,2.0,302.5,0.36,0.34
2026-07-28,44,22:00,operations.messaging,Leaks & supply interruption,messaging,2.0,302.5,0.27,0.32
2026-07-28,45,22:30,operations.messaging,Leaks & supply interruption,messaging,0.0,302.5,0.0,0.0
2026-07-28,46,23:00,operations.messaging,Leaks & supply interruption,messaging,0.0,302.5,0.0,0.0
2026-07-28,47,23:30,operations.messaging,Leaks & supply interruption,messaging,0.0,302.5,0.0,0.0
2026-07-29,0,00:00,operations.messaging,Leaks & supply interruption,messaging,0.0,310.8,0.0,0.0
2026-07-29,1,00:30,operations.messaging,Leaks & supply interruption,messaging,1.0,310.8,0.16,0.17
2026-07-29,2,01:00,operations.messaging,Leaks & supply interruption,messaging,0.0,310.8,0.0,0.0
2026-07-29,3,01:30,operations.messaging,Leaks & supply interruption,messaging,0.0,310.8,0.0,0.0
2026-07-29,4,02:00,operations.messaging,Leaks & supply interruption,messaging,0.0,310.8,0.0,0.0
2026-07-29,5,02:30,operations.messaging,Leaks & supply interruption,messaging,1.0,310.8,0.16,0.18
2026-07-29,6,03:00,operations.messaging,Leaks & supply interruption,messaging,1.0,310.8,0.17,0.17
2026-07-29,7,03:30,operations.messaging,Leaks & supply interruption,messaging,1.0,310.8,0.19,0.17
2026-07-29,8,04:00,operations.messaging,Leaks & supply interruption,messaging,0.0,310.8,0.0,0.0
2026-07-29,9,04:30,operations.messaging,Leaks & supply interruption,messaging,1.0,310.8,0.18,0.18
2026-07-29,10,05:00,operations.messaging,Leaks & supply interruption,messaging,0.0,310.8,0.0,0.0
2026-07-29,11,05:30,operations.messaging,Leaks & supply interruption,messaging,0.0,310.8,0.0,0.0
2026-07-29,12,06:00,operations.messaging,Leaks & supply interruption,messaging,5.0,310.8,0.76,0.82
2026-07-29,13,06:30,operations.messaging,Leaks & supply interruption,messaging,6.0,310.8,0.92,1.03
2026-07-29,14,07:00,operations.messaging,Leaks & supply interruption,messaging,5.0,310.8,0.78,0.94
2026-07-29,15,07:30,operations.messaging,Leaks & supply interruption,messaging,5.0,310.8,1.1,0.9
2026-07-29,16,08:00,operations.messaging,Leaks & supply interruption,messaging,6.0,310.8,1.04,1.05
2026-07-29,17,08:30,operations.messaging,Leaks & supply interruption,messaging,6.0,310.8,1.23,1.05
2026-07-29,18,09:00,operations.messaging,Leaks & supply interruption,messaging,8.0,310.8,1.5,1.38
2026-07-29,19,09:30,operations.messaging,Leaks & supply interruption,messaging,8.0,310.8,1.59,1.38
2026-07-29,20,10:00,operations.messaging,Leaks & supply interruption,messaging,6.0,310.8,0.93,1.09
2026-07-29,21,10:30,operations.messaging,Leaks & supply interruption,messaging,7.0,310.8,1.2,1.17
2026-07-29,22,11:00,operations.messaging,Leaks & supply interruption,messaging,10.0,310.8,1.59,1.82
2026-07-29,23,11:30,operations.messaging,Leaks & supply interruption,messaging,7.0,310.8,1.01,1.25
2026-07-29,24,12:00,operations.messaging,Leaks & supply interruption,messaging,6.0,310.8,0.95,1.03
2026-07-29,25,12:30,operations.messaging,Leaks & supply interruption,messaging,1.0,310.8,0.15,0.16
2026-07-29,26,13:00,operations.messaging,Leaks & supply interruption,messaging,6.0,310.8,0.95,1.09
2026-07-29,27,13:30,operations.messaging,Leaks & supply interruption,messaging,4.0,310.8,0.74,0.69
2026-07-29,28,14:00,operations.messaging,Leaks & supply interruption,messaging,4.0,310.8,0.65,0.68
2026-07-29,29,14:30,operations.messaging,Leaks & supply interruption,messaging,4.0,310.8,0.72,0.72
2026-07-29,30,15:00,operations.messaging,Leaks & supply interruption,messaging,14.0,310.8,2.4,2.25
2026-07-29,31,15:30,operations.messaging,Leaks & supply interruption,messaging,4.0,310.8,0.63,0.7
2026-07-29,32,16:00,operations.messaging,Leaks & supply interruption,messaging,10.0,310.8,1.87,1.55
2026-07-29,33,16:30,operations.messaging,Leaks & supply interruption,messaging,8.0,310.8,1.47,1.36
2026-07-29,34,17:00,operations.messaging,Leaks & supply interruption,messaging,7.0,310.8,0.98,1.24
2026-07-29,35,17:30,operations.messaging,Leaks & supply interruption,messaging,6.0,310.8,1.0,1.04
2026-07-29,36,18:00,operations.messaging,Leaks & supply interruption,messaging,4.0,310.8,0.61,0.69
2026-07-29,37,18:30,operations.messaging,Leaks & supply interruption,messaging,0.0,310.8,0.0,0.0
2026-07-29,38,19:00,operations.messaging,Leaks & supply interruption,messaging,1.0,310.8,0.2,0.17
2026-07-29,39,19:30,operations.messaging,Leaks & supply interruption,messaging,7.0,310.8,0.94,1.19
2026-07-29,40,20:00,operations.messaging,Leaks & supply interruption,messaging,2.0,310.8,0.27,0.37
2026-07-29,41,20:30,operations.messaging,Leaks & supply interruption,messaging,3.0,310.8,0.46,0.5
2026-07-29,42,21:00,operations.messaging,Leaks & supply interruption,messaging,0.0,310.8,0.0,0.0
2026-07-29,43,21:30,operations.messaging,Leaks & supply interruption,messaging,3.0,310.8,0.44,0.53
2026-07-29,44,22:00,operations.messaging,Leaks & supply interruption,messaging,2.0,310.8,0.28,0.36
2026-07-29,45,22:30,operations.messaging,Leaks & supply interruption,messaging,1.0,310.8,0.16,0.17
2026-07-29,46,23:00,operations.messaging,Leaks & supply interruption,messaging,1.0,310.8,0.13,0.17
2026-07-29,47,23:30,operations.messaging,Leaks & supply interruption,messaging,2.0,310.8,0.35,0.36
2026-07-30,0,00:00,operations.messaging,Leaks & supply interruption,messaging,2.0,329.2,0.37,0.4
2026-07-30,1,00:30,operations.messaging,Leaks & supply interruption,messaging,1.0,329.2,0.16,0.19
2026-07-30,2,01:00,operations.messaging,Leaks & supply interruption,messaging,0.0,329.2,0.0,0.0
2026-07-30,3,01:30,operations.messaging,Leaks & supply interruption,messaging,0.0,329.2,0.0,0.0
2026-07-30,4,02:00,operations.messaging,Leaks & supply interruption,messaging,0.0,329.2,0.0,0.0
2026-07-30,5,02:30,operations.messaging,Leaks & supply interruption,messaging,0.0,329.2,0.0,0.0
2026-07-30,6,03:00,operations.messaging,Leaks & supply interruption,messaging,3.0,329.2,0.54,0.54
2026-07-30,7,03:30,operations.messaging,Leaks & supply interruption,messaging,1.0,329.2,0.16,0.19
2026-07-30,8,04:00,operations.messaging,Leaks & supply interruption,messaging,1.0,329.2,0.16,0.19
2026-07-30,9,04:30,operations.messaging,Leaks & supply interruption,messaging,0.0,329.2,0.0,0.0
2026-07-30,10,05:00,operations.messaging,Leaks & supply interruption,messaging,1.0,329.2,0.11,0.18
2026-07-30,11,05:30,operations.messaging,Leaks & supply interruption,messaging,0.0,329.2,0.0,0.0
2026-07-30,12,06:00,operations.messaging,Leaks & supply interruption,messaging,2.0,329.2,0.36,0.39
2026-07-30,13,06:30,operations.messaging,Leaks & supply interruption,messaging,3.0,329.2,0.5,0.56
2026-07-30,14,07:00,operations.messaging,Leaks & supply interruption,messaging,9.0,329.2,1.87,1.66
2026-07-30,15,07:30,operations.messaging,Leaks & supply interruption,messaging,6.0,329.2,0.93,1.08
2026-07-30,16,08:00,operations.messaging,Leaks & supply interruption,messaging,9.0,329.2,1.78,1.57
2026-07-30,17,08:30,operations.messaging,Leaks & supply interruption,messaging,8.0,329.2,1.58,1.44
2026-07-30,18,09:00,operations.messaging,Leaks & supply interruption,messaging,5.0,329.2,0.79,0.93
2026-07-30,19,09:30,operations.messaging,Leaks & supply interruption,messaging,10.0,329.2,1.84,1.78
2026-07-30,20,10:00,operations.messaging,Leaks & supply interruption,messaging,10.0,329.2,2.17,1.67
2026-07-30,21,10:30,operations.messaging,Leaks & supply interruption,messaging,11.0,329.2,1.79,1.95
2026-07-30,22,11:00,operations.messaging,Leaks & supply interruption,messaging,6.0,329.2,1.07,1.12
2026-07-30,23,11:30,operations.messaging,Leaks & supply interruption,messaging,7.0,329.2,1.15,1.27
2026-07-30,24,12:00,operations.messaging,Leaks & supply interruption,messaging,4.0,329.2,0.7,0.76
2026-07-30,25,12:30,operations.messaging,Leaks & supply interruption,messaging,1.0,329.2,0.21,0.19
2026-07-30,26,13:00,operations.messaging,Leaks & supply interruption,messaging,8.0,329.2,1.41,1.48
2026-07-30,27,13:30,operations.messaging,Leaks & supply interruption,messaging,12.0,329.2,1.85,2.22
2026-07-30,28,14:00,operations.messaging,Leaks & supply interruption,messaging,9.0,329.2,1.33,1.72
2026-07-30,29,14:30,operations.messaging,Leaks & supply interruption,messaging,7.0,329.2,1.45,1.24
2026-07-30,30,15:00,operations.messaging,Leaks & supply interruption,messaging,14.0,329.2,2.66,2.68
2026-07-30,31,15:30,operations.messaging,Leaks & supply interruption,messaging,10.0,329.2,2.1,1.74
2026-07-30,32,16:00,operations.messaging,Leaks & supply interruption,messaging,7.0,329.2,1.18,1.15
2026-07-30,33,16:30,operations.messaging,Leaks & supply interruption,messaging,5.0,329.2,0.88,0.89
2026-07-30,34,17:00,operations.messaging,Leaks & supply interruption,messaging,7.0,329.2,1.33,1.33
2026-07-30,35,17:30,operations.messaging,Leaks & supply interruption,messaging,8.0,329.2,1.4,1.44
2026-07-30,36,18:00,operations.messaging,Leaks & supply interruption,messaging,3.0,329.2,0.49,0.59
2026-07-30,37,18:30,operations.messaging,Leaks & supply interruption,messaging,5.0,329.2,0.93,0.84
2026-07-30,38,19:00,operations.messaging,Leaks & supply interruption,messaging,6.0,329.2,0.8,1.08
2026-07-30,39,19:30,operations.messaging,Leaks & supply interruption,messaging,3.0,329.2,0.5,0.55
2026-07-30,40,20:00,operations.messaging,Leaks & supply interruption,messaging,4.0,329.2,0.62,0.69
2026-07-30,41,20:30,operations.messaging,Leaks & supply interruption,messaging,2.0,329.2,0.27,0.35
2026-07-30,42,21:00,operations.messaging,Leaks & supply interruption,messaging,0.0,329.2,0.0,0.0
2026-07-30,43,21:30,operations.messaging,Leaks & supply interruption,messaging,0.0,329.2,0.0,0.0
2026-07-30,44,22:00,operations.messaging,Leaks & supply interruption,messaging,0.0,329.2,0.0,0.0
2026-07-30,45,22:30,operations.messaging,Leaks & supply interruption,messaging,1.0,329.2,0.13,0.19
2026-07-30,46,23:00,operations.messaging,Leaks & supply interruption,messaging,2.0,329.2,0.32,0.34
2026-07-30,47,23:30,operations.messaging,Leaks & supply interruption,messaging,0.0,329.2,0.0,0.0
2026-07-31,0,00:00,operations.messaging,Leaks & supply interruption,messaging,0.0,327.6,0.0,0.0
2026-07-31,1,00:30,operations.messaging,Leaks & supply interruption,messaging,1.0,327.6,0.17,0.18
2026-07-31,2,01:00,operations.messaging,Leaks & supply interruption,messaging,1.0,327.6,0.15,0.19
2026-07-31,3,01:30,operations.messaging,Leaks & supply interruption,messaging,2.0,327.6,0.36,0.36
2026-07-31,4,02:00,operations.messaging,Leaks & supply interruption,messaging,1.0,327.6,0.16,0.19
2026-07-31,5,02:30,operations.messaging,Leaks & supply interruption,messaging,0.0,327.6,0.0,0.0
2026-07-31,6,03:00,operations.messaging,Leaks & supply interruption,messaging,0.0,327.6,0.0,0.0
2026-07-31,7,03:30,operations.messaging,Leaks & supply interruption,messaging,1.0,327.6,0.16,0.19
2026-07-31,8,04:00,operations.messaging,Leaks & supply interruption,messaging,0.0,327.6,0.0,0.0
2026-07-31,9,04:30,operations.messaging,Leaks & supply interruption,messaging,0.0,327.6,0.0,0.0
2026-07-31,10,05:00,operations.messaging,Leaks & supply interruption,messaging,2.0,327.6,0.33,0.38
2026-07-31,11,05:30,operations.messaging,Leaks & supply interruption,messaging,2.0,327.6,0.33,0.38
2026-07-31,12,06:00,operations.messaging,Leaks & supply interruption,messaging,3.0,327.6,0.5,0.55
2026-07-31,13,06:30,operations.messaging,Leaks & supply interruption,messaging,2.0,327.6,0.33,0.35
2026-07-31,14,07:00,operations.messaging,Leaks & supply interruption,messaging,0.0,327.6,0.0,0.0
2026-07-31,15,07:30,operations.messaging,Leaks & supply interruption,messaging,11.0,327.6,1.89,1.84
2026-07-31,16,08:00,operations.messaging,Leaks & supply interruption,messaging,4.0,327.6,0.56,0.77
2026-07-31,17,08:30,operations.messaging,Leaks & supply interruption,messaging,3.0,327.6,0.53,0.53
2026-07-31,18,09:00,operations.messaging,Leaks & supply interruption,messaging,4.0,327.6,0.69,0.66
2026-07-31,19,09:30,operations.messaging,Leaks & supply interruption,messaging,10.0,327.6,1.53,1.74
2026-07-31,20,10:00,operations.messaging,Leaks & supply interruption,messaging,13.0,327.6,2.76,2.45
2026-07-31,21,10:30,operations.messaging,Leaks & supply interruption,messaging,8.0,327.6,1.72,1.48
2026-07-31,22,11:00,operations.messaging,Leaks & supply interruption,messaging,10.0,327.6,1.67,1.73
2026-07-31,23,11:30,operations.messaging,Leaks & supply interruption,messaging,4.0,327.6,0.81,0.78
2026-07-31,24,12:00,operations.messaging,Leaks & supply interruption,messaging,4.0,327.6,0.71,0.72
2026-07-31,25,12:30,operations.messaging,Leaks & supply interruption,messaging,1.0,327.6,0.19,0.17
2026-07-31,26,13:00,operations.messaging,Leaks & supply interruption,messaging,5.0,327.6,0.81,0.91
2026-07-31,27,13:30,operations.messaging,Leaks & supply interruption,messaging,3.0,327.6,0.47,0.52
2026-07-31,28,14:00,operations.messaging,Leaks & supply interruption,messaging,3.0,327.6,0.54,0.54
2026-07-31,29,14:30,operations.messaging,Leaks & supply interruption,messaging,13.0,327.6,1.7,2.28
2026-07-31,30,15:00,operations.messaging,Leaks & supply interruption,messaging,8.0,327.6,1.31,1.51
2026-07-31,31,15:30,operations.messaging,Leaks & supply interruption,messaging,3.0,327.6,0.54,0.53
2026-07-31,32,16:00,operations.messaging,Leaks & supply interruption,messaging,4.0,327.6,0.8,0.75
2026-07-31,33,16:30,operations.messaging,Leaks & supply interruption,messaging,9.0,327.6,1.73,1.78
2026-07-31,34,17:00,operations.messaging,Leaks & supply interruption,messaging,4.0,327.6,0.64,0.77
2026-07-31,35,17:30,operations.messaging,Leaks & supply interruption,messaging,1.0,327.6,0.14,0.2
2026-07-31,36,18:00,operations.messaging,Leaks & supply interruption,messaging,3.0,327.6,0.54,0.58
2026-07-31,37,18:30,operations.messaging,Leaks & supply interruption,messaging,3.0,327.6,0.44,0.61
2026-07-31,38,19:00,operations.messaging,Leaks & supply interruption,messaging,0.0,327.6,0.0,0.0
2026-07-31,39,19:30,operations.messaging,Leaks & supply interruption,messaging,3.0,327.6,0.46,0.57
2026-07-31,40,20:00,operations.messaging,Leaks & supply interruption,messaging,0.0,327.6,0.0,0.0
2026-07-31,41,20:30,operations.messaging,Leaks & supply interruption,messaging,1.0,327.6,0.18,0.18
2026-07-31,42,21:00,operations.messaging,Leaks & supply interruption,messaging,3.0,327.6,0.58,0.56
2026-07-31,43,21:30,operations.messaging,Leaks & supply interruption,messaging,0.0,327.6,0.0,0.0
2026-07-31,44,22:00,operations.messaging,Leaks & supply interruption,messaging,0.0,327.6,0.0,0.0
2026-07-31,45,22:30,operations.messaging,Leaks & supply interruption,messaging,2.0,327.6,0.37,0.35
2026-07-31,46,23:00,operations.messaging,Leaks & supply interruption,messaging,0.0,327.6,0.0,0.0
2026-07-31,47,23:30,operations.messaging,Leaks & supply interruption,messaging,1.0,327.6,0.15,0.17
2026-08-01,0,00:00,operations.messaging,Leaks & supply interruption,messaging,0.0,303.4,0.0,0.0
2026-08-01,1,00:30,operations.messaging,Leaks & supply interruption,messaging,0.0,303.4,0.0,0.0
2026-08-01,2,01:00,operations.messaging,Leaks & supply interruption,messaging,0.0,303.4,0.0,0.0
2026-08-01,3,01:30,operations.messaging,Leaks & supply interruption,messaging,0.0,303.4,0.0,0.0
2026-08-01,4,02:00,operations.messaging,Leaks & supply interruption,messaging,0.0,303.4,0.0,0.0
2026-08-01,5,02:30,operations.messaging,Leaks & supply interruption,messaging,0.0,303.4,0.0,0.0
2026-08-01,6,03:00,operations.messaging,Leaks & supply interruption,messaging,0.0,303.4,0.0,0.0
2026-08-01,7,03:30,operations.messaging,Leaks & supply interruption,messaging,1.0,303.4,0.16,0.17
2026-08-01,8,04:00,operations.messaging,Leaks & supply interruption,messaging,0.0,303.4,0.0,0.0
2026-08-01,9,04:30,operations.messaging,Leaks & supply interruption,messaging,0.0,303.4,0.0,0.0
2026-08-01,10,05:00,operations.messaging,Leaks & supply interruption,messaging,0.0,303.4,0.0,0.0
2026-08-01,11,05:30,operations.messaging,Leaks & supply interruption,messaging,1.0,303.4,0.15,0.17
2026-08-01,12,06:00,operations.messaging,Leaks & supply interruption,messaging,4.0,303.4,0.68,0.65
2026-08-01,13,06:30,operations.messaging,Leaks & supply interruption,messaging,2.0,303.4,0.27,0.33
2026-08-01,14,07:00,operations.messaging,Leaks & supply interruption,messaging,9.0,303.4,1.6,1.54
2026-08-01,15,07:30,operations.messaging,Leaks & supply interruption,messaging,14.0,303.4,2.66,2.56
2026-08-01,16,08:00,operations.messaging,Leaks & supply interruption,messaging,4.0,303.4,0.65,0.74
2026-08-01,17,08:30,operations.messaging,Leaks & supply interruption,messaging,12.0,303.4,2.1,2.03
2026-08-01,18,09:00,operations.messaging,Leaks & supply interruption,messaging,8.0,303.4,1.26,1.28
2026-08-01,19,09:30,operations.messaging,Leaks & supply interruption,messaging,17.0,303.4,2.34,3.04
2026-08-01,20,10:00,operations.messaging,Leaks & supply interruption,messaging,9.0,303.4,1.79,1.51
2026-08-01,21,10:30,operations.messaging,Leaks & supply interruption,messaging,6.0,303.4,1.3,1.08
2026-08-01,22,11:00,operations.messaging,Leaks & supply interruption,messaging,7.0,303.4,1.07,1.11
2026-08-01,23,11:30,operations.messaging,Leaks & supply interruption,messaging,5.0,303.4,0.92,0.89
2026-08-01,24,12:00,operations.messaging,Leaks & supply interruption,messaging,1.0,303.4,0.17,0.19
2026-08-01,25,12:30,operations.messaging,Leaks & supply interruption,messaging,5.0,303.4,0.85,0.85
2026-08-01,26,13:00,operations.messaging,Leaks & supply interruption,messaging,3.0,303.4,0.52,0.48
2026-08-01,27,13:30,operations.messaging,Leaks & supply interruption,messaging,4.0,303.4,0.68,0.68
2026-08-01,28,14:00,operations.messaging,Leaks & supply interruption,messaging,7.0,303.4,1.34,1.27
2026-08-01,29,14:30,operations.messaging,Leaks & supply interruption,messaging,9.0,303.4,1.96,1.63
2026-08-01,30,15:00,operations.messaging,Leaks & supply interruption,messaging,14.0,303.4,2.06,2.43
2026-08-01,31,15:30,operations.messaging,Leaks & supply interruption,messaging,10.0,303.4,1.48,1.71
2026-08-01,32,16:00,operations.messaging,Leaks & supply interruption,messaging,11.0,303.4,2.65,1.86
2026-08-01,33,16:30,operations.messaging,Leaks & supply interruption,messaging,2.0,303.4,0.32,0.34
2026-08-01,34,17:00,operations.messaging,Leaks & supply interruption,messaging,6.0,303.4,0.86,1.09
2026-08-01,35,17:30,operations.messaging,Leaks & supply interruption,messaging,1.0,303.4,0.17,0.17
2026-08-01,36,18:00,operations.messaging,Leaks & supply interruption,messaging,1.0,303.4,0.15,0.17
2026-08-01,37,18:30,operations.messaging,Leaks & supply interruption,messaging,3.0,303.4,0.59,0.53
2026-08-01,38,19:00,operations.messaging,Leaks & supply interruption,messaging,3.0,303.4,0.53,0.52
2026-08-01,39,19:30,operations.messaging,Leaks & supply interruption,messaging,2.0,303.4,0.4,0.31
2026-08-01,40,20:00,operations.messaging,Leaks & supply interruption,messaging,4.0,303.4,0.52,0.63
2026-08-01,41,20:30,operations.messaging,Leaks & supply interruption,messaging,3.0,303.4,0.51,0.48
2026-08-01,42,21:00,operations.messaging,Leaks & supply interruption,messaging,1.0,303.4,0.14,0.17
2026-08-01,43,21:30,operations.messaging,Leaks & supply interruption,messaging,0.0,303.4,0.0,0.0
2026-08-01,44,22:00,operations.messaging,Leaks & supply interruption,messaging,0.0,303.4,0.0,0.0
2026-08-01,45,22:30,operations.messaging,Leaks & supply interruption,messaging,1.0,303.4,0.17,0.17
2026-08-01,46,23:00,operations.messaging,Leaks & supply interruption,messaging,2.0,303.4,0.28,0.34
2026-08-01,47,23:30,operations.messaging,Leaks & supply interruption,messaging,1.0,303.4,0.18,0.15
2026-08-02,0,00:00,operations.messaging,Leaks & supply interruption,messaging,1.0,316.9,0.19,0.2
2026-08-02,1,00:30,operations.messaging,Leaks & supply interruption,messaging,0.0,316.9,0.0,0.0
2026-08-02,2,01:00,operations.messaging,Leaks & supply interruption,messaging,1.0,316.9,0.18,0.17
2026-08-02,3,01:30,operations.messaging,Leaks & supply interruption,messaging,0.0,316.9,0.0,0.0
2026-08-02,4,02:00,operations.messaging,Leaks & supply interruption,messaging,1.0,316.9,0.17,0.17
2026-08-02,5,02:30,operations.messaging,Leaks & supply interruption,messaging,0.0,316.9,0.0,0.0
2026-08-02,6,03:00,operations.messaging,Leaks & supply interruption,messaging,0.0,316.9,0.0,0.0
2026-08-02,7,03:30,operations.messaging,Leaks & supply interruption,messaging,1.0,316.9,0.15,0.17
2026-08-02,8,04:00,operations.messaging,Leaks & supply interruption,messaging,0.0,316.9,0.0,0.0
2026-08-02,9,04:30,operations.messaging,Leaks & supply interruption,messaging,2.0,316.9,0.3,0.35
2026-08-02,10,05:00,operations.messaging,Leaks & supply interruption,messaging,1.0,316.9,0.19,0.18
2026-08-02,11,05:30,operations.messaging,Leaks & supply interruption,messaging,1.0,316.9,0.16,0.16
2026-08-02,12,06:00,operations.messaging,Leaks & supply interruption,messaging,4.0,316.9,0.66,0.66
2026-08-02,13,06:30,operations.messaging,Leaks & supply interruption,messaging,3.0,316.9,0.5,0.5
2026-08-02,14,07:00,operations.messaging,Leaks & supply interruption,messaging,4.0,316.9,0.6,0.7
2026-08-02,15,07:30,operations.messaging,Leaks & supply interruption,messaging,6.0,316.9,1.47,1.13
2026-08-02,16,08:00,operations.messaging,Leaks & supply interruption,messaging,3.0,316.9,0.5,0.5
2026-08-02,17,08:30,operations.messaging,Leaks & supply interruption,messaging,6.0,316.9,1.19,1.14
2026-08-02,18,09:00,operations.messaging,Leaks & supply interruption,messaging,7.0,316.9,1.26,1.32
2026-08-02,19,09:30,operations.messaging,Leaks & supply interruption,messaging,15.0,316.9,2.9,2.44
2026-08-02,20,10:00,operations.messaging,Leaks & supply interruption,messaging,9.0,316.9,1.33,1.57
2026-08-02,21,10:30,operations.messaging,Leaks & supply interruption,messaging,10.0,316.9,1.51,1.8
2026-08-02,22,11:00,operations.messaging,Leaks & supply interruption,messaging,7.0,316.9,1.17,1.18
2026-08-02,23,11:30,operations.messaging,Leaks & supply interruption,messaging,8.0,316.9,1.45,1.36
2026-08-02,24,12:00,operations.messaging,Leaks & supply interruption,messaging,9.0,316.9,1.34,1.65
2026-08-02,25,12:30,operations.messaging,Leaks & supply interruption,messaging,4.0,316.9,0.73,0.7
2026-08-02,26,13:00,operations.messaging,Leaks & supply interruption,messaging,4.0,316.9,0.68,0.67
2026-08-02,27,13:30,operations.messaging,Leaks & supply interruption,messaging,9.0,316.9,1.81,1.58
2026-08-02,28,14:00,operations.messaging,Leaks & supply interruption,messaging,10.0,316.9,1.8,1.58
2026-08-02,29,14:30,operations.messaging,Leaks & supply interruption,messaging,5.0,316.9,1.13,0.88
2026-08-02,30,15:00,operations.messaging,Leaks & supply interruption,messaging,7.0,316.9,1.22,1.27
2026-08-02,31,15:30,operations.messaging,Leaks & supply interruption,messaging,7.0,316.9,1.2,1.17
2026-08-02,32,16:00,operations.messaging,Leaks & supply interruption,messaging,7.0,316.9,1.4,1.2
2026-08-02,33,16:30,operations.messaging,Leaks & supply interruption,messaging,4.0,316.9,0.72,0.75
2026-08-02,34,17:00,operations.messaging,Leaks & supply interruption,messaging,4.0,316.9,0.73,0.69
2026-08-02,35,17:30,operations.messaging,Leaks & supply interruption,messaging,3.0,316.9,0.45,0.49
2026-08-02,36,18:00,operations.messaging,Leaks & supply interruption,messaging,1.0,316.9,0.17,0.17
2026-08-02,37,18:30,operations.messaging,Leaks & supply interruption,messaging,2.0,316.9,0.4,0.37
2026-08-02,38,19:00,operations.messaging,Leaks & supply interruption,messaging,3.0,316.9,0.58,0.54
2026-08-02,39,19:30,operations.messaging,Leaks & supply interruption,messaging,0.0,316.9,0.0,0.0
2026-08-02,40,20:00,operations.messaging,Leaks & supply interruption,messaging,2.0,316.9,0.38,0.35
2026-08-02,41,20:30,operations.messaging,Leaks & supply interruption,messaging,4.0,316.9,0.72,0.74
2026-08-02,42,21:00,operations.messaging,Leaks & supply interruption,messaging,3.0,316.9,0.55,0.51
2026-08-02,43,21:30,operations.messaging,Leaks & supply interruption,messaging,0.0,316.9,0.0,0.0
2026-08-02,44,22:00,operations.messaging,Leaks & supply interruption,messaging,1.0,316.9,0.19,0.19
2026-08-02,45,22:30,operations.messaging,Leaks & supply interruption,messaging,2.0,316.9,0.34,0.36
2026-08-02,46,23:00,operations.messaging,Leaks & supply interruption,messaging,1.0,316.9,0.2,0.17
2026-08-02,47,23:30,operations.messaging,Leaks & supply interruption,messaging,1.0,316.9,0.22,0.18
2026-08-03,0,00:00,operations.messaging,Leaks & supply interruption,messaging,2.0,327.4,0.44,0.38
2026-08-03,1,00:30,operations.messaging,Leaks & supply interruption,messaging,1.0,327.4,0.16,0.2
2026-08-03,2,01:00,operations.messaging,Leaks & supply interruption,messaging,0.0,327.4,0.0,0.0
2026-08-03,3,01:30,operations.messaging,Leaks & supply interruption,messaging,0.0,327.4,0.0,0.0
2026-08-03,4,02:00,operations.messaging,Leaks & supply interruption,messaging,0.0,327.4,0.0,0.0
2026-08-03,5,02:30,operations.messaging,Leaks & supply interruption,messaging,2.0,327.4,0.33,0.37
2026-08-03,6,03:00,operations.messaging,Leaks & supply interruption,messaging,1.0,327.4,0.18,0.18
2026-08-03,7,03:30,operations.messaging,Leaks & supply interruption,messaging,0.0,327.4,0.0,0.0
2026-08-03,8,04:00,operations.messaging,Leaks & supply interruption,messaging,1.0,327.4,0.17,0.17
2026-08-03,9,04:30,operations.messaging,Leaks & supply interruption,messaging,1.0,327.4,0.18,0.18
2026-08-03,10,05:00,operations.messaging,Leaks & supply interruption,messaging,0.0,327.4,0.0,0.0
2026-08-03,11,05:30,operations.messaging,Leaks & supply interruption,messaging,0.0,327.4,0.0,0.0
2026-08-03,12,06:00,operations.messaging,Leaks & supply interruption,messaging,1.0,327.4,0.14,0.17
2026-08-03,13,06:30,operations.messaging,Leaks & supply interruption,messaging,3.0,327.4,0.44,0.53
2026-08-03,14,07:00,operations.messaging,Leaks & supply interruption,messaging,5.0,327.4,0.81,0.93
2026-08-03,15,07:30,operations.messaging,Leaks & supply interruption,messaging,7.0,327.4,1.29,1.24
2026-08-03,16,08:00,operations.messaging,Leaks & supply interruption,messaging,4.0,327.4,0.67,0.75
2026-08-03,17,08:30,operations.messaging,Leaks & supply interruption,messaging,13.0,327.4,1.77,2.22
2026-08-03,18,09:00,operations.messaging,Leaks & supply interruption,messaging,11.0,327.4,1.66,2.11
2026-08-03,19,09:30,operations.messaging,Leaks & supply interruption,messaging,8.0,327.4,1.59,1.42
2026-08-03,20,10:00,operations.messaging,Leaks & supply interruption,messaging,11.0,327.4,1.72,2.08
2026-08-03,21,10:30,operations.messaging,Leaks & supply interruption,messaging,12.0,327.4,2.12,2.08
2026-08-03,22,11:00,operations.messaging,Leaks & supply interruption,messaging,7.0,327.4,1.25,1.21
2026-08-03,23,11:30,operations.messaging,Leaks & supply interruption,messaging,3.0,327.4,0.56,0.49
2026-08-03,24,12:00,operations.messaging,Leaks & supply interruption,messaging,1.0,327.4,0.2,0.18
2026-08-03,25,12:30,operations.messaging,Leaks & supply interruption,messaging,3.0,327.4,0.52,0.56
2026-08-03,26,13:00,operations.messaging,Leaks & supply interruption,messaging,4.0,327.4,0.56,0.65
2026-08-03,27,13:30,operations.messaging,Leaks & supply interruption,messaging,15.0,327.4,2.23,2.81
2026-08-03,28,14:00,operations.messaging,Leaks & supply interruption,messaging,9.0,327.4,1.61,1.6
2026-08-03,29,14:30,operations.messaging,Leaks & supply interruption,messaging,16.0,327.4,1.96,3.08
2026-08-03,30,15:00,operations.messaging,Leaks & supply interruption,messaging,5.0,327.4,1.01,0.9
2026-08-03,31,15:30,operations.messaging,Leaks & supply interruption,messaging,9.0,327.4,1.48,1.62
2026-08-03,32,16:00,operations.messaging,Leaks & supply interruption,messaging,3.0,327.4,0.7,0.59
2026-08-03,33,16:30,operations.messaging,Leaks & supply interruption,messaging,6.0,327.4,1.03,1.24
2026-08-03,34,17:00,operations.messaging,Leaks & supply interruption,messaging,5.0,327.4,0.76,0.93
2026-08-03,35,17:30,operations.messaging,Leaks & supply interruption,messaging,2.0,327.4,0.41,0.35
2026-08-03,36,18:00,operations.messaging,Leaks & supply interruption,messaging,5.0,327.4,0.8,0.89
2026-08-03,37,18:30,operations.messaging,Leaks & supply interruption,messaging,1.0,327.4,0.18,0.18
2026-08-03,38,19:00,operations.messaging,Leaks & supply interruption,messaging,3.0,327.4,0.5,0.51
2026-08-03,39,19:30,operations.messaging,Leaks & supply interruption,messaging,3.0,327.4,0.63,0.5
2026-08-03,40,20:00,operations.messaging,Leaks & supply interruption,messaging,5.0,327.4,0.99,0.95
2026-08-03,41,20:30,operations.messaging,Leaks & supply interruption,messaging,1.0,327.4,0.19,0.17
2026-08-03,42,21:00,operations.messaging,Leaks & supply interruption,messaging,0.0,327.4,0.0,0.0
2026-08-03,43,21:30,operations.messaging,Leaks & supply interruption,messaging,0.0,327.4,0.0,0.0
2026-08-03,44,22:00,operations.messaging,Leaks & supply interruption,messaging,1.0,327.4,0.15,0.18
2026-08-03,45,22:30,operations.messaging,Leaks & supply interruption,messaging,0.0,327.4,0.0,0.0
2026-08-03,46,23:00,operations.messaging,Leaks & supply interruption,messaging,2.0,327.4,0.37,0.4
2026-08-03,47,23:30,operations.messaging,Leaks & supply interruption,messaging,1.0,327.4,0.16,0.18
2026-08-04,0,00:00,operations.messaging,Leaks & supply interruption,messaging,1.0,313.3,0.16,0.17
2026-08-04,1,00:30,operations.messaging,Leaks & supply interruption,messaging,1.0,313.3,0.14,0.17
2026-08-04,2,01:00,operations.messaging,Leaks & supply interruption,messaging,1.0,313.3,0.14,0.18
2026-08-04,3,01:30,operations.messaging,Leaks & supply interruption,messaging,1.0,313.3,0.18,0.16
2026-08-04,4,02:00,operations.messaging,Leaks & supply interruption,messaging,1.0,313.3,0.18,0.17
2026-08-04,5,02:30,operations.messaging,Leaks & supply interruption,messaging,1.0,313.3,0.15,0.17
2026-08-04,6,03:00,operations.messaging,Leaks & supply interruption,messaging,1.0,313.3,0.17,0.17
2026-08-04,7,03:30,operations.messaging,Leaks & supply interruption,messaging,0.0,313.3,0.0,0.0
2026-08-04,8,04:00,operations.messaging,Leaks & supply interruption,messaging,1.0,313.3,0.17,0.16
2026-08-04,9,04:30,operations.messaging,Leaks & supply interruption,messaging,0.0,313.3,0.0,0.0
2026-08-04,10,05:00,operations.messaging,Leaks & supply interruption,messaging,2.0,313.3,0.33,0.35
2026-08-04,11,05:30,operations.messaging,Leaks & supply interruption,messaging,2.0,313.3,0.29,0.34
2026-08-04,12,06:00,operations.messaging,Leaks & supply interruption,messaging,2.0,313.3,0.35,0.37
2026-08-04,13,06:30,operations.messaging,Leaks & supply interruption,messaging,5.0,313.3,0.68,0.88
2026-08-04,14,07:00,operations.messaging,Leaks & supply interruption,messaging,9.0,313.3,1.66,1.6
2026-08-04,15,07:30,operations.messaging,Leaks & supply interruption,messaging,3.0,313.3,0.5,0.53
2026-08-04,16,08:00,operations.messaging,Leaks & supply interruption,messaging,8.0,313.3,1.27,1.47
2026-08-04,17,08:30,operations.messaging,Leaks & supply interruption,messaging,9.0,313.3,1.36,1.68
2026-08-04,18,09:00,operations.messaging,Leaks & supply interruption,messaging,13.0,313.3,2.61,2.44
2026-08-04,19,09:30,operations.messaging,Leaks & supply interruption,messaging,13.0,313.3,2.22,2.4
2026-08-04,20,10:00,operations.messaging,Leaks & supply interruption,messaging,18.0,313.3,2.94,3.01
2026-08-04,21,10:30,operations.messaging,Leaks & supply interruption,messaging,18.0,313.3,3.39,2.98
2026-08-04,22,11:00,operations.messaging,Leaks & supply interruption,messaging,11.0,313.3,1.6,1.83
2026-08-04,23,11:30,operations.messaging,Leaks & supply interruption,messaging,13.0,313.3,2.25,2.13
2026-08-04,24,12:00,operations.messaging,Leaks & supply interruption,messaging,9.0,313.3,1.91,1.59
2026-08-04,25,12:30,operations.messaging,Leaks & supply interruption,messaging,6.0,313.3,1.08,1.0
2026-08-04,26,13:00,operations.messaging,Leaks & supply interruption,messaging,3.0,313.3,0.54,0.49
2026-08-04,27,13:30,operations.messaging,Leaks & supply interruption,messaging,7.0,313.3,1.41,1.28
2026-08-04,28,14:00,operations.messaging,Leaks & supply interruption,messaging,16.0,313.3,2.71,2.58
2026-08-04,29,14:30,operations.messaging,Leaks & supply interruption,messaging,11.0,313.3,2.19,1.97
2026-08-04,30,15:00,operations.messaging,Leaks & supply interruption,messaging,11.0,313.3,2.07,1.99
2026-08-04,31,15:30,operations.messaging,Leaks & supply interruption,messaging,16.0,313.3,3.13,2.65
2026-08-04,32,16:00,operations.messaging,Leaks & supply interruption,messaging,7.0,313.3,1.21,1.25
2026-08-04,33,16:30,operations.messaging,Leaks & supply interruption,messaging,10.0,313.3,2.02,1.62
2026-08-04,34,17:00,operations.messaging,Leaks & supply interruption,messaging,6.0,313.3,1.1,1.03
2026-08-04,35,17:30,operations.messaging,Leaks & supply interruption,messaging,3.0,313.3,0.51,0.52
2026-08-04,36,18:00,operations.messaging,Leaks & supply interruption,messaging,11.0,313.3,1.76,1.97
2026-08-04,37,18:30,operations.messaging,Leaks & supply interruption,messaging,3.0,313.3,0.59,0.53
2026-08-04,38,19:00,operations.messaging,Leaks & supply interruption,messaging,4.0,313.3,0.55,0.67
2026-08-04,39,19:30,operations.messaging,Leaks & supply interruption,messaging,7.0,313.3,1.18,1.26
2026-08-04,40,20:00,operations.messaging,Leaks & supply interruption,messaging,0.0,313.3,0.0,0.0
2026-08-04,41,20:30,operations.messaging,Leaks & supply interruption,messaging,2.0,313.3,0.32,0.35
2026-08-04,42,21:00,operations.messaging,Leaks & supply interruption,messaging,0.0,313.3,0.0,0.0
2026-08-04,43,21:30,operations.messaging,Leaks & supply interruption,messaging,2.0,313.3,0.46,0.32
2026-08-04,44,22:00,operations.messaging,Leaks & supply interruption,messaging,1.0,313.3,0.16,0.17
2026-08-04,45,22:30,operations.messaging,Leaks & supply interruption,messaging,0.0,313.3,0.0,0.0
2026-08-04,46,23:00,operations.messaging,Leaks & supply interruption,messaging,0.0,313.3,0.0,0.0
2026-08-04,47,23:30,operations.messaging,Leaks & supply interruption,messaging,2.0,313.3,0.32,0.35
2026-08-05,0,00:00,operations.messaging,Leaks & supply interruption,messaging,1.0,329.0,0.17,0.18
2026-08-05,1,00:30,operations.messaging,Leaks & supply interruption,messaging,1.0,329.0,0.17,0.19
2026-08-05,2,01:00,operations.messaging,Leaks & supply interruption,messaging,0.0,329.0,0.0,0.0
2026-08-05,3,01:30,operations.messaging,Leaks & supply interruption,messaging,0.0,329.0,0.0,0.0
2026-08-05,4,02:00,operations.messaging,Leaks & supply interruption,messaging,0.0,329.0,0.0,0.0
2026-08-05,5,02:30,operations.messaging,Leaks & supply interruption,messaging,0.0,329.0,0.0,0.0
2026-08-05,6,03:00,operations.messaging,Leaks & supply interruption,messaging,1.0,329.0,0.21,0.2
2026-08-05,7,03:30,operations.messaging,Leaks & supply interruption,messaging,1.0,329.0,0.17,0.19
2026-08-05,8,04:00,operations.messaging,Leaks & supply interruption,messaging,3.0,329.0,0.58,0.55
2026-08-05,9,04:30,operations.messaging,Leaks & supply interruption,messaging,0.0,329.0,0.0,0.0
2026-08-05,10,05:00,operations.messaging,Leaks & supply interruption,messaging,0.0,329.0,0.0,0.0
2026-08-05,11,05:30,operations.messaging,Leaks & supply interruption,messaging,1.0,329.0,0.17,0.18
2026-08-05,12,06:00,operations.messaging,Leaks & supply interruption,messaging,1.0,329.0,0.18,0.17
2026-08-05,13,06:30,operations.messaging,Leaks & supply interruption,messaging,8.0,329.0,1.26,1.45
2026-08-05,14,07:00,operations.messaging,Leaks & supply interruption,messaging,3.0,329.0,0.5,0.56
2026-08-05,15,07:30,operations.messaging,Leaks & supply interruption,messaging,7.0,329.0,1.26,1.29
2026-08-05,16,08:00,operations.messaging,Leaks & supply interruption,messaging,7.0,329.0,1.5,1.35
2026-08-05,17,08:30,operations.messaging,Leaks & supply interruption,messaging,9.0,329.0,1.52,1.61
2026-08-05,18,09:00,operations.messaging,Leaks & supply interruption,messaging,12.0,329.0,2.77,2.29
2026-08-05,19,09:30,operations.messaging,Leaks & supply interruption,messaging,10.0,329.0,1.89,1.98
2026-08-05,20,10:00,operations.messaging,Leaks & supply interruption,messaging,14.0,329.0,2.24,2.58
2026-08-05,21,10:30,operations.messaging,Leaks & supply interruption,messaging,13.0,329.0,1.91,2.35
2026-08-05,22,11:00,operations.messaging,Leaks & supply interruption,messaging,12.0,329.0,2.31,2.29
2026-08-05,23,11:30,operations.messaging,Leaks & supply interruption,messaging,8.0,329.0,1.5,1.63
2026-08-05,24,12:00,operations.messaging,Leaks & supply interruption,messaging,2.0,329.0,0.34,0.38
2026-08-05,25,12:30,operations.messaging,Leaks & supply interruption,messaging,3.0,329.0,0.54,0.55
2026-08-05,26,13:00,operations.messaging,Leaks & supply interruption,messaging,6.0,329.0,1.19,1.17
2026-08-05,27,13:30,operations.messaging,Leaks & supply interruption,messaging,5.0,329.0,0.9,0.97
2026-08-05,28,14:00,operations.messaging,Leaks & supply interruption,messaging,8.0,329.0,1.75,1.4
2026-08-05,29,14:30,operations.messaging,Leaks & supply interruption,messaging,11.0,329.0,1.81,1.91
2026-08-05,30,15:00,operations.messaging,Leaks & supply interruption,messaging,16.0,329.0,3.25,3.06
2026-08-05,31,15:30,operations.messaging,Leaks & supply interruption,messaging,9.0,329.0,1.74,1.71
2026-08-05,32,16:00,operations.messaging,Leaks & supply interruption,messaging,8.0,329.0,1.26,1.57
2026-08-05,33,16:30,operations.messaging,Leaks & supply interruption,messaging,7.0,329.0,1.42,1.38
2026-08-05,34,17:00,operations.messaging,Leaks & supply interruption,messaging,6.0,329.0,1.33,1.01
2026-08-05,35,17:30,operations.messaging,Leaks & supply interruption,messaging,3.0,329.0,0.4,0.5
2026-08-05,36,18:00,operations.messaging,Leaks & supply interruption,messaging,3.0,329.0,0.6,0.53
2026-08-05,37,18:30,operations.messaging,Leaks & supply interruption,messaging,4.0,329.0,0.79,0.77
2026-08-05,38,19:00,operations.messaging,Leaks & supply interruption,messaging,5.0,329.0,0.89,0.8
2026-08-05,39,19:30,operations.messaging,Leaks & supply interruption,messaging,2.0,329.0,0.33,0.36
2026-08-05,40,20:00,operations.messaging,Leaks & supply interruption,messaging,1.0,329.0,0.18,0.18
2026-08-05,41,20:30,operations.messaging,Leaks & supply interruption,messaging,1.0,329.0,0.2,0.19
2026-08-05,42,21:00,operations.messaging,Leaks & supply interruption,messaging,2.0,329.0,0.37,0.36
2026-08-05,43,21:30,operations.messaging,Leaks & supply interruption,messaging,1.0,329.0,0.19,0.17
2026-08-05,44,22:00,operations.messaging,Leaks & supply interruption,messaging,2.0,329.0,0.32,0.39
2026-08-05,45,22:30,operations.messaging,Leaks & supply interruption,messaging,2.0,329.0,0.32,0.36
2026-08-05,46,23:00,operations.messaging,Leaks & supply interruption,messaging,0.0,329.0,0.0,0.0
2026-08-05,47,23:30,operations.messaging,Leaks & supply interruption,messaging,0.0,329.0,0.0,0.0
2026-08-06,0,00:00,operations.messaging,Leaks & supply interruption,messaging,0.0,327.2,0.0,0.0
2026-08-06,1,00:30,operations.messaging,Leaks & supply interruption,messaging,0.0,327.2,0.0,0.0
2026-08-06,2,01:00,operations.messaging,Leaks & supply interruption,messaging,1.0,327.2,0.16,0.2
2026-08-06,3,01:30,operations.messaging,Leaks & supply interruption,messaging,1.0,327.2,0.15,0.18
2026-08-06,4,02:00,operations.messaging,Leaks & supply interruption,messaging,0.0,327.2,0.0,0.0
2026-08-06,5,02:30,operations.messaging,Leaks & supply interruption,messaging,3.0,327.2,0.62,0.52
2026-08-06,6,03:00,operations.messaging,Leaks & supply interruption,messaging,2.0,327.2,0.32,0.38
2026-08-06,7,03:30,operations.messaging,Leaks & supply interruption,messaging,1.0,327.2,0.15,0.19
2026-08-06,8,04:00,operations.messaging,Leaks & supply interruption,messaging,0.0,327.2,0.0,0.0
2026-08-06,9,04:30,operations.messaging,Leaks & supply interruption,messaging,2.0,327.2,0.38,0.39
2026-08-06,10,05:00,operations.messaging,Leaks & supply interruption,messaging,1.0,327.2,0.16,0.18
2026-08-06,11,05:30,operations.messaging,Leaks & supply interruption,messaging,1.0,327.2,0.17,0.19
2026-08-06,12,06:00,operations.messaging,Leaks & supply interruption,messaging,0.0,327.2,0.0,0.0
2026-08-06,13,06:30,operations.messaging,Leaks & supply interruption,messaging,4.0,327.2,0.66,0.74
2026-08-06,14,07:00,operations.messaging,Leaks & supply interruption,messaging,6.0,327.2,1.2,1.03
2026-08-06,15,07:30,operations.messaging,Leaks & supply interruption,messaging,3.0,327.2,0.42,0.6
2026-08-06,16,08:00,operations.messaging,Leaks & supply interruption,messaging,9.0,327.2,1.42,1.6
2026-08-06,17,08:30,operations.messaging,Leaks & supply interruption,messaging,5.0,327.2,0.86,1.02
2026-08-06,18,09:00,operations.messaging,Leaks & supply interruption,messaging,11.0,327.2,1.77,2.04
2026-08-06,19,09:30,operations.messaging,Leaks & supply interruption,messaging,19.0,327.2,4.01,3.48
2026-08-06,20,10:00,operations.messaging,Leaks & supply interruption,messaging,12.0,327.2,2.35,2.3
2026-08-06,21,10:30,operations.messaging,Leaks & supply interruption,messaging,12.0,327.2,1.99,2.17
2026-08-06,22,11:00,operations.messaging,Leaks & supply interruption,messaging,10.0,327.2,1.76,1.71
2026-08-06,23,11:30,operations.messaging,Leaks & supply interruption,messaging,8.0,327.2,1.83,1.48
2026-08-06,24,12:00,operations.messaging,Leaks & supply interruption,messaging,4.0,327.2,0.69,0.71
2026-08-06,25,12:30,operations.messaging,Leaks & supply interruption,messaging,0.0,327.2,0.0,0.0
2026-08-06,26,13:00,operations.messaging,Leaks & supply interruption,messaging,5.0,327.2,0.73,0.95
2026-08-06,27,13:30,operations.messaging,Leaks & supply interruption,messaging,5.0,327.2,0.71,0.95
2026-08-06,28,14:00,operations.messaging,Leaks & supply interruption,messaging,6.0,327.2,1.04,1.16
2026-08-06,29,14:30,operations.messaging,Leaks & supply interruption,messaging,10.0,327.2,2.04,1.76
2026-08-06,30,15:00,operations.messaging,Leaks & supply interruption,messaging,8.0,327.2,1.66,1.44
2026-08-06,31,15:30,operations.messaging,Leaks & supply interruption,messaging,9.0,327.2,1.46,1.66
2026-08-06,32,16:00,operations.messaging,Leaks & supply interruption,messaging,4.0,327.2,0.71,0.69
2026-08-06,33,16:30,operations.messaging,Leaks & supply interruption,messaging,8.0,327.2,1.34,1.46
2026-08-06,34,17:00,operations.messaging,Leaks & supply interruption,messaging,6.0,327.2,1.09,1.07
2026-08-06,35,17:30,operations.messaging,Leaks & supply interruption,messaging,7.0,327.2,1.08,1.14
2026-08-06,36,18:00,operations.messaging,Leaks & supply interruption,messaging,3.0,327.2,0.45,0.56
2026-08-06,37,18:30,operations.messaging,Leaks & supply interruption,messaging,4.0,327.2,0.73,0.75
2026-08-06,38,19:00,operations.messaging,Leaks & supply interruption,messaging,2.0,327.2,0.38,0.36
2026-08-06,39,19:30,operations.messaging,Leaks & supply interruption,messaging,2.0,327.2,0.41,0.36
2026-08-06,40,20:00,operations.messaging,Leaks & supply interruption,messaging,3.0,327.2,0.5,0.59
2026-08-06,41,20:30,operations.messaging,Leaks & supply interruption,messaging,0.0,327.2,0.0,0.0
2026-08-06,42,21:00,operations.messaging,Leaks & supply interruption,messaging,0.0,327.2,0.0,0.0
2026-08-06,43,21:30,operations.messaging,Leaks & supply interruption,messaging,1.0,327.2,0.19,0.18
2026-08-06,44,22:00,operations.messaging,Leaks & supply interruption,messaging,0.0,327.2,0.0,0.0
2026-08-06,45,22:30,operations.messaging,Leaks & supply interruption,messaging,2.0,327.2,0.33,0.34
2026-08-06,46,23:00,operations.messaging,Leaks & supply interruption,messaging,1.0,327.2,0.16,0.18
2026-08-06,47,23:30,operations.messaging,Leaks & supply interruption,messaging,1.0,327.2,0.23,0.18
2026-08-07,0,00:00,operations.messaging,Leaks & supply interruption,messaging,0.0,320.1,0.0,0.0
2026-08-07,1,00:30,operations.messaging,Leaks & supply interruption,messaging,0.0,320.1,0.0,0.0
2026-08-07,2,01:00,operations.messaging,Leaks & supply interruption,messaging,1.0,320.1,0.13,0.17
2026-08-07,3,01:30,operations.messaging,Leaks & supply interruption,messaging,3.0,320.1,0.47,0.58
2026-08-07,4,02:00,operations.messaging,Leaks & supply interruption,messaging,0.0,320.1,0.0,0.0
2026-08-07,5,02:30,operations.messaging,Leaks & supply interruption,messaging,0.0,320.1,0.0,0.0
2026-08-07,6,03:00,operations.messaging,Leaks & supply interruption,messaging,1.0,320.1,0.19,0.17
2026-08-07,7,03:30,operations.messaging,Leaks & supply interruption,messaging,1.0,320.1,0.14,0.18
2026-08-07,8,04:00,operations.messaging,Leaks & supply interruption,messaging,1.0,320.1,0.23,0.17
2026-08-07,9,04:30,operations.messaging,Leaks & supply interruption,messaging,0.0,320.1,0.0,0.0
2026-08-07,10,05:00,operations.messaging,Leaks & supply interruption,messaging,2.0,320.1,0.38,0.38
2026-08-07,11,05:30,operations.messaging,Leaks & supply interruption,messaging,1.0,320.1,0.16,0.17
2026-08-07,12,06:00,operations.messaging,Leaks & supply interruption,messaging,2.0,320.1,0.34,0.37
2026-08-07,13,06:30,operations.messaging,Leaks & supply interruption,messaging,6.0,320.1,1.14,1.04
2026-08-07,14,07:00,operations.messaging,Leaks & supply interruption,messaging,5.0,320.1,0.89,0.9
2026-08-07,15,07:30,operations.messaging,Leaks & supply interruption,messaging,7.0,320.1,1.21,1.22
2026-08-07,16,08:00,operations.messaging,Leaks & supply interruption,messaging,11.0,320.1,2.11,1.99
2026-08-07,17,08:30,operations.messaging,Leaks & supply interruption,messaging,7.0,320.1,1.1,1.34
2026-08-07,18,09:00,operations.messaging,Leaks & supply interruption,messaging,22.0,320.1,3.55,3.89
2026-08-07,19,09:30,operations.messaging,Leaks & supply interruption,messaging,16.0,320.1,2.35,2.89
2026-08-07,20,10:00,operations.messaging,Leaks & supply interruption,messaging,17.0,320.1,3.18,3.18
2026-08-07,21,10:30,operations.messaging,Leaks & supply interruption,messaging,6.0,320.1,1.18,1.08
2026-08-07,22,11:00,operations.messaging,Leaks & supply interruption,messaging,8.0,320.1,1.52,1.46
2026-08-07,23,11:30,operations.messaging,Leaks & supply interruption,messaging,4.0,320.1,0.55,0.72
2026-08-07,24,12:00,operations.messaging,Leaks & supply interruption,messaging,7.0,320.1,1.15,1.25
2026-08-07,25,12:30,operations.messaging,Leaks & supply interruption,messaging,8.0,320.1,1.2,1.4
2026-08-07,26,13:00,operations.messaging,Leaks & supply interruption,messaging,7.0,320.1,1.18,1.16
2026-08-07,27,13:30,operations.messaging,Leaks & supply interruption,messaging,11.0,320.1,1.66,2.01
2026-08-07,28,14:00,operations.messaging,Leaks & supply interruption,messaging,18.0,320.1,3.53,3.19
2026-08-07,29,14:30,operations.messaging,Leaks & supply interruption,messaging,12.0,320.1,1.51,2.28
2026-08-07,30,15:00,operations.messaging,Leaks & supply interruption,messaging,9.0,320.1,1.41,1.68
2026-08-07,31,15:30,operations.messaging,Leaks & supply interruption,messaging,4.0,320.1,0.66,0.74
2026-08-07,32,16:00,operations.messaging,Leaks & supply interruption,messaging,9.0,320.1,1.58,1.54
2026-08-07,33,16:30,operations.messaging,Leaks & supply interruption,messaging,9.0,320.1,1.45,1.59
2026-08-07,34,17:00,operations.messaging,Leaks & supply interruption,messaging,7.0,320.1,1.07,1.29
2026-08-07,35,17:30,operations.messaging,Leaks & supply interruption,messaging,1.0,320.1,0.19,0.18
2026-08-07,36,18:00,operations.messaging,Leaks & supply interruption,messaging,3.0,320.1,0.47,0.5
2026-08-07,37,18:30,operations.messaging,Leaks & supply interruption,messaging,3.0,320.1,0.52,0.52
2026-08-07,38,19:00,operations.messaging,Leaks & supply interruption,messaging,2.0,320.1,0.39,0.35
2026-08-07,39,19:30,operations.messaging,Leaks & supply interruption,messaging,4.0,320.1,0.67,0.67
2026-08-07,40,20:00,operations.messaging,Leaks & supply interruption,messaging,4.0,320.1,0.59,0.69
2026-08-07,41,20:30,operations.messaging,Leaks & supply interruption,messaging,1.0,320.1,0.18,0.17
2026-08-07,42,21:00,operations.messaging,Leaks & supply interruption,messaging,0.0,320.1,0.0,0.0
2026-08-07,43,21:30,operations.messaging,Leaks & supply interruption,messaging,1.0,320.1,0.15,0.18
2026-08-07,44,22:00,operations.messaging,Leaks & supply interruption,messaging,1.0,320.1,0.15,0.18
2026-08-07,45,22:30,operations.messaging,Leaks & supply interruption,messaging,1.0,320.1,0.18,0.18
2026-08-07,46,23:00,operations.messaging,Leaks & supply interruption,messaging,1.0,320.1,0.19,0.18
2026-08-07,47,23:30,operations.messaging,Leaks & supply interruption,messaging,0.0,320.1,0.0,0.0
2026-08-08,0,00:00,operations.messaging,Leaks & supply interruption,messaging,2.0,316.5,0.32,0.33
2026-08-08,1,00:30,operations.messaging,Leaks & supply interruption,messaging,1.0,316.5,0.18,0.18
2026-08-08,2,01:00,operations.messaging,Leaks & supply interruption,messaging,1.0,316.5,0.19,0.18
2026-08-08,3,01:30,operations.messaging,Leaks & supply interruption,messaging,1.0,316.5,0.19,0.16
2026-08-08,4,02:00,operations.messaging,Leaks & supply interruption,messaging,1.0,316.5,0.13,0.16
2026-08-08,5,02:30,operations.messaging,Leaks & supply interruption,messaging,0.0,316.5,0.0,0.0
2026-08-08,6,03:00,operations.messaging,Leaks & supply interruption,messaging,0.0,316.5,0.0,0.0
2026-08-08,7,03:30,operations.messaging,Leaks & supply interruption,messaging,0.0,316.5,0.0,0.0
2026-08-08,8,04:00,operations.messaging,Leaks & supply interruption,messaging,1.0,316.5,0.13,0.17
2026-08-08,9,04:30,operations.messaging,Leaks & supply interruption,messaging,1.0,316.5,0.22,0.18
2026-08-08,10,05:00,operations.messaging,Leaks & supply interruption,messaging,0.0,316.5,0.0,0.0
2026-08-08,11,05:30,operations.messaging,Leaks & supply interruption,messaging,0.0,316.5,0.0,0.0
2026-08-08,12,06:00,operations.messaging,Leaks & supply interruption,messaging,2.0,316.5,0.24,0.36
2026-08-08,13,06:30,operations.messaging,Leaks & supply interruption,messaging,1.0,316.5,0.17,0.19
2026-08-08,14,07:00,operations.messaging,Leaks & supply interruption,messaging,3.0,316.5,0.48,0.49
2026-08-08,15,07:30,operations.messaging,Leaks & supply interruption,messaging,6.0,316.5,1.15,1.14
2026-08-08,16,08:00,operations.messaging,Leaks & supply interruption,messaging,8.0,316.5,1.69,1.46
2026-08-08,17,08:30,operations.messaging,Leaks & supply interruption,messaging,8.0,316.5,1.31,1.39
2026-08-08,18,09:00,operations.messaging,Leaks & supply interruption,messaging,9.0,316.5,1.56,1.54
2026-08-08,19,09:30,operations.messaging,Leaks & supply interruption,messaging,11.0,316.5,1.87,1.96
2026-08-08,20,10:00,operations.messaging,Leaks & supply interruption,messaging,9.0,316.5,1.68,1.49
2026-08-08,21,10:30,operations.messaging,Leaks & supply interruption,messaging,12.0,316.5,2.28,2.15
2026-08-08,22,11:00,operations.messaging,Leaks & supply interruption,messaging,9.0,316.5,1.56,1.56
2026-08-08,23,11:30,operations.messaging,Leaks & supply interruption,messaging,9.0,316.5,1.21,1.53
2026-08-08,24,12:00,operations.messaging,Leaks & supply interruption,messaging,6.0,316.5,1.15,1.06
2026-08-08,25,12:30,operations.messaging,Leaks & supply interruption,messaging,1.0,316.5,0.18,0.17
2026-08-08,26,13:00,operations.messaging,Leaks & supply interruption,messaging,6.0,316.5,0.95,1.04
2026-08-08,27,13:30,operations.messaging,Leaks & supply interruption,messaging,8.0,316.5,1.16,1.4
2026-08-08,28,14:00,operations.messaging,Leaks & supply interruption,messaging,6.0,316.5,1.32,1.07
2026-08-08,29,14:30,operations.messaging,Leaks & supply interruption,messaging,9.0,316.5,1.47,1.59
2026-08-08,30,15:00,operations.messaging,Leaks & supply interruption,messaging,10.0,316.5,1.78,1.92
2026-08-08,31,15:30,operations.messaging,Leaks & supply interruption,messaging,8.0,316.5,1.26,1.34
2026-08-08,32,16:00,operations.messaging,Leaks & supply interruption,messaging,6.0,316.5,0.89,1.02
2026-08-08,33,16:30,operations.messaging,Leaks & supply interruption,messaging,4.0,316.5,0.64,0.71
2026-08-08,34,17:00,operations.messaging,Leaks & supply interruption,messaging,1.0,316.5,0.16,0.17
2026-08-08,35,17:30,operations.messaging,Leaks & supply interruption,messaging,5.0,316.5,0.93,0.86
2026-08-08,36,18:00,operations.messaging,Leaks & supply interruption,messaging,4.0,316.5,0.66,0.69
2026-08-08,37,18:30,operations.messaging,Leaks & supply interruption,messaging,4.0,316.5,0.78,0.72
2026-08-08,38,19:00,operations.messaging,Leaks & supply interruption,messaging,4.0,316.5,0.61,0.72
2026-08-08,39,19:30,operations.messaging,Leaks & supply interruption,messaging,4.0,316.5,0.57,0.68
2026-08-08,40,20:00,operations.messaging,Leaks & supply interruption,messaging,2.0,316.5,0.37,0.34
2026-08-08,41,20:30,operations.messaging,Leaks & supply interruption,messaging,3.0,316.5,0.48,0.52
2026-08-08,42,21:00,operations.messaging,Leaks & supply interruption,messaging,0.0,316.5,0.0,0.0
2026-08-08,43,21:30,operations.messaging,Leaks & supply interruption,messaging,0.0,316.5,0.0,0.0
2026-08-08,44,22:00,operations.messaging,Leaks & supply interruption,messaging,0.0,316.5,0.0,0.0
2026-08-08,45,22:30,operations.messaging,Leaks & supply interruption,messaging,1.0,316.5,0.2,0.17
2026-08-08,46,23:00,operations.messaging,Leaks & supply interruption,messaging,0.0,316.5,0.0,0.0
2026-08-08,47,23:30,operations.messaging,Leaks & supply interruption,messaging,0.0,316.5,0.0,0.0
2026-08-09,0,00:00,operations.messaging,Leaks & supply interruption,messaging,1.0,324.1,0.2,0.18
2026-08-09,1,00:30,operations.messaging,Leaks & supply interruption,messaging,0.0,324.1,0.0,0.0
2026-08-09,2,01:00,operations.messaging,Leaks & supply interruption,messaging,0.0,324.1,0.0,0.0
2026-08-09,3,01:30,operations.messaging,Leaks & supply interruption,messaging,1.0,324.1,0.15,0.2
2026-08-09,4,02:00,operations.messaging,Leaks & supply interruption,messaging,1.0,324.1,0.17,0.17
2026-08-09,5,02:30,operations.messaging,Leaks & supply interruption,messaging,2.0,324.1,0.36,0.35
2026-08-09,6,03:00,operations.messaging,Leaks & supply interruption,messaging,1.0,324.1,0.15,0.18
2026-08-09,7,03:30,operations.messaging,Leaks & supply interruption,messaging,1.0,324.1,0.18,0.18
2026-08-09,8,04:00,operations.messaging,Leaks & supply interruption,messaging,0.0,324.1,0.0,0.0
2026-08-09,9,04:30,operations.messaging,Leaks & supply interruption,messaging,1.0,324.1,0.13,0.17
2026-08-09,10,05:00,operations.messaging,Leaks & supply interruption,messaging,0.0,324.1,0.0,0.0
2026-08-09,11,05:30,operations.messaging,Leaks & supply interruption,messaging,1.0,324.1,0.2,0.19
2026-08-09,12,06:00,operations.messaging,Leaks & supply interruption,messaging,0.0,324.1,0.0,0.0
2026-08-09,13,06:30,operations.messaging,Leaks & supply interruption,messaging,3.0,324.1,0.52,0.52
2026-08-09,14,07:00,operations.messaging,Leaks & supply interruption,messaging,3.0,324.1,0.62,0.59
2026-08-09,15,07:30,operations.messaging,Leaks & supply interruption,messaging,7.0,324.1,1.12,1.25
2026-08-09,16,08:00,operations.messaging,Leaks & supply interruption,messaging,10.0,324.1,1.8,1.82
2026-08-09,17,08:30,operations.messaging,Leaks & supply interruption,messaging,11.0,324.1,1.73,1.91
2026-08-09,18,09:00,operations.messaging,Leaks & supply interruption,messaging,10.0,324.1,1.43,1.89
2026-08-09,19,09:30,operations.messaging,Leaks & supply interruption,messaging,8.0,324.1,1.76,1.43
2026-08-09,20,10:00,operations.messaging,Leaks & supply interruption,messaging,12.0,324.1,1.75,2.45
2026-08-09,21,10:30,operations.messaging,Leaks & supply interruption,messaging,7.0,324.1,1.1,1.2
2026-08-09,22,11:00,operations.messaging,Leaks & supply interruption,messaging,7.0,324.1,1.2,1.3
2026-08-09,23,11:30,operations.messaging,Leaks & supply interruption,messaging,4.0,324.1,0.69,0.62
2026-08-09,24,12:00,operations.messaging,Leaks & supply interruption,messaging,3.0,324.1,0.62,0.57
2026-08-09,25,12:30,operations.messaging,Leaks & supply interruption,messaging,4.0,324.1,0.64,0.74
2026-08-09,26,13:00,operations.messaging,Leaks & supply interruption,messaging,2.0,324.1,0.36,0.36
2026-08-09,27,13:30,operations.messaging,Leaks & supply interruption,messaging,3.0,324.1,0.49,0.51
2026-08-09,28,14:00,operations.messaging,Leaks & supply interruption,messaging,12.0,324.1,2.11,2.26
2026-08-09,29,14:30,operations.messaging,Leaks & supply interruption,messaging,10.0,324.1,1.4,1.84
2026-08-09,30,15:00,operations.messaging,Leaks & supply interruption,messaging,14.0,324.1,2.19,2.56
2026-08-09,31,15:30,operations.messaging,Leaks & supply interruption,messaging,6.0,324.1,0.95,1.16
2026-08-09,32,16:00,operations.messaging,Leaks & supply interruption,messaging,8.0,324.1,1.91,1.39
2026-08-09,33,16:30,operations.messaging,Leaks & supply interruption,messaging,3.0,324.1,0.45,0.54
2026-08-09,34,17:00,operations.messaging,Leaks & supply interruption,messaging,5.0,324.1,0.89,0.94
2026-08-09,35,17:30,operations.messaging,Leaks & supply interruption,messaging,4.0,324.1,0.67,0.73
2026-08-09,36,18:00,operations.messaging,Leaks & supply interruption,messaging,0.0,324.1,0.0,0.0
2026-08-09,37,18:30,operations.messaging,Leaks & supply interruption,messaging,3.0,324.1,0.5,0.53
2026-08-09,38,19:00,operations.messaging,Leaks & supply interruption,messaging,6.0,324.1,0.86,1.12
2026-08-09,39,19:30,operations.messaging,Leaks & supply interruption,messaging,3.0,324.1,0.47,0.55
2026-08-09,40,20:00,operations.messaging,Leaks & supply interruption,messaging,4.0,324.1,0.66,0.72
2026-08-09,41,20:30,operations.messaging,Leaks & supply interruption,messaging,2.0,324.1,0.43,0.37
2026-08-09,42,21:00,operations.messaging,Leaks & supply interruption,messaging,1.0,324.1,0.16,0.2
2026-08-09,43,21:30,operations.messaging,Leaks & supply interruption,messaging,0.0,324.1,0.0,0.0
2026-08-09,44,22:00,operations.messaging,Leaks & supply interruption,messaging,0.0,324.1,0.0,0.0
2026-08-09,45,22:30,operations.messaging,Leaks & supply interruption,messaging,0.0,324.1,0.0,0.0
2026-08-09,46,23:00,operations.messaging,Leaks & supply interruption,messaging,0.0,324.1,0.0,0.0
2026-08-09,47,23:30,operations.messaging,Leaks & supply interruption,messaging,0.0,324.1,0.0,0.0
2026-08-10,0,00:00,operations.messaging,Leaks & supply interruption,messaging,1.0,323.2,0.16,0.17
2026-08-10,1,00:30,operations.messaging,Leaks & supply interruption,messaging,1.0,323.2,0.17,0.19
2026-08-10,2,01:00,operations.messaging,Leaks & supply interruption,messaging,1.0,323.2,0.17,0.19
2026-08-10,3,01:30,operations.messaging,Leaks & supply interruption,messaging,0.0,323.2,0.0,0.0
2026-08-10,4,02:00,operations.messaging,Leaks & supply interruption,messaging,1.0,323.2,0.17,0.18
2026-08-10,5,02:30,operations.messaging,Leaks & supply interruption,messaging,1.0,323.2,0.14,0.19
2026-08-10,6,03:00,operations.messaging,Leaks & supply interruption,messaging,0.0,323.2,0.0,0.0
2026-08-10,7,03:30,operations.messaging,Leaks & supply interruption,messaging,1.0,323.2,0.2,0.17
2026-08-10,8,04:00,operations.messaging,Leaks & supply interruption,messaging,1.0,323.2,0.16,0.18
2026-08-10,9,04:30,operations.messaging,Leaks & supply interruption,messaging,1.0,323.2,0.16,0.17
2026-08-10,10,05:00,operations.messaging,Leaks & supply interruption,messaging,1.0,323.2,0.16,0.18
2026-08-10,11,05:30,operations.messaging,Leaks & supply interruption,messaging,1.0,323.2,0.19,0.18
2026-08-10,12,06:00,operations.messaging,Leaks & supply interruption,messaging,0.0,323.2,0.0,0.0
2026-08-10,13,06:30,operations.messaging,Leaks & supply interruption,messaging,8.0,323.2,1.25,1.41
2026-08-10,14,07:00,operations.messaging,Leaks & supply interruption,messaging,12.0,323.2,2.12,2.07
2026-08-10,15,07:30,operations.messaging,Leaks & supply interruption,messaging,7.0,323.2,1.16,1.3
2026-08-10,16,08:00,operations.messaging,Leaks & supply interruption,messaging,8.0,323.2,1.27,1.4
2026-08-10,17,08:30,operations.messaging,Leaks & supply interruption,messaging,13.0,323.2,2.47,2.43
2026-08-10,18,09:00,operations.messaging,Leaks & supply interruption,messaging,14.0,323.2,2.77,2.62
2026-08-10,19,09:30,operations.messaging,Leaks & supply interruption,messaging,16.0,323.2,3.02,2.79
2026-08-10,20,10:00,operations.messaging,Leaks & supply interruption,messaging,20.0,323.2,3.9,3.4
2026-08-10,21,10:30,operations.messaging,Leaks & supply interruption,messaging,9.0,323.2,1.73,1.7
2026-08-10,22,11:00,operations.messaging,Leaks & supply interruption,messaging,18.0,323.2,2.97,3.05
2026-08-10,23,11:30,operations.messaging,Leaks & supply interruption,messaging,12.0,323.2,1.93,2.1
2026-08-10,24,12:00,operations.messaging,Leaks & supply interruption,messaging,6.0,323.2,0.97,1.13
2026-08-10,25,12:30,operations.messaging,Leaks & supply interruption,messaging,3.0,323.2,0.46,0.53
2026-08-10,26,13:00,operations.messaging,Leaks & supply interruption,messaging,7.0,323.2,1.23,1.31
2026-08-10,27,13:30,operations.messaging,Leaks & supply interruption,messaging,13.0,323.2,3.08,2.43
2026-08-10,28,14:00,operations.messaging,Leaks & supply interruption,messaging,7.0,323.2,1.19,1.17
2026-08-10,29,14:30,operations.messaging,Leaks & supply interruption,messaging,13.0,323.2,2.34,2.24
2026-08-10,30,15:00,operations.messaging,Leaks & supply interruption,messaging,13.0,323.2,2.41,2.35
2026-08-10,31,15:30,operations.messaging,Leaks & supply interruption,messaging,7.0,323.2,1.22,1.3
2026-08-10,32,16:00,operations.messaging,Leaks & supply interruption,messaging,10.0,323.2,1.61,2.01
2026-08-10,33,16:30,operations.messaging,Leaks & supply interruption,messaging,3.0,323.2,0.53,0.56
2026-08-10,34,17:00,operations.messaging,Leaks & supply interruption,messaging,6.0,323.2,0.97,1.08
2026-08-10,35,17:30,operations.messaging,Leaks & supply interruption,messaging,9.0,323.2,1.76,1.69
2026-08-10,36,18:00,operations.messaging,Leaks & supply interruption,messaging,8.0,323.2,1.37,1.35
2026-08-10,37,18:30,operations.messaging,Leaks & supply interruption,messaging,2.0,323.2,0.36,0.36
2026-08-10,38,19:00,operations.messaging,Leaks & supply interruption,messaging,2.0,323.2,0.37,0.36
2026-08-10,39,19:30,operations.messaging,Leaks & supply interruption,messaging,5.0,323.2,0.87,0.86
2026-08-10,40,20:00,operations.messaging,Leaks & supply interruption,messaging,7.0,323.2,1.25,1.26
2026-08-10,41,20:30,operations.messaging,Leaks & supply interruption,messaging,1.0,323.2,0.14,0.17
2026-08-10,42,21:00,operations.messaging,Leaks & supply interruption,messaging,1.0,323.2,0.16,0.18
2026-08-10,43,21:30,operations.messaging,Leaks & supply interruption,messaging,3.0,323.2,0.49,0.56
2026-08-10,44,22:00,operations.messaging,Leaks & supply interruption,messaging,1.0,323.2,0.16,0.19
2026-08-10,45,22:30,operations.messaging,Leaks & supply interruption,messaging,0.0,323.2,0.0,0.0
2026-08-10,46,23:00,operations.messaging,Leaks & supply interruption,messaging,2.0,323.2,0.33,0.38
2026-08-10,47,23:30,operations.messaging,Leaks & supply interruption,messaging,0.0,323.2,0.0,0.0
2026-08-11,0,00:00,operations.messaging,Leaks & supply interruption,messaging,0.0,321.0,0.0,0.0
2026-08-11,1,00:30,operations.messaging,Leaks & supply interruption,messaging,0.0,321.0,0.0,0.0
2026-08-11,2,01:00,operations.messaging,Leaks & supply interruption,messaging,0.0,321.0,0.0,0.0
2026-08-11,3,01:30,operations.messaging,Leaks & supply interruption,messaging,1.0,321.0,0.14,0.18
2026-08-11,4,02:00,operations.messaging,Leaks & supply interruption,messaging,1.0,321.0,0.18,0.2
2026-08-11,5,02:30,operations.messaging,Leaks & supply interruption,messaging,0.0,321.0,0.0,0.0
2026-08-11,6,03:00,operations.messaging,Leaks & supply interruption,messaging,2.0,321.0,0.34,0.33
2026-08-11,7,03:30,operations.messaging,Leaks & supply interruption,messaging,0.0,321.0,0.0,0.0
2026-08-11,8,04:00,operations.messaging,Leaks & supply interruption,messaging,1.0,321.0,0.21,0.17
2026-08-11,9,04:30,operations.messaging,Leaks & supply interruption,messaging,1.0,321.0,0.14,0.17
2026-08-11,10,05:00,operations.messaging,Leaks & supply interruption,messaging,0.0,321.0,0.0,0.0
2026-08-11,11,05:30,operations.messaging,Leaks & supply interruption,messaging,1.0,321.0,0.19,0.17
2026-08-11,12,06:00,operations.messaging,Leaks & supply interruption,messaging,4.0,321.0,0.65,0.69
2026-08-11,13,06:30,operations.messaging,Leaks & supply interruption,messaging,5.0,321.0,0.64,0.91
2026-08-11,14,07:00,operations.messaging,Leaks & supply interruption,messaging,10.0,321.0,1.61,1.71
2026-08-11,15,07:30,operations.messaging,Leaks & supply interruption,messaging,9.0,321.0,1.23,1.63
2026-08-11,16,08:00,operations.messaging,Leaks & supply interruption,messaging,4.0,321.0,0.61,0.71
2026-08-11,17,08:30,operations.messaging,Leaks & supply interruption,messaging,6.0,321.0,1.15,1.15
2026-08-11,18,09:00,operations.messaging,Leaks & supply interruption,messaging,11.0,321.0,1.59,1.91
2026-08-11,19,09:30,operations.messaging,Leaks & supply interruption,messaging,7.0,321.0,1.01,1.25
2026-08-11,20,10:00,operations.messaging,Leaks & supply interruption,messaging,11.0,321.0,2.03,1.81
2026-08-11,21,10:30,operations.messaging,Leaks & supply interruption,messaging,15.0,321.0,3.02,2.6
2026-08-11,22,11:00,operations.messaging,Leaks & supply interruption,messaging,8.0,321.0,1.34,1.43
2026-08-11,23,11:30,operations.messaging,Leaks & supply interruption,messaging,10.0,321.0,1.8,1.76
2026-08-11,24,12:00,operations.messaging,Leaks & supply interruption,messaging,5.0,321.0,0.85,0.87
2026-08-11,25,12:30,operations.messaging,Leaks & supply interruption,messaging,4.0,321.0,0.66,0.74
2026-08-11,26,13:00,operations.messaging,Leaks & supply interruption,messaging,12.0,321.0,2.19,2.26
2026-08-11,27,13:30,operations.messaging,Leaks & supply interruption,messaging,9.0,321.0,1.53,1.73
2026-08-11,28,14:00,operations.messaging,Leaks & supply interruption,messaging,9.0,321.0,1.99,1.53
2026-08-11,29,14:30,operations.messaging,Leaks & supply interruption,messaging,13.0,321.0,2.46,2.27
2026-08-11,30,15:00,operations.messaging,Leaks & supply interruption,messaging,13.0,321.0,2.11,2.13
2026-08-11,31,15:30,operations.messaging,Leaks & supply interruption,messaging,9.0,321.0,1.33,1.64
2026-08-11,32,16:00,operations.messaging,Leaks & supply interruption,messaging,9.0,321.0,1.13,1.57
2026-08-11,33,16:30,operations.messaging,Leaks & supply interruption,messaging,10.0,321.0,1.83,1.72
2026-08-11,34,17:00,operations.messaging,Leaks & supply interruption,messaging,6.0,321.0,1.01,0.99
2026-08-11,35,17:30,operations.messaging,Leaks & supply interruption,messaging,9.0,321.0,1.76,1.57
2026-08-11,36,18:00,operations.messaging,Leaks & supply interruption,messaging,5.0,321.0,0.95,0.96
2026-08-11,37,18:30,operations.messaging,Leaks & supply interruption,messaging,9.0,321.0,1.54,1.34
2026-08-11,38,19:00,operations.messaging,Leaks & supply interruption,messaging,6.0,321.0,0.85,1.07
2026-08-11,39,19:30,operations.messaging,Leaks & supply interruption,messaging,1.0,321.0,0.17,0.19
2026-08-11,40,20:00,operations.messaging,Leaks & supply interruption,messaging,1.0,321.0,0.2,0.19
2026-08-11,41,20:30,operations.messaging,Leaks & supply interruption,messaging,3.0,321.0,0.51,0.56
2026-08-11,42,21:00,operations.messaging,Leaks & supply interruption,messaging,1.0,321.0,0.21,0.19
2026-08-11,43,21:30,operations.messaging,Leaks & supply interruption,messaging,1.0,321.0,0.15,0.17
2026-08-11,44,22:00,operations.messaging,Leaks & supply interruption,messaging,1.0,321.0,0.14,0.18
2026-08-11,45,22:30,operations.messaging,Leaks & supply interruption,messaging,0.0,321.0,0.0,0.0
2026-08-11,46,23:00,operations.messaging,Leaks & supply interruption,messaging,0.0,321.0,0.0,0.0
2026-08-11,47,23:30,operations.messaging,Leaks & supply interruption,messaging,0.0,321.0,0.0,0.0
2026-08-12,0,00:00,operations.messaging,Leaks & supply interruption,messaging,0.0,318.5,0.0,0.0
2026-08-12,1,00:30,operations.messaging,Leaks & supply interruption,messaging,1.0,318.5,0.17,0.18
2026-08-12,2,01:00,operations.messaging,Leaks & supply interruption,messaging,0.0,318.5,0.0,0.0
2026-08-12,3,01:30,operations.messaging,Leaks & supply interruption,messaging,1.0,318.5,0.15,0.19
2026-08-12,4,02:00,operations.messaging,Leaks & supply interruption,messaging,0.0,318.5,0.0,0.0
2026-08-12,5,02:30,operations.messaging,Leaks & supply interruption,messaging,0.0,318.5,0.0,0.0
2026-08-12,6,03:00,operations.messaging,Leaks & supply interruption,messaging,2.0,318.5,0.38,0.36
2026-08-12,7,03:30,operations.messaging,Leaks & supply interruption,messaging,0.0,318.5,0.0,0.0
2026-08-12,8,04:00,operations.messaging,Leaks & supply interruption,messaging,1.0,318.5,0.19,0.18
2026-08-12,9,04:30,operations.messaging,Leaks & supply interruption,messaging,2.0,318.5,0.33,0.36
2026-08-12,10,05:00,operations.messaging,Leaks & supply interruption,messaging,1.0,318.5,0.18,0.17
2026-08-12,11,05:30,operations.messaging,Leaks & supply interruption,messaging,1.0,318.5,0.22,0.18
2026-08-12,12,06:00,operations.messaging,Leaks & supply interruption,messaging,5.0,318.5,0.86,0.91
2026-08-12,13,06:30,operations.messaging,Leaks & supply interruption,messaging,4.0,318.5,0.63,0.71
2026-08-12,14,07:00,operations.messaging,Leaks & supply interruption,messaging,9.0,318.5,1.53,1.52
2026-08-12,15,07:30,operations.messaging,Leaks & supply interruption,messaging,8.0,318.5,1.46,1.36
2026-08-12,16,08:00,operations.messaging,Leaks & supply interruption,messaging,5.0,318.5,0.63,0.91
2026-08-12,17,08:30,operations.messaging,Leaks & supply interruption,messaging,7.0,318.5,1.34,1.25
2026-08-12,18,09:00,operations.messaging,Leaks & supply interruption,messaging,6.0,318.5,1.01,1.07
2026-08-12,19,09:30,operations.messaging,Leaks & supply interruption,messaging,15.0,318.5,2.48,2.82
2026-08-12,20,10:00,operations.messaging,Leaks & supply interruption,messaging,13.0,318.5,2.06,2.29
2026-08-12,21,10:30,operations.messaging,Leaks & supply interruption,messaging,13.0,318.5,2.36,2.51
2026-08-12,22,11:00,operations.messaging,Leaks & supply interruption,messaging,8.0,318.5,1.32,1.35
2026-08-12,23,11:30,operations.messaging,Leaks & supply interruption,messaging,7.0,318.5,1.07,1.12
2026-08-12,24,12:00,operations.messaging,Leaks & supply interruption,messaging,7.0,318.5,1.3,1.25
2026-08-12,25,12:30,operations.messaging,Leaks & supply interruption,messaging,2.0,318.5,0.39,0.37
2026-08-12,26,13:00,operations.messaging,Leaks & supply interruption,messaging,4.0,318.5,0.5,0.71
2026-08-12,27,13:30,operations.messaging,Leaks & supply interruption,messaging,6.0,318.5,0.98,1.09
2026-08-12,28,14:00,operations.messaging,Leaks & supply interruption,messaging,20.0,318.5,3.17,3.41
2026-08-12,29,14:30,operations.messaging,Leaks & supply interruption,messaging,7.0,318.5,1.12,1.27
2026-08-12,30,15:00,operations.messaging,Leaks & supply interruption,messaging,14.0,318.5,2.53,2.53
2026-08-12,31,15:30,operations.messaging,Leaks & supply interruption,messaging,11.0,318.5,1.6,1.85
2026-08-12,32,16:00,operations.messaging,Leaks & supply interruption,messaging,5.0,318.5,0.89,0.9
2026-08-12,33,16:30,operations.messaging,Leaks & supply interruption,messaging,6.0,318.5,1.06,1.0
2026-08-12,34,17:00,operations.messaging,Leaks & supply interruption,messaging,1.0,318.5,0.17,0.19
2026-08-12,35,17:30,operations.messaging,Leaks & supply interruption,messaging,5.0,318.5,1.01,0.87
2026-08-12,36,18:00,operations.messaging,Leaks & supply interruption,messaging,3.0,318.5,0.42,0.5
2026-08-12,37,18:30,operations.messaging,Leaks & supply interruption,messaging,4.0,318.5,0.5,0.73
2026-08-12,38,19:00,operations.messaging,Leaks & supply interruption,messaging,0.0,318.5,0.0,0.0
2026-08-12,39,19:30,operations.messaging,Leaks & supply interruption,messaging,4.0,318.5,0.79,0.75
2026-08-12,40,20:00,operations.messaging,Leaks & supply interruption,messaging,6.0,318.5,1.05,1.08
2026-08-12,41,20:30,operations.messaging,Leaks & supply interruption,messaging,2.0,318.5,0.24,0.35
2026-08-12,42,21:00,operations.messaging,Leaks & supply interruption,messaging,0.0,318.5,0.0,0.0
2026-08-12,43,21:30,operations.messaging,Leaks & supply interruption,messaging,0.0,318.5,0.0,0.0
2026-08-12,44,22:00,operations.messaging,Leaks & supply interruption,messaging,0.0,318.5,0.0,0.0
2026-08-12,45,22:30,operations.messaging,Leaks & supply interruption,messaging,2.0,318.5,0.37,0.35
2026-08-12,46,23:00,operations.messaging,Leaks & supply interruption,messaging,0.0,318.5,0.0,0.0
2026-08-12,47,23:30,operations.messaging,Leaks & supply interruption,messaging,2.0,318.5,0.23,0.34
2026-08-13,0,00:00,operations.messaging,Leaks & supply interruption,messaging,3.0,316.0,0.59,0.48
2026-08-13,1,00:30,operations.messaging,Leaks & supply interruption,messaging,0.0,316.0,0.0,0.0
2026-08-13,2,01:00,operations.messaging,Leaks & supply interruption,messaging,0.0,316.0,0.0,0.0
2026-08-13,3,01:30,operations.messaging,Leaks & supply interruption,messaging,1.0,316.0,0.17,0.16
2026-08-13,4,02:00,operations.messaging,Leaks & supply interruption,messaging,1.0,316.0,0.15,0.18
2026-08-13,5,02:30,operations.messaging,Leaks & supply interruption,messaging,0.0,316.0,0.0,0.0
2026-08-13,6,03:00,operations.messaging,Leaks & supply interruption,messaging,2.0,316.0,0.35,0.34
2026-08-13,7,03:30,operations.messaging,Leaks & supply interruption,messaging,0.0,316.0,0.0,0.0
2026-08-13,8,04:00,operations.messaging,Leaks & supply interruption,messaging,0.0,316.0,0.0,0.0
2026-08-13,9,04:30,operations.messaging,Leaks & supply interruption,messaging,1.0,316.0,0.15,0.18
2026-08-13,10,05:00,operations.messaging,Leaks & supply interruption,messaging,0.0,316.0,0.0,0.0
2026-08-13,11,05:30,operations.messaging,Leaks & supply interruption,messaging,2.0,316.0,0.27,0.38
2026-08-13,12,06:00,operations.messaging,Leaks & supply interruption,messaging,2.0,316.0,0.34,0.36
2026-08-13,13,06:30,operations.messaging,Leaks & supply interruption,messaging,5.0,316.0,0.89,0.85
2026-08-13,14,07:00,operations.messaging,Leaks & supply interruption,messaging,4.0,316.0,0.71,0.73
2026-08-13,15,07:30,operations.messaging,Leaks & supply interruption,messaging,5.0,316.0,0.81,0.88
2026-08-13,16,08:00,operations.messaging,Leaks & supply interruption,messaging,2.0,316.0,0.32,0.36
2026-08-13,17,08:30,operations.messaging,Leaks & supply interruption,messaging,8.0,316.0,1.22,1.4
2026-08-13,18,09:00,operations.messaging,Leaks & supply interruption,messaging,9.0,316.0,1.64,1.57
2026-08-13,19,09:30,operations.messaging,Leaks & supply interruption,messaging,13.0,316.0,2.49,2.24
2026-08-13,20,10:00,operations.messaging,Leaks & supply interruption,messaging,9.0,316.0,1.67,1.69
2026-08-13,21,10:30,operations.messaging,Leaks & supply interruption,messaging,12.0,316.0,2.62,1.99
2026-08-13,22,11:00,operations.messaging,Leaks & supply interruption,messaging,8.0,316.0,1.39,1.45
2026-08-13,23,11:30,operations.messaging,Leaks & supply interruption,messaging,4.0,316.0,0.61,0.78
2026-08-13,24,12:00,operations.messaging,Leaks & supply interruption,messaging,5.0,316.0,0.92,0.91
2026-08-13,25,12:30,operations.messaging,Leaks & supply interruption,messaging,3.0,316.0,0.52,0.54
2026-08-13,26,13:00,operations.messaging,Leaks & supply interruption,messaging,2.0,316.0,0.32,0.32
2026-08-13,27,13:30,operations.messaging,Leaks & supply interruption,messaging,12.0,316.0,2.24,1.91
2026-08-13,28,14:00,operations.messaging,Leaks & supply interruption,messaging,10.0,316.0,2.1,1.73
2026-08-13,29,14:30,operations.messaging,Leaks & supply interruption,messaging,8.0,316.0,1.23,1.32
2026-08-13,30,15:00,operations.messaging,Leaks & supply interruption,messaging,9.0,316.0,1.4,1.62
2026-08-13,31,15:30,operations.messaging,Leaks & supply interruption,messaging,13.0,316.0,2.21,2.3
2026-08-13,32,16:00,operations.messaging,Leaks & supply interruption,messaging,11.0,316.0,1.72,1.95
2026-08-13,33,16:30,operations.messaging,Leaks & supply interruption,messaging,5.0,316.0,0.71,0.88
2026-08-13,34,17:00,operations.messaging,Leaks & supply interruption,messaging,5.0,316.0,0.83,0.87
2026-08-13,35,17:30,operations.messaging,Leaks & supply interruption,messaging,8.0,316.0,1.34,1.4
2026-08-13,36,18:00,operations.messaging,Leaks & supply interruption,messaging,9.0,316.0,1.5,1.49
2026-08-13,37,18:30,operations.messaging,Leaks & supply interruption,messaging,6.0,316.0,0.88,1.08
2026-08-13,38,19:00,operations.messaging,Leaks & supply interruption,messaging,1.0,316.0,0.16,0.18
2026-08-13,39,19:30,operations.messaging,Leaks & supply interruption,messaging,5.0,316.0,0.77,0.86
2026-08-13,40,20:00,operations.messaging,Leaks & supply interruption,messaging,1.0,316.0,0.13,0.19
2026-08-13,41,20:30,operations.messaging,Leaks & supply interruption,messaging,4.0,316.0,0.64,0.69
2026-08-13,42,21:00,operations.messaging,Leaks & supply interruption,messaging,3.0,316.0,0.57,0.52
2026-08-13,43,21:30,operations.messaging,Leaks & supply interruption,messaging,0.0,316.0,0.0,0.0
2026-08-13,44,22:00,operations.messaging,Leaks & supply interruption,messaging,1.0,316.0,0.15,0.18
2026-08-13,45,22:30,operations.messaging,Leaks & supply interruption,messaging,1.0,316.0,0.17,0.17
2026-08-13,46,23:00,operations.messaging,Leaks & supply interruption,messaging,0.0,316.0,0.0,0.0
2026-08-13,47,23:30,operations.messaging,Leaks & supply interruption,messaging,1.0,316.0,0.15,0.17
2026-08-14,0,00:00,operations.messaging,Leaks & supply interruption,messaging,3.0,321.0,0.48,0.53
2026-08-14,1,00:30,operations.messaging,Leaks & supply interruption,messaging,0.0,321.0,0.0,0.0
2026-08-14,2,01:00,operations.messaging,Leaks & supply interruption,messaging,1.0,321.0,0.17,0.18
2026-08-14,3,01:30,operations.messaging,Leaks & supply interruption,messaging,0.0,321.0,0.0,0.0
2026-08-14,4,02:00,operations.messaging,Leaks & supply interruption,messaging,1.0,321.0,0.15,0.16
2026-08-14,5,02:30,operations.messaging,Leaks & supply interruption,messaging,0.0,321.0,0.0,0.0
2026-08-14,6,03:00,operations.messaging,Leaks & supply interruption,messaging,0.0,321.0,0.0,0.0
2026-08-14,7,03:30,operations.messaging,Leaks & supply interruption,messaging,0.0,321.0,0.0,0.0
2026-08-14,8,04:00,operations.messaging,Leaks & supply interruption,messaging,0.0,321.0,0.0,0.0
2026-08-14,9,04:30,operations.messaging,Leaks & supply interruption,messaging,1.0,321.0,0.14,0.18
2026-08-14,10,05:00,operations.messaging,Leaks & supply interruption,messaging,0.0,321.0,0.0,0.0
2026-08-14,11,05:30,operations.messaging,Leaks & supply interruption,messaging,3.0,321.0,0.41,0.56
2026-08-14,12,06:00,operations.messaging,Leaks & supply interruption,messaging,0.0,321.0,0.0,0.0
2026-08-14,13,06:30,operations.messaging,Leaks & supply interruption,messaging,8.0,321.0,1.58,1.44
2026-08-14,14,07:00,operations.messaging,Leaks & supply interruption,messaging,7.0,321.0,1.28,1.29
2026-08-14,15,07:30,operations.messaging,Leaks & supply interruption,messaging,7.0,321.0,1.35,1.34
2026-08-14,16,08:00,operations.messaging,Leaks & supply interruption,messaging,6.0,321.0,1.09,1.02
2026-08-14,17,08:30,operations.messaging,Leaks & supply interruption,messaging,14.0,321.0,1.99,2.34
2026-08-14,18,09:00,operations.messaging,Leaks & supply interruption,messaging,18.0,321.0,3.29,3.49
2026-08-14,19,09:30,operations.messaging,Leaks & supply interruption,messaging,13.0,321.0,2.4,2.43
2026-08-14,20,10:00,operations.messaging,Leaks & supply interruption,messaging,16.0,321.0,2.76,2.83
2026-08-14,21,10:30,operations.messaging,Leaks & supply interruption,messaging,12.0,321.0,2.07,2.21
2026-08-14,22,11:00,operations.messaging,Leaks & supply interruption,messaging,8.0,321.0,1.53,1.4
2026-08-14,23,11:30,operations.messaging,Leaks & supply interruption,messaging,8.0,321.0,1.45,1.43
2026-08-14,24,12:00,operations.messaging,Leaks & supply interruption,messaging,4.0,321.0,0.54,0.75
2026-08-14,25,12:30,operations.messaging,Leaks & supply interruption,messaging,3.0,321.0,0.44,0.49
2026-08-14,26,13:00,operations.messaging,Leaks & supply interruption,messaging,6.0,321.0,1.12,1.13
2026-08-14,27,13:30,operations.messaging,Leaks & supply interruption,messaging,3.0,321.0,0.62,0.54
2026-08-14,28,14:00,operations.messaging,Leaks & supply interruption,messaging,16.0,321.0,2.45,2.78
2026-08-14,29,14:30,operations.messaging,Leaks & supply interruption,messaging,13.0,321.0,2.27,2.35
2026-08-14,30,15:00,operations.messaging,Leaks & supply interruption,messaging,13.0,321.0,2.0,2.26
2026-08-14,31,15:30,operations.messaging,Leaks & supply interruption,messaging,6.0,321.0,1.18,1.04
2026-08-14,32,16:00,operations.messaging,Leaks & supply interruption,messaging,7.0,321.0,1.32,1.29
2026-08-14,33,16:30,operations.messaging,Leaks & supply interruption,messaging,6.0,321.0,1.21,1.07
2026-08-14,34,17:00,operations.messaging,Leaks & supply interruption,messaging,7.0,321.0,1.21,1.26
2026-08-14,35,17:30,operations.messaging,Leaks & supply interruption,messaging,6.0,321.0,1.01,1.09
2026-08-14,36,18:00,operations.messaging,Leaks & supply interruption,messaging,2.0,321.0,0.32,0.38
2026-08-14,37,18:30,operations.messaging,Leaks & supply interruption,messaging,2.0,321.0,0.35,0.36
2026-08-14,38,19:00,operations.messaging,Leaks & supply interruption,messaging,8.0,321.0,1.58,1.48
2026-08-14,39,19:30,operations.messaging,Leaks & supply interruption,messaging,3.0,321.0,0.46,0.56
2026-08-14,40,20:00,operations.messaging,Leaks & supply interruption,messaging,2.0,321.0,0.36,0.33
2026-08-14,41,20:30,operations.messaging,Leaks & supply interruption,messaging,3.0,321.0,0.58,0.53
2026-08-14,42,21:00,operations.messaging,Leaks & supply interruption,messaging,3.0,321.0,0.53,0.49
2026-08-14,43,21:30,operations.messaging,Leaks & supply interruption,messaging,0.0,321.0,0.0,0.0
2026-08-14,44,22:00,operations.messaging,Leaks & supply interruption,messaging,1.0,321.0,0.15,0.21
2026-08-14,45,22:30,operations.messaging,Leaks & supply interruption,messaging,2.0,321.0,0.38,0.36
2026-08-14,46,23:00,operations.messaging,Leaks & supply interruption,messaging,1.0,321.0,0.17,0.17
2026-08-14,47,23:30,operations.messaging,Leaks & supply interruption,messaging,1.0,321.0,0.23,0.16
2026-08-15,0,00:00,operations.messaging,Leaks & supply interruption,messaging,0.0,325.7,0.0,0.0
2026-08-15,1,00:30,operations.messaging,Leaks & supply interruption,messaging,0.0,325.7,0.0,0.0
2026-08-15,2,01:00,operations.messaging,Leaks & supply interruption,messaging,0.0,325.7,0.0,0.0
2026-08-15,3,01:30,operations.messaging,Leaks & supply interruption,messaging,1.0,325.7,0.13,0.18
2026-08-15,4,02:00,operations.messaging,Leaks & supply interruption,messaging,1.0,325.7,0.14,0.19
2026-08-15,5,02:30,operations.messaging,Leaks & supply interruption,messaging,0.0,325.7,0.0,0.0
2026-08-15,6,03:00,operations.messaging,Leaks & supply interruption,messaging,2.0,325.7,0.36,0.37
2026-08-15,7,03:30,operations.messaging,Leaks & supply interruption,messaging,1.0,325.7,0.17,0.19
2026-08-15,8,04:00,operations.messaging,Leaks & supply interruption,messaging,0.0,325.7,0.0,0.0
2026-08-15,9,04:30,operations.messaging,Leaks & supply interruption,messaging,0.0,325.7,0.0,0.0
2026-08-15,10,05:00,operations.messaging,Leaks & supply interruption,messaging,1.0,325.7,0.18,0.17
2026-08-15,11,05:30,operations.messaging,Leaks & supply interruption,messaging,2.0,325.7,0.33,0.33
2026-08-15,12,06:00,operations.messaging,Leaks & supply interruption,messaging,1.0,325.7,0.16,0.17
2026-08-15,13,06:30,operations.messaging,Leaks & supply interruption,messaging,7.0,325.7,1.2,1.23
2026-08-15,14,07:00,operations.messaging,Leaks & supply interruption,messaging,2.0,325.7,0.39,0.36
2026-08-15,15,07:30,operations.messaging,Leaks & supply interruption,messaging,8.0,325.7,1.41,1.38
2026-08-15,16,08:00,operations.messaging,Leaks & supply interruption,messaging,6.0,325.7,1.12,1.16
2026-08-15,17,08:30,operations.messaging,Leaks & supply interruption,messaging,10.0,325.7,1.67,1.83
2026-08-15,18,09:00,operations.messaging,Leaks & supply interruption,messaging,11.0,325.7,1.55,1.98
2026-08-15,19,09:30,operations.messaging,Leaks & supply interruption,messaging,14.0,325.7,3.17,2.58
2026-08-15,20,10:00,operations.messaging,Leaks & supply interruption,messaging,10.0,325.7,1.49,1.94
2026-08-15,21,10:30,operations.messaging,Leaks & supply interruption,messaging,21.0,325.7,2.92,3.97
2026-08-15,22,11:00,operations.messaging,Leaks & supply interruption,messaging,9.0,325.7,1.48,1.42
2026-08-15,23,11:30,operations.messaging,Leaks & supply interruption,messaging,5.0,325.7,0.8,0.92
2026-08-15,24,12:00,operations.messaging,Leaks & supply interruption,messaging,6.0,325.7,1.28,1.16
2026-08-15,25,12:30,operations.messaging,Leaks & supply interruption,messaging,3.0,325.7,0.5,0.5
2026-08-15,26,13:00,operations.messaging,Leaks & supply interruption,messaging,6.0,325.7,1.16,1.05
2026-08-15,27,13:30,operations.messaging,Leaks & supply interruption,messaging,12.0,325.7,2.08,2.31
2026-08-15,28,14:00,operations.messaging,Leaks & supply interruption,messaging,13.0,325.7,2.89,2.34
2026-08-15,29,14:30,operations.messaging,Leaks & supply interruption,messaging,13.0,325.7,2.31,2.17
2026-08-15,30,15:00,operations.messaging,Leaks & supply interruption,messaging,10.0,325.7,1.62,1.74
2026-08-15,31,15:30,operations.messaging,Leaks & supply interruption,messaging,7.0,325.7,0.89,1.32
2026-08-15,32,16:00,operations.messaging,Leaks & supply interruption,messaging,9.0,325.7,1.56,1.71
2026-08-15,33,16:30,operations.messaging,Leaks & supply interruption,messaging,9.0,325.7,1.6,1.67
2026-08-15,34,17:00,operations.messaging,Leaks & supply interruption,messaging,4.0,325.7,0.74,0.71
2026-08-15,35,17:30,operations.messaging,Leaks & supply interruption,messaging,8.0,325.7,1.34,1.4
2026-08-15,36,18:00,operations.messaging,Leaks & supply interruption,messaging,6.0,325.7,1.4,1.12
2026-08-15,37,18:30,operations.messaging,Leaks & supply interruption,messaging,4.0,325.7,0.76,0.68
2026-08-15,38,19:00,operations.messaging,Leaks & supply interruption,messaging,5.0,325.7,0.79,0.92
2026-08-15,39,19:30,operations.messaging,Leaks & supply interruption,messaging,4.0,325.7,0.65,0.81
2026-08-15,40,20:00,operations.messaging,Leaks & supply interruption,messaging,3.0,325.7,0.57,0.53
2026-08-15,41,20:30,operations.messaging,Leaks & supply interruption,messaging,3.0,325.7,0.61,0.54
2026-08-15,42,21:00,operations.messaging,Leaks & supply interruption,messaging,2.0,325.7,0.44,0.38
2026-08-15,43,21:30,operations.messaging,Leaks & supply interruption,messaging,2.0,325.7,0.34,0.33
2026-08-15,44,22:00,operations.messaging,Leaks & supply interruption,messaging,2.0,325.7,0.34,0.38
2026-08-15,45,22:30,operations.messaging,Leaks & supply interruption,messaging,0.0,325.7,0.0,0.0
2026-08-15,46,23:00,operations.messaging,Leaks & supply interruption,messaging,1.0,325.7,0.18,0.17
2026-08-15,47,23:30,operations.messaging,Leaks & supply interruption,messaging,0.0,325.7,0.0,0.0
2026-08-16,0,00:00,operations.messaging,Leaks & supply interruption,messaging,1.0,312.6,0.12,0.18
2026-08-16,1,00:30,operations.messaging,Leaks & supply interruption,messaging,1.0,312.6,0.13,0.17
2026-08-16,2,01:00,operations.messaging,Leaks & supply interruption,messaging,0.0,312.6,0.0,0.0
2026-08-16,3,01:30,operations.messaging,Leaks & supply interruption,messaging,0.0,312.6,0.0,0.0
2026-08-16,4,02:00,operations.messaging,Leaks & supply interruption,messaging,0.0,312.6,0.0,0.0
2026-08-16,5,02:30,operations.messaging,Leaks & supply interruption,messaging,0.0,312.6,0.0,0.0
2026-08-16,6,03:00,operations.messaging,Leaks & supply interruption,messaging,0.0,312.6,0.0,0.0
2026-08-16,7,03:30,operations.messaging,Leaks & supply interruption,messaging,1.0,312.6,0.19,0.18
2026-08-16,8,04:00,operations.messaging,Leaks & supply interruption,messaging,2.0,312.6,0.26,0.37
2026-08-16,9,04:30,operations.messaging,Leaks & supply interruption,messaging,0.0,312.6,0.0,0.0
2026-08-16,10,05:00,operations.messaging,Leaks & supply interruption,messaging,0.0,312.6,0.0,0.0
2026-08-16,11,05:30,operations.messaging,Leaks & supply interruption,messaging,2.0,312.6,0.35,0.34
2026-08-16,12,06:00,operations.messaging,Leaks & supply interruption,messaging,1.0,312.6,0.14,0.17
2026-08-16,13,06:30,operations.messaging,Leaks & supply interruption,messaging,3.0,312.6,0.48,0.56
2026-08-16,14,07:00,operations.messaging,Leaks & supply interruption,messaging,7.0,312.6,1.25,1.09
2026-08-16,15,07:30,operations.messaging,Leaks & supply interruption,messaging,4.0,312.6,0.56,0.68
2026-08-16,16,08:00,operations.messaging,Leaks & supply interruption,messaging,8.0,312.6,1.13,1.39
2026-08-16,17,08:30,operations.messaging,Leaks & supply interruption,messaging,7.0,312.6,1.33,1.24
2026-08-16,18,09:00,operations.messaging,Leaks & supply interruption,messaging,10.0,312.6,1.5,1.81
2026-08-16,19,09:30,operations.messaging,Leaks & supply interruption,messaging,15.0,312.6,2.8,2.51
2026-08-16,20,10:00,operations.messaging,Leaks & supply interruption,messaging,12.0,312.6,1.89,2.06
2026-08-16,21,10:30,operations.messaging,Leaks & supply interruption,messaging,12.0,312.6,2.31,2.07
2026-08-16,22,11:00,operations.messaging,Leaks & supply interruption,messaging,11.0,312.6,1.63,1.86
2026-08-16,23,11:30,operations.messaging,Leaks & supply interruption,messaging,7.0,312.6,1.35,1.23
2026-08-16,24,12:00,operations.messaging,Leaks & supply interruption,messaging,7.0,312.6,1.18,1.23
2026-08-16,25,12:30,operations.messaging,Leaks & supply interruption,messaging,2.0,312.6,0.26,0.35
2026-08-16,26,13:00,operations.messaging,Leaks & supply interruption,messaging,5.0,312.6,0.91,0.88
2026-08-16,27,13:30,operations.messaging,Leaks & supply interruption,messaging,4.0,312.6,0.71,0.68
2026-08-16,28,14:00,operations.messaging,Leaks & supply interruption,messaging,6.0,312.6,1.01,1.05
2026-08-16,29,14:30,operations.messaging,Leaks & supply interruption,messaging,11.0,312.6,1.56,1.91
2026-08-16,30,15:00,operations.messaging,Leaks & supply interruption,messaging,13.0,312.6,2.63,2.17
2026-08-16,31,15:30,operations.messaging,Leaks & supply interruption,messaging,8.0,312.6,1.34,1.41
2026-08-16,32,16:00,operations.messaging,Leaks & supply interruption,messaging,4.0,312.6,0.53,0.65
2026-08-16,33,16:30,operations.messaging,Leaks & supply interruption,messaging,4.0,312.6,0.69,0.74
2026-08-16,34,17:00,operations.messaging,Leaks & supply interruption,messaging,2.0,312.6,0.3,0.38
2026-08-16,35,17:30,operations.messaging,Leaks & supply interruption,messaging,3.0,312.6,0.44,0.54
2026-08-16,36,18:00,operations.messaging,Leaks & supply interruption,messaging,4.0,312.6,0.78,0.68
2026-08-16,37,18:30,operations.messaging,Leaks & supply interruption,messaging,2.0,312.6,0.37,0.31
2026-08-16,38,19:00,operations.messaging,Leaks & supply interruption,messaging,5.0,312.6,0.71,0.94
2026-08-16,39,19:30,operations.messaging,Leaks & supply interruption,messaging,2.0,312.6,0.29,0.38
2026-08-16,40,20:00,operations.messaging,Leaks & supply interruption,messaging,2.0,312.6,0.32,0.33
2026-08-16,41,20:30,operations.messaging,Leaks & supply interruption,messaging,2.0,312.6,0.38,0.33
2026-08-16,42,21:00,operations.messaging,Leaks & supply interruption,messaging,2.0,312.6,0.25,0.35
2026-08-16,43,21:30,operations.messaging,Leaks & supply interruption,messaging,2.0,312.6,0.41,0.33
2026-08-16,44,22:00,operations.messaging,Leaks & supply interruption,messaging,0.0,312.6,0.0,0.0
2026-08-16,45,22:30,operations.messaging,Leaks & supply interruption,messaging,0.0,312.6,0.0,0.0
2026-08-16,46,23:00,operations.messaging,Leaks & supply interruption,messaging,0.0,312.6,0.0,0.0
2026-08-16,47,23:30,operations.messaging,Leaks & supply interruption,messaging,0.0,312.6,0.0,0.0
2026-07-20,0,00:00,quality.voice,Water quality,voice,1.0,483.0,0.26,0.25
2026-07-20,1,00:30,quality.voice,Water quality,voice,0.0,483.0,0.0,0.0
2026-07-20,2,01:00,quality.voice,Water quality,voice,2.0,483.0,0.54,0.53
2026-07-20,3,01:30,quality.voice,Water quality,voice,3.0,483.0,0.8,0.85
2026-07-20,4,02:00,quality.voice,Water quality,voice,1.0,483.0,0.22,0.29
2026-07-20,5,02:30,quality.voice,Water quality,voice,1.0,483.0,0.18,0.25
2026-07-20,6,03:00,quality.voice,Water quality,voice,0.0,483.0,0.0,0.0
2026-07-20,7,03:30,quality.voice,Water quality,voice,1.0,483.0,0.28,0.28
2026-07-20,8,04:00,quality.voice,Water quality,voice,1.0,483.0,0.29,0.27
2026-07-20,9,04:30,quality.voice,Water quality,voice,1.0,483.0,0.22,0.24
2026-07-20,10,05:00,quality.voice,Water quality,voice,1.0,483.0,0.23,0.28
2026-07-20,11,05:30,quality.voice,Water quality,voice,0.0,483.0,0.0,0.0
2026-07-20,12,06:00,quality.voice,Water quality,voice,3.0,483.0,0.75,0.84
2026-07-20,13,06:30,quality.voice,Water quality,voice,3.0,483.0,0.63,0.78
2026-07-20,14,07:00,quality.voice,Water quality,voice,5.0,483.0,1.35,1.38
2026-07-20,15,07:30,quality.voice,Water quality,voice,5.0,483.0,1.21,1.28
2026-07-20,16,08:00,quality.voice,Water quality,voice,7.0,483.0,1.7,1.89
2026-07-20,17,08:30,quality.voice,Water quality,voice,12.0,483.0,3.68,3.16
2026-07-20,18,09:00,quality.voice,Water quality,voice,13.0,483.0,3.41,3.69
2026-07-20,19,09:30,quality.voice,Water quality,voice,17.0,483.0,4.45,4.33
2026-07-20,20,10:00,quality.voice,Water quality,voice,7.0,483.0,1.77,1.84
2026-07-20,21,10:30,quality.voice,Water quality,voice,10.0,483.0,2.65,2.67
2026-07-20,22,11:00,quality.voice,Water quality,voice,4.0,483.0,1.17,1.12
2026-07-20,23,11:30,quality.voice,Water quality,voice,10.0,483.0,2.6,2.65
2026-07-20,24,12:00,quality.voice,Water quality,voice,5.0,483.0,1.28,1.33
2026-07-20,25,12:30,quality.voice,Water quality,voice,4.0,483.0,1.01,1.15
2026-07-20,26,13:00,quality.voice,Water quality,voice,4.0,483.0,1.13,1.08
2026-07-20,27,13:30,quality.voice,Water quality,voice,2.0,483.0,0.45,0.57
2026-07-20,28,14:00,quality.voice,Water quality,voice,7.0,483.0,2.21,1.8
2026-07-20,29,14:30,quality.voice,Water quality,voice,11.0,483.0,2.78,2.89
2026-07-20,30,15:00,quality.voice,Water quality,voice,15.0,483.0,3.4,3.95
2026-07-20,31,15:30,quality.voice,Water quality,voice,12.0,483.0,3.28,3.23
2026-07-20,32,16:00,quality.voice,Water quality,voice,6.0,483.0,1.38,1.52
2026-07-20,33,16:30,quality.voice,Water quality,voice,7.0,483.0,1.99,1.92
2026-07-20,34,17:00,quality.voice,Water quality,voice,3.0,483.0,0.82,0.82
2026-07-20,35,17:30,quality.voice,Water quality,voice,7.0,483.0,2.36,1.92
2026-07-20,36,18:00,quality.voice,Water quality,voice,3.0,483.0,0.68,0.83
2026-07-20,37,18:30,quality.voice,Water quality,voice,4.0,483.0,1.28,1.04
2026-07-20,38,19:00,quality.voice,Water quality,voice,5.0,483.0,1.45,1.28
2026-07-20,39,19:30,quality.voice,Water quality,voice,3.0,483.0,0.9,0.84
2026-07-20,40,20:00,quality.voice,Water quality,voice,0.0,483.0,0.0,0.0
2026-07-20,41,20:30,quality.voice,Water quality,voice,4.0,483.0,1.03,1.12
2026-07-20,42,21:00,quality.voice,Water quality,voice,1.0,483.0,0.27,0.28
2026-07-20,43,21:30,quality.voice,Water quality,voice,1.0,483.0,0.27,0.27
2026-07-20,44,22:00,quality.voice,Water quality,voice,1.0,483.0,0.27,0.26
2026-07-20,45,22:30,quality.voice,Water quality,voice,0.0,483.0,0.0,0.0
2026-07-20,46,23:00,quality.voice,Water quality,voice,2.0,483.0,0.48,0.5
2026-07-20,47,23:30,quality.voice,Water quality,voice,1.0,483.0,0.19,0.26
2026-07-21,0,00:00,quality.voice,Water quality,voice,2.0,494.8,0.48,0.56
2026-07-21,1,00:30,quality.voice,Water quality,voice,1.0,494.8,0.26,0.28
2026-07-21,2,01:00,quality.voice,Water quality,voice,0.0,494.8,0.0,0.0
2026-07-21,3,01:30,quality.voice,Water quality,voice,0.0,494.8,0.0,0.0
2026-07-21,4,02:00,quality.voice,Water quality,voice,1.0,494.8,0.24,0.28
2026-07-21,5,02:30,quality.voice,Water quality,voice,0.0,494.8,0.0,0.0
2026-07-21,6,03:00,quality.voice,Water quality,voice,2.0,494.8,0.47,0.58
2026-07-21,7,03:30,quality.voice,Water quality,voice,0.0,494.8,0.0,0.0
2026-07-21,8,04:00,quality.voice,Water quality,voice,0.0,494.8,0.0,0.0
2026-07-21,9,04:30,quality.voice,Water quality,voice,1.0,494.8,0.26,0.28
2026-07-21,10,05:00,quality.voice,Water quality,voice,2.0,494.8,0.5,0.5
2026-07-21,11,05:30,quality.voice,Water quality,voice,1.0,494.8,0.24,0.28
2026-07-21,12,06:00,quality.voice,Water quality,voice,4.0,494.8,0.83,1.05
2026-07-21,13,06:30,quality.voice,Water quality,voice,5.0,494.8,1.16,1.32
2026-07-21,14,07:00,quality.voice,Water quality,voice,8.0,494.8,2.0,2.29
2026-07-21,15,07:30,quality.voice,Water quality,voice,7.0,494.8,1.82,2.1
2026-07-21,16,08:00,quality.voice,Water quality,voice,15.0,494.8,3.79,3.92
2026-07-21,17,08:30,quality.voice,Water quality,voice,12.0,494.8,3.76,2.88
2026-07-21,18,09:00,quality.voice,Water quality,voice,10.0,494.8,2.54,2.73
2026-07-21,19,09:30,quality.voice,Water quality,voice,24.0,494.8,6.61,6.28
2026-07-21,20,10:00,quality.voice,Water quality,voice,14.0,494.8,4.43,3.6
2026-07-21,21,10:30,quality.voice,Water quality,voice,11.0,494.8,2.84,2.88
2026-07-21,22,11:00,quality.voice,Water quality,voice,8.0,494.8,1.84,2.24
2026-07-21,23,11:30,quality.voice,Water quality,voice,3.0,494.8,0.93,0.92
2026-07-21,24,12:00,quality.voice,Water quality,voice,1.0,494.8,0.18,0.3
2026-07-21,25,12:30,quality.voice,Water quality,voice,2.0,494.8,0.72,0.59
2026-07-21,26,13:00,quality.voice,Water quality,voice,7.0,494.8,2.14,1.97
2026-07-21,27,13:30,quality.voice,Water quality,voice,12.0,494.8,3.17,3.09
2026-07-21,28,14:00,quality.voice,Water quality,voice,11.0,494.8,3.2,2.73
2026-07-21,29,14:30,quality.voice,Water quality,voice,9.0,494.8,3.02,2.41
2026-07-21,30,15:00,quality.voice,Water quality,voice,10.0,494.8,2.5,2.59
2026-07-21,31,15:30,quality.voice,Water quality,voice,10.0,494.8,3.17,2.75
2026-07-21,32,16:00,quality.voice,Water quality,voice,5.0,494.8,1.34,1.36
2026-07-21,33,16:30,quality.voice,Water quality,voice,7.0,494.8,2.07,1.93
2026-07-21,34,17:00,quality.voice,Water quality,voice,9.0,494.8,2.39,2.35
2026-07-21,35,17:30,quality.voice,Water quality,voice,2.0,494.8,0.63,0.51
2026-07-21,36,18:00,quality.voice,Water quality,voice,5.0,494.8,1.38,1.33
2026-07-21,37,18:30,quality.voice,Water quality,voice,5.0,494.8,1.14,1.5
2026-07-21,38,19:00,quality.voice,Water quality,voice,9.0,494.8,2.4,2.17
2026-07-21,39,19:30,quality.voice,Water quality,voice,2.0,494.8,0.45,0.55
2026-07-21,40,20:00,quality.voice,Water quality,voice,4.0,494.8,0.95,1.08
2026-07-21,41,20:30,quality.voice,Water quality,voice,2.0,494.8,0.53,0.63
2026-07-21,42,21:00,quality.voice,Water quality,voice,1.0,494.8,0.3,0.28
2026-07-21,43,21:30,quality.voice,Water quality,voice,0.0,494.8,0.0,0.0
2026-07-21,44,22:00,quality.voice,Water quality,voice,2.0,494.8,0.42,0.57
2026-07-21,45,22:30,quality.voice,Water quality,voice,2.0,494.8,0.49,0.57
2026-07-21,46,23:00,quality.voice,Water quality,voice,0.0,494.8,0.0,0.0
2026-07-21,47,23:30,quality.voice,Water quality,voice,1.0,494.8,0.24,0.27
2026-07-22,0,00:00,quality.voice,Water quality,voice,2.0,474.8,0.55,0.52
2026-07-22,1,00:30,quality.voice,Water quality,voice,1.0,474.8,0.25,0.28
2026-07-22,2,01:00,quality.voice,Water quality,voice,0.0,474.8,0.0,0.0
2026-07-22,3,01:30,quality.voice,Water quality,voice,0.0,474.8,0.0,0.0
2026-07-22,4,02:00,quality.voice,Water quality,voice,1.0,474.8,0.25,0.26
2026-07-22,5,02:30,quality.voice,Water quality,voice,0.0,474.8,0.0,0.0
2026-07-22,6,03:00,quality.voice,Water quality,voice,1.0,474.8,0.25,0.27
2026-07-22,7,03:30,quality.voice,Water quality,voice,0.0,474.8,0.0,0.0
2026-07-22,8,04:00,quality.voice,Water quality,voice,1.0,474.8,0.22,0.26
2026-07-22,9,04:30,quality.voice,Water quality,voice,1.0,474.8,0.22,0.26
2026-07-22,10,05:00,quality.voice,Water quality,voice,0.0,474.8,0.0,0.0
2026-07-22,11,05:30,quality.voice,Water quality,voice,1.0,474.8,0.26,0.28
2026-07-22,12,06:00,quality.voice,Water quality,voice,1.0,474.8,0.16,0.25
2026-07-22,13,06:30,quality.voice,Water quality,voice,4.0,474.8,0.8,1.03
2026-07-22,14,07:00,quality.voice,Water quality,voice,8.0,474.8,1.54,2.2
2026-07-22,15,07:30,quality.voice,Water quality,voice,13.0,474.8,3.02,3.36
2026-07-22,16,08:00,quality.voice,Water quality,voice,11.0,474.8,2.78,2.89
2026-07-22,17,08:30,quality.voice,Water quality,voice,13.0,474.8,2.64,3.4
2026-07-22,18,09:00,quality.voice,Water quality,voice,13.0,474.8,2.82,3.5
2026-07-22,19,09:30,quality.voice,Water quality,voice,14.0,474.8,4.25,3.89
2026-07-22,20,10:00,quality.voice,Water quality,voice,13.0,474.8,3.96,3.38
2026-07-22,21,10:30,quality.voice,Water quality,voice,15.0,474.8,2.87,3.88
2026-07-22,22,11:00,quality.voice,Water quality,voice,15.0,474.8,3.84,3.73
2026-07-22,23,11:30,quality.voice,Water quality,voice,7.0,474.8,1.69,1.99
2026-07-22,24,12:00,quality.voice,Water quality,voice,5.0,474.8,1.54,1.34
2026-07-22,25,12:30,quality.voice,Water quality,voice,4.0,474.8,1.01,1.07
2026-07-22,26,13:00,quality.voice,Water quality,voice,5.0,474.8,1.19,1.26
2026-07-22,27,13:30,quality.voice,Water quality,voice,8.0,474.8,2.25,2.11
2026-07-22,28,14:00,quality.voice,Water quality,voice,14.0,474.8,3.83,4.01
2026-07-22,29,14:30,quality.voice,Water quality,voice,21.0,474.8,4.75,5.3
2026-07-22,30,15:00,quality.voice,Water quality,voice,8.0,474.8,1.98,2.03
2026-07-22,31,15:30,quality.voice,Water quality,voice,10.0,474.8,2.86,2.39
2026-07-22,32,16:00,quality.voice,Water quality,voice,8.0,474.8,2.39,2.24
2026-07-22,33,16:30,quality.voice,Water quality,voice,10.0,474.8,2.95,2.67
2026-07-22,34,17:00,quality.voice,Water quality,voice,7.0,474.8,2.05,1.93
2026-07-22,35,17:30,quality.voice,Water quality,voice,6.0,474.8,1.86,1.52
2026-07-22,36,18:00,quality.voice,Water quality,voice,9.0,474.8,2.24,2.35
2026-07-22,37,18:30,quality.voice,Water quality,voice,4.0,474.8,0.97,0.99
2026-07-22,38,19:00,quality.voice,Water quality,voice,7.0,474.8,1.77,1.78
2026-07-22,39,19:30,quality.voice,Water quality,voice,4.0,474.8,1.22,1.02
2026-07-22,40,20:00,quality.voice,Water quality,voice,7.0,474.8,1.82,1.79
2026-07-22,41,20:30,quality.voice,Water quality,voice,2.0,474.8,0.59,0.52
2026-07-22,42,21:00,quality.voice,Water quality,voice,3.0,474.8,0.64,0.76
2026-07-22,43,21:30,quality.voice,Water quality,voice,2.0,474.8,0.47,0.54
2026-07-22,44,22:00,quality.voice,Water quality,voice,1.0,474.8,0.3,0.29
2026-07-22,45,22:30,quality.voice,Water quality,voice,0.0,474.8,0.0,0.0
2026-07-22,46,23:00,quality.voice,Water quality,voice,2.0,474.8,0.47,0.51
2026-07-22,47,23:30,quality.voice,Water quality,voice,2.0,474.8,0.49,0.5
2026-07-23,0,00:00,quality.voice,Water quality,voice,1.0,486.8,0.28,0.27
2026-07-23,1,00:30,quality.voice,Water quality,voice,0.0,486.8,0.0,0.0
2026-07-23,2,01:00,quality.voice,Water quality,voice,0.0,486.8,0.0,0.0
2026-07-23,3,01:30,quality.voice,Water quality,voice,1.0,486.8,0.23,0.26
2026-07-23,4,02:00,quality.voice,Water quality,voice,0.0,486.8,0.0,0.0
2026-07-23,5,02:30,quality.voice,Water quality,voice,0.0,486.8,0.0,0.0
2026-07-23,6,03:00,quality.voice,Water quality,voice,1.0,486.8,0.24,0.27
2026-07-23,7,03:30,quality.voice,Water quality,voice,1.0,486.8,0.17,0.29
2026-07-23,8,04:00,quality.voice,Water quality,voice,0.0,486.8,0.0,0.0
2026-07-23,9,04:30,quality.voice,Water quality,voice,0.0,486.8,0.0,0.0
2026-07-23,10,05:00,quality.voice,Water quality,voice,1.0,486.8,0.28,0.25
2026-07-23,11,05:30,quality.voice,Water quality,voice,0.0,486.8,0.0,0.0
2026-07-23,12,06:00,quality.voice,Water quality,voice,3.0,486.8,0.78,0.82
2026-07-23,13,06:30,quality.voice,Water quality,voice,3.0,486.8,0.78,0.86
2026-07-23,14,07:00,quality.voice,Water quality,voice,7.0,486.8,1.71,2.08
2026-07-23,15,07:30,quality.voice,Water quality,voice,5.0,486.8,1.3,1.3
2026-07-23,16,08:00,quality.voice,Water quality,voice,8.0,486.8,2.24,2.13
2026-07-23,17,08:30,quality.voice,Water quality,voice,6.0,486.8,1.25,1.56
2026-07-23,18,09:00,quality.voice,Water quality,voice,5.0,486.8,1.1,1.46
2026-07-23,19,09:30,quality.voice,Water quality,voice,21.0,486.8,6.81,5.45
2026-07-23,20,10:00,quality.voice,Water quality,voice,16.0,486.8,3.98,4.55
2026-07-23,21,10:30,quality.voice,Water quality,voice,9.0,486.8,2.25,2.38
2026-07-23,22,11:00,quality.voice,Water quality,voice,12.0,486.8,3.32,3.17
2026-07-23,23,11:30,quality.voice,Water quality,voice,7.0,486.8,1.85,1.91
2026-07-23,24,12:00,quality.voice,Water quality,voice,7.0,486.8,1.77,1.86
2026-07-23,25,12:30,quality.voice,Water quality,voice,4.0,486.8,1.07,1.01
2026-07-23,26,13:00,quality.voice,Water quality,voice,8.0,486.8,2.22,2.02
2026-07-23,27,13:30,quality.voice,Water quality,voice,2.0,486.8,0.59,0.53
2026-07-23,28,14:00,quality.voice,Water quality,voice,9.0,486.8,1.91,2.33
2026-07-23,29,14:30,quality.voice,Water quality,voice,7.0,486.8,1.78,2.08
2026-07-23,30,15:00,quality.voice,Water quality,voice,8.0,486.8,2.32,2.26
2026-07-23,31,15:30,quality.voice,Water quality,voice,9.0,486.8,2.54,2.31
2026-07-23,32,16:00,quality.voice,Water quality,voice,10.0,486.8,2.42,2.65
2026-07-23,33,16:30,quality.voice,Water quality,voice,4.0,486.8,1.12,1.07
2026-07-23,34,17:00,quality.voice,Water quality,voice,3.0,486.8,0.66,0.76
2026-07-23,35,17:30,quality.voice,Water quality,voice,8.0,486.8,2.25,2.11
2026-07-23,36,18:00,quality.voice,Water quality,voice,3.0,486.8,0.84,0.77
2026-07-23,37,18:30,quality.voice,Water quality,voice,5.0,486.8,1.41,1.22
2026-07-23,38,19:00,quality.voice,Water quality,voice,4.0,486.8,1.04,1.17
2026-07-23,39,19:30,quality.voice,Water quality,voice,2.0,486.8,0.49,0.58
2026-07-23,40,20:00,quality.voice,Water quality,voice,0.0,486.8,0.0,0.0
2026-07-23,41,20:30,quality.voice,Water quality,voice,2.0,486.8,0.48,0.58
2026-07-23,42,21:00,quality.voice,Water quality,voice,1.0,486.8,0.23,0.28
2026-07-23,43,21:30,quality.voice,Water quality,voice,3.0,486.8,0.7,0.73
2026-07-23,44,22:00,quality.voice,Water quality,voice,0.0,486.8,0.0,0.0
2026-07-23,45,22:30,quality.voice,Water quality,voice,1.0,486.8,0.28,0.29
2026-07-23,46,23:00,quality.voice,Water quality,voice,1.0,486.8,0.19,0.29
2026-07-23,47,23:30,quality.voice,Water quality,voice,0.0,486.8,0.0,0.0
2026-07-24,0,00:00,quality.voice,Water quality,voice,0.0,507.6,0.0,0.0
2026-07-24,1,00:30,quality.voice,Water quality,voice,0.0,507.6,0.0,0.0
2026-07-24,2,01:00,quality.voice,Water quality,voice,1.0,507.6,0.27,0.3
2026-07-24,3,01:30,quality.voice,Water quality,voice,2.0,507.6,0.62,0.63
2026-07-24,4,02:00,quality.voice,Water quality,voice,0.0,507.6,0.0,0.0
2026-07-24,5,02:30,quality.voice,Water quality,voice,0.0,507.6,0.0,0.0
2026-07-24,6,03:00,quality.voice,Water quality,voice,2.0,507.6,0.51,0.53
2026-07-24,7,03:30,quality.voice,Water quality,voice,0.0,507.6,0.0,0.0
2026-07-24,8,04:00,quality.voice,Water quality,voice,1.0,507.6,0.31,0.29
2026-07-24,9,04:30,quality.voice,Water quality,voice,1.0,507.6,0.15,0.26
2026-07-24,10,05:00,quality.voice,Water quality,voice,0.0,507.6,0.0,0.0
2026-07-24,11,05:30,quality.voice,Water quality,voice,3.0,507.6,0.67,0.84
2026-07-24,12,06:00,quality.voice,Water quality,voice,3.0,507.6,0.81,0.9
2026-07-24,13,06:30,quality.voice,Water quality,voice,8.0,507.6,2.27,2.25
2026-07-24,14,07:00,quality.voice,Water quality,voice,4.0,507.6,1.36,1.25
2026-07-24,15,07:30,quality.voice,Water quality,voice,7.0,507.6,1.82,1.9
2026-07-24,16,08:00,quality.voice,Water quality,voice,5.0,507.6,1.74,1.45
2026-07-24,17,08:30,quality.voice,Water quality,voice,8.0,507.6,2.6,2.38
2026-07-24,18,09:00,quality.voice,Water quality,voice,14.0,507.6,2.98,3.88
2026-07-24,19,09:30,quality.voice,Water quality,voice,18.0,507.6,3.82,5.07
2026-07-24,20,10:00,quality.voice,Water quality,voice,20.0,507.6,5.55,5.36
2026-07-24,21,10:30,quality.voice,Water quality,voice,21.0,507.6,6.48,6.25
2026-07-24,22,11:00,quality.voice,Water quality,voice,17.0,507.6,4.12,4.4
2026-07-24,23,11:30,quality.voice,Water quality,voice,7.0,507.6,1.61,1.95
2026-07-24,24,12:00,quality.voice,Water quality,voice,6.0,507.6,1.4,1.7
2026-07-24,25,12:30,quality.voice,Water quality,voice,2.0,507.6,0.59,0.58
2026-07-24,26,13:00,quality.voice,Water quality,voice,1.0,507.6,0.24,0.29
2026-07-24,27,13:30,quality.voice,Water quality,voice,5.0,507.6,1.59,1.52
2026-07-24,28,14:00,quality.voice,Water quality,voice,12.0,507.6,3.73,3.4
2026-07-24,29,14:30,quality.voice,Water quality,voice,13.0,507.6,3.52,3.55
2026-07-24,30,15:00,quality.voice,Water quality,voice,15.0,507.6,3.86,4.19
2026-07-24,31,15:30,quality.voice,Water quality,voice,20.0,507.6,4.92,5.3
2026-07-24,32,16:00,quality.voice,Water quality,voice,9.0,507.6,2.36,2.59
2026-07-24,33,16:30,quality.voice,Water quality,voice,8.0,507.6,2.39,2.34
2026-07-24,34,17:00,quality.voice,Water quality,voice,7.0,507.6,2.02,1.99
2026-07-24,35,17:30,quality.voice,Water quality,voice,10.0,507.6,3.22,2.62
2026-07-24,36,18:00,quality.voice,Water quality,voice,5.0,507.6,1.68,1.44
2026-07-24,37,18:30,quality.voice,Water quality,voice,8.0,507.6,1.68,2.05
2026-07-24,38,19:00,quality.voice,Water quality,voice,3.0,507.6,0.93,0.76
2026-07-24,39,19:30,quality.voice,Water quality,voice,2.0,507.6,0.49,0.58
2026-07-24,40,20:00,quality.voice,Water quality,voice,2.0,507.6,0.42,0.58
2026-07-24,41,20:30,quality.voice,Water quality,voice,0.0,507.6,0.0,0.0
2026-07-24,42,21:00,quality.voice,Water quality,voice,3.0,507.6,0.83,0.89
2026-07-24,43,21:30,quality.voice,Water quality,voice,2.0,507.6,0.61,0.59
2026-07-24,44,22:00,quality.voice,Water quality,voice,4.0,507.6,1.22,1.19
2026-07-24,45,22:30,quality.voice,Water quality,voice,2.0,507.6,0.58,0.58
2026-07-24,46,23:00,quality.voice,Water quality,voice,3.0,507.6,0.48,0.96
2026-07-24,47,23:30,quality.voice,Water quality,voice,0.0,507.6,0.0,0.0
2026-07-25,0,00:00,quality.voice,Water quality,voice,0.0,477.8,0.0,0.0
2026-07-25,1,00:30,quality.voice,Water quality,voice,2.0,477.8,0.58,0.55
2026-07-25,2,01:00,quality.voice,Water quality,voice,1.0,477.8,0.34,0.26
2026-07-25,3,01:30,quality.voice,Water quality,voice,0.0,477.8,0.0,0.0
2026-07-25,4,02:00,quality.voice,Water quality,voice,2.0,477.8,0.5,0.52
2026-07-25,5,02:30,quality.voice,Water quality,voice,1.0,477.8,0.22,0.26
2026-07-25,6,03:00,quality.voice,Water quality,voice,2.0,477.8,0.47,0.53
2026-07-25,7,03:30,quality.voice,Water quality,voice,1.0,477.8,0.23,0.28
2026-07-25,8,04:00,quality.voice,Water quality,voice,0.0,477.8,0.0,0.0
2026-07-25,9,04:30,quality.voice,Water quality,voice,1.0,477.8,0.28,0.26
2026-07-25,10,05:00,quality.voice,Water quality,voice,1.0,477.8,0.25,0.26
2026-07-25,11,05:30,quality.voice,Water quality,voice,2.0,477.8,0.5,0.51
2026-07-25,12,06:00,quality.voice,Water quality,voice,0.0,477.8,0.0,0.0
2026-07-25,13,06:30,quality.voice,Water quality,voice,3.0,477.8,0.76,0.78
2026-07-25,14,07:00,quality.voice,Water quality,voice,5.0,477.8,1.24,1.32
2026-07-25,15,07:30,quality.voice,Water quality,voice,5.0,477.8,1.35,1.36
2026-07-25,16,08:00,quality.voice,Water quality,voice,5.0,477.8,1.41,1.24
2026-07-25,17,08:30,quality.voice,Water quality,voice,6.0,477.8,1.51,1.4
2026-07-25,18,09:00,quality.voice,Water quality,voice,9.0,477.8,2.25,2.38
2026-07-25,19,09:30,quality.voice,Water quality,voice,16.0,477.8,4.64,4.08
2026-07-25,20,10:00,quality.voice,Water quality,voice,9.0,477.8,2.9,2.34
2026-07-25,21,10:30,quality.voice,Water quality,voice,13.0,477.8,4.33,3.16
2026-07-25,22,11:00,quality.voice,Water quality,voice,4.0,477.8,0.75,1.01
2026-07-25,23,11:30,quality.voice,Water quality,voice,5.0,477.8,1.29,1.27
2026-07-25,24,12:00,quality.voice,Water quality,voice,7.0,477.8,2.24,2.02
2026-07-25,25,12:30,quality.voice,Water quality,voice,1.0,477.8,0.22,0.27
2026-07-25,26,13:00,quality.voice,Water quality,voice,5.0,477.8,1.27,1.38
2026-07-25,27,13:30,quality.voice,Water quality,voice,6.0,477.8,1.65,1.62
2026-07-25,28,14:00,quality.voice,Water quality,voice,3.0,477.8,0.86,0.85
2026-07-25,29,14:30,quality.voice,Water quality,voice,8.0,477.8,2.37,1.93
2026-07-25,30,15:00,quality.voice,Water quality,voice,8.0,477.8,1.82,2.0
2026-07-25,31,15:30,quality.voice,Water quality,voice,3.0,477.8,0.71,0.77
2026-07-25,32,16:00,quality.voice,Water quality,voice,7.0,477.8,1.62,1.8
2026-07-25,33,16:30,quality.voice,Water quality,voice,4.0,477.8,0.99,1.08
2026-07-25,34,17:00,quality.voice,Water quality,voice,5.0,477.8,1.15,1.21
2026-07-25,35,17:30,quality.voice,Water quality,voice,5.0,477.8,1.09,1.34
2026-07-25,36,18:00,quality.voice,Water quality,voice,8.0,477.8,2.25,2.1
2026-07-25,37,18:30,quality.voice,Water quality,voice,2.0,477.8,0.44,0.53
2026-07-25,38,19:00,quality.voice,Water quality,voice,5.0,477.8,1.01,1.31
2026-07-25,39,19:30,quality.voice,Water quality,voice,1.0,477.8,0.31,0.27
2026-07-25,40,20:00,quality.voice,Water quality,voice,3.0,477.8,0.69,0.78
2026-07-25,41,20:30,quality.voice,Water quality,voice,4.0,477.8,0.96,1.09
2026-07-25,42,21:00,quality.voice,Water quality,voice,0.0,477.8,0.0,0.0
2026-07-25,43,21:30,quality.voice,Water quality,voice,1.0,477.8,0.26,0.26
2026-07-25,44,22:00,quality.voice,Water quality,voice,1.0,477.8,0.23,0.26
2026-07-25,45,22:30,quality.voice,Water quality,voice,0.0,477.8,0.0,0.0
2026-07-25,46,23:00,quality.voice,Water quality,voice,1.0,477.8,0.3,0.26
2026-07-25,47,23:30,quality.voice,Water quality,voice,0.0,477.8,0.0,0.0
2026-07-26,0,00:00,quality.voice,Water quality,voice,1.0,471.6,0.27,0.27
2026-07-26,1,00:30,quality.voice,Water quality,voice,0.0,471.6,0.0,0.0
2026-07-26,2,01:00,quality.voice,Water quality,voice,0.0,471.6,0.0,0.0
2026-07-26,3,01:30,quality.voice,Water quality,voice,0.0,471.6,0.0,0.0
2026-07-26,4,02:00,quality.voice,Water quality,voice,0.0,471.6,0.0,0.0
2026-07-26,5,02:30,quality.voice,Water quality,voice,2.0,471.6,0.42,0.52
2026-07-26,6,03:00,quality.voice,Water quality,voice,0.0,471.6,0.0,0.0
2026-07-26,7,03:30,quality.voice,Water quality,voice,0.0,471.6,0.0,0.0
2026-07-26,8,04:00,quality.voice,Water quality,voice,0.0,471.6,0.0,0.0
2026-07-26,9,04:30,quality.voice,Water quality,voice,0.0,471.6,0.0,0.0
2026-07-26,10,05:00,quality.voice,Water quality,voice,1.0,471.6,0.23,0.25
2026-07-26,11,05:30,quality.voice,Water quality,voice,2.0,471.6,0.48,0.54
2026-07-26,12,06:00,quality.voice,Water quality,voice,1.0,471.6,0.21,0.25
2026-07-26,13,06:30,quality.voice,Water quality,voice,3.0,471.6,0.79,0.85
2026-07-26,14,07:00,quality.voice,Water quality,voice,2.0,471.6,0.54,0.49
2026-07-26,15,07:30,quality.voice,Water quality,voice,5.0,471.6,1.07,1.26
2026-07-26,16,08:00,quality.voice,Water quality,voice,3.0,471.6,0.65,0.74
2026-07-26,17,08:30,quality.voice,Water quality,voice,4.0,471.6,1.0,0.99
2026-07-26,18,09:00,quality.voice,Water quality,voice,6.0,471.6,1.5,1.45
2026-07-26,19,09:30,quality.voice,Water quality,voice,5.0,471.6,1.33,1.41
2026-07-26,20,10:00,quality.voice,Water quality,voice,7.0,471.6,1.4,1.79
2026-07-26,21,10:30,quality.voice,Water quality,voice,9.0,471.6,2.71,2.64
2026-07-26,22,11:00,quality.voice,Water quality,voice,6.0,471.6,1.55,1.69
2026-07-26,23,11:30,quality.voice,Water quality,voice,2.0,471.6,0.49,0.54
2026-07-26,24,12:00,quality.voice,Water quality,voice,4.0,471.6,0.99,1.08
2026-07-26,25,12:30,quality.voice,Water quality,voice,1.0,471.6,0.25,0.28
2026-07-26,26,13:00,quality.voice,Water quality,voice,2.0,471.6,0.45,0.54
2026-07-26,27,13:30,quality.voice,Water quality,voice,5.0,471.6,1.1,1.35
2026-07-26,28,14:00,quality.voice,Water quality,voice,5.0,471.6,1.33,1.2
2026-07-26,29,14:30,quality.voice,Water quality,voice,5.0,471.6,0.9,1.35
2026-07-26,30,15:00,quality.voice,Water quality,voice,8.0,471.6,2.03,2.03
2026-07-26,31,15:30,quality.voice,Water quality,voice,10.0,471.6,2.59,2.69
2026-07-26,32,16:00,quality.voice,Water quality,voice,5.0,471.6,1.15,1.22
2026-07-26,33,16:30,quality.voice,Water quality,voice,2.0,471.6,0.49,0.49
2026-07-26,34,17:00,quality.voice,Water quality,voice,4.0,471.6,0.9,1.07
2026-07-26,35,17:30,quality.voice,Water quality,voice,2.0,471.6,0.49,0.53
2026-07-26,36,18:00,quality.voice,Water quality,voice,5.0,471.6,1.32,1.26
2026-07-26,37,18:30,quality.voice,Water quality,voice,1.0,471.6,0.24,0.25
2026-07-26,38,19:00,quality.voice,Water quality,voice,1.0,471.6,0.2,0.25
2026-07-26,39,19:30,quality.voice,Water quality,voice,2.0,471.6,0.47,0.54
2026-07-26,40,20:00,quality.voice,Water quality,voice,1.0,471.6,0.33,0.26
2026-07-26,41,20:30,quality.voice,Water quality,voice,0.0,471.6,0.0,0.0
2026-07-26,42,21:00,quality.voice,Water quality,voice,1.0,471.6,0.28,0.24
2026-07-26,43,21:30,quality.voice,Water quality,voice,1.0,471.6,0.24,0.25
2026-07-26,44,22:00,quality.voice,Water quality,voice,0.0,471.6,0.0,0.0
2026-07-26,45,22:30,quality.voice,Water quality,voice,0.0,471.6,0.0,0.0
2026-07-26,46,23:00,quality.voice,Water quality,voice,1.0,471.6,0.28,0.29
2026-07-26,47,23:30,quality.voice,Water quality,voice,0.0,471.6,0.0,0.0
2026-07-27,0,00:00,quality.voice,Water quality,voice,1.0,488.5,0.26,0.26
2026-07-27,1,00:30,quality.voice,Water quality,voice,3.0,488.5,0.69,0.77
2026-07-27,2,01:00,quality.voice,Water quality,voice,1.0,488.5,0.23,0.27
2026-07-27,3,01:30,quality.voice,Water quality,voice,2.0,488.5,0.55,0.53
2026-07-27,4,02:00,quality.voice,Water quality,voice,1.0,488.5,0.25,0.27
2026-07-27,5,02:30,quality.voice,Water quality,voice,1.0,488.5,0.29,0.27
2026-07-27,6,03:00,quality.voice,Water quality,voice,1.0,488.5,0.29,0.28
2026-07-27,7,03:30,quality.voice,Water quality,voice,1.0,488.5,0.29,0.28
2026-07-27,8,04:00,quality.voice,Water quality,voice,0.0,488.5,0.0,0.0
2026-07-27,9,04:30,quality.voice,Water quality,voice,0.0,488.5,0.0,0.0
2026-07-27,10,05:00,quality.voice,Water quality,voice,1.0,488.5,0.22,0.29
2026-07-27,11,05:30,quality.voice,Water quality,voice,0.0,488.5,0.0,0.0
2026-07-27,12,06:00,quality.voice,Water quality,voice,2.0,488.5,0.5,0.51
2026-07-27,13,06:30,quality.voice,Water quality,voice,15.0,488.5,3.84,4.05
2026-07-27,14,07:00,quality.voice,Water quality,voice,7.0,488.5,1.84,1.83
2026-07-27,15,07:30,quality.voice,Water quality,voice,9.0,488.5,2.18,2.28
2026-07-27,16,08:00,quality.voice,Water quality,voice,5.0,488.5,1.08,1.27
2026-07-27,17,08:30,quality.voice,Water quality,voice,13.0,488.5,2.97,3.3
2026-07-27,18,09:00,quality.voice,Water quality,voice,9.0,488.5,2.7,2.37
2026-07-27,19,09:30,quality.voice,Water quality,voice,14.0,488.5,4.5,3.69
2026-07-27,20,10:00,quality.voice,Water quality,voice,16.0,488.5,4.14,4.12
2026-07-27,21,10:30,quality.voice,Water quality,voice,23.0,488.5,6.53,6.29
2026-07-27,22,11:00,quality.voice,Water quality,voice,16.0,488.5,3.66,4.48
2026-07-27,23,11:30,quality.voice,Water quality,voice,17.0,488.5,3.54,4.9
2026-07-27,24,12:00,quality.voice,Water quality,voice,8.0,488.5,1.94,1.94
2026-07-27,25,12:30,quality.voice,Water quality,voice,0.0,488.5,0.0,0.0
2026-07-27,26,13:00,quality.voice,Water quality,voice,7.0,488.5,1.8,1.84
2026-07-27,27,13:30,quality.voice,Water quality,voice,11.0,488.5,3.45,2.87
2026-07-27,28,14:00,quality.voice,Water quality,voice,12.0,488.5,2.63,3.15
2026-07-27,29,14:30,quality.voice,Water quality,voice,14.0,488.5,3.4,3.86
2026-07-27,30,15:00,quality.voice,Water quality,voice,12.0,488.5,3.13,3.23
2026-07-27,31,15:30,quality.voice,Water quality,voice,12.0,488.5,2.91,3.37
2026-07-27,32,16:00,quality.voice,Water quality,voice,12.0,488.5,3.32,3.25
2026-07-27,33,16:30,quality.voice,Water quality,voice,7.0,488.5,2.14,1.82
2026-07-27,34,17:00,quality.voice,Water quality,voice,10.0,488.5,2.29,2.8
2026-07-27,35,17:30,quality.voice,Water quality,voice,4.0,488.5,1.26,1.08
2026-07-27,36,18:00,quality.voice,Water quality,voice,6.0,488.5,1.72,1.56
2026-07-27,37,18:30,quality.voice,Water quality,voice,4.0,488.5,1.04,1.01
2026-07-27,38,19:00,quality.voice,Water quality,voice,5.0,488.5,1.55,1.38
2026-07-27,39,19:30,quality.voice,Water quality,voice,6.0,488.5,1.72,1.65
2026-07-27,40,20:00,quality.voice,Water quality,voice,4.0,488.5,1.02,1.11
2026-07-27,41,20:30,quality.voice,Water quality,voice,2.0,488.5,0.46,0.52
2026-07-27,42,21:00,quality.voice,Water quality,voice,2.0,488.5,0.59,0.53
2026-07-27,43,21:30,quality.voice,Water quality,voice,1.0,488.5,0.23,0.24
2026-07-27,44,22:00,quality.voice,Water quality,voice,0.0,488.5,0.0,0.0
2026-07-27,45,22:30,quality.voice,Water quality,voice,1.0,488.5,0.29,0.26
2026-07-27,46,23:00,quality.voice,Water quality,voice,1.0,488.5,0.28,0.27
2026-07-27,47,23:30,quality.voice,Water quality,voice,1.0,488.5,0.28,0.28
2026-07-28,0,00:00,quality.voice,Water quality,voice,0.0,472.8,0.0,0.0
2026-07-28,1,00:30,quality.voice,Water quality,voice,1.0,472.8,0.26,0.25
2026-07-28,2,01:00,quality.voice,Water quality,voice,0.0,472.8,0.0,0.0
2026-07-28,3,01:30,quality.voice,Water quality,voice,0.0,472.8,0.0,0.0
2026-07-28,4,02:00,quality.voice,Water quality,voice,0.0,472.8,0.0,0.0
2026-07-28,5,02:30,quality.voice,Water quality,voice,0.0,472.8,0.0,0.0
2026-07-28,6,03:00,quality.voice,Water quality,voice,3.0,472.8,0.8,0.73
2026-07-28,7,03:30,quality.voice,Water quality,voice,2.0,472.8,0.51,0.55
2026-07-28,8,04:00,quality.voice,Water quality,voice,0.0,472.8,0.0,0.0
2026-07-28,9,04:30,quality.voice,Water quality,voice,1.0,472.8,0.28,0.27
2026-07-28,10,05:00,quality.voice,Water quality,voice,0.0,472.8,0.0,0.0
2026-07-28,11,05:30,quality.voice,Water quality,voice,1.0,472.8,0.24,0.25
2026-07-28,12,06:00,quality.voice,Water quality,voice,2.0,472.8,0.53,0.53
2026-07-28,13,06:30,quality.voice,Water quality,voice,3.0,472.8,0.71,0.79
2026-07-28,14,07:00,quality.voice,Water quality,voice,2.0,472.8,0.43,0.53
2026-07-28,15,07:30,quality.voice,Water quality,voice,8.0,472.8,2.11,2.4
2026-07-28,16,08:00,quality.voice,Water quality,voice,10.0,472.8,2.72,2.54
2026-07-28,17,08:30,quality.voice,Water quality,voice,6.0,472.8,1.68,1.51
2026-07-28,18,09:00,quality.voice,Water quality,voice,6.0,472.8,1.5,1.63
2026-07-28,19,09:30,quality.voice,Water quality,voice,14.0,472.8,2.9,3.66
2026-07-28,20,10:00,quality.voice,Water quality,voice,10.0,472.8,3.09,2.87
2026-07-28,21,10:30,quality.voice,Water quality,voice,9.0,472.8,1.75,2.34
2026-07-28,22,11:00,quality.voice,Water quality,voice,14.0,472.8,3.22,3.92
2026-07-28,23,11:30,quality.voice,Water quality,voice,11.0,472.8,2.72,2.67
2026-07-28,24,12:00,quality.voice,Water quality,voice,5.0,472.8,1.13,1.27
2026-07-28,25,12:30,quality.voice,Water quality,voice,6.0,472.8,1.52,1.63
2026-07-28,26,13:00,quality.voice,Water quality,voice,5.0,472.8,1.23,1.32
2026-07-28,27,13:30,quality.voice,Water quality,voice,14.0,472.8,3.33,3.61
2026-07-28,28,14:00,quality.voice,Water quality,voice,12.0,472.8,3.22,3.17
2026-07-28,29,14:30,quality.voice,Water quality,voice,12.0,472.8,3.17,3.21
2026-07-28,30,15:00,quality.voice,Water quality,voice,5.0,472.8,1.27,1.24
2026-07-28,31,15:30,quality.voice,Water quality,voice,5.0,472.8,1.48,1.27
2026-07-28,32,16:00,quality.voice,Water quality,voice,7.0,472.8,1.51,1.98
2026-07-28,33,16:30,quality.voice,Water quality,voice,8.0,472.8,1.83,1.98
2026-07-28,34,17:00,quality.voice,Water quality,voice,4.0,472.8,1.05,1.02
2026-07-28,35,17:30,quality.voice,Water quality,voice,7.0,472.8,1.54,1.76
2026-07-28,36,18:00,quality.voice,Water quality,voice,3.0,472.8,0.79,0.78
2026-07-28,37,18:30,quality.voice,Water quality,voice,2.0,472.8,0.54,0.54
2026-07-28,38,19:00,quality.voice,Water quality,voice,3.0,472.8,0.67,0.81
2026-07-28,39,19:30,quality.voice,Water quality,voice,4.0,472.8,1.0,1.11
2026-07-28,40,20:00,quality.voice,Water quality,voice,4.0,472.8,1.16,1.02
2026-07-28,41,20:30,quality.voice,Water quality,voice,3.0,472.8,0.67,0.81
2026-07-28,42,21:00,quality.voice,Water quality,voice,1.0,472.8,0.22,0.26
2026-07-28,43,21:30,quality.voice,Water quality,voice,1.0,472.8,0.25,0.25
2026-07-28,44,22:00,quality.voice,Water quality,voice,2.0,472.8,0.4,0.53
2026-07-28,45,22:30,quality.voice,Water quality,voice,0.0,472.8,0.0,0.0
2026-07-28,46,23:00,quality.voice,Water quality,voice,1.0,472.8,0.26,0.25
2026-07-28,47,23:30,quality.voice,Water quality,voice,0.0,472.8,0.0,0.0
2026-07-29,0,00:00,quality.voice,Water quality,voice,0.0,463.2,0.0,0.0
2026-07-29,1,00:30,quality.voice,Water quality,voice,0.0,463.2,0.0,0.0
2026-07-29,2,01:00,quality.voice,Water quality,voice,0.0,463.2,0.0,0.0
2026-07-29,3,01:30,quality.voice,Water quality,voice,1.0,463.2,0.2,0.26
2026-07-29,4,02:00,quality.voice,Water quality,voice,1.0,463.2,0.29,0.24
2026-07-29,5,02:30,quality.voice,Water quality,voice,2.0,463.2,0.4,0.51
2026-07-29,6,03:00,quality.voice,Water quality,voice,0.0,463.2,0.0,0.0
2026-07-29,7,03:30,quality.voice,Water quality,voice,1.0,463.2,0.22,0.23
2026-07-29,8,04:00,quality.voice,Water quality,voice,1.0,463.2,0.24,0.26
2026-07-29,9,04:30,quality.voice,Water quality,voice,0.0,463.2,0.0,0.0
2026-07-29,10,05:00,quality.voice,Water quality,voice,0.0,463.2,0.0,0.0
2026-07-29,11,05:30,quality.voice,Water quality,voice,0.0,463.2,0.0,0.0
2026-07-29,12,06:00,quality.voice,Water quality,voice,3.0,463.2,0.63,0.77
2026-07-29,13,06:30,quality.voice,Water quality,voice,3.0,463.2,0.66,0.8
2026-07-29,14,07:00,quality.voice,Water quality,voice,10.0,463.2,2.68,2.7
2026-07-29,15,07:30,quality.voice,Water quality,voice,9.0,463.2,1.99,2.33
2026-07-29,16,08:00,quality.voice,Water quality,voice,8.0,463.2,1.45,2.11
2026-07-29,17,08:30,quality.voice,Water quality,voice,8.0,463.2,1.89,2.02
2026-07-29,18,09:00,quality.voice,Water quality,voice,14.0,463.2,3.28,3.5
2026-07-29,19,09:30,quality.voice,Water quality,voice,16.0,463.2,3.78,4.19
2026-07-29,20,10:00,quality.voice,Water quality,voice,9.0,463.2,2.31,2.37
2026-07-29,21,10:30,quality.voice,Water quality,voice,8.0,463.2,1.76,2.05
2026-07-29,22,11:00,quality.voice,Water quality,voice,9.0,463.2,2.03,2.25
2026-07-29,23,11:30,quality.voice,Water quality,voice,7.0,463.2,1.77,1.86
2026-07-29,24,12:00,quality.voice,Water quality,voice,6.0,463.2,1.42,1.45
2026-07-29,25,12:30,quality.voice,Water quality,voice,4.0,463.2,1.06,0.99
2026-07-29,26,13:00,quality.voice,Water quality,voice,8.0,463.2,2.41,2.05
2026-07-29,27,13:30,quality.voice,Water quality,voice,8.0,463.2,1.84,2.06
2026-07-29,28,14:00,quality.voice,Water quality,voice,15.0,463.2,3.81,3.71
2026-07-29,29,14:30,quality.voice,Water quality,voice,12.0,463.2,2.56,3.16
2026-07-29,30,15:00,quality.voice,Water quality,voice,7.0,463.2,1.6,1.69
2026-07-29,31,15:30,quality.voice,Water quality,voice,16.0,463.2,4.72,4.36
2026-07-29,32,16:00,quality.voice,Water quality,voice,8.0,463.2,1.94,2.09
2026-07-29,33,16:30,quality.voice,Water quality,voice,15.0,463.2,3.31,4.21
2026-07-29,34,17:00,quality.voice,Water quality,voice,3.0,463.2,0.63,0.79
2026-07-29,35,17:30,quality.voice,Water quality,voice,4.0,463.2,0.96,1.02
2026-07-29,36,18:00,quality.voice,Water quality,voice,8.0,463.2,1.59,1.86
2026-07-29,37,18:30,quality.voice,Water quality,voice,4.0,463.2,1.1,1.14
2026-07-29,38,19:00,quality.voice,Water quality,voice,2.0,463.2,0.55,0.52
2026-07-29,39,19:30,quality.voice,Water quality,voice,4.0,463.2,0.99,1.02
2026-07-29,40,20:00,quality.voice,Water quality,voice,2.0,463.2,0.4,0.53
2026-07-29,41,20:30,quality.voice,Water quality,voice,3.0,463.2,0.73,0.8
2026-07-29,42,21:00,quality.voice,Water quality,voice,6.0,463.2,1.56,1.73
2026-07-29,43,21:30,quality.voice,Water quality,voice,3.0,463.2,0.74,0.79
2026-07-29,44,22:00,quality.voice,Water quality,voice,2.0,463.2,0.54,0.45
2026-07-29,45,22:30,quality.voice,Water quality,voice,1.0,463.2,0.25,0.26
2026-07-29,46,23:00,quality.voice,Water quality,voice,0.0,463.2,0.0,0.0
2026-07-29,47,23:30,quality.voice,Water quality,voice,0.0,463.2,0.0,0.0
2026-07-30,0,00:00,quality.voice,Water quality,voice,0.0,482.3,0.0,0.0
2026-07-30,1,00:30,quality.voice,Water quality,voice,0.0,482.3,0.0,0.0
2026-07-30,2,01:00,quality.voice,Water quality,voice,0.0,482.3,0.0,0.0
2026-07-30,3,01:30,quality.voice,Water quality,voice,1.0,482.3,0.23,0.26
2026-07-30,4,02:00,quality.voice,Water quality,voice,2.0,482.3,0.49,0.55
2026-07-30,5,02:30,quality.voice,Water quality,voice,1.0,482.3,0.26,0.27
2026-07-30,6,03:00,quality.voice,Water quality,voice,0.0,482.3,0.0,0.0
2026-07-30,7,03:30,quality.voice,Water quality,voice,0.0,482.3,0.0,0.0
2026-07-30,8,04:00,quality.voice,Water quality,voice,3.0,482.3,0.85,0.84
2026-07-30,9,04:30,quality.voice,Water quality,voice,2.0,482.3,0.51,0.54
2026-07-30,10,05:00,quality.voice,Water quality,voice,2.0,482.3,0.54,0.55
2026-07-30,11,05:30,quality.voice,Water quality,voice,1.0,482.3,0.24,0.26
2026-07-30,12,06:00,quality.voice,Water quality,voice,2.0,482.3,0.47,0.52
2026-07-30,13,06:30,quality.voice,Water quality,voice,3.0,482.3,0.76,0.74
2026-07-30,14,07:00,quality.voice,Water quality,voice,1.0,482.3,0.27,0.26
2026-07-30,15,07:30,quality.voice,Water quality,voice,2.0,482.3,0.62,0.54
2026-07-30,16,08:00,quality.voice,Water quality,voice,8.0,482.3,1.96,2.31
2026-07-30,17,08:30,quality.voice,Water quality,voice,10.0,482.3,2.2,2.71
2026-07-30,18,09:00,quality.voice,Water quality,voice,10.0,482.3,3.04,2.7
2026-07-30,19,09:30,quality.voice,Water quality,voice,14.0,482.3,3.78,3.88
2026-07-30,20,10:00,quality.voice,Water quality,voice,18.0,482.3,4.98,4.26
2026-07-30,21,10:30,quality.voice,Water quality,voice,10.0,482.3,2.44,2.66
2026-07-30,22,11:00,quality.voice,Water quality,voice,8.0,482.3,2.07,2.14
2026-07-30,23,11:30,quality.voice,Water quality,voice,8.0,482.3,2.36,2.05
2026-07-30,24,12:00,quality.voice,Water quality,voice,8.0,482.3,1.75,2.06
2026-07-30,25,12:30,quality.voice,Water quality,voice,3.0,482.3,0.8,0.83
2026-07-30,26,13:00,quality.voice,Water quality,voice,2.0,482.3,0.57,0.53
2026-07-30,27,13:30,quality.voice,Water quality,voice,2.0,482.3,0.46,0.53
2026-07-30,28,14:00,quality.voice,Water quality,voice,9.0,482.3,2.07,2.21
2026-07-30,29,14:30,quality.voice,Water quality,voice,13.0,482.3,2.89,3.2
2026-07-30,30,15:00,quality.voice,Water quality,voice,13.0,482.3,2.93,3.64
2026-07-30,31,15:30,quality.voice,Water quality,voice,11.0,482.3,3.25,2.92
2026-07-30,32,16:00,quality.voice,Water quality,voice,9.0,482.3,2.68,2.4
2026-07-30,33,16:30,quality.voice,Water quality,voice,7.0,482.3,1.98,1.87
2026-07-30,34,17:00,quality.voice,Water quality,voice,1.0,482.3,0.27,0.27
2026-07-30,35,17:30,quality.voice,Water quality,voice,6.0,482.3,1.9,1.57
2026-07-30,36,18:00,quality.voice,Water quality,voice,12.0,482.3,3.47,3.04
2026-07-30,37,18:30,quality.voice,Water quality,voice,1.0,482.3,0.23,0.27
2026-07-30,38,19:00,quality.voice,Water quality,voice,4.0,482.3,1.07,1.06
2026-07-30,39,19:30,quality.voice,Water quality,voice,7.0,482.3,1.89,1.79
2026-07-30,40,20:00,quality.voice,Water quality,voice,3.0,482.3,0.81,0.79
2026-07-30,41,20:30,quality.voice,Water quality,voice,2.0,482.3,0.42,0.53
2026-07-30,42,21:00,quality.voice,Water quality,voice,1.0,482.3,0.25,0.27
2026-07-30,43,21:30,quality.voice,Water quality,voice,2.0,482.3,0.49,0.51
2026-07-30,44,22:00,quality.voice,Water quality,voice,0.0,482.3,0.0,0.0
2026-07-30,45,22:30,quality.voice,Water quality,voice,1.0,482.3,0.3,0.27
2026-07-30,46,23:00,quality.voice,Water quality,voice,1.0,482.3,0.26,0.26
2026-07-30,47,23:30,quality.voice,Water quality,voice,0.0,482.3,0.0,0.0
2026-07-31,0,00:00,quality.voice,Water quality,voice,3.0,486.3,0.76,0.8
2026-07-31,1,00:30,quality.voice,Water quality,voice,0.0,486.3,0.0,0.0
2026-07-31,2,01:00,quality.voice,Water quality,voice,0.0,486.3,0.0,0.0
2026-07-31,3,01:30,quality.voice,Water quality,voice,2.0,486.3,0.53,0.5
2026-07-31,4,02:00,quality.voice,Water quality,voice,0.0,486.3,0.0,0.0
2026-07-31,5,02:30,quality.voice,Water quality,voice,1.0,486.3,0.27,0.27
2026-07-31,6,03:00,quality.voice,Water quality,voice,1.0,486.3,0.24,0.26
2026-07-31,7,03:30,quality.voice,Water quality,voice,1.0,486.3,0.27,0.24
2026-07-31,8,04:00,quality.voice,Water quality,voice,0.0,486.3,0.0,0.0
2026-07-31,9,04:30,quality.voice,Water quality,voice,0.0,486.3,0.0,0.0
2026-07-31,10,05:00,quality.voice,Water quality,voice,0.0,486.3,0.0,0.0
2026-07-31,11,05:30,quality.voice,Water quality,voice,2.0,486.3,0.58,0.54
2026-07-31,12,06:00,quality.voice,Water quality,voice,4.0,486.3,1.21,1.02
2026-07-31,13,06:30,quality.voice,Water quality,voice,8.0,486.3,2.49,2.08
2026-07-31,14,07:00,quality.voice,Water quality,voice,2.0,486.3,0.52,0.57
2026-07-31,15,07:30,quality.voice,Water quality,voice,2.0,486.3,0.52,0.53
2026-07-31,16,08:00,quality.voice,Water quality,voice,3.0,486.3,0.69,0.85
2026-07-31,17,08:30,quality.voice,Water quality,voice,19.0,486.3,5.28,4.84
2026-07-31,18,09:00,quality.voice,Water quality,voice,18.0,486.3,3.32,5.03
2026-07-31,19,09:30,quality.voice,Water quality,voice,6.0,486.3,1.88,1.75
2026-07-31,20,10:00,quality.voice,Water quality,voice,12.0,486.3,3.24,3.65
2026-07-31,21,10:30,quality.voice,Water quality,voice,12.0,486.3,3.07,3.2
2026-07-31,22,11:00,quality.voice,Water quality,voice,3.0,486.3,0.68,0.81
2026-07-31,23,11:30,quality.voice,Water quality,voice,8.0,486.3,2.22,2.27
2026-07-31,24,12:00,quality.voice,Water quality,voice,6.0,486.3,1.4,1.6
2026-07-31,25,12:30,quality.voice,Water quality,voice,2.0,486.3,0.48,0.55
2026-07-31,26,13:00,quality.voice,Water quality,voice,2.0,486.3,0.59,0.54
2026-07-31,27,13:30,quality.voice,Water quality,voice,7.0,486.3,1.85,1.91
2026-07-31,28,14:00,quality.voice,Water quality,voice,12.0,486.3,2.76,3.55
2026-07-31,29,14:30,quality.voice,Water quality,voice,10.0,486.3,2.13,2.82
2026-07-31,30,15:00,quality.voice,Water quality,voice,14.0,486.3,3.83,4.16
2026-07-31,31,15:30,quality.voice,Water quality,voice,8.0,486.3,2.09,2.34
2026-07-31,32,16:00,quality.voice,Water quality,voice,7.0,486.3,1.83,1.95
2026-07-31,33,16:30,quality.voice,Water quality,voice,7.0,486.3,1.67,1.92
2026-07-31,34,17:00,quality.voice,Water quality,voice,12.0,486.3,3.99,3.38
2026-07-31,35,17:30,quality.voice,Water quality,voice,3.0,486.3,0.79,0.73
2026-07-31,36,18:00,quality.voice,Water quality,voice,8.0,486.3,2.14,2.19
2026-07-31,37,18:30,quality.voice,Water quality,voice,7.0,486.3,1.84,1.87
2026-07-31,38,19:00,quality.voice,Water quality,voice,2.0,486.3,0.59,0.49
2026-07-31,39,19:30,quality.voice,Water quality,voice,3.0,486.3,0.92,0.75
2026-07-31,40,20:00,quality.voice,Water quality,voice,3.0,486.3,0.76,0.7
2026-07-31,41,20:30,quality.voice,Water quality,voice,1.0,486.3,0.25,0.26
2026-07-31,42,21:00,quality.voice,Water quality,voice,3.0,486.3,0.75,0.84
2026-07-31,43,21:30,quality.voice,Water quality,voice,2.0,486.3,0.45,0.57
2026-07-31,44,22:00,quality.voice,Water quality,voice,0.0,486.3,0.0,0.0
2026-07-31,45,22:30,quality.voice,Water quality,voice,0.0,486.3,0.0,0.0
2026-07-31,46,23:00,quality.voice,Water quality,voice,0.0,486.3,0.0,0.0
2026-07-31,47,23:30,quality.voice,Water quality,voice,0.0,486.3,0.0,0.0
2026-08-01,0,00:00,quality.voice,Water quality,voice,0.0,461.3,0.0,0.0
2026-08-01,1,00:30,quality.voice,Water quality,voice,1.0,461.3,0.25,0.24
2026-08-01,2,01:00,quality.voice,Water quality,voice,1.0,461.3,0.26,0.24
2026-08-01,3,01:30,quality.voice,Water quality,voice,1.0,461.3,0.23,0.25
2026-08-01,4,02:00,quality.voice,Water quality,voice,1.0,461.3,0.27,0.27
2026-08-01,5,02:30,quality.voice,Water quality,voice,1.0,461.3,0.26,0.26
2026-08-01,6,03:00,quality.voice,Water quality,voice,0.0,461.3,0.0,0.0
2026-08-01,7,03:30,quality.voice,Water quality,voice,0.0,461.3,0.0,0.0
2026-08-01,8,04:00,quality.voice,Water quality,voice,0.0,461.3,0.0,0.0
2026-08-01,9,04:30,quality.voice,Water quality,voice,2.0,461.3,0.48,0.51
2026-08-01,10,05:00,quality.voice,Water quality,voice,1.0,461.3,0.3,0.28
2026-08-01,11,05:30,quality.voice,Water quality,voice,1.0,461.3,0.25,0.27
2026-08-01,12,06:00,quality.voice,Water quality,voice,0.0,461.3,0.0,0.0
2026-08-01,13,06:30,quality.voice,Water quality,voice,2.0,461.3,0.5,0.53
2026-08-01,14,07:00,quality.voice,Water quality,voice,10.0,461.3,1.93,2.65
2026-08-01,15,07:30,quality.voice,Water quality,voice,5.0,461.3,1.26,1.22
2026-08-01,16,08:00,quality.voice,Water quality,voice,3.0,461.3,0.67,0.78
2026-08-01,17,08:30,quality.voice,Water quality,voice,5.0,461.3,1.36,1.35
2026-08-01,18,09:00,quality.voice,Water quality,voice,5.0,461.3,1.32,1.3
2026-08-01,19,09:30,quality.voice,Water quality,voice,6.0,461.3,1.52,1.49
2026-08-01,20,10:00,quality.voice,Water quality,voice,13.0,461.3,2.81,3.19
2026-08-01,21,10:30,quality.voice,Water quality,voice,6.0,461.3,1.18,1.58
2026-08-01,22,11:00,quality.voice,Water quality,voice,7.0,461.3,1.82,1.82
2026-08-01,23,11:30,quality.voice,Water quality,voice,5.0,461.3,1.09,1.27
2026-08-01,24,12:00,quality.voice,Water quality,voice,3.0,461.3,0.67,0.79
2026-08-01,25,12:30,quality.voice,Water quality,voice,4.0,461.3,1.28,1.03
2026-08-01,26,13:00,quality.voice,Water quality,voice,4.0,461.3,0.88,1.0
2026-08-01,27,13:30,quality.voice,Water quality,voice,3.0,461.3,0.6,0.77
2026-08-01,28,14:00,quality.voice,Water quality,voice,7.0,461.3,1.56,1.73
2026-08-01,29,14:30,quality.voice,Water quality,voice,4.0,461.3,1.14,1.01
2026-08-01,30,15:00,quality.voice,Water quality,voice,9.0,461.3,1.9,2.24
2026-08-01,31,15:30,quality.voice,Water quality,voice,8.0,461.3,2.07,2.12
2026-08-01,32,16:00,quality.voice,Water quality,voice,1.0,461.3,0.25,0.27
2026-08-01,33,16:30,quality.voice,Water quality,voice,4.0,461.3,1.09,1.08
2026-08-01,34,17:00,quality.voice,Water quality,voice,1.0,461.3,0.24,0.27
2026-08-01,35,17:30,quality.voice,Water quality,voice,3.0,461.3,0.88,0.8
2026-08-01,36,18:00,quality.voice,Water quality,voice,3.0,461.3,0.67,0.8
2026-08-01,37,18:30,quality.voice,Water quality,voice,1.0,461.3,0.24,0.26
2026-08-01,38,19:00,quality.voice,Water quality,voice,2.0,461.3,0.45,0.53
2026-08-01,39,19:30,quality.voice,Water quality,voice,2.0,461.3,0.46,0.53
2026-08-01,40,20:00,quality.voice,Water quality,voice,0.0,461.3,0.0,0.0
2026-08-01,41,20:30,quality.voice,Water quality,voice,0.0,461.3,0.0,0.0
2026-08-01,42,21:00,quality.voice,Water quality,voice,0.0,461.3,0.0,0.0
2026-08-01,43,21:30,quality.voice,Water quality,voice,0.0,461.3,0.0,0.0
2026-08-01,44,22:00,quality.voice,Water quality,voice,0.0,461.3,0.0,0.0
2026-08-01,45,22:30,quality.voice,Water quality,voice,0.0,461.3,0.0,0.0
2026-08-01,46,23:00,quality.voice,Water quality,voice,2.0,461.3,0.5,0.48
2026-08-01,47,23:30,quality.voice,Water quality,voice,1.0,461.3,0.29,0.26
2026-08-02,0,00:00,quality.voice,Water quality,voice,0.0,453.2,0.0,0.0
2026-08-02,1,00:30,quality.voice,Water quality,voice,1.0,453.2,0.25,0.26
2026-08-02,2,01:00,quality.voice,Water quality,voice,0.0,453.2,0.0,0.0
2026-08-02,3,01:30,quality.voice,Water quality,voice,2.0,453.2,0.42,0.5
2026-08-02,4,02:00,quality.voice,Water quality,voice,0.0,453.2,0.0,0.0
2026-08-02,5,02:30,quality.voice,Water quality,voice,0.0,453.2,0.0,0.0
2026-08-02,6,03:00,quality.voice,Water quality,voice,0.0,453.2,0.0,0.0
2026-08-02,7,03:30,quality.voice,Water quality,voice,2.0,453.2,0.6,0.54
2026-08-02,8,04:00,quality.voice,Water quality,voice,1.0,453.2,0.28,0.27
2026-08-02,9,04:30,quality.voice,Water quality,voice,1.0,453.2,0.22,0.24
2026-08-02,10,05:00,quality.voice,Water quality,voice,1.0,453.2,0.2,0.25
2026-08-02,11,05:30,quality.voice,Water quality,voice,2.0,453.2,0.6,0.5
2026-08-02,12,06:00,quality.voice,Water quality,voice,0.0,453.2,0.0,0.0
2026-08-02,13,06:30,quality.voice,Water quality,voice,5.0,453.2,1.29,1.46
2026-08-02,14,07:00,quality.voice,Water quality,voice,5.0,453.2,1.45,1.25
2026-08-02,15,07:30,quality.voice,Water quality,voice,6.0,453.2,1.7,1.42
2026-08-02,16,08:00,quality.voice,Water quality,voice,5.0,453.2,1.18,1.31
2026-08-02,17,08:30,quality.voice,Water quality,voice,4.0,453.2,0.95,1.03
2026-08-02,18,09:00,quality.voice,Water quality,voice,3.0,453.2,0.62,0.77
2026-08-02,19,09:30,quality.voice,Water quality,voice,7.0,453.2,1.95,1.79
2026-08-02,20,10:00,quality.voice,Water quality,voice,10.0,453.2,2.93,2.61
2026-08-02,21,10:30,quality.voice,Water quality,voice,10.0,453.2,2.38,2.63
2026-08-02,22,11:00,quality.voice,Water quality,voice,9.0,453.2,2.25,2.45
2026-08-02,23,11:30,quality.voice,Water quality,voice,5.0,453.2,1.19,1.38
2026-08-02,24,12:00,quality.voice,Water quality,voice,1.0,453.2,0.23,0.24
2026-08-02,25,12:30,quality.voice,Water quality,voice,2.0,453.2,0.49,0.49
2026-08-02,26,13:00,quality.voice,Water quality,voice,2.0,453.2,0.48,0.53
2026-08-02,27,13:30,quality.voice,Water quality,voice,5.0,453.2,1.21,1.23
2026-08-02,28,14:00,quality.voice,Water quality,voice,5.0,453.2,1.09,1.33
2026-08-02,29,14:30,quality.voice,Water quality,voice,8.0,453.2,1.46,1.82
2026-08-02,30,15:00,quality.voice,Water quality,voice,7.0,453.2,1.68,1.75
2026-08-02,31,15:30,quality.voice,Water quality,voice,6.0,453.2,1.26,1.6
2026-08-02,32,16:00,quality.voice,Water quality,voice,8.0,453.2,1.98,2.09
2026-08-02,33,16:30,quality.voice,Water quality,voice,3.0,453.2,0.79,0.72
2026-08-02,34,17:00,quality.voice,Water quality,voice,3.0,453.2,0.58,0.74
2026-08-02,35,17:30,quality.voice,Water quality,voice,6.0,453.2,1.4,1.62
2026-08-02,36,18:00,quality.voice,Water quality,voice,3.0,453.2,0.67,0.76
2026-08-02,37,18:30,quality.voice,Water quality,voice,1.0,453.2,0.24,0.25
2026-08-02,38,19:00,quality.voice,Water quality,voice,0.0,453.2,0.0,0.0
2026-08-02,39,19:30,quality.voice,Water quality,voice,2.0,453.2,0.49,0.46
2026-08-02,40,20:00,quality.voice,Water quality,voice,2.0,453.2,0.44,0.53
2026-08-02,41,20:30,quality.voice,Water quality,voice,3.0,453.2,0.78,0.82
2026-08-02,42,21:00,quality.voice,Water quality,voice,0.0,453.2,0.0,0.0
2026-08-02,43,21:30,quality.voice,Water quality,voice,0.0,453.2,0.0,0.0
2026-08-02,44,22:00,quality.voice,Water quality,voice,0.0,453.2,0.0,0.0
2026-08-02,45,22:30,quality.voice,Water quality,voice,0.0,453.2,0.0,0.0
2026-08-02,46,23:00,quality.voice,Water quality,voice,1.0,453.2,0.25,0.23
2026-08-02,47,23:30,quality.voice,Water quality,voice,0.0,453.2,0.0,0.0
2026-08-03,0,00:00,quality.voice,Water quality,voice,2.0,496.4,0.48,0.55
2026-08-03,1,00:30,quality.voice,Water quality,voice,2.0,496.4,0.48,0.56
2026-08-03,2,01:00,quality.voice,Water quality,voice,2.0,496.4,0.54,0.57
2026-08-03,3,01:30,quality.voice,Water quality,voice,2.0,496.4,0.55,0.53
2026-08-03,4,02:00,quality.voice,Water quality,voice,0.0,496.4,0.0,0.0
2026-08-03,5,02:30,quality.voice,Water quality,voice,1.0,496.4,0.27,0.28
2026-08-03,6,03:00,quality.voice,Water quality,voice,0.0,496.4,0.0,0.0
2026-08-03,7,03:30,quality.voice,Water quality,voice,1.0,496.4,0.29,0.29
2026-08-03,8,04:00,quality.voice,Water quality,voice,0.0,496.4,0.0,0.0
2026-08-03,9,04:30,quality.voice,Water quality,voice,0.0,496.4,0.0,0.0
2026-08-03,10,05:00,quality.voice,Water quality,voice,2.0,496.4,0.54,0.57
2026-08-03,11,05:30,quality.voice,Water quality,voice,1.0,496.4,0.28,0.27
2026-08-03,12,06:00,quality.voice,Water quality,voice,5.0,496.4,1.07,1.35
2026-08-03,13,06:30,quality.voice,Water quality,voice,1.0,496.4,0.34,0.27
2026-08-03,14,07:00,quality.voice,Water quality,voice,5.0,496.4,1.41,1.45
2026-08-03,15,07:30,quality.voice,Water quality,voice,6.0,496.4,1.48,1.52
2026-08-03,16,08:00,quality.voice,Water quality,voice,14.0,496.4,4.61,4.09
2026-08-03,17,08:30,quality.voice,Water quality,voice,7.0,496.4,1.83,1.9
2026-08-03,18,09:00,quality.voice,Water quality,voice,13.0,496.4,3.55,3.57
2026-08-03,19,09:30,quality.voice,Water quality,voice,8.0,496.4,2.92,2.11
2026-08-03,20,10:00,quality.voice,Water quality,voice,13.0,496.4,3.47,3.5
2026-08-03,21,10:30,quality.voice,Water quality,voice,16.0,496.4,5.3,4.42
2026-08-03,22,11:00,quality.voice,Water quality,voice,13.0,496.4,3.65,3.76
2026-08-03,23,11:30,quality.voice,Water quality,voice,5.0,496.4,1.12,1.39
2026-08-03,24,12:00,quality.voice,Water quality,voice,3.0,496.4,0.8,0.88
2026-08-03,25,12:30,quality.voice,Water quality,voice,2.0,496.4,0.62,0.56
2026-08-03,26,13:00,quality.voice,Water quality,voice,3.0,496.4,0.79,0.87
2026-08-03,27,13:30,quality.voice,Water quality,voice,4.0,496.4,1.08,1.04
2026-08-03,28,14:00,quality.voice,Water quality,voice,15.0,496.4,4.47,4.4
2026-08-03,29,14:30,quality.voice,Water quality,voice,7.0,496.4,1.67,1.85
2026-08-03,30,15:00,quality.voice,Water quality,voice,11.0,496.4,3.27,3.09
2026-08-03,31,15:30,quality.voice,Water quality,voice,12.0,496.4,3.88,3.26
2026-08-03,32,16:00,quality.voice,Water quality,voice,5.0,496.4,1.39,1.31
2026-08-03,33,16:30,quality.voice,Water quality,voice,8.0,496.4,2.21,2.19
2026-08-03,34,17:00,quality.voice,Water quality,voice,1.0,496.4,0.33,0.28
2026-08-03,35,17:30,quality.voice,Water quality,voice,8.0,496.4,2.01,2.24
2026-08-03,36,18:00,quality.voice,Water quality,voice,5.0,496.4,1.32,1.58
2026-08-03,37,18:30,quality.voice,Water quality,voice,7.0,496.4,2.23,1.91
2026-08-03,38,19:00,quality.voice,Water quality,voice,2.0,496.4,0.53,0.57
2026-08-03,39,19:30,quality.voice,Water quality,voice,3.0,496.4,0.81,0.84
2026-08-03,40,20:00,quality.voice,Water quality,voice,1.0,496.4,0.27,0.28
2026-08-03,41,20:30,quality.voice,Water quality,voice,2.0,496.4,0.68,0.56
2026-08-03,42,21:00,quality.voice,Water quality,voice,2.0,496.4,0.61,0.56
2026-08-03,43,21:30,quality.voice,Water quality,voice,0.0,496.4,0.0,0.0
2026-08-03,44,22:00,quality.voice,Water quality,voice,1.0,496.4,0.28,0.26
2026-08-03,45,22:30,quality.voice,Water quality,voice,0.0,496.4,0.0,0.0
2026-08-03,46,23:00,quality.voice,Water quality,voice,1.0,496.4,0.28,0.28
2026-08-03,47,23:30,quality.voice,Water quality,voice,1.0,496.4,0.31,0.29
2026-08-04,0,00:00,quality.voice,Water quality,voice,0.0,487.4,0.0,0.0
2026-08-04,1,00:30,quality.voice,Water quality,voice,0.0,487.4,0.0,0.0
2026-08-04,2,01:00,quality.voice,Water quality,voice,0.0,487.4,0.0,0.0
2026-08-04,3,01:30,quality.voice,Water quality,voice,2.0,487.4,0.62,0.57
2026-08-04,4,02:00,quality.voice,Water quality,voice,0.0,487.4,0.0,0.0
2026-08-04,5,02:30,quality.voice,Water quality,voice,0.0,487.4,0.0,0.0
2026-08-04,6,03:00,quality.voice,Water quality,voice,0.0,487.4,0.0,0.0
2026-08-04,7,03:30,quality.voice,Water quality,voice,0.0,487.4,0.0,0.0
2026-08-04,8,04:00,quality.voice,Water quality,voice,1.0,487.4,0.27,0.28
2026-08-04,9,04:30,quality.voice,Water quality,voice,1.0,487.4,0.27,0.27
2026-08-04,10,05:00,quality.voice,Water quality,voice,1.0,487.4,0.22,0.27
2026-08-04,11,05:30,quality.voice,Water quality,voice,1.0,487.4,0.29,0.29
2026-08-04,12,06:00,quality.voice,Water quality,voice,0.0,487.4,0.0,0.0
2026-08-04,13,06:30,quality.voice,Water quality,voice,6.0,487.4,1.64,1.62
2026-08-04,14,07:00,quality.voice,Water quality,voice,2.0,487.4,0.46,0.53
2026-08-04,15,07:30,quality.voice,Water quality,voice,12.0,487.4,3.12,3.36
2026-08-04,16,08:00,quality.voice,Water quality,voice,9.0,487.4,2.47,2.51
2026-08-04,17,08:30,quality.voice,Water quality,voice,9.0,487.4,2.54,2.31
2026-08-04,18,09:00,quality.voice,Water quality,voice,9.0,487.4,2.63,2.37
2026-08-04,19,09:30,quality.voice,Water quality,voice,11.0,487.4,2.5,3.08
2026-08-04,20,10:00,quality.voice,Water quality,voice,14.0,487.4,3.88,3.62
2026-08-04,21,10:30,quality.voice,Water quality,voice,12.0,487.4,2.68,3.54
2026-08-04,22,11:00,quality.voice,Water quality,voice,8.0,487.4,2.03,2.23
2026-08-04,23,11:30,quality.voice,Water quality,voice,12.0,487.4,2.64,3.16
2026-08-04,24,12:00,quality.voice,Water quality,voice,4.0,487.4,0.96,1.05
2026-08-04,25,12:30,quality.voice,Water quality,voice,5.0,487.4,1.35,1.44
2026-08-04,26,13:00,quality.voice,Water quality,voice,8.0,487.4,2.51,2.26
2026-08-04,27,13:30,quality.voice,Water quality,voice,11.0,487.4,3.0,3.07
2026-08-04,28,14:00,quality.voice,Water quality,voice,12.0,487.4,3.1,3.21
2026-08-04,29,14:30,quality.voice,Water quality,voice,13.0,487.4,3.35,3.47
2026-08-04,30,15:00,quality.voice,Water quality,voice,11.0,487.4,3.17,3.19
2026-08-04,31,15:30,quality.voice,Water quality,voice,9.0,487.4,2.22,2.36
2026-08-04,32,16:00,quality.voice,Water quality,voice,10.0,487.4,2.53,2.71
2026-08-04,33,16:30,quality.voice,Water quality,voice,5.0,487.4,1.11,1.44
2026-08-04,34,17:00,quality.voice,Water quality,voice,3.0,487.4,0.83,0.78
2026-08-04,35,17:30,quality.voice,Water quality,voice,1.0,487.4,0.27,0.26
2026-08-04,36,18:00,quality.voice,Water quality,voice,3.0,487.4,0.58,0.78
2026-08-04,37,18:30,quality.voice,Water quality,voice,3.0,487.4,0.64,0.81
2026-08-04,38,19:00,quality.voice,Water quality,voice,2.0,487.4,0.61,0.52
2026-08-04,39,19:30,quality.voice,Water quality,voice,4.0,487.4,1.05,1.08
2026-08-04,40,20:00,quality.voice,Water quality,voice,4.0,487.4,1.03,1.08
2026-08-04,41,20:30,quality.voice,Water quality,voice,1.0,487.4,0.18,0.28
2026-08-04,42,21:00,quality.voice,Water quality,voice,3.0,487.4,0.81,0.89
2026-08-04,43,21:30,quality.voice,Water quality,voice,0.0,487.4,0.0,0.0
2026-08-04,44,22:00,quality.voice,Water quality,voice,1.0,487.4,0.28,0.28
2026-08-04,45,22:30,quality.voice,Water quality,voice,0.0,487.4,0.0,0.0
2026-08-04,46,23:00,quality.voice,Water quality,voice,1.0,487.4,0.27,0.26
2026-08-04,47,23:30,quality.voice,Water quality,voice,1.0,487.4,0.28,0.27
2026-08-05,0,00:00,quality.voice,Water quality,voice,1.0,483.9,0.27,0.27
2026-08-05,1,00:30,quality.voice,Water quality,voice,0.0,483.9,0.0,0.0
2026-08-05,2,01:00,quality.voice,Water quality,voice,0.0,483.9,0.0,0.0
2026-08-05,3,01:30,quality.voice,Water quality,voice,3.0,483.9,0.81,0.73
2026-08-05,4,02:00,quality.voice,Water quality,voice,1.0,483.9,0.29,0.28
2026-08-05,5,02:30,quality.voice,Water quality,voice,1.0,483.9,0.19,0.25
2026-08-05,6,03:00,quality.voice,Water quality,voice,0.0,483.9,0.0,0.0
2026-08-05,7,03:30,quality.voice,Water quality,voice,0.0,483.9,0.0,0.0
2026-08-05,8,04:00,quality.voice,Water quality,voice,0.0,483.9,0.0,0.0
2026-08-05,9,04:30,quality.voice,Water quality,voice,2.0,483.9,0.58,0.55
2026-08-05,10,05:00,quality.voice,Water quality,voice,0.0,483.9,0.0,0.0
2026-08-05,11,05:30,quality.voice,Water quality,voice,0.0,483.9,0.0,0.0
2026-08-05,12,06:00,quality.voice,Water quality,voice,3.0,483.9,0.79,0.75
2026-08-05,13,06:30,quality.voice,Water quality,voice,9.0,483.9,2.11,2.38
2026-08-05,14,07:00,quality.voice,Water quality,voice,6.0,483.9,1.49,1.71
2026-08-05,15,07:30,quality.voice,Water quality,voice,9.0,483.9,2.05,2.6
2026-08-05,16,08:00,quality.voice,Water quality,voice,8.0,483.9,2.64,2.0
2026-08-05,17,08:30,quality.voice,Water quality,voice,9.0,483.9,2.6,2.3
2026-08-05,18,09:00,quality.voice,Water quality,voice,8.0,483.9,1.77,2.03
2026-08-05,19,09:30,quality.voice,Water quality,voice,16.0,483.9,4.48,4.32
2026-08-05,20,10:00,quality.voice,Water quality,voice,11.0,483.9,3.44,3.05
2026-08-05,21,10:30,quality.voice,Water quality,voice,17.0,483.9,5.33,4.69
2026-08-05,22,11:00,quality.voice,Water quality,voice,15.0,483.9,3.41,4.04
2026-08-05,23,11:30,quality.voice,Water quality,voice,6.0,483.9,1.4,1.67
2026-08-05,24,12:00,quality.voice,Water quality,voice,5.0,483.9,1.2,1.44
2026-08-05,25,12:30,quality.voice,Water quality,voice,3.0,483.9,0.68,0.75
2026-08-05,26,13:00,quality.voice,Water quality,voice,5.0,483.9,1.4,1.34
2026-08-05,27,13:30,quality.voice,Water quality,voice,15.0,483.9,4.51,4.1
2026-08-05,28,14:00,quality.voice,Water quality,voice,8.0,483.9,1.85,2.04
2026-08-05,29,14:30,quality.voice,Water quality,voice,10.0,483.9,2.84,2.64
2026-08-05,30,15:00,quality.voice,Water quality,voice,13.0,483.9,3.31,3.27
2026-08-05,31,15:30,quality.voice,Water quality,voice,10.0,483.9,2.76,2.76
2026-08-05,32,16:00,quality.voice,Water quality,voice,7.0,483.9,1.84,1.89
2026-08-05,33,16:30,quality.voice,Water quality,voice,12.0,483.9,3.44,2.88
2026-08-05,34,17:00,quality.voice,Water quality,voice,5.0,483.9,1.27,1.31
2026-08-05,35,17:30,quality.voice,Water quality,voice,8.0,483.9,2.09,2.16
2026-08-05,36,18:00,quality.voice,Water quality,voice,6.0,483.9,1.5,1.71
2026-08-05,37,18:30,quality.voice,Water quality,voice,2.0,483.9,0.54,0.51
2026-08-05,38,19:00,quality.voice,Water quality,voice,1.0,483.9,0.22,0.28
2026-08-05,39,19:30,quality.voice,Water quality,voice,2.0,483.9,0.54,0.51
2026-08-05,40,20:00,quality.voice,Water quality,voice,7.0,483.9,2.19,1.91
2026-08-05,41,20:30,quality.voice,Water quality,voice,1.0,483.9,0.27,0.28
2026-08-05,42,21:00,quality.voice,Water quality,voice,3.0,483.9,1.02,0.79
2026-08-05,43,21:30,quality.voice,Water quality,voice,1.0,483.9,0.22,0.24
2026-08-05,44,22:00,quality.voice,Water quality,voice,1.0,483.9,0.29,0.27
2026-08-05,45,22:30,quality.voice,Water quality,voice,0.0,483.9,0.0,0.0
2026-08-05,46,23:00,quality.voice,Water quality,voice,1.0,483.9,0.25,0.26
2026-08-05,47,23:30,quality.voice,Water quality,voice,1.0,483.9,0.21,0.25
2026-08-06,0,00:00,quality.voice,Water quality,voice,2.0,478.9,0.5,0.52
2026-08-06,1,00:30,quality.voice,Water quality,voice,0.0,478.9,0.0,0.0
2026-08-06,2,01:00,quality.voice,Water quality,voice,1.0,478.9,0.28,0.28
2026-08-06,3,01:30,quality.voice,Water quality,voice,2.0,478.9,0.49,0.57
2026-08-06,4,02:00,quality.voice,Water quality,voice,1.0,478.9,0.29,0.27
2026-08-06,5,02:30,quality.voice,Water quality,voice,2.0,478.9,0.45,0.53
2026-08-06,6,03:00,quality.voice,Water quality,voice,2.0,478.9,0.55,0.51
2026-08-06,7,03:30,quality.voice,Water quality,voice,0.0,478.9,0.0,0.0
2026-08-06,8,04:00,quality.voice,Water quality,voice,0.0,478.9,0.0,0.0
2026-08-06,9,04:30,quality.voice,Water quality,voice,1.0,478.9,0.28,0.26
2026-08-06,10,05:00,quality.voice,Water quality,voice,0.0,478.9,0.0,0.0
2026-08-06,11,05:30,quality.voice,Water quality,voice,2.0,478.9,0.46,0.52
2026-08-06,12,06:00,quality.voice,Water quality,voice,1.0,478.9,0.25,0.28
2026-08-06,13,06:30,quality.voice,Water quality,voice,5.0,478.9,1.37,1.28
2026-08-06,14,07:00,quality.voice,Water quality,voice,3.0,478.9,0.76,0.79
2026-08-06,15,07:30,quality.voice,Water quality,voice,5.0,478.9,1.31,1.37
2026-08-06,16,08:00,quality.voice,Water quality,voice,3.0,478.9,0.73,0.75
2026-08-06,17,08:30,quality.voice,Water quality,voice,11.0,478.9,2.97,3.06
2026-08-06,18,09:00,quality.voice,Water quality,voice,12.0,478.9,3.36,3.29
2026-08-06,19,09:30,quality.voice,Water quality,voice,10.0,478.9,2.4,2.53
2026-08-06,20,10:00,quality.voice,Water quality,voice,16.0,478.9,3.76,4.16
2026-08-06,21,10:30,quality.voice,Water quality,voice,18.0,478.9,4.28,4.66
2026-08-06,22,11:00,quality.voice,Water quality,voice,4.0,478.9,1.0,0.99
2026-08-06,23,11:30,quality.voice,Water quality,voice,6.0,478.9,1.47,1.6
2026-08-06,24,12:00,quality.voice,Water quality,voice,8.0,478.9,1.86,2.01
2026-08-06,25,12:30,quality.voice,Water quality,voice,1.0,478.9,0.25,0.27
2026-08-06,26,13:00,quality.voice,Water quality,voice,5.0,478.9,1.1,1.38
2026-08-06,27,13:30,quality.voice,Water quality,voice,6.0,478.9,1.79,1.59
2026-08-06,28,14:00,quality.voice,Water quality,voice,9.0,478.9,2.47,2.38
2026-08-06,29,14:30,quality.voice,Water quality,voice,21.0,478.9,5.48,5.6
2026-08-06,30,15:00,quality.voice,Water quality,voice,6.0,478.9,1.1,1.56
2026-08-06,31,15:30,quality.voice,Water quality,voice,10.0,478.9,2.64,2.76
2026-08-06,32,16:00,quality.voice,Water quality,voice,8.0,478.9,1.88,2.19
2026-08-06,33,16:30,quality.voice,Water quality,voice,9.0,478.9,2.37,2.53
2026-08-06,34,17:00,quality.voice,Water quality,voice,4.0,478.9,0.92,1.03
2026-08-06,35,17:30,quality.voice,Water quality,voice,10.0,478.9,2.26,2.57
2026-08-06,36,18:00,quality.voice,Water quality,voice,6.0,478.9,1.36,1.5
2026-08-06,37,18:30,quality.voice,Water quality,voice,4.0,478.9,0.88,1.16
2026-08-06,38,19:00,quality.voice,Water quality,voice,6.0,478.9,1.15,1.67
2026-08-06,39,19:30,quality.voice,Water quality,voice,4.0,478.9,1.0,1.09
2026-08-06,40,20:00,quality.voice,Water quality,voice,1.0,478.9,0.24,0.29
2026-08-06,41,20:30,quality.voice,Water quality,voice,2.0,478.9,0.4,0.5
2026-08-06,42,21:00,quality.voice,Water quality,voice,4.0,478.9,0.83,1.0
2026-08-06,43,21:30,quality.voice,Water quality,voice,1.0,478.9,0.26,0.27
2026-08-06,44,22:00,quality.voice,Water quality,voice,1.0,478.9,0.28,0.27
2026-08-06,45,22:30,quality.voice,Water quality,voice,0.0,478.9,0.0,0.0
2026-08-06,46,23:00,quality.voice,Water quality,voice,2.0,478.9,0.64,0.56
2026-08-06,47,23:30,quality.voice,Water quality,voice,0.0,478.9,0.0,0.0
2026-08-07,0,00:00,quality.voice,Water quality,voice,0.0,501.0,0.0,0.0
2026-08-07,1,00:30,quality.voice,Water quality,voice,0.0,501.0,0.0,0.0
2026-08-07,2,01:00,quality.voice,Water quality,voice,1.0,501.0,0.24,0.28
2026-08-07,3,01:30,quality.voice,Water quality,voice,0.0,501.0,0.0,0.0
2026-08-07,4,02:00,quality.voice,Water quality,voice,0.0,501.0,0.0,0.0
2026-08-07,5,02:30,quality.voice,Water quality,voice,0.0,501.0,0.0,0.0
2026-08-07,6,03:00,quality.voice,Water quality,voice,2.0,501.0,0.54,0.56
2026-08-07,7,03:30,quality.voice,Water quality,voice,1.0,501.0,0.22,0.28
2026-08-07,8,04:00,quality.voice,Water quality,voice,0.0,501.0,0.0,0.0
2026-08-07,9,04:30,quality.voice,Water quality,voice,0.0,501.0,0.0,0.0
2026-08-07,10,05:00,quality.voice,Water quality,voice,1.0,501.0,0.27,0.26
2026-08-07,11,05:30,quality.voice,Water quality,voice,1.0,501.0,0.29,0.29
2026-08-07,12,06:00,quality.voice,Water quality,voice,4.0,501.0,1.09,1.18
2026-08-07,13,06:30,quality.voice,Water quality,voice,1.0,501.0,0.24,0.29
2026-08-07,14,07:00,quality.voice,Water quality,voice,7.0,501.0,2.06,2.11
2026-08-07,15,07:30,quality.voice,Water quality,voice,11.0,501.0,3.34,2.92
2026-08-07,16,08:00,quality.voice,Water quality,voice,5.0,501.0,1.27,1.46
2026-08-07,17,08:30,quality.voice,Water quality,voice,4.0,501.0,0.89,1.06
2026-08-07,18,09:00,quality.voice,Water quality,voice,11.0,501.0,3.02,2.7
2026-08-07,19,09:30,quality.voice,Water quality,voice,13.0,501.0,3.12,3.69
2026-08-07,20,10:00,quality.voice,Water quality,voice,15.0,501.0,3.12,4.07
2026-08-07,21,10:30,quality.voice,Water quality,voice,22.0,501.0,5.21,5.85
2026-08-07,22,11:00,quality.voice,Water quality,voice,12.0,501.0,2.96,3.43
2026-08-07,23,11:30,quality.voice,Water quality,voice,1.0,501.0,0.27,0.28
2026-08-07,24,12:00,quality.voice,Water quality,voice,3.0,501.0,0.74,0.84
2026-08-07,25,12:30,quality.voice,Water quality,voice,3.0,501.0,0.73,0.88
2026-08-07,26,13:00,quality.voice,Water quality,voice,9.0,501.0,2.38,2.68
2026-08-07,27,13:30,quality.voice,Water quality,voice,10.0,501.0,2.94,2.99
2026-08-07,28,14:00,quality.voice,Water quality,voice,11.0,501.0,3.3,2.98
2026-08-07,29,14:30,quality.voice,Water quality,voice,12.0,501.0,3.18,3.12
2026-08-07,30,15:00,quality.voice,Water quality,voice,18.0,501.0,3.56,4.91
2026-08-07,31,15:30,quality.voice,Water quality,voice,6.0,501.0,1.7,1.63
2026-08-07,32,16:00,quality.voice,Water quality,voice,9.0,501.0,2.68,2.47
2026-08-07,33,16:30,quality.voice,Water quality,voice,9.0,501.0,2.62,2.37
2026-08-07,34,17:00,quality.voice,Water quality,voice,5.0,501.0,1.31,1.37
2026-08-07,35,17:30,quality.voice,Water quality,voice,4.0,501.0,1.07,1.21
2026-08-07,36,18:00,quality.voice,Water quality,voice,4.0,501.0,1.18,1.11
2026-08-07,37,18:30,quality.voice,Water quality,voice,6.0,501.0,1.84,1.73
2026-08-07,38,19:00,quality.voice,Water quality,voice,4.0,501.0,1.13,1.17
2026-08-07,39,19:30,quality.voice,Water quality,voice,6.0,501.0,1.53,1.62
2026-08-07,40,20:00,quality.voice,Water quality,voice,0.0,501.0,0.0,0.0
2026-08-07,41,20:30,quality.voice,Water quality,voice,2.0,501.0,0.6,0.53
2026-08-07,42,21:00,quality.voice,Water quality,voice,2.0,501.0,0.53,0.59
2026-08-07,43,21:30,quality.voice,Water quality,voice,1.0,501.0,0.29,0.29
2026-08-07,44,22:00,quality.voice,Water quality,voice,4.0,501.0,1.16,1.1
2026-08-07,45,22:30,quality.voice,Water quality,voice,0.0,501.0,0.0,0.0
2026-08-07,46,23:00,quality.voice,Water quality,voice,0.0,501.0,0.0,0.0
2026-08-07,47,23:30,quality.voice,Water quality,voice,0.0,501.0,0.0,0.0
2026-08-08,0,00:00,quality.voice,Water quality,voice,0.0,470.5,0.0,0.0
2026-08-08,1,00:30,quality.voice,Water quality,voice,0.0,470.5,0.0,0.0
2026-08-08,2,01:00,quality.voice,Water quality,voice,0.0,470.5,0.0,0.0
2026-08-08,3,01:30,quality.voice,Water quality,voice,0.0,470.5,0.0,0.0
2026-08-08,4,02:00,quality.voice,Water quality,voice,3.0,470.5,0.68,0.86
2026-08-08,5,02:30,quality.voice,Water quality,voice,0.0,470.5,0.0,0.0
2026-08-08,6,03:00,quality.voice,Water quality,voice,1.0,470.5,0.29,0.27
2026-08-08,7,03:30,quality.voice,Water quality,voice,0.0,470.5,0.0,0.0
2026-08-08,8,04:00,quality.voice,Water quality,voice,0.0,470.5,0.0,0.0
2026-08-08,9,04:30,quality.voice,Water quality,voice,1.0,470.5,0.25,0.24
2026-08-08,10,05:00,quality.voice,Water quality,voice,0.0,470.5,0.0,0.0
2026-08-08,11,05:30,quality.voice,Water quality,voice,2.0,470.5,0.56,0.5
2026-08-08,12,06:00,quality.voice,Water quality,voice,4.0,470.5,0.83,1.04
2026-08-08,13,06:30,quality.voice,Water quality,voice,6.0,470.5,1.38,1.75
2026-08-08,14,07:00,quality.voice,Water quality,voice,10.0,470.5,2.45,2.57
2026-08-08,15,07:30,quality.voice,Water quality,voice,7.0,470.5,1.99,1.89
2026-08-08,16,08:00,quality.voice,Water quality,voice,5.0,470.5,1.11,1.25
2026-08-08,17,08:30,quality.voice,Water quality,voice,5.0,470.5,1.05,1.23
2026-08-08,18,09:00,quality.voice,Water quality,voice,9.0,470.5,2.05,2.49
2026-08-08,19,09:30,quality.voice,Water quality,voice,9.0,470.5,1.79,2.18
2026-08-08,20,10:00,quality.voice,Water quality,voice,9.0,470.5,2.51,2.37
2026-08-08,21,10:30,quality.voice,Water quality,voice,12.0,470.5,3.54,2.92
2026-08-08,22,11:00,quality.voice,Water quality,voice,11.0,470.5,2.99,2.75
2026-08-08,23,11:30,quality.voice,Water quality,voice,8.0,470.5,1.61,1.94
2026-08-08,24,12:00,quality.voice,Water quality,voice,4.0,470.5,1.07,1.05
2026-08-08,25,12:30,quality.voice,Water quality,voice,2.0,470.5,0.58,0.51
2026-08-08,26,13:00,quality.voice,Water quality,voice,5.0,470.5,1.17,1.3
2026-08-08,27,13:30,quality.voice,Water quality,voice,7.0,470.5,1.76,1.89
2026-08-08,28,14:00,quality.voice,Water quality,voice,10.0,470.5,2.82,2.49
2026-08-08,29,14:30,quality.voice,Water quality,voice,5.0,470.5,1.54,1.32
2026-08-08,30,15:00,quality.voice,Water quality,voice,12.0,470.5,2.49,3.1
2026-08-08,31,15:30,quality.voice,Water quality,voice,10.0,470.5,2.68,2.62
2026-08-08,32,16:00,quality.voice,Water quality,voice,10.0,470.5,2.66,2.78
2026-08-08,33,16:30,quality.voice,Water quality,voice,7.0,470.5,1.6,1.84
2026-08-08,34,17:00,quality.voice,Water quality,voice,2.0,470.5,0.54,0.52
2026-08-08,35,17:30,quality.voice,Water quality,voice,3.0,470.5,0.75,0.78
2026-08-08,36,18:00,quality.voice,Water quality,voice,4.0,470.5,0.96,1.05
2026-08-08,37,18:30,quality.voice,Water quality,voice,4.0,470.5,1.04,1.05
2026-08-08,38,19:00,quality.voice,Water quality,voice,4.0,470.5,1.12,1.02
2026-08-08,39,19:30,quality.voice,Water quality,voice,2.0,470.5,0.46,0.49
2026-08-08,40,20:00,quality.voice,Water quality,voice,1.0,470.5,0.26,0.28
2026-08-08,41,20:30,quality.voice,Water quality,voice,2.0,470.5,0.48,0.48
2026-08-08,42,21:00,quality.voice,Water quality,voice,1.0,470.5,0.22,0.24
2026-08-08,43,21:30,quality.voice,Water quality,voice,0.0,470.5,0.0,0.0
2026-08-08,44,22:00,quality.voice,Water quality,voice,2.0,470.5,0.48,0.53
2026-08-08,45,22:30,quality.voice,Water quality,voice,1.0,470.5,0.24,0.26
2026-08-08,46,23:00,quality.voice,Water quality,voice,1.0,470.5,0.27,0.25
2026-08-08,47,23:30,quality.voice,Water quality,voice,0.0,470.5,0.0,0.0
2026-08-09,0,00:00,quality.voice,Water quality,voice,0.0,457.7,0.0,0.0
2026-08-09,1,00:30,quality.voice,Water quality,voice,0.0,457.7,0.0,0.0
2026-08-09,2,01:00,quality.voice,Water quality,voice,0.0,457.7,0.0,0.0
2026-08-09,3,01:30,quality.voice,Water quality,voice,1.0,457.7,0.29,0.28
2026-08-09,4,02:00,quality.voice,Water quality,voice,0.0,457.7,0.0,0.0
2026-08-09,5,02:30,quality.voice,Water quality,voice,0.0,457.7,0.0,0.0
2026-08-09,6,03:00,quality.voice,Water quality,voice,1.0,457.7,0.24,0.26
2026-08-09,7,03:30,quality.voice,Water quality,voice,0.0,457.7,0.0,0.0
2026-08-09,8,04:00,quality.voice,Water quality,voice,1.0,457.7,0.22,0.24
2026-08-09,9,04:30,quality.voice,Water quality,voice,0.0,457.7,0.0,0.0
2026-08-09,10,05:00,quality.voice,Water quality,voice,1.0,457.7,0.23,0.27
2026-08-09,11,05:30,quality.voice,Water quality,voice,1.0,457.7,0.21,0.27
2026-08-09,12,06:00,quality.voice,Water quality,voice,3.0,457.7,0.82,0.77
2026-08-09,13,06:30,quality.voice,Water quality,voice,3.0,457.7,0.81,0.79
2026-08-09,14,07:00,quality.voice,Water quality,voice,4.0,457.7,1.06,1.03
2026-08-09,15,07:30,quality.voice,Water quality,voice,3.0,457.7,0.68,0.76
2026-08-09,16,08:00,quality.voice,Water quality,voice,5.0,457.7,1.24,1.25
2026-08-09,17,08:30,quality.voice,Water quality,voice,5.0,457.7,1.2,1.36
2026-08-09,18,09:00,quality.voice,Water quality,voice,8.0,457.7,1.8,2.01
2026-08-09,19,09:30,quality.voice,Water quality,voice,5.0,457.7,1.19,1.24
2026-08-09,20,10:00,quality.voice,Water quality,voice,5.0,457.7,1.14,1.27
2026-08-09,21,10:30,quality.voice,Water quality,voice,8.0,457.7,1.58,1.91
2026-08-09,22,11:00,quality.voice,Water quality,voice,3.0,457.7,0.77,0.84
2026-08-09,23,11:30,quality.voice,Water quality,voice,4.0,457.7,0.96,1.1
2026-08-09,24,12:00,quality.voice,Water quality,voice,4.0,457.7,1.01,1.0
2026-08-09,25,12:30,quality.voice,Water quality,voice,0.0,457.7,0.0,0.0
2026-08-09,26,13:00,quality.voice,Water quality,voice,5.0,457.7,1.81,1.23
2026-08-09,27,13:30,quality.voice,Water quality,voice,5.0,457.7,1.14,1.33
2026-08-09,28,14:00,quality.voice,Water quality,voice,7.0,457.7,1.54,1.61
2026-08-09,29,14:30,quality.voice,Water quality,voice,12.0,457.7,3.43,3.01
2026-08-09,30,15:00,quality.voice,Water quality,voice,6.0,457.7,1.74,1.51
2026-08-09,31,15:30,quality.voice,Water quality,voice,11.0,457.7,2.69,2.77
2026-08-09,32,16:00,quality.voice,Water quality,voice,6.0,457.7,1.36,1.49
2026-08-09,33,16:30,quality.voice,Water quality,voice,5.0,457.7,1.34,1.2
2026-08-09,34,17:00,quality.voice,Water quality,voice,4.0,457.7,1.13,0.98
2026-08-09,35,17:30,quality.voice,Water quality,voice,2.0,457.7,0.43,0.54
2026-08-09,36,18:00,quality.voice,Water quality,voice,0.0,457.7,0.0,0.0
2026-08-09,37,18:30,quality.voice,Water quality,voice,0.0,457.7,0.0,0.0
2026-08-09,38,19:00,quality.voice,Water quality,voice,2.0,457.7,0.51,0.53
2026-08-09,39,19:30,quality.voice,Water quality,voice,1.0,457.7,0.24,0.24
2026-08-09,40,20:00,quality.voice,Water quality,voice,0.0,457.7,0.0,0.0
2026-08-09,41,20:30,quality.voice,Water quality,voice,0.0,457.7,0.0,0.0
2026-08-09,42,21:00,quality.voice,Water quality,voice,1.0,457.7,0.22,0.27
2026-08-09,43,21:30,quality.voice,Water quality,voice,0.0,457.7,0.0,0.0
2026-08-09,44,22:00,quality.voice,Water quality,voice,1.0,457.7,0.25,0.27
2026-08-09,45,22:30,quality.voice,Water quality,voice,0.0,457.7,0.0,0.0
2026-08-09,46,23:00,quality.voice,Water quality,voice,1.0,457.7,0.18,0.28
2026-08-09,47,23:30,quality.voice,Water quality,voice,1.0,457.7,0.28,0.26
2026-08-10,0,00:00,quality.voice,Water quality,voice,1.0,496.9,0.28,0.28
2026-08-10,1,00:30,quality.voice,Water quality,voice,0.0,496.9,0.0,0.0
2026-08-10,2,01:00,quality.voice,Water quality,voice,0.0,496.9,0.0,0.0
2026-08-10,3,01:30,quality.voice,Water quality,voice,2.0,496.9,0.54,0.59
2026-08-10,4,02:00,quality.voice,Water quality,voice,0.0,496.9,0.0,0.0
2026-08-10,5,02:30,quality.voice,Water quality,voice,0.0,496.9,0.0,0.0
2026-08-10,6,03:00,quality.voice,Water quality,voice,0.0,496.9,0.0,0.0
2026-08-10,7,03:30,quality.voice,Water quality,voice,0.0,496.9,0.0,0.0
2026-08-10,8,04:00,quality.voice,Water quality,voice,0.0,496.9,0.0,0.0
2026-08-10,9,04:30,quality.voice,Water quality,voice,0.0,496.9,0.0,0.0
2026-08-10,10,05:00,quality.voice,Water quality,voice,0.0,496.9,0.0,0.0
2026-08-10,11,05:30,quality.voice,Water quality,voice,0.0,496.9,0.0,0.0
2026-08-10,12,06:00,quality.voice,Water quality,voice,3.0,496.9,0.92,0.77
2026-08-10,13,06:30,quality.voice,Water quality,voice,7.0,496.9,1.96,2.08
2026-08-10,14,07:00,quality.voice,Water quality,voice,9.0,496.9,1.96,2.29
2026-08-10,15,07:30,quality.voice,Water quality,voice,2.0,496.9,0.5,0.57
2026-08-10,16,08:00,quality.voice,Water quality,voice,6.0,496.9,1.75,1.63
2026-08-10,17,08:30,quality.voice,Water quality,voice,9.0,496.9,2.57,2.41
2026-08-10,18,09:00,quality.voice,Water quality,voice,11.0,496.9,2.52,2.83
2026-08-10,19,09:30,quality.voice,Water quality,voice,14.0,496.9,3.45,3.55
2026-08-10,20,10:00,quality.voice,Water quality,voice,19.0,496.9,5.15,5.88
2026-08-10,21,10:30,quality.voice,Water quality,voice,16.0,496.9,4.33,4.35
2026-08-10,22,11:00,quality.voice,Water quality,voice,8.0,496.9,1.81,2.17
2026-08-10,23,11:30,quality.voice,Water quality,voice,11.0,496.9,2.72,2.94
2026-08-10,24,12:00,quality.voice,Water quality,voice,2.0,496.9,0.67,0.53
2026-08-10,25,12:30,quality.voice,Water quality,voice,4.0,496.9,1.3,1.08
2026-08-10,26,13:00,quality.voice,Water quality,voice,9.0,496.9,2.09,2.48
2026-08-10,27,13:30,quality.voice,Water quality,voice,5.0,496.9,1.13,1.35
2026-08-10,28,14:00,quality.voice,Water quality,voice,9.0,496.9,2.16,2.52
2026-08-10,29,14:30,quality.voice,Water quality,voice,11.0,496.9,2.53,3.14
2026-08-10,30,15:00,quality.voice,Water quality,voice,12.0,496.9,4.2,3.23
2026-08-10,31,15:30,quality.voice,Water quality,voice,7.0,496.9,1.69,1.93
2026-08-10,32,16:00,quality.voice,Water quality,voice,5.0,496.9,1.2,1.3
2026-08-10,33,16:30,quality.voice,Water quality,voice,6.0,496.9,1.47,1.68
2026-08-10,34,17:00,quality.voice,Water quality,voice,0.0,496.9,0.0,0.0
2026-08-10,35,17:30,quality.voice,Water quality,voice,1.0,496.9,0.18,0.27
2026-08-10,36,18:00,quality.voice,Water quality,voice,10.0,496.9,3.34,2.75
2026-08-10,37,18:30,quality.voice,Water quality,voice,7.0,496.9,1.8,1.89
2026-08-10,38,19:00,quality.voice,Water quality,voice,5.0,496.9,1.02,1.31
2026-08-10,39,19:30,quality.voice,Water quality,voice,4.0,496.9,1.07,1.13
2026-08-10,40,20:00,quality.voice,Water quality,voice,7.0,496.9,2.11,1.99
2026-08-10,41,20:30,quality.voice,Water quality,voice,4.0,496.9,1.1,1.08
2026-08-10,42,21:00,quality.voice,Water quality,voice,6.0,496.9,1.61,1.53
2026-08-10,43,21:30,quality.voice,Water quality,voice,3.0,496.9,0.79,0.81
2026-08-10,44,22:00,quality.voice,Water quality,voice,0.0,496.9,0.0,0.0
2026-08-10,45,22:30,quality.voice,Water quality,voice,1.0,496.9,0.25,0.25
2026-08-10,46,23:00,quality.voice,Water quality,voice,0.0,496.9,0.0,0.0
2026-08-10,47,23:30,quality.voice,Water quality,voice,0.0,496.9,0.0,0.0
2026-08-11,0,00:00,quality.voice,Water quality,voice,1.0,475.2,0.25,0.26
2026-08-11,1,00:30,quality.voice,Water quality,voice,0.0,475.2,0.0,0.0
2026-08-11,2,01:00,quality.voice,Water quality,voice,1.0,475.2,0.23,0.27
2026-08-11,3,01:30,quality.voice,Water quality,voice,1.0,475.2,0.26,0.26
2026-08-11,4,02:00,quality.voice,Water quality,voice,2.0,475.2,0.59,0.52
2026-08-11,5,02:30,quality.voice,Water quality,voice,0.0,475.2,0.0,0.0
2026-08-11,6,03:00,quality.voice,Water quality,voice,0.0,475.2,0.0,0.0
2026-08-11,7,03:30,quality.voice,Water quality,voice,0.0,475.2,0.0,0.0
2026-08-11,8,04:00,quality.voice,Water quality,voice,2.0,475.2,0.52,0.55
2026-08-11,9,04:30,quality.voice,Water quality,voice,1.0,475.2,0.26,0.28
2026-08-11,10,05:00,quality.voice,Water quality,voice,0.0,475.2,0.0,0.0
2026-08-11,11,05:30,quality.voice,Water quality,voice,0.0,475.2,0.0,0.0
2026-08-11,12,06:00,quality.voice,Water quality,voice,4.0,475.2,0.99,1.16
2026-08-11,13,06:30,quality.voice,Water quality,voice,7.0,475.2,1.83,1.91
2026-08-11,14,07:00,quality.voice,Water quality,voice,7.0,475.2,1.86,1.87
2026-08-11,15,07:30,quality.voice,Water quality,voice,9.0,475.2,2.33,2.46
2026-08-11,16,08:00,quality.voice,Water quality,voice,15.0,475.2,3.69,3.39
2026-08-11,17,08:30,quality.voice,Water quality,voice,12.0,475.2,2.79,3.19
2026-08-11,18,09:00,quality.voice,Water quality,voice,16.0,475.2,3.68,4.08
2026-08-11,19,09:30,quality.voice,Water quality,voice,17.0,475.2,4.36,4.27
2026-08-11,20,10:00,quality.voice,Water quality,voice,15.0,475.2,3.39,4.39
2026-08-11,21,10:30,quality.voice,Water quality,voice,15.0,475.2,3.13,3.45
2026-08-11,22,11:00,quality.voice,Water quality,voice,18.0,475.2,3.07,4.91
2026-08-11,23,11:30,quality.voice,Water quality,voice,6.0,475.2,1.38,1.54
2026-08-11,24,12:00,quality.voice,Water quality,voice,9.0,475.2,2.55,2.46
2026-08-11,25,12:30,quality.voice,Water quality,voice,5.0,475.2,1.46,1.34
2026-08-11,26,13:00,quality.voice,Water quality,voice,5.0,475.2,1.4,1.43
2026-08-11,27,13:30,quality.voice,Water quality,voice,8.0,475.2,1.94,2.06
2026-08-11,28,14:00,quality.voice,Water quality,voice,12.0,475.2,2.92,3.12
2026-08-11,29,14:30,quality.voice,Water quality,voice,18.0,475.2,3.73,5.1
2026-08-11,30,15:00,quality.voice,Water quality,voice,16.0,475.2,3.86,4.42
2026-08-11,31,15:30,quality.voice,Water quality,voice,8.0,475.2,2.0,2.08
2026-08-11,32,16:00,quality.voice,Water quality,voice,13.0,475.2,2.23,3.39
2026-08-11,33,16:30,quality.voice,Water quality,voice,11.0,475.2,2.6,2.89
2026-08-11,34,17:00,quality.voice,Water quality,voice,8.0,475.2,2.3,2.03
2026-08-11,35,17:30,quality.voice,Water quality,voice,5.0,475.2,0.99,1.27
2026-08-11,36,18:00,quality.voice,Water quality,voice,7.0,475.2,1.51,1.79
2026-08-11,37,18:30,quality.voice,Water quality,voice,4.0,475.2,1.03,1.03
2026-08-11,38,19:00,quality.voice,Water quality,voice,5.0,475.2,1.17,1.21
2026-08-11,39,19:30,quality.voice,Water quality,voice,5.0,475.2,1.24,1.25
2026-08-11,40,20:00,quality.voice,Water quality,voice,5.0,475.2,1.15,1.31
2026-08-11,41,20:30,quality.voice,Water quality,voice,0.0,475.2,0.0,0.0
2026-08-11,42,21:00,quality.voice,Water quality,voice,3.0,475.2,0.83,0.81
2026-08-11,43,21:30,quality.voice,Water quality,voice,3.0,475.2,0.8,0.78
2026-08-11,44,22:00,quality.voice,Water quality,voice,1.0,475.2,0.27,0.25
2026-08-11,45,22:30,quality.voice,Water quality,voice,1.0,475.2,0.3,0.26
2026-08-11,46,23:00,quality.voice,Water quality,voice,1.0,475.2,0.25,0.26
2026-08-11,47,23:30,quality.voice,Water quality,voice,0.0,475.2,0.0,0.0
2026-08-12,0,00:00,quality.voice,Water quality,voice,2.0,493.9,0.56,0.54
2026-08-12,1,00:30,quality.voice,Water quality,voice,1.0,493.9,0.31,0.28
2026-08-12,2,01:00,quality.voice,Water quality,voice,0.0,493.9,0.0,0.0
2026-08-12,3,01:30,quality.voice,Water quality,voice,0.0,493.9,0.0,0.0
2026-08-12,4,02:00,quality.voice,Water quality,voice,1.0,493.9,0.32,0.31
2026-08-12,5,02:30,quality.voice,Water quality,voice,0.0,493.9,0.0,0.0
2026-08-12,6,03:00,quality.voice,Water quality,voice,1.0,493.9,0.28,0.27
2026-08-12,7,03:30,quality.voice,Water quality,voice,1.0,493.9,0.29,0.26
2026-08-12,8,04:00,quality.voice,Water quality,voice,5.0,493.9,1.17,1.33
2026-08-12,9,04:30,quality.voice,Water quality,voice,0.0,493.9,0.0,0.0
2026-08-12,10,05:00,quality.voice,Water quality,voice,1.0,493.9,0.29,0.25
2026-08-12,11,05:30,quality.voice,Water quality,voice,0.0,493.9,0.0,0.0
2026-08-12,12,06:00,quality.voice,Water quality,voice,2.0,493.9,0.47,0.55
2026-08-12,13,06:30,quality.voice,Water quality,voice,5.0,493.9,1.11,1.28
2026-08-12,14,07:00,quality.voice,Water quality,voice,2.0,493.9,0.38,0.55
2026-08-12,15,07:30,quality.voice,Water quality,voice,7.0,493.9,1.7,1.92
2026-08-12,16,08:00,quality.voice,Water quality,voice,4.0,493.9,1.13,1.07
2026-08-12,17,08:30,quality.voice,Water quality,voice,3.0,493.9,0.94,0.79
2026-08-12,18,09:00,quality.voice,Water quality,voice,6.0,493.9,1.36,1.61
2026-08-12,19,09:30,quality.voice,Water quality,voice,11.0,493.9,2.4,2.92
2026-08-12,20,10:00,quality.voice,Water quality,voice,9.0,493.9,2.78,2.4
2026-08-12,21,10:30,quality.voice,Water quality,voice,19.0,493.9,4.39,5.15
2026-08-12,22,11:00,quality.voice,Water quality,voice,10.0,493.9,2.31,2.84
2026-08-12,23,11:30,quality.voice,Water quality,voice,9.0,493.9,2.2,2.5
2026-08-12,24,12:00,quality.voice,Water quality,voice,4.0,493.9,1.1,1.05
2026-08-12,25,12:30,quality.voice,Water quality,voice,6.0,493.9,1.08,1.58
2026-08-12,26,13:00,quality.voice,Water quality,voice,2.0,493.9,0.48,0.55
2026-08-12,27,13:30,quality.voice,Water quality,voice,5.0,493.9,1.4,1.35
2026-08-12,28,14:00,quality.voice,Water quality,voice,13.0,493.9,2.92,3.23
2026-08-12,29,14:30,quality.voice,Water quality,voice,17.0,493.9,4.53,4.7
2026-08-12,30,15:00,quality.voice,Water quality,voice,6.0,493.9,1.76,1.63
2026-08-12,31,15:30,quality.voice,Water quality,voice,5.0,493.9,1.27,1.33
2026-08-12,32,16:00,quality.voice,Water quality,voice,11.0,493.9,3.38,3.21
2026-08-12,33,16:30,quality.voice,Water quality,voice,6.0,493.9,1.83,1.73
2026-08-12,34,17:00,quality.voice,Water quality,voice,4.0,493.9,0.97,1.14
2026-08-12,35,17:30,quality.voice,Water quality,voice,1.0,493.9,0.27,0.27
2026-08-12,36,18:00,quality.voice,Water quality,voice,5.0,493.9,1.49,1.41
2026-08-12,37,18:30,quality.voice,Water quality,voice,6.0,493.9,1.68,1.52
2026-08-12,38,19:00,quality.voice,Water quality,voice,8.0,493.9,2.43,2.22
2026-08-12,39,19:30,quality.voice,Water quality,voice,3.0,493.9,0.9,0.84
2026-08-12,40,20:00,quality.voice,Water quality,voice,3.0,493.9,0.42,0.79
2026-08-12,41,20:30,quality.voice,Water quality,voice,1.0,493.9,0.29,0.28
2026-08-12,42,21:00,quality.voice,Water quality,voice,0.0,493.9,0.0,0.0
2026-08-12,43,21:30,quality.voice,Water quality,voice,1.0,493.9,0.31,0.28
2026-08-12,44,22:00,quality.voice,Water quality,voice,3.0,493.9,0.89,0.76
2026-08-12,45,22:30,quality.voice,Water quality,voice,0.0,493.9,0.0,0.0
2026-08-12,46,23:00,quality.voice,Water quality,voice,0.0,493.9,0.0,0.0
2026-08-12,47,23:30,quality.voice,Water quality,voice,2.0,493.9,0.41,0.51
2026-08-13,0,00:00,quality.voice,Water quality,voice,2.0,481.2,0.41,0.56
2026-08-13,1,00:30,quality.voice,Water quality,voice,1.0,481.2,0.24,0.31
2026-08-13,2,01:00,quality.voice,Water quality,voice,1.0,481.2,0.26,0.26
2026-08-13,3,01:30,quality.voice,Water quality,voice,1.0,481.2,0.28,0.27
2026-08-13,4,02:00,quality.voice,Water quality,voice,0.0,481.2,0.0,0.0
2026-08-13,5,02:30,quality.voice,Water quality,voice,2.0,481.2,0.54,0.54
2026-08-13,6,03:00,quality.voice,Water quality,voice,2.0,481.2,0.54,0.57
2026-08-13,7,03:30,quality.voice,Water quality,voice,0.0,481.2,0.0,0.0
2026-08-13,8,04:00,quality.voice,Water quality,voice,0.0,481.2,0.0,0.0
2026-08-13,9,04:30,quality.voice,Water quality,voice,0.0,481.2,0.0,0.0
2026-08-13,10,05:00,quality.voice,Water quality,voice,2.0,481.2,0.5,0.54
2026-08-13,11,05:30,quality.voice,Water quality,voice,3.0,481.2,0.77,0.8
2026-08-13,12,06:00,quality.voice,Water quality,voice,6.0,481.2,1.76,1.55
2026-08-13,13,06:30,quality.voice,Water quality,voice,7.0,481.2,1.94,1.85
2026-08-13,14,07:00,quality.voice,Water quality,voice,6.0,481.2,1.68,1.74
2026-08-13,15,07:30,quality.voice,Water quality,voice,6.0,481.2,1.4,1.68
2026-08-13,16,08:00,quality.voice,Water quality,voice,7.0,481.2,1.8,1.97
2026-08-13,17,08:30,quality.voice,Water quality,voice,6.0,481.2,1.93,1.55
2026-08-13,18,09:00,quality.voice,Water quality,voice,19.0,481.2,5.25,4.87
2026-08-13,19,09:30,quality.voice,Water quality,voice,10.0,481.2,3.13,2.49
2026-08-13,20,10:00,quality.voice,Water quality,voice,9.0,481.2,2.35,2.63
2026-08-13,21,10:30,quality.voice,Water quality,voice,8.0,481.2,1.92,2.14
2026-08-13,22,11:00,quality.voice,Water quality,voice,12.0,481.2,2.36,3.3
2026-08-13,23,11:30,quality.voice,Water quality,voice,11.0,481.2,3.84,2.94
2026-08-13,24,12:00,quality.voice,Water quality,voice,3.0,481.2,0.91,0.8
2026-08-13,25,12:30,quality.voice,Water quality,voice,3.0,481.2,0.74,0.76
2026-08-13,26,13:00,quality.voice,Water quality,voice,8.0,481.2,1.81,2.33
2026-08-13,27,13:30,quality.voice,Water quality,voice,3.0,481.2,0.74,0.79
2026-08-13,28,14:00,quality.voice,Water quality,voice,7.0,481.2,1.5,1.75
2026-08-13,29,14:30,quality.voice,Water quality,voice,9.0,481.2,2.31,2.4
2026-08-13,30,15:00,quality.voice,Water quality,voice,15.0,481.2,4.07,3.6
2026-08-13,31,15:30,quality.voice,Water quality,voice,10.0,481.2,2.29,2.53
2026-08-13,32,16:00,quality.voice,Water quality,voice,10.0,481.2,1.75,2.73
2026-08-13,33,16:30,quality.voice,Water quality,voice,3.0,481.2,0.73,0.79
2026-08-13,34,17:00,quality.voice,Water quality,voice,7.0,481.2,2.04,1.97
2026-08-13,35,17:30,quality.voice,Water quality,voice,8.0,481.2,1.94,2.1
2026-08-13,36,18:00,quality.voice,Water quality,voice,4.0,481.2,1.09,1.11
2026-08-13,37,18:30,quality.voice,Water quality,voice,7.0,481.2,1.53,2.0
2026-08-13,38,19:00,quality.voice,Water quality,voice,6.0,481.2,1.45,1.65
2026-08-13,39,19:30,quality.voice,Water quality,voice,3.0,481.2,0.87,0.84
2026-08-13,40,20:00,quality.voice,Water quality,voice,3.0,481.2,0.81,0.84
2026-08-13,41,20:30,quality.voice,Water quality,voice,5.0,481.2,1.41,1.24
2026-08-13,42,21:00,quality.voice,Water quality,voice,1.0,481.2,0.21,0.28
2026-08-13,43,21:30,quality.voice,Water quality,voice,1.0,481.2,0.21,0.28
2026-08-13,44,22:00,quality.voice,Water quality,voice,1.0,481.2,0.27,0.29
2026-08-13,45,22:30,quality.voice,Water quality,voice,1.0,481.2,0.26,0.26
2026-08-13,46,23:00,quality.voice,Water quality,voice,3.0,481.2,0.87,0.75
2026-08-13,47,23:30,quality.voice,Water quality,voice,0.0,481.2,0.0,0.0
2026-08-14,0,00:00,quality.voice,Water quality,voice,0.0,470.2,0.0,0.0
2026-08-14,1,00:30,quality.voice,Water quality,voice,1.0,470.2,0.22,0.25
2026-08-14,2,01:00,quality.voice,Water quality,voice,0.0,470.2,0.0,0.0
2026-08-14,3,01:30,quality.voice,Water quality,voice,2.0,470.2,0.55,0.57
2026-08-14,4,02:00,quality.voice,Water quality,voice,0.0,470.2,0.0,0.0
2026-08-14,5,02:30,quality.voice,Water quality,voice,0.0,470.2,0.0,0.0
2026-08-14,6,03:00,quality.voice,Water quality,voice,0.0,470.2,0.0,0.0
2026-08-14,7,03:30,quality.voice,Water quality,voice,0.0,470.2,0.0,0.0
2026-08-14,8,04:00,quality.voice,Water quality,voice,2.0,470.2,0.52,0.48
2026-08-14,9,04:30,quality.voice,Water quality,voice,2.0,470.2,0.43,0.5
2026-08-14,10,05:00,quality.voice,Water quality,voice,4.0,470.2,1.12,1.01
2026-08-14,11,05:30,quality.voice,Water quality,voice,4.0,470.2,1.26,1.1
2026-08-14,12,06:00,quality.voice,Water quality,voice,3.0,470.2,0.83,0.83
2026-08-14,13,06:30,quality.voice,Water quality,voice,6.0,470.2,1.81,1.37
2026-08-14,14,07:00,quality.voice,Water quality,voice,7.0,470.2,2.01,1.74
2026-08-14,15,07:30,quality.voice,Water quality,voice,6.0,470.2,1.42,1.72
2026-08-14,16,08:00,quality.voice,Water quality,voice,11.0,470.2,3.21,2.86
2026-08-14,17,08:30,quality.voice,Water quality,voice,8.0,470.2,1.86,1.92
2026-08-14,18,09:00,quality.voice,Water quality,voice,13.0,470.2,3.54,3.35
2026-08-14,19,09:30,quality.voice,Water quality,voice,18.0,470.2,4.64,4.8
2026-08-14,20,10:00,quality.voice,Water quality,voice,11.0,470.2,2.65,3.06
2026-08-14,21,10:30,quality.voice,Water quality,voice,12.0,470.2,2.32,3.32
2026-08-14,22,11:00,quality.voice,Water quality,voice,9.0,470.2,2.15,2.3
2026-08-14,23,11:30,quality.voice,Water quality,voice,9.0,470.2,2.1,2.32
2026-08-14,24,12:00,quality.voice,Water quality,voice,7.0,470.2,1.67,1.79
2026-08-14,25,12:30,quality.voice,Water quality,voice,3.0,470.2,0.78,0.75
2026-08-14,26,13:00,quality.voice,Water quality,voice,4.0,470.2,1.02,0.97
2026-08-14,27,13:30,quality.voice,Water quality,voice,5.0,470.2,1.22,1.26
2026-08-14,28,14:00,quality.voice,Water quality,voice,19.0,470.2,2.99,5.02
2026-08-14,29,14:30,quality.voice,Water quality,voice,8.0,470.2,2.37,2.19
2026-08-14,30,15:00,quality.voice,Water quality,voice,19.0,470.2,5.46,5.2
2026-08-14,31,15:30,quality.voice,Water quality,voice,7.0,470.2,1.58,1.72
2026-08-14,32,16:00,quality.voice,Water quality,voice,11.0,470.2,2.58,3.09
2026-08-14,33,16:30,quality.voice,Water quality,voice,12.0,470.2,3.48,3.4
2026-08-14,34,17:00,quality.voice,Water quality,voice,3.0,470.2,0.71,0.83
2026-08-14,35,17:30,quality.voice,Water quality,voice,4.0,470.2,0.93,1.03
2026-08-14,36,18:00,quality.voice,Water quality,voice,5.0,470.2,1.3,1.23
2026-08-14,37,18:30,quality.voice,Water quality,voice,8.0,470.2,1.93,2.14
2026-08-14,38,19:00,quality.voice,Water quality,voice,4.0,470.2,0.92,1.04
2026-08-14,39,19:30,quality.voice,Water quality,voice,4.0,470.2,1.01,1.13
2026-08-14,40,20:00,quality.voice,Water quality,voice,3.0,470.2,0.87,0.84
2026-08-14,41,20:30,quality.voice,Water quality,voice,0.0,470.2,0.0,0.0
2026-08-14,42,21:00,quality.voice,Water quality,voice,4.0,470.2,1.12,1.12
2026-08-14,43,21:30,quality.voice,Water quality,voice,2.0,470.2,0.52,0.5
2026-08-14,44,22:00,quality.voice,Water quality,voice,0.0,470.2,0.0,0.0
2026-08-14,45,22:30,quality.voice,Water quality,voice,1.0,470.2,0.24,0.25
2026-08-14,46,23:00,quality.voice,Water quality,voice,1.0,470.2,0.24,0.26
2026-08-14,47,23:30,quality.voice,Water quality,voice,1.0,470.2,0.17,0.25
2026-08-15,0,00:00,quality.voice,Water quality,voice,3.0,465.7,0.83,0.69
2026-08-15,1,00:30,quality.voice,Water quality,voice,0.0,465.7,0.0,0.0
2026-08-15,2,01:00,quality.voice,Water quality,voice,0.0,465.7,0.0,0.0
2026-08-15,3,01:30,quality.voice,Water quality,voice,1.0,465.7,0.3,0.25
2026-08-15,4,02:00,quality.voice,Water quality,voice,0.0,465.7,0.0,0.0
2026-08-15,5,02:30,quality.voice,Water quality,voice,0.0,465.7,0.0,0.0
2026-08-15,6,03:00,quality.voice,Water quality,voice,0.0,465.7,0.0,0.0
2026-08-15,7,03:30,quality.voice,Water quality,voice,0.0,465.7,0.0,0.0
2026-08-15,8,04:00,quality.voice,Water quality,voice,2.0,465.7,0.54,0.51
2026-08-15,9,04:30,quality.voice,Water quality,voice,1.0,465.7,0.27,0.26
2026-08-15,10,05:00,quality.voice,Water quality,voice,1.0,465.7,0.21,0.28
2026-08-15,11,05:30,quality.voice,Water quality,voice,0.0,465.7,0.0,0.0
2026-08-15,12,06:00,quality.voice,Water quality,voice,4.0,465.7,1.04,1.03
2026-08-15,13,06:30,quality.voice,Water quality,voice,2.0,465.7,0.51,0.5
2026-08-15,14,07:00,quality.voice,Water quality,voice,7.0,465.7,1.5,1.92
2026-08-15,15,07:30,quality.voice,Water quality,voice,4.0,465.7,1.0,1.04
2026-08-15,16,08:00,quality.voice,Water quality,voice,2.0,465.7,0.57,0.51
2026-08-15,17,08:30,quality.voice,Water quality,voice,5.0,465.7,1.05,1.27
2026-08-15,18,09:00,quality.voice,Water quality,voice,10.0,465.7,2.0,2.71
2026-08-15,19,09:30,quality.voice,Water quality,voice,12.0,465.7,3.25,3.06
2026-08-15,20,10:00,quality.voice,Water quality,voice,10.0,465.7,2.58,2.44
2026-08-15,21,10:30,quality.voice,Water quality,voice,9.0,465.7,2.26,2.14
2026-08-15,22,11:00,quality.voice,Water quality,voice,8.0,465.7,2.01,2.18
2026-08-15,23,11:30,quality.voice,Water quality,voice,5.0,465.7,1.21,1.32
2026-08-15,24,12:00,quality.voice,Water quality,voice,3.0,465.7,0.72,0.73
2026-08-15,25,12:30,quality.voice,Water quality,voice,4.0,465.7,1.04,1.1
2026-08-15,26,13:00,quality.voice,Water quality,voice,3.0,465.7,0.57,0.74
2026-08-15,27,13:30,quality.voice,Water quality,voice,5.0,465.7,1.31,1.34
2026-08-15,28,14:00,quality.voice,Water quality,voice,8.0,465.7,2.15,2.23
2026-08-15,29,14:30,quality.voice,Water quality,voice,7.0,465.7,1.96,1.71
2026-08-15,30,15:00,quality.voice,Water quality,voice,5.0,465.7,1.4,1.37
2026-08-15,31,15:30,quality.voice,Water quality,voice,4.0,465.7,1.11,1.04
2026-08-15,32,16:00,quality.voice,Water quality,voice,7.0,465.7,1.98,1.81
2026-08-15,33,16:30,quality.voice,Water quality,voice,1.0,465.7,0.31,0.27
2026-08-15,34,17:00,quality.voice,Water quality,voice,8.0,465.7,2.07,2.01
2026-08-15,35,17:30,quality.voice,Water quality,voice,4.0,465.7,0.95,0.98
2026-08-15,36,18:00,quality.voice,Water quality,voice,3.0,465.7,0.59,0.81
2026-08-15,37,18:30,quality.voice,Water quality,voice,6.0,465.7,1.35,1.53
2026-08-15,38,19:00,quality.voice,Water quality,voice,3.0,465.7,0.55,0.75
2026-08-15,39,19:30,quality.voice,Water quality,voice,3.0,465.7,0.8,0.78
2026-08-15,40,20:00,quality.voice,Water quality,voice,1.0,465.7,0.26,0.26
2026-08-15,41,20:30,quality.voice,Water quality,voice,1.0,465.7,0.21,0.27
2026-08-15,42,21:00,quality.voice,Water quality,voice,1.0,465.7,0.23,0.25
2026-08-15,43,21:30,quality.voice,Water quality,voice,2.0,465.7,0.48,0.49
2026-08-15,44,22:00,quality.voice,Water quality,voice,1.0,465.7,0.24,0.25
2026-08-15,45,22:30,quality.voice,Water quality,voice,2.0,465.7,0.48,0.54
2026-08-15,46,23:00,quality.voice,Water quality,voice,1.0,465.7,0.26,0.27
2026-08-15,47,23:30,quality.voice,Water quality,voice,0.0,465.7,0.0,0.0
2026-08-16,0,00:00,quality.voice,Water quality,voice,0.0,486.4,0.0,0.0
2026-08-16,1,00:30,quality.voice,Water quality,voice,0.0,486.4,0.0,0.0
2026-08-16,2,01:00,quality.voice,Water quality,voice,0.0,486.4,0.0,0.0
2026-08-16,3,01:30,quality.voice,Water quality,voice,0.0,486.4,0.0,0.0
2026-08-16,4,02:00,quality.voice,Water quality,voice,0.0,486.4,0.0,0.0
2026-08-16,5,02:30,quality.voice,Water quality,voice,1.0,486.4,0.27,0.27
2026-08-16,6,03:00,quality.voice,Water quality,voice,0.0,486.4,0.0,0.0
2026-08-16,7,03:30,quality.voice,Water quality,voice,0.0,486.4,0.0,0.0
2026-08-16,8,04:00,quality.voice,Water quality,voice,0.0,486.4,0.0,0.0
2026-08-16,9,04:30,quality.voice,Water quality,voice,0.0,486.4,0.0,0.0
2026-08-16,10,05:00,quality.voice,Water quality,voice,1.0,486.4,0.23,0.24
2026-08-16,11,05:30,quality.voice,Water quality,voice,2.0,486.4,0.58,0.53
2026-08-16,12,06:00,quality.voice,Water quality,voice,0.0,486.4,0.0,0.0
2026-08-16,13,06:30,quality.voice,Water quality,voice,3.0,486.4,0.81,0.81
2026-08-16,14,07:00,quality.voice,Water quality,voice,5.0,486.4,1.22,1.32
2026-08-16,15,07:30,quality.voice,Water quality,voice,3.0,486.4,0.58,0.72
2026-08-16,16,08:00,quality.voice,Water quality,voice,5.0,486.4,1.42,1.31
2026-08-16,17,08:30,quality.voice,Water quality,voice,2.0,486.4,0.51,0.5
2026-08-16,18,09:00,quality.voice,Water quality,voice,9.0,486.4,2.42,2.39
2026-08-16,19,09:30,quality.voice,Water quality,voice,7.0,486.4,1.77,1.76
2026-08-16,20,10:00,quality.voice,Water quality,voice,7.0,486.4,1.63,1.96
2026-08-16,21,10:30,quality.voice,Water quality,voice,4.0,486.4,1.12,1.15
2026-08-16,22,11:00,quality.voice,Water quality,voice,7.0,486.4,1.62,2.02
2026-08-16,23,11:30,quality.voice,Water quality,voice,4.0,486.4,0.99,1.08
2026-08-16,24,12:00,quality.voice,Water quality,voice,3.0,486.4,0.76,0.84
2026-08-16,25,12:30,quality.voice,Water quality,voice,2.0,486.4,0.37,0.53
2026-08-16,26,13:00,quality.voice,Water quality,voice,4.0,486.4,0.86,1.02
2026-08-16,27,13:30,quality.voice,Water quality,voice,2.0,486.4,0.57,0.58
2026-08-16,28,14:00,quality.voice,Water quality,voice,8.0,486.4,2.41,2.16
2026-08-16,29,14:30,quality.voice,Water quality,voice,8.0,486.4,2.1,2.18
2026-08-16,30,15:00,quality.voice,Water quality,voice,2.0,486.4,0.54,0.5
2026-08-16,31,15:30,quality.voice,Water quality,voice,3.0,486.4,0.77,0.88
2026-08-16,32,16:00,quality.voice,Water quality,voice,5.0,486.4,1.43,1.55
2026-08-16,33,16:30,quality.voice,Water quality,voice,8.0,486.4,2.91,2.19
2026-08-16,34,17:00,quality.voice,Water quality,voice,3.0,486.4,0.87,0.81
2026-08-16,35,17:30,quality.voice,Water quality,voice,3.0,486.4,0.9,0.9
2026-08-16,36,18:00,quality.voice,Water quality,voice,2.0,486.4,0.58,0.49
2026-08-16,37,18:30,quality.voice,Water quality,voice,2.0,486.4,0.52,0.56
2026-08-16,38,19:00,quality.voice,Water quality,voice,2.0,486.4,0.56,0.53
2026-08-16,39,19:30,quality.voice,Water quality,voice,6.0,486.4,1.77,1.49
2026-08-16,40,20:00,quality.voice,Water quality,voice,2.0,486.4,0.6,0.56
2026-08-16,41,20:30,quality.voice,Water quality,voice,0.0,486.4,0.0,0.0
2026-08-16,42,21:00,quality.voice,Water quality,voice,0.0,486.4,0.0,0.0
2026-08-16,43,21:30,quality.voice,Water quality,voice,0.0,486.4,0.0,0.0
2026-08-16,44,22:00,quality.voice,Water quality,voice,0.0,486.4,0.0,0.0
2026-08-16,45,22:30,quality.voice,Water quality,voice,1.0,486.4,0.25,0.28
2026-08-16,46,23:00,quality.voice,Water quality,voice,1.0,486.4,0.24,0.26
2026-08-16,47,23:30,quality.voice,Water quality,voice,0.0,486.4,0.0,0.0
2026-07-20,16,08:00,affordability.voice,Affordability & debt,voice,16.0,605.6,4.52,5.49
2026-07-20,17,08:30,affordability.voice,Affordability & debt,voice,51.0,605.6,15.32,17.47
2026-07-20,18,09:00,affordability.voice,Affordability & debt,voice,45.0,605.6,13.28,14.75
2026-07-20,19,09:30,affordability.voice,Affordability & debt,voice,72.0,605.6,30.51,23.53
2026-07-20,20,10:00,affordability.voice,Affordability & debt,voice,67.0,605.6,18.35,21.48
2026-07-20,21,10:30,affordability.voice,Affordability & debt,voice,58.0,605.6,17.45,20.52
2026-07-20,22,11:00,affordability.voice,Affordability & debt,voice,57.0,605.6,19.36,19.2
2026-07-20,23,11:30,affordability.voice,Affordability & debt,voice,42.0,605.6,11.96,14.31
2026-07-20,24,12:00,affordability.voice,Affordability & debt,voice,17.0,605.6,5.89,4.94
2026-07-20,25,12:30,affordability.voice,Affordability & debt,voice,7.0,605.6,1.63,2.41
2026-07-20,26,13:00,affordability.voice,Affordability & debt,voice,27.0,605.6,10.85,9.34
2026-07-20,27,13:30,affordability.voice,Affordability & debt,voice,33.0,605.6,11.47,12.01
2026-07-20,28,14:00,affordability.voice,Affordability & debt,voice,49.0,605.6,15.68,17.49
2026-07-20,29,14:30,affordability.voice,Affordability & debt,voice,55.0,605.6,18.97,19.14
2026-07-20,30,15:00,affordability.voice,Affordability & debt,voice,65.0,605.6,19.45,20.58
2026-07-20,31,15:30,affordability.voice,Affordability & debt,voice,50.0,605.6,13.21,17.08
2026-07-20,32,16:00,affordability.voice,Affordability & debt,voice,35.0,605.6,12.66,11.69
2026-07-20,33,16:30,affordability.voice,Affordability & debt,voice,20.0,605.6,5.83,6.25
2026-07-20,34,17:00,affordability.voice,Affordability & debt,voice,8.0,605.6,2.47,2.75
2026-07-20,35,17:30,affordability.voice,Affordability & debt,voice,2.0,605.6,0.77,0.64
2026-07-21,16,08:00,affordability.voice,Affordability & debt,voice,8.0,556.1,2.37,2.31
2026-07-21,17,08:30,affordability.voice,Affordability & debt,voice,41.0,556.1,12.74,12.0
2026-07-21,18,09:00,affordability.voice,Affordability & debt,voice,38.0,556.1,9.43,10.12
2026-07-21,19,09:30,affordability.voice,Affordability & debt,voice,59.0,556.1,18.37,16.93
2026-07-21,20,10:00,affordability.voice,Affordability & debt,voice,69.0,556.1,23.81,19.03
2026-07-21,21,10:30,affordability.voice,Affordability & debt,voice,48.0,556.1,15.86,14.65
2026-07-21,22,11:00,affordability.voice,Affordability & debt,voice,45.0,556.1,11.86,14.11
2026-07-21,23,11:30,affordability.voice,Affordability & debt,voice,34.0,556.1,12.35,10.2
2026-07-21,24,12:00,affordability.voice,Affordability & debt,voice,19.0,556.1,6.15,5.36
2026-07-21,25,12:30,affordability.voice,Affordability & debt,voice,12.0,556.1,4.29,3.63
2026-07-21,26,13:00,affordability.voice,Affordability & debt,voice,19.0,556.1,6.62,5.54
2026-07-21,27,13:30,affordability.voice,Affordability & debt,voice,41.0,556.1,11.21,12.33
2026-07-21,28,14:00,affordability.voice,Affordability & debt,voice,35.0,556.1,11.11,10.99
2026-07-21,29,14:30,affordability.voice,Affordability & debt,voice,51.0,556.1,16.78,14.98
2026-07-21,30,15:00,affordability.voice,Affordability & debt,voice,49.0,556.1,13.95,15.17
2026-07-21,31,15:30,affordability.voice,Affordability & debt,voice,46.0,556.1,17.38,13.63
2026-07-21,32,16:00,affordability.voice,Affordability & debt,voice,28.0,556.1,7.3,9.0
2026-07-21,33,16:30,affordability.voice,Affordability & debt,voice,9.0,556.1,2.19,2.54
2026-07-21,34,17:00,affordability.voice,Affordability & debt,voice,5.0,556.1,1.37,1.53
2026-07-21,35,17:30,affordability.voice,Affordability & debt,voice,4.0,556.1,1.49,1.19
2026-07-22,16,08:00,affordability.voice,Affordability & debt,voice,6.0,584.0,1.96,2.08
2026-07-22,17,08:30,affordability.voice,Affordability & debt,voice,30.0,584.0,10.4,10.1
2026-07-22,18,09:00,affordability.voice,Affordability & debt,voice,37.0,584.0,12.99,12.44
2026-07-22,19,09:30,affordability.voice,Affordability & debt,voice,44.0,584.0,12.65,13.63
2026-07-22,20,10:00,affordability.voice,Affordability & debt,voice,48.0,584.0,12.71,14.29
2026-07-22,21,10:30,affordability.voice,Affordability & debt,voice,71.0,584.0,20.49,21.58
2026-07-22,22,11:00,affordability.voice,Affordability & debt,voice,39.0,584.0,12.86,12.15
2026-07-22,23,11:30,affordability.voice,Affordability & debt,voice,35.0,584.0,10.47,10.06
2026-07-22,24,12:00,affordability.voice,Affordability & debt,voice,12.0,584.0,3.06,4.28
2026-07-22,25,12:30,affordability.voice,Affordability & debt,voice,11.0,584.0,3.6,3.7
2026-07-22,26,13:00,affordability.voice,Affordability & debt,voice,10.0,584.0,2.63,2.98
2026-07-22,27,13:30,affordability.voice,Affordability & debt,voice,26.0,584.0,6.9,8.67
2026-07-22,28,14:00,affordability.voice,Affordability & debt,voice,36.0,584.0,12.24,12.4
2026-07-22,29,14:30,affordability.voice,Affordability & debt,voice,43.0,584.0,12.84,14.7
2026-07-22,30,15:00,affordability.voice,Affordability & debt,voice,34.0,584.0,13.18,11.09
2026-07-22,31,15:30,affordability.voice,Affordability & debt,voice,24.0,584.0,6.68,7.7
2026-07-22,32,16:00,affordability.voice,Affordability & debt,voice,29.0,584.0,10.24,9.09
2026-07-22,33,16:30,affordability.voice,Affordability & debt,voice,23.0,584.0,7.27,7.94
2026-07-22,34,17:00,affordability.voice,Affordability & debt,voice,7.0,584.0,1.89,2.28
2026-07-22,35,17:30,affordability.voice,Affordability & debt,voice,0.0,584.0,0.0,0.0
2026-07-23,16,08:00,affordability.voice,Affordability & debt,voice,8.0,573.3,2.55,2.3
2026-07-23,17,08:30,affordability.voice,Affordability & debt,voice,26.0,573.3,8.9,7.88
2026-07-23,18,09:00,affordability.voice,Affordability & debt,voice,64.0,573.3,20.85,21.53
2026-07-23,19,09:30,affordability.voice,Affordability & debt,voice,52.0,573.3,15.56,14.4
2026-07-23,20,10:00,affordability.voice,Affordability & debt,voice,44.0,573.3,12.7,13.07
2026-07-23,21,10:30,affordability.voice,Affordability & debt,voice,50.0,573.3,15.11,14.86
2026-07-23,22,11:00,affordability.voice,Affordability & debt,voice,30.0,573.3,9.43,9.43
2026-07-23,23,11:30,affordability.voice,Affordability & debt,voice,24.0,573.3,6.21,7.87
2026-07-23,24,12:00,affordability.voice,Affordability & debt,voice,23.0,573.3,6.85,7.65
2026-07-23,25,12:30,affordability.voice,Affordability & debt,voice,14.0,573.3,5.28,4.66
2026-07-23,26,13:00,affordability.voice,Affordability & debt,voice,25.0,573.3,8.53,7.78
2026-07-23,27,13:30,affordability.voice,Affordability & debt,voice,21.0,573.3,5.76,6.85
2026-07-23,28,14:00,affordability.voice,Affordability & debt,voice,30.0,573.3,9.96,9.05
2026-07-23,29,14:30,affordability.voice,Affordability & debt,voice,53.0,573.3,13.62,16.3
2026-07-23,30,15:00,affordability.voice,Affordability & debt,voice,60.0,573.3,19.38,18.46
2026-07-23,31,15:30,affordability.voice,Affordability & debt,voice,27.0,573.3,6.88,8.32
2026-07-23,32,16:00,affordability.voice,Affordability & debt,voice,27.0,573.3,8.37,8.38
2026-07-23,33,16:30,affordability.voice,Affordability & debt,voice,14.0,573.3,4.78,4.58
2026-07-23,34,17:00,affordability.voice,Affordability & debt,voice,12.0,573.3,3.21,3.94
2026-07-23,35,17:30,affordability.voice,Affordability & debt,voice,2.0,573.3,0.64,0.63
2026-07-24,16,08:00,affordability.voice,Affordability & debt,voice,9.0,579.4,3.31,3.06
2026-07-24,17,08:30,affordability.voice,Affordability & debt,voice,30.0,579.4,9.45,9.09
2026-07-24,18,09:00,affordability.voice,Affordability & debt,voice,38.0,579.4,11.79,12.23
2026-07-24,19,09:30,affordability.voice,Affordability & debt,voice,49.0,579.4,14.23,16.44
2026-07-24,20,10:00,affordability.voice,Affordability & debt,voice,46.0,579.4,14.58,16.25
2026-07-24,21,10:30,affordability.voice,Affordability & debt,voice,36.0,579.4,9.31,11.85
2026-07-24,22,11:00,affordability.voice,Affordability & debt,voice,37.0,579.4,11.32,11.96
2026-07-24,23,11:30,affordability.voice,Affordability & debt,voice,29.0,579.4,7.85,9.23
2026-07-24,24,12:00,affordability.voice,Affordability & debt,voice,14.0,579.4,3.24,4.17
2026-07-24,25,12:30,affordability.voice,Affordability & debt,voice,11.0,579.4,3.69,3.45
2026-07-24,26,13:00,affordability.voice,Affordability & debt,voice,19.0,579.4,5.23,6.62
2026-07-24,27,13:30,affordability.voice,Affordability & debt,voice,44.0,579.4,9.49,14.84
2026-07-24,28,14:00,affordability.voice,Affordability & debt,voice,44.0,579.4,12.74,14.08
2026-07-24,29,14:30,affordability.voice,Affordability & debt,voice,60.0,579.4,19.17,18.43
2026-07-24,30,15:00,affordability.voice,Affordability & debt,voice,36.0,579.4,9.25,10.74
2026-07-24,31,15:30,affordability.voice,Affordability & debt,voice,53.0,579.4,18.89,17.99
2026-07-24,32,16:00,affordability.voice,Affordability & debt,voice,25.0,579.4,7.71,8.42
2026-07-24,33,16:30,affordability.voice,Affordability & debt,voice,11.0,579.4,3.4,3.71
2026-07-24,34,17:00,affordability.voice,Affordability & debt,voice,4.0,579.4,1.21,1.39
2026-07-24,35,17:30,affordability.voice,Affordability & debt,voice,4.0,579.4,1.38,1.31
2026-07-25,17,08:30,affordability.voice,Affordability & debt,voice,20.0,573.9,5.62,6.82
2026-07-25,18,09:00,affordability.voice,Affordability & debt,voice,35.0,573.9,11.67,11.26
2026-07-25,19,09:30,affordability.voice,Affordability & debt,voice,45.0,573.9,15.08,13.56
2026-07-25,20,10:00,affordability.voice,Affordability & debt,voice,49.0,573.9,12.47,14.83
2026-07-25,21,10:30,affordability.voice,Affordability & debt,voice,44.0,573.9,11.55,14.06
2026-07-25,22,11:00,affordability.voice,Affordability & debt,voice,35.0,573.9,10.73,11.2
2026-07-25,23,11:30,affordability.voice,Affordability & debt,voice,17.0,573.9,4.15,5.49
2026-07-25,24,12:00,affordability.voice,Affordability & debt,voice,23.0,573.9,6.44,7.51
2026-07-25,25,12:30,affordability.voice,Affordability & debt,voice,7.0,573.9,2.64,2.23
2026-07-25,26,13:00,affordability.voice,Affordability & debt,voice,7.0,573.9,2.13,2.33
2026-07-27,16,08:00,affordability.voice,Affordability & debt,voice,10.0,579.7,2.48,3.04
2026-07-27,17,08:30,affordability.voice,Affordability & debt,voice,45.0,579.7,14.1,16.09
2026-07-27,18,09:00,affordability.voice,Affordability & debt,voice,50.0,579.7,16.14,15.43
2026-07-27,19,09:30,affordability.voice,Affordability & debt,voice,49.0,579.7,16.27,15.69
2026-07-27,20,10:00,affordability.voice,Affordability & debt,voice,51.0,579.7,13.25,16.37
2026-07-27,21,10:30,affordability.voice,Affordability & debt,voice,58.0,579.7,14.75,19.27
2026-07-27,22,11:00,affordability.voice,Affordability & debt,voice,54.0,579.7,18.96,16.67
2026-07-27,23,11:30,affordability.voice,Affordability & debt,voice,37.0,579.7,17.55,12.36
2026-07-27,24,12:00,affordability.voice,Affordability & debt,voice,26.0,579.7,8.54,8.49
2026-07-27,25,12:30,affordability.voice,Affordability & debt,voice,7.0,579.7,1.8,2.33
2026-07-27,26,13:00,affordability.voice,Affordability & debt,voice,24.0,579.7,6.6,8.3
2026-07-27,27,13:30,affordability.voice,Affordability & debt,voice,34.0,579.7,10.2,11.18
2026-07-27,28,14:00,affordability.voice,Affordability & debt,voice,55.0,579.7,13.22,16.87
2026-07-27,29,14:30,affordability.voice,Affordability & debt,voice,67.0,579.7,19.32,20.89
2026-07-27,30,15:00,affordability.voice,Affordability & debt,voice,55.0,579.7,15.56,16.86
2026-07-27,31,15:30,affordability.voice,Affordability & debt,voice,38.0,579.7,10.64,12.88
2026-07-27,32,16:00,affordability.voice,Affordability & debt,voice,43.0,579.7,12.78,13.45
2026-07-27,33,16:30,affordability.voice,Affordability & debt,voice,17.0,579.7,5.2,5.23
2026-07-27,34,17:00,affordability.voice,Affordability & debt,voice,10.0,579.7,2.43,3.33
2026-07-27,35,17:30,affordability.voice,Affordability & debt,voice,8.0,579.7,2.18,2.59
2026-07-28,16,08:00,affordability.voice,Affordability & debt,voice,12.0,557.9,3.67,3.86
2026-07-28,17,08:30,affordability.voice,Affordability & debt,voice,28.0,557.9,10.41,8.78
2026-07-28,18,09:00,affordability.voice,Affordability & debt,voice,56.0,557.9,15.74,16.93
2026-07-28,19,09:30,affordability.voice,Affordability & debt,voice,68.0,557.9,23.79,21.9
2026-07-28,20,10:00,affordability.voice,Affordability & debt,voice,48.0,557.9,16.38,15.02
2026-07-28,21,10:30,affordability.voice,Affordability & debt,voice,75.0,557.9,18.8,25.79
2026-07-28,22,11:00,affordability.voice,Affordability & debt,voice,29.0,557.9,8.44,9.12
2026-07-28,23,11:30,affordability.voice,Affordability & debt,voice,22.0,557.9,5.99,7.22
2026-07-28,24,12:00,affordability.voice,Affordability & debt,voice,18.0,557.9,5.94,5.46
2026-07-28,25,12:30,affordability.voice,Affordability & debt,voice,10.0,557.9,2.59,3.35
2026-07-28,26,13:00,affordability.voice,Affordability & debt,voice,22.0,557.9,7.0,7.06
2026-07-28,27,13:30,affordability.voice,Affordability & debt,voice,28.0,557.9,10.29,9.42
2026-07-28,28,14:00,affordability.voice,Affordability & debt,voice,47.0,557.9,13.46,15.1
2026-07-28,29,14:30,affordability.voice,Affordability & debt,voice,34.0,557.9,9.62,10.79
2026-07-28,30,15:00,affordability.voice,Affordability & debt,voice,51.0,557.9,15.33,16.61
2026-07-28,31,15:30,affordability.voice,Affordability & debt,voice,32.0,557.9,7.78,9.35
2026-07-28,32,16:00,affordability.voice,Affordability & debt,voice,24.0,557.9,5.62,7.7
2026-07-28,33,16:30,affordability.voice,Affordability & debt,voice,15.0,557.9,3.9,4.4
2026-07-28,34,17:00,affordability.voice,Affordability & debt,voice,6.0,557.9,1.56,1.95
2026-07-28,35,17:30,affordability.voice,Affordability & debt,voice,6.0,557.9,1.95,1.89
2026-07-29,16,08:00,affordability.voice,Affordability & debt,voice,5.0,568.9,1.6,1.51
2026-07-29,17,08:30,affordability.voice,Affordability & debt,voice,37.0,568.9,9.82,12.43
2026-07-29,18,09:00,affordability.voice,Affordability & debt,voice,62.0,568.9,17.24,19.82
2026-07-29,19,09:30,affordability.voice,Affordability & debt,voice,48.0,568.9,14.55,16.02
2026-07-29,20,10:00,affordability.voice,Affordability & debt,voice,44.0,568.9,14.09,14.37
2026-07-29,21,10:30,affordability.voice,Affordability & debt,voice,26.0,568.9,8.61,7.84
2026-07-29,22,11:00,affordability.voice,Affordability & debt,voice,30.0,568.9,8.6,9.77
2026-07-29,23,11:30,affordability.voice,Affordability & debt,voice,24.0,568.9,6.29,7.55
2026-07-29,24,12:00,affordability.voice,Affordability & debt,voice,22.0,568.9,7.04,6.61
2026-07-29,25,12:30,affordability.voice,Affordability & debt,voice,10.0,568.9,3.21,3.29
2026-07-29,26,13:00,affordability.voice,Affordability & debt,voice,15.0,568.9,3.75,4.49
2026-07-29,27,13:30,affordability.voice,Affordability & debt,voice,19.0,568.9,5.65,6.29
2026-07-29,28,14:00,affordability.voice,Affordability & debt,voice,39.0,568.9,10.53,13.32
2026-07-29,29,14:30,affordability.voice,Affordability & debt,voice,33.0,568.9,10.0,10.63
2026-07-29,30,15:00,affordability.voice,Affordability & debt,voice,18.0,568.9,4.94,5.61
2026-07-29,31,15:30,affordability.voice,Affordability & debt,voice,29.0,568.9,8.86,9.2
2026-07-29,32,16:00,affordability.voice,Affordability & debt,voice,27.0,568.9,8.56,8.85
2026-07-29,33,16:30,affordability.voice,Affordability & debt,voice,17.0,568.9,5.11,4.92
2026-07-29,34,17:00,affordability.voice,Affordability & debt,voice,9.0,568.9,2.23,2.73
2026-07-29,35,17:30,affordability.voice,Affordability & debt,voice,6.0,568.9,1.96,1.85
2026-07-30,16,08:00,affordability.voice,Affordability & debt,voice,11.0,578.2,3.33,3.38
2026-07-30,17,08:30,affordability.voice,Affordability & debt,voice,35.0,578.2,12.56,11.24
2026-07-30,18,09:00,affordability.voice,Affordability & debt,voice,39.0,578.2,9.94,12.21
2026-07-30,19,09:30,affordability.voice,Affordability & debt,voice,49.0,578.2,11.89,15.71
2026-07-30,20,10:00,affordability.voice,Affordability & debt,voice,45.0,578.2,14.86,15.11
2026-07-30,21,10:30,affordability.voice,Affordability & debt,voice,40.0,578.2,13.36,13.63
2026-07-30,22,11:00,affordability.voice,Affordability & debt,voice,36.0,578.2,7.69,12.42
2026-07-30,23,11:30,affordability.voice,Affordability & debt,voice,27.0,578.2,8.36,8.34
2026-07-30,24,12:00,affordability.voice,Affordability & debt,voice,11.0,578.2,2.84,3.53
2026-07-30,25,12:30,affordability.voice,Affordability & debt,voice,12.0,578.2,4.22,4.16
2026-07-30,26,13:00,affordability.voice,Affordability & debt,voice,19.0,578.2,6.14,5.96
2026-07-30,27,13:30,affordability.voice,Affordability & debt,voice,18.0,578.2,5.99,5.5
2026-07-30,28,14:00,affordability.voice,Affordability & debt,voice,40.0,578.2,12.25,12.91
2026-07-30,29,14:30,affordability.voice,Affordability & debt,voice,34.0,578.2,9.34,11.12
2026-07-30,30,15:00,affordability.voice,Affordability & debt,voice,38.0,578.2,12.79,11.82
2026-07-30,31,15:30,affordability.voice,Affordability & debt,voice,30.0,578.2,10.17,9.41
2026-07-30,32,16:00,affordability.voice,Affordability & debt,voice,27.0,578.2,8.15,8.4
2026-07-30,33,16:30,affordability.voice,Affordability & debt,voice,23.0,578.2,6.76,6.86
2026-07-30,34,17:00,affordability.voice,Affordability & debt,voice,5.0,578.2,1.66,1.66
2026-07-30,35,17:30,affordability.voice,Affordability & debt,voice,2.0,578.2,0.6,0.69
2026-07-31,16,08:00,affordability.voice,Affordability & debt,voice,14.0,575.7,4.61,5.02
2026-07-31,17,08:30,affordability.voice,Affordability & debt,voice,25.0,575.7,5.98,9.01
2026-07-31,18,09:00,affordability.voice,Affordability & debt,voice,46.0,575.7,12.99,15.39
2026-07-31,19,09:30,affordability.voice,Affordability & debt,voice,60.0,575.7,19.72,18.68
2026-07-31,20,10:00,affordability.voice,Affordability & debt,voice,69.0,575.7,19.18,22.57
2026-07-31,21,10:30,affordability.voice,Affordability & debt,voice,78.0,575.7,21.57,23.24
2026-07-31,22,11:00,affordability.voice,Affordability & debt,voice,33.0,575.7,7.97,11.25
2026-07-31,23,11:30,affordability.voice,Affordability & debt,voice,26.0,575.7,8.67,7.9
2026-07-31,24,12:00,affordability.voice,Affordability & debt,voice,20.0,575.7,6.22,6.53
2026-07-31,25,12:30,affordability.voice,Affordability & debt,voice,6.0,575.7,1.58,1.71
2026-07-31,26,13:00,affordability.voice,Affordability & debt,voice,14.0,575.7,5.04,4.63
2026-07-31,27,13:30,affordability.voice,Affordability & debt,voice,28.0,575.7,10.41,9.36
2026-07-31,28,14:00,affordability.voice,Affordability & debt,voice,43.0,575.7,15.49,13.55
2026-07-31,29,14:30,affordability.voice,Affordability & debt,voice,45.0,575.7,14.81,14.56
2026-07-31,30,15:00,affordability.voice,Affordability & debt,voice,44.0,575.7,11.01,14.22
2026-07-31,31,15:30,affordability.voice,Affordability & debt,voice,44.0,575.7,13.56,14.63
2026-07-31,32,16:00,affordability.voice,Affordability & debt,voice,27.0,575.7,7.23,8.66
2026-07-31,33,16:30,affordability.voice,Affordability & debt,voice,16.0,575.7,4.73,5.2
2026-07-31,34,17:00,affordability.voice,Affordability & debt,voice,7.0,575.7,2.62,2.16
2026-07-31,35,17:30,affordability.voice,Affordability & debt,voice,9.0,575.7,2.54,2.88
2026-08-01,17,08:30,affordability.voice,Affordability & debt,voice,16.0,552.7,3.93,5.17
2026-08-01,18,09:00,affordability.voice,Affordability & debt,voice,37.0,552.7,10.35,11.77
2026-08-01,19,09:30,affordability.voice,Affordability & debt,voice,41.0,552.7,12.28,12.06
2026-08-01,20,10:00,affordability.voice,Affordability & debt,voice,36.0,552.7,10.22,10.74
2026-08-01,21,10:30,affordability.voice,Affordability & debt,voice,48.0,552.7,12.18,15.27
2026-08-01,22,11:00,affordability.voice,Affordability & debt,voice,36.0,552.7,11.22,10.74
2026-08-01,23,11:30,affordability.voice,Affordability & debt,voice,33.0,552.7,9.96,11.31
2026-08-01,24,12:00,affordability.voice,Affordability & debt,voice,32.0,552.7,8.26,10.38
2026-08-01,25,12:30,affordability.voice,Affordability & debt,voice,11.0,552.7,3.5,3.44
2026-08-01,26,13:00,affordability.voice,Affordability & debt,voice,10.0,552.7,3.31,2.9
2026-08-03,16,08:00,affordability.voice,Affordability & debt,voice,17.0,606.1,4.49,6.04
2026-08-03,17,08:30,affordability.voice,Affordability & debt,voice,46.0,606.1,15.56,15.77
2026-08-03,18,09:00,affordability.voice,Affordability & debt,voice,71.0,606.1,18.42,25.05
2026-08-03,19,09:30,affordability.voice,Affordability & debt,voice,71.0,606.1,18.5,23.48
2026-08-03,20,10:00,affordability.voice,Affordability & debt,voice,94.0,606.1,25.55,31.47
2026-08-03,21,10:30,affordability.voice,Affordability & debt,voice,75.0,606.1,28.28,24.78
2026-08-03,22,11:00,affordability.voice,Affordability & debt,voice,79.0,606.1,24.06,24.48
2026-08-03,23,11:30,affordability.voice,Affordability & debt,voice,47.0,606.1,11.19,16.77
2026-08-03,24,12:00,affordability.voice,Affordability & debt,voice,29.0,606.1,10.59,10.53
2026-08-03,25,12:30,affordability.voice,Affordability & debt,voice,24.0,606.1,7.91,7.9
2026-08-03,26,13:00,affordability.voice,Affordability & debt,voice,21.0,606.1,5.69,7.01
2026-08-03,27,13:30,affordability.voice,Affordability & debt,voice,48.0,606.1,16.06,17.06
2026-08-03,28,14:00,affordability.voice,Affordability & debt,voice,51.0,606.1,16.85,15.95
2026-08-03,29,14:30,affordability.voice,Affordability & debt,voice,72.0,606.1,24.52,23.31
2026-08-03,30,15:00,affordability.voice,Affordability & debt,voice,59.0,606.1,19.46,19.93
2026-08-03,31,15:30,affordability.voice,Affordability & debt,voice,61.0,606.1,16.54,20.48
2026-08-03,32,16:00,affordability.voice,Affordability & debt,voice,22.0,606.1,7.72,8.24
2026-08-03,33,16:30,affordability.voice,Affordability & debt,voice,18.0,606.1,5.51,5.92
2026-08-03,34,17:00,affordability.voice,Affordability & debt,voice,8.0,606.1,2.92,2.55
2026-08-03,35,17:30,affordability.voice,Affordability & debt,voice,6.0,606.1,2.05,2.16
2026-08-04,16,08:00,affordability.voice,Affordability & debt,voice,10.0,583.8,3.71,3.46
2026-08-04,17,08:30,affordability.voice,Affordability & debt,voice,44.0,583.8,15.95,14.61
2026-08-04,18,09:00,affordability.voice,Affordability & debt,voice,45.0,583.8,9.96,13.2
2026-08-04,19,09:30,affordability.voice,Affordability & debt,voice,66.0,583.8,22.07,20.19
2026-08-04,20,10:00,affordability.voice,Affordability & debt,voice,49.0,583.8,16.53,16.25
2026-08-04,21,10:30,affordability.voice,Affordability & debt,voice,32.0,583.8,10.32,11.21
2026-08-04,22,11:00,affordability.voice,Affordability & debt,voice,29.0,583.8,9.06,9.18
2026-08-04,23,11:30,affordability.voice,Affordability & debt,voice,29.0,583.8,10.2,9.7
2026-08-04,24,12:00,affordability.voice,Affordability & debt,voice,21.0,583.8,6.24,7.33
2026-08-04,25,12:30,affordability.voice,Affordability & debt,voice,11.0,583.8,2.95,3.49
2026-08-04,26,13:00,affordability.voice,Affordability & debt,voice,17.0,583.8,5.0,5.08
2026-08-04,27,13:30,affordability.voice,Affordability & debt,voice,40.0,583.8,10.95,13.23
2026-08-04,28,14:00,affordability.voice,Affordability & debt,voice,34.0,583.8,11.78,10.7
2026-08-04,29,14:30,affordability.voice,Affordability & debt,voice,57.0,583.8,18.03,20.24
2026-08-04,30,15:00,affordability.voice,Affordability & debt,voice,35.0,583.8,12.51,11.09
2026-08-04,31,15:30,affordability.voice,Affordability & debt,voice,31.0,583.8,8.97,10.18
2026-08-04,32,16:00,affordability.voice,Affordability & debt,voice,30.0,583.8,9.78,9.29
2026-08-04,33,16:30,affordability.voice,Affordability & debt,voice,15.0,583.8,5.02,4.92
2026-08-04,34,17:00,affordability.voice,Affordability & debt,voice,8.0,583.8,2.36,2.55
2026-08-04,35,17:30,affordability.voice,Affordability & debt,voice,4.0,583.8,1.65,1.19
2026-08-05,16,08:00,affordability.voice,Affordability & debt,voice,10.0,575.7,2.31,3.26
2026-08-05,17,08:30,affordability.voice,Affordability & debt,voice,33.0,575.7,9.69,11.18
2026-08-05,18,09:00,affordability.voice,Affordability & debt,voice,46.0,575.7,11.03,14.63
2026-08-05,19,09:30,affordability.voice,Affordability & debt,voice,52.0,575.7,18.6,17.4
2026-08-05,20,10:00,affordability.voice,Affordability & debt,voice,50.0,575.7,16.59,16.16
2026-08-05,21,10:30,affordability.voice,Affordability & debt,voice,43.0,575.7,16.45,13.54
2026-08-05,22,11:00,affordability.voice,Affordability & debt,voice,37.0,575.7,12.07,12.54
2026-08-05,23,11:30,affordability.voice,Affordability & debt,voice,36.0,575.7,11.62,11.87
2026-08-05,24,12:00,affordability.voice,Affordability & debt,voice,20.0,575.7,7.17,6.14
2026-08-05,25,12:30,affordability.voice,Affordability & debt,voice,14.0,575.7,3.23,4.45
2026-08-05,26,13:00,affordability.voice,Affordability & debt,voice,20.0,575.7,6.86,5.98
2026-08-05,27,13:30,affordability.voice,Affordability & debt,voice,31.0,575.7,9.94,10.29
2026-08-05,28,14:00,affordability.voice,Affordability & debt,voice,40.0,575.7,13.97,11.9
2026-08-05,29,14:30,affordability.voice,Affordability & debt,voice,38.0,575.7,11.53,11.72
2026-08-05,30,15:00,affordability.voice,Affordability & debt,voice,40.0,575.7,10.96,13.39
2026-08-05,31,15:30,affordability.voice,Affordability & debt,voice,36.0,575.7,10.49,12.46
2026-08-05,32,16:00,affordability.voice,Affordability & debt,voice,28.0,575.7,9.05,8.42
2026-08-05,33,16:30,affordability.voice,Affordability & debt,voice,15.0,575.7,4.23,4.69
2026-08-05,34,17:00,affordability.voice,Affordability & debt,voice,5.0,575.7,1.5,1.72
2026-08-05,35,17:30,affordability.voice,Affordability & debt,voice,4.0,575.7,1.48,1.28
2026-08-06,16,08:00,affordability.voice,Affordability & debt,voice,8.0,572.8,2.59,2.38
2026-08-06,17,08:30,affordability.voice,Affordability & debt,voice,29.0,572.8,8.05,8.62
2026-08-06,18,09:00,affordability.voice,Affordability & debt,voice,39.0,572.8,10.56,13.17
2026-08-06,19,09:30,affordability.voice,Affordability & debt,voice,48.0,572.8,12.75,15.94
2026-08-06,20,10:00,affordability.voice,Affordability & debt,voice,58.0,572.8,18.26,20.11
2026-08-06,21,10:30,affordability.voice,Affordability & debt,voice,53.0,572.8,16.97,17.35
2026-08-06,22,11:00,affordability.voice,Affordability & debt,voice,53.0,572.8,20.75,16.59
2026-08-06,23,11:30,affordability.voice,Affordability & debt,voice,27.0,572.8,9.46,7.96
2026-08-06,24,12:00,affordability.voice,Affordability & debt,voice,9.0,572.8,3.21,2.67
2026-08-06,25,12:30,affordability.voice,Affordability & debt,voice,9.0,572.8,2.46,2.99
2026-08-06,26,13:00,affordability.voice,Affordability & debt,voice,22.0,572.8,7.03,7.09
2026-08-06,27,13:30,affordability.voice,Affordability & debt,voice,34.0,572.8,7.87,11.28
2026-08-06,28,14:00,affordability.voice,Affordability & debt,voice,38.0,572.8,9.39,11.43
2026-08-06,29,14:30,affordability.voice,Affordability & debt,voice,58.0,572.8,17.34,19.8
2026-08-06,30,15:00,affordability.voice,Affordability & debt,voice,49.0,572.8,16.24,15.3
2026-08-06,31,15:30,affordability.voice,Affordability & debt,voice,40.0,572.8,12.01,13.01
2026-08-06,32,16:00,affordability.voice,Affordability & debt,voice,29.0,572.8,8.1,9.4
2026-08-06,33,16:30,affordability.voice,Affordability & debt,voice,17.0,572.8,4.86,5.37
2026-08-06,34,17:00,affordability.voice,Affordability & debt,voice,15.0,572.8,3.44,4.79
2026-08-06,35,17:30,affordability.voice,Affordability & debt,voice,4.0,572.8,0.94,1.31
2026-08-07,16,08:00,affordability.voice,Affordability & debt,voice,10.0,567.3,2.98,3.21
2026-08-07,17,08:30,affordability.voice,Affordability & debt,voice,37.0,567.3,10.62,12.08
2026-08-07,18,09:00,affordability.voice,Affordability & debt,voice,36.0,567.3,11.01,11.06
2026-08-07,19,09:30,affordability.voice,Affordability & debt,voice,48.0,567.3,11.41,14.54
2026-08-07,20,10:00,affordability.voice,Affordability & debt,voice,60.0,567.3,16.85,19.36
2026-08-07,21,10:30,affordability.voice,Affordability & debt,voice,48.0,567.3,13.45,14.75
2026-08-07,22,11:00,affordability.voice,Affordability & debt,voice,30.0,567.3,10.54,10.32
2026-08-07,23,11:30,affordability.voice,Affordability & debt,voice,27.0,567.3,9.53,8.36
2026-08-07,24,12:00,affordability.voice,Affordability & debt,voice,10.0,567.3,3.87,2.95
2026-08-07,25,12:30,affordability.voice,Affordability & debt,voice,10.0,567.3,3.27,3.02
2026-08-07,26,13:00,affordability.voice,Affordability & debt,voice,22.0,567.3,7.24,7.11
2026-08-07,27,13:30,affordability.voice,Affordability & debt,voice,23.0,567.3,5.69,7.8
2026-08-07,28,14:00,affordability.voice,Affordability & debt,voice,32.0,567.3,8.63,9.82
2026-08-07,29,14:30,affordability.voice,Affordability & debt,voice,35.0,567.3,11.87,10.9
2026-08-07,30,15:00,affordability.voice,Affordability & debt,voice,49.0,567.3,18.17,15.79
2026-08-07,31,15:30,affordability.voice,Affordability & debt,voice,32.0,567.3,8.57,10.58
2026-08-07,32,16:00,affordability.voice,Affordability & debt,voice,23.0,567.3,5.53,7.27
2026-08-07,33,16:30,affordability.voice,Affordability & debt,voice,7.0,567.3,1.85,2.16
2026-08-07,34,17:00,affordability.voice,Affordability & debt,voice,5.0,567.3,1.65,1.5
2026-08-07,35,17:30,affordability.voice,Affordability & debt,voice,6.0,567.3,2.05,1.94
2026-08-08,17,08:30,affordability.voice,Affordability & debt,voice,18.0,568.3,5.72,5.43
2026-08-08,18,09:00,affordability.voice,Affordability & debt,voice,43.0,568.3,14.12,14.09
2026-08-08,19,09:30,affordability.voice,Affordability & debt,voice,46.0,568.3,15.46,15.7
2026-08-08,20,10:00,affordability.voice,Affordability & debt,voice,61.0,568.3,13.91,19.39
2026-08-08,21,10:30,affordability.voice,Affordability & debt,voice,53.0,568.3,15.27,15.77
2026-08-08,22,11:00,affordability.voice,Affordability & debt,voice,33.0,568.3,11.05,10.05
2026-08-08,23,11:30,affordability.voice,Affordability & debt,voice,28.0,568.3,9.97,8.56
2026-08-08,24,12:00,affordability.voice,Affordability & debt,voice,17.0,568.3,4.53,5.21
2026-08-08,25,12:30,affordability.voice,Affordability & debt,voice,11.0,568.3,3.45,3.23
2026-08-08,26,13:00,affordability.voice,Affordability & debt,voice,10.0,568.3,2.27,3.43
2026-08-10,16,08:00,affordability.voice,Affordability & debt,voice,19.0,586.4,5.4,6.24
2026-08-10,17,08:30,affordability.voice,Affordability & debt,voice,54.0,586.4,16.84,17.17
2026-08-10,18,09:00,affordability.voice,Affordability & debt,voice,51.0,586.4,15.67,15.61
2026-08-10,19,09:30,affordability.voice,Affordability & debt,voice,70.0,586.4,21.9,22.66
2026-08-10,20,10:00,affordability.voice,Affordability & debt,voice,71.0,586.4,21.79,22.32
2026-08-10,21,10:30,affordability.voice,Affordability & debt,voice,64.0,586.4,17.84,21.81
2026-08-10,22,11:00,affordability.voice,Affordability & debt,voice,49.0,586.4,12.53,16.13
2026-08-10,23,11:30,affordability.voice,Affordability & debt,voice,45.0,586.4,13.72,14.82
2026-08-10,24,12:00,affordability.voice,Affordability & debt,voice,18.0,586.4,6.01,5.75
2026-08-10,25,12:30,affordability.voice,Affordability & debt,voice,14.0,586.4,3.47,4.68
2026-08-10,26,13:00,affordability.voice,Affordability & debt,voice,25.0,586.4,7.48,7.24
2026-08-10,27,13:30,affordability.voice,Affordability & debt,voice,44.0,586.4,15.56,13.66
2026-08-10,28,14:00,affordability.voice,Affordability & debt,voice,54.0,586.4,17.93,17.19
2026-08-10,29,14:30,affordability.voice,Affordability & debt,voice,79.0,586.4,21.75,24.48
2026-08-10,30,15:00,affordability.voice,Affordability & debt,voice,37.0,586.4,12.59,12.58
2026-08-10,31,15:30,affordability.voice,Affordability & debt,voice,48.0,586.4,16.0,15.91
2026-08-10,32,16:00,affordability.voice,Affordability & debt,voice,47.0,586.4,16.02,15.49
2026-08-10,33,16:30,affordability.voice,Affordability & debt,voice,21.0,586.4,7.19,6.84
2026-08-10,34,17:00,affordability.voice,Affordability & debt,voice,9.0,586.4,2.56,2.83
2026-08-10,35,17:30,affordability.voice,Affordability & debt,voice,3.0,586.4,0.99,0.88
2026-08-11,16,08:00,affordability.voice,Affordability & debt,voice,10.0,571.6,3.19,3.15
2026-08-11,17,08:30,affordability.voice,Affordability & debt,voice,27.0,571.6,8.09,8.26
2026-08-11,18,09:00,affordability.voice,Affordability & debt,voice,28.0,571.6,10.51,8.45
2026-08-11,19,09:30,affordability.voice,Affordability & debt,voice,48.0,571.6,18.13,15.89
2026-08-11,20,10:00,affordability.voice,Affordability & debt,voice,35.0,571.6,9.36,11.32
2026-08-11,21,10:30,affordability.voice,Affordability & debt,voice,46.0,571.6,15.35,14.23
2026-08-11,22,11:00,affordability.voice,Affordability & debt,voice,28.0,571.6,6.71,9.29
2026-08-11,23,11:30,affordability.voice,Affordability & debt,voice,25.0,571.6,8.69,7.94
2026-08-11,24,12:00,affordability.voice,Affordability & debt,voice,14.0,571.6,3.8,4.53
2026-08-11,25,12:30,affordability.voice,Affordability & debt,voice,14.0,571.6,2.87,4.27
2026-08-11,26,13:00,affordability.voice,Affordability & debt,voice,20.0,571.6,6.13,6.45
2026-08-11,27,13:30,affordability.voice,Affordability & debt,voice,35.0,571.6,11.07,12.06
2026-08-11,28,14:00,affordability.voice,Affordability & debt,voice,31.0,571.6,8.69,9.46
2026-08-11,29,14:30,affordability.voice,Affordability & debt,voice,25.0,571.6,6.13,7.68
2026-08-11,30,15:00,affordability.voice,Affordability & debt,voice,45.0,571.6,13.39,14.49
2026-08-11,31,15:30,affordability.voice,Affordability & debt,voice,40.0,571.6,13.57,12.97
2026-08-11,32,16:00,affordability.voice,Affordability & debt,voice,21.0,571.6,6.25,6.85
2026-08-11,33,16:30,affordability.voice,Affordability & debt,voice,12.0,571.6,4.39,3.83
2026-08-11,34,17:00,affordability.voice,Affordability & debt,voice,2.0,571.6,0.5,0.62
2026-08-11,35,17:30,affordability.voice,Affordability & debt,voice,3.0,571.6,0.81,0.96
2026-08-12,16,08:00,affordability.voice,Affordability & debt,voice,12.0,589.1,3.72,3.94
2026-08-12,17,08:30,affordability.voice,Affordability & debt,voice,31.0,589.1,8.43,9.75
2026-08-12,18,09:00,affordability.voice,Affordability & debt,voice,49.0,589.1,16.61,15.94
2026-08-12,19,09:30,affordability.voice,Affordability & debt,voice,45.0,589.1,12.33,14.36
2026-08-12,20,10:00,affordability.voice,Affordability & debt,voice,46.0,589.1,15.2,15.24
2026-08-12,21,10:30,affordability.voice,Affordability & debt,voice,68.0,589.1,21.16,24.58
2026-08-12,22,11:00,affordability.voice,Affordability & debt,voice,34.0,589.1,12.07,9.73
2026-08-12,23,11:30,affordability.voice,Affordability & debt,voice,33.0,589.1,10.53,10.77
2026-08-12,24,12:00,affordability.voice,Affordability & debt,voice,16.0,589.1,4.72,5.74
2026-08-12,25,12:30,affordability.voice,Affordability & debt,voice,9.0,589.1,2.74,2.86
2026-08-12,26,13:00,affordability.voice,Affordability & debt,voice,13.0,589.1,4.13,4.35
2026-08-12,27,13:30,affordability.voice,Affordability & debt,voice,25.0,589.1,6.84,8.03
2026-08-12,28,14:00,affordability.voice,Affordability & debt,voice,39.0,589.1,13.05,12.77
2026-08-12,29,14:30,affordability.voice,Affordability & debt,voice,55.0,589.1,15.99,17.16
2026-08-12,30,15:00,affordability.voice,Affordability & debt,voice,37.0,589.1,12.57,12.59
2026-08-12,31,15:30,affordability.voice,Affordability & debt,voice,46.0,589.1,16.74,14.02
2026-08-12,32,16:00,affordability.voice,Affordability & debt,voice,29.0,589.1,7.81,9.09
2026-08-12,33,16:30,affordability.voice,Affordability & debt,voice,15.0,589.1,4.36,5.25
2026-08-12,34,17:00,affordability.voice,Affordability & debt,voice,3.0,589.1,1.12,0.94
2026-08-12,35,17:30,affordability.voice,Affordability & debt,voice,5.0,589.1,1.76,1.68
2026-08-13,16,08:00,affordability.voice,Affordability & debt,voice,16.0,573.0,5.72,4.92
2026-08-13,17,08:30,affordability.voice,Affordability & debt,voice,42.0,573.0,16.36,14.72
2026-08-13,18,09:00,affordability.voice,Affordability & debt,voice,31.0,573.0,8.26,10.27
2026-08-13,19,09:30,affordability.voice,Affordability & debt,voice,45.0,573.0,13.32,14.99
2026-08-13,20,10:00,affordability.voice,Affordability & debt,voice,45.0,573.0,14.62,14.69
2026-08-13,21,10:30,affordability.voice,Affordability & debt,voice,62.0,573.0,21.7,19.27
2026-08-13,22,11:00,affordability.voice,Affordability & debt,voice,43.0,573.0,15.92,12.9
2026-08-13,23,11:30,affordability.voice,Affordability & debt,voice,31.0,573.0,9.22,9.34
2026-08-13,24,12:00,affordability.voice,Affordability & debt,voice,23.0,573.0,7.39,7.17
2026-08-13,25,12:30,affordability.voice,Affordability & debt,voice,16.0,573.0,5.78,4.8
2026-08-13,26,13:00,affordability.voice,Affordability & debt,voice,17.0,573.0,5.41,5.39
2026-08-13,27,13:30,affordability.voice,Affordability & debt,voice,29.0,573.0,7.93,9.54
2026-08-13,28,14:00,affordability.voice,Affordability & debt,voice,43.0,573.0,13.39,13.88
2026-08-13,29,14:30,affordability.voice,Affordability & debt,voice,41.0,573.0,15.14,13.23
2026-08-13,30,15:00,affordability.voice,Affordability & debt,voice,40.0,573.0,12.51,13.18
2026-08-13,31,15:30,affordability.voice,Affordability & debt,voice,44.0,573.0,11.78,14.31
2026-08-13,32,16:00,affordability.voice,Affordability & debt,voice,38.0,573.0,13.18,11.89
2026-08-13,33,16:30,affordability.voice,Affordability & debt,voice,14.0,573.0,4.55,4.37
2026-08-13,34,17:00,affordability.voice,Affordability & debt,voice,4.0,573.0,1.09,1.16
2026-08-13,35,17:30,affordability.voice,Affordability & debt,voice,4.0,573.0,1.09,1.36
2026-08-14,16,08:00,affordability.voice,Affordability & debt,voice,16.0,595.4,5.48,5.25
2026-08-14,17,08:30,affordability.voice,Affordability & debt,voice,24.0,595.4,7.34,8.66
2026-08-14,18,09:00,affordability.voice,Affordability & debt,voice,32.0,595.4,8.76,11.25
2026-08-14,19,09:30,affordability.voice,Affordability & debt,voice,59.0,595.4,19.36,19.0
2026-08-14,20,10:00,affordability.voice,Affordability & debt,voice,35.0,595.4,10.71,12.07
2026-08-14,21,10:30,affordability.voice,Affordability & debt,voice,46.0,595.4,13.84,15.88
2026-08-14,22,11:00,affordability.voice,Affordability & debt,voice,38.0,595.4,14.01,12.51
2026-08-14,23,11:30,affordability.voice,Affordability & debt,voice,10.0,595.4,2.8,3.18
2026-08-14,24,12:00,affordability.voice,Affordability & debt,voice,19.0,595.4,5.86,6.32
2026-08-14,25,12:30,affordability.voice,Affordability & debt,voice,7.0,595.4,2.35,2.46
2026-08-14,26,13:00,affordability.voice,Affordability & debt,voice,14.0,595.4,4.61,4.88
2026-08-14,27,13:30,affordability.voice,Affordability & debt,voice,30.0,595.4,9.12,9.84
2026-08-14,28,14:00,affordability.voice,Affordability & debt,voice,43.0,595.4,15.96,14.97
2026-08-14,29,14:30,affordability.voice,Affordability & debt,voice,30.0,595.4,10.54,9.48
2026-08-14,30,15:00,affordability.voice,Affordability & debt,voice,38.0,595.4,11.79,12.51
2026-08-14,31,15:30,affordability.voice,Affordability & debt,voice,31.0,595.4,9.79,9.69
2026-08-14,32,16:00,affordability.voice,Affordability & debt,voice,18.0,595.4,5.55,6.03
2026-08-14,33,16:30,affordability.voice,Affordability & debt,voice,18.0,595.4,4.93,6.04
2026-08-14,34,17:00,affordability.voice,Affordability & debt,voice,3.0,595.4,1.04,1.01
2026-08-14,35,17:30,affordability.voice,Affordability & debt,voice,1.0,595.4,0.32,0.34
2026-08-15,17,08:30,affordability.voice,Affordability & debt,voice,12.0,529.1,3.07,3.72
2026-08-15,18,09:00,affordability.voice,Affordability & debt,voice,30.0,529.1,9.46,8.73
2026-08-15,19,09:30,affordability.voice,Affordability & debt,voice,48.0,529.1,15.79,12.75
2026-08-15,20,10:00,affordability.voice,Affordability & debt,voice,48.0,529.1,11.77,14.29
2026-08-15,21,10:30,affordability.voice,Affordability & debt,voice,46.0,529.1,13.99,13.95
2026-08-15,22,11:00,affordability.voice,Affordability & debt,voice,24.0,529.1,7.02,7.61
2026-08-15,23,11:30,affordability.voice,Affordability & debt,voice,28.0,529.1,9.32,8.34
2026-08-15,24,12:00,affordability.voice,Affordability & debt,voice,19.0,529.1,6.1,5.63
2026-08-15,25,12:30,affordability.voice,Affordability & debt,voice,3.0,529.1,0.99,0.91
2026-08-15,26,13:00,affordability.voice,Affordability & debt,voice,12.0,529.1,2.74,3.68
2026-07-20,16,08:00,affordability.back_office,Affordability & debt,back_office,13.0,745.1,4.52,5.36
2026-07-20,17,08:30,affordability.back_office,Affordability & debt,back_office,23.0,745.1,8.63,9.76
2026-07-20,18,09:00,affordability.back_office,Affordability & debt,back_office,35.0,745.1,15.65,15.56
2026-07-20,19,09:30,affordability.back_office,Affordability & debt,back_office,40.0,745.1,18.46,16.29
2026-07-20,20,10:00,affordability.back_office,Affordability & debt,back_office,32.0,745.1,11.14,12.31
2026-07-20,21,10:30,affordability.back_office,Affordability & debt,back_office,30.0,745.1,12.87,11.81
2026-07-20,22,11:00,affordability.back_office,Affordability & debt,back_office,26.0,745.1,10.14,10.53
2026-07-20,23,11:30,affordability.back_office,Affordability & debt,back_office,19.0,745.1,8.55,8.08
2026-07-20,24,12:00,affordability.back_office,Affordability & debt,back_office,11.0,745.1,4.15,4.28
2026-07-20,25,12:30,affordability.back_office,Affordability & debt,back_office,8.0,745.1,3.31,3.67
2026-07-20,26,13:00,affordability.back_office,Affordability & debt,back_office,5.0,745.1,2.55,2.08
2026-07-20,27,13:30,affordability.back_office,Affordability & debt,back_office,25.0,745.1,10.02,9.89
2026-07-20,28,14:00,affordability.back_office,Affordability & debt,back_office,31.0,745.1,11.49,11.56
2026-07-20,29,14:30,affordability.back_office,Affordability & debt,back_office,27.0,745.1,11.96,10.89
2026-07-20,30,15:00,affordability.back_office,Affordability & debt,back_office,30.0,745.1,11.01,11.66
2026-07-20,31,15:30,affordability.back_office,Affordability & debt,back_office,28.0,745.1,12.08,12.25
2026-07-20,32,16:00,affordability.back_office,Affordability & debt,back_office,19.0,745.1,6.88,8.32
2026-07-20,33,16:30,affordability.back_office,Affordability & debt,back_office,10.0,745.1,3.94,4.26
2026-07-20,34,17:00,affordability.back_office,Affordability & debt,back_office,2.0,745.1,0.92,0.82
2026-07-20,35,17:30,affordability.back_office,Affordability & debt,back_office,1.0,745.1,0.52,0.35
2026-07-21,16,08:00,affordability.back_office,Affordability & debt,back_office,5.0,729.6,1.58,2.08
2026-07-21,17,08:30,affordability.back_office,Affordability & debt,back_office,15.0,729.6,5.81,6.42
2026-07-21,18,09:00,affordability.back_office,Affordability & debt,back_office,20.0,729.6,7.26,8.4
2026-07-21,19,09:30,affordability.back_office,Affordability & debt,back_office,27.0,729.6,9.93,11.07
2026-07-21,20,10:00,affordability.back_office,Affordability & debt,back_office,32.0,729.6,14.03,13.4
2026-07-21,21,10:30,affordability.back_office,Affordability & debt,back_office,30.0,729.6,12.6,12.51
2026-07-21,22,11:00,affordability.back_office,Affordability & debt,back_office,25.0,729.6,9.74,10.3
2026-07-21,23,11:30,affordability.back_office,Affordability & debt,back_office,17.0,729.6,7.2,6.82
2026-07-21,24,12:00,affordability.back_office,Affordability & debt,back_office,10.0,729.6,3.07,3.95
2026-07-21,25,12:30,affordability.back_office,Affordability & debt,back_office,7.0,729.6,2.49,2.8
2026-07-21,26,13:00,affordability.back_office,Affordability & debt,back_office,8.0,729.6,2.43,3.32
2026-07-21,27,13:30,affordability.back_office,Affordability & debt,back_office,18.0,729.6,7.52,6.85
2026-07-21,28,14:00,affordability.back_office,Affordability & debt,back_office,25.0,729.6,9.28,10.84
2026-07-21,29,14:30,affordability.back_office,Affordability & debt,back_office,22.0,729.6,8.33,8.64
2026-07-21,30,15:00,affordability.back_office,Affordability & debt,back_office,22.0,729.6,7.55,9.05
2026-07-21,31,15:30,affordability.back_office,Affordability & debt,back_office,23.0,729.6,9.82,9.83
2026-07-21,32,16:00,affordability.back_office,Affordability & debt,back_office,18.0,729.6,8.34,7.39
2026-07-21,33,16:30,affordability.back_office,Affordability & debt,back_office,11.0,729.6,4.02,4.71
2026-07-21,34,17:00,affordability.back_office,Affordability & debt,back_office,1.0,729.6,0.34,0.39
2026-07-21,35,17:30,affordability.back_office,Affordability & debt,back_office,1.0,729.6,0.48,0.42
2026-07-22,16,08:00,affordability.back_office,Affordability & debt,back_office,5.0,730.4,1.7,2.09
2026-07-22,17,08:30,affordability.back_office,Affordability & debt,back_office,17.0,730.4,6.44,7.09
2026-07-22,18,09:00,affordability.back_office,Affordability & debt,back_office,28.0,730.4,8.6,11.37
2026-07-22,19,09:30,affordability.back_office,Affordability & debt,back_office,29.0,730.4,9.68,12.55
2026-07-22,20,10:00,affordability.back_office,Affordability & debt,back_office,37.0,730.4,16.86,14.71
2026-07-22,21,10:30,affordability.back_office,Affordability & debt,back_office,32.0,730.4,13.41,12.83
2026-07-22,22,11:00,affordability.back_office,Affordability & debt,back_office,21.0,730.4,5.74,8.73
2026-07-22,23,11:30,affordability.back_office,Affordability & debt,back_office,17.0,730.4,6.88,6.87
2026-07-22,24,12:00,affordability.back_office,Affordability & debt,back_office,11.0,730.4,5.12,4.06
2026-07-22,25,12:30,affordability.back_office,Affordability & debt,back_office,7.0,730.4,3.12,2.71
2026-07-22,26,13:00,affordability.back_office,Affordability & debt,back_office,7.0,730.4,2.68,2.93
2026-07-22,27,13:30,affordability.back_office,Affordability & debt,back_office,27.0,730.4,10.59,11.36
2026-07-22,28,14:00,affordability.back_office,Affordability & debt,back_office,16.0,730.4,7.07,6.81
2026-07-22,29,14:30,affordability.back_office,Affordability & debt,back_office,31.0,730.4,11.26,12.75
2026-07-22,30,15:00,affordability.back_office,Affordability & debt,back_office,26.0,730.4,9.3,10.23
2026-07-22,31,15:30,affordability.back_office,Affordability & debt,back_office,14.0,730.4,5.43,5.74
2026-07-22,32,16:00,affordability.back_office,Affordability & debt,back_office,14.0,730.4,5.83,6.25
2026-07-22,33,16:30,affordability.back_office,Affordability & debt,back_office,4.0,730.4,1.96,1.58
2026-07-22,34,17:00,affordability.back_office,Affordability & debt,back_office,4.0,730.4,1.77,1.58
2026-07-22,35,17:30,affordability.back_office,Affordability & debt,back_office,0.0,730.4,0.0,0.0
2026-07-23,16,08:00,affordability.back_office,Affordability & debt,back_office,4.0,730.2,1.58,1.46
2026-07-23,17,08:30,affordability.back_office,Affordability & debt,back_office,17.0,730.2,6.35,6.87
2026-07-23,18,09:00,affordability.back_office,Affordability & debt,back_office,25.0,730.2,8.51,10.36
2026-07-23,19,09:30,affordability.back_office,Affordability & debt,back_office,30.0,730.2,12.46,11.3
2026-07-23,20,10:00,affordability.back_office,Affordability & debt,back_office,16.0,730.2,6.57,7.31
2026-07-23,21,10:30,affordability.back_office,Affordability & debt,back_office,32.0,730.2,12.31,13.43
2026-07-23,22,11:00,affordability.back_office,Affordability & debt,back_office,18.0,730.2,6.55,7.24
2026-07-23,23,11:30,affordability.back_office,Affordability & debt,back_office,12.0,730.2,4.74,4.72
2026-07-23,24,12:00,affordability.back_office,Affordability & debt,back_office,12.0,730.2,4.81,4.62
2026-07-23,25,12:30,affordability.back_office,Affordability & debt,back_office,6.0,730.2,2.86,2.51
2026-07-23,26,13:00,affordability.back_office,Affordability & debt,back_office,7.0,730.2,2.86,2.86
2026-07-23,27,13:30,affordability.back_office,Affordability & debt,back_office,14.0,730.2,4.69,6.13
2026-07-23,28,14:00,affordability.back_office,Affordability & debt,back_office,26.0,730.2,10.88,10.45
2026-07-23,29,14:30,affordability.back_office,Affordability & debt,back_office,18.0,730.2,7.19,7.31
2026-07-23,30,15:00,affordability.back_office,Affordability & debt,back_office,17.0,730.2,6.06,6.29
2026-07-23,31,15:30,affordability.back_office,Affordability & debt,back_office,22.0,730.2,11.45,9.4
2026-07-23,32,16:00,affordability.back_office,Affordability & debt,back_office,12.0,730.2,4.7,5.29
2026-07-23,33,16:30,affordability.back_office,Affordability & debt,back_office,8.0,730.2,3.52,3.17
2026-07-23,34,17:00,affordability.back_office,Affordability & debt,back_office,3.0,730.2,1.4,1.18
2026-07-23,35,17:30,affordability.back_office,Affordability & debt,back_office,4.0,730.2,1.66,1.76
2026-07-24,16,08:00,affordability.back_office,Affordability & debt,back_office,4.0,730.0,1.92,1.59
2026-07-24,17,08:30,affordability.back_office,Affordability & debt,back_office,20.0,730.0,8.71,8.13
2026-07-24,18,09:00,affordability.back_office,Affordability & debt,back_office,31.0,730.0,12.69,12.31
2026-07-24,19,09:30,affordability.back_office,Affordability & debt,back_office,16.0,730.0,5.59,6.34
2026-07-24,20,10:00,affordability.back_office,Affordability & debt,back_office,31.0,730.0,10.6,12.84
2026-07-24,21,10:30,affordability.back_office,Affordability & debt,back_office,22.0,730.0,7.93,8.98
2026-07-24,22,11:00,affordability.back_office,Affordability & debt,back_office,14.0,730.0,5.78,5.35
2026-07-24,23,11:30,affordability.back_office,Affordability & debt,back_office,13.0,730.0,5.2,5.86
2026-07-24,24,12:00,affordability.back_office,Affordability & debt,back_office,5.0,730.0,2.03,2.12
2026-07-24,25,12:30,affordability.back_office,Affordability & debt,back_office,7.0,730.0,3.03,2.74
2026-07-24,26,13:00,affordability.back_office,Affordability & debt,back_office,7.0,730.0,2.8,3.08
2026-07-24,27,13:30,affordability.back_office,Affordability & debt,back_office,13.0,730.0,4.74,4.98
2026-07-24,28,14:00,affordability.back_office,Affordability & debt,back_office,19.0,730.0,8.56,7.95
2026-07-24,29,14:30,affordability.back_office,Affordability & debt,back_office,16.0,730.0,6.21,6.68
2026-07-24,30,15:00,affordability.back_office,Affordability & debt,back_office,19.0,730.0,6.87,7.86
2026-07-24,31,15:30,affordability.back_office,Affordability & debt,back_office,20.0,730.0,7.59,7.66
2026-07-24,32,16:00,affordability.back_office,Affordability & debt,back_office,10.0,730.0,3.82,4.17
2026-07-24,33,16:30,affordability.back_office,Affordability & debt,back_office,11.0,730.0,4.76,4.73
2026-07-24,34,17:00,affordability.back_office,Affordability & debt,back_office,1.0,730.0,0.36,0.42
2026-07-24,35,17:30,affordability.back_office,Affordability & debt,back_office,4.0,730.0,1.69,1.57
2026-07-27,16,08:00,affordability.back_office,Affordability & debt,back_office,11.0,762.9,5.43,4.85
2026-07-27,17,08:30,affordability.back_office,Affordability & debt,back_office,14.0,762.9,6.62,5.77
2026-07-27,18,09:00,affordability.back_office,Affordability & debt,back_office,36.0,762.9,15.3,14.22
2026-07-27,19,09:30,affordability.back_office,Affordability & debt,back_office,24.0,762.9,10.13,10.91
2026-07-27,20,10:00,affordability.back_office,Affordability & debt,back_office,34.0,762.9,9.99,14.51
2026-07-27,21,10:30,affordability.back_office,Affordability & debt,back_office,47.0,762.9,19.78,19.83
2026-07-27,22,11:00,affordability.back_office,Affordability & debt,back_office,29.0,762.9,9.96,13.68
2026-07-27,23,11:30,affordability.back_office,Affordability & debt,back_office,28.0,762.9,10.58,11.19
2026-07-27,24,12:00,affordability.back_office,Affordability & debt,back_office,15.0,762.9,5.94,6.69
2026-07-27,25,12:30,affordability.back_office,Affordability & debt,back_office,14.0,762.9,5.91,5.54
2026-07-27,26,13:00,affordability.back_office,Affordability & debt,back_office,14.0,762.9,6.01,6.07
2026-07-27,27,13:30,affordability.back_office,Affordability & debt,back_office,25.0,762.9,11.26,10.9
2026-07-27,28,14:00,affordability.back_office,Affordability & debt,back_office,39.0,762.9,17.74,16.53
2026-07-27,29,14:30,affordability.back_office,Affordability & debt,back_office,52.0,762.9,23.58,23.24
2026-07-27,30,15:00,affordability.back_office,Affordability & debt,back_office,30.0,762.9,12.8,12.14
2026-07-27,31,15:30,affordability.back_office,Affordability & debt,back_office,33.0,762.9,16.46,14.43
2026-07-27,32,16:00,affordability.back_office,Affordability & debt,back_office,16.0,762.9,6.29,6.87
2026-07-27,33,16:30,affordability.back_office,Affordability & debt,back_office,18.0,762.9,8.28,7.86
2026-07-27,34,17:00,affordability.back_office,Affordability & debt,back_office,2.0,762.9,0.77,0.8
2026-07-27,35,17:30,affordability.back_office,Affordability & debt,back_office,3.0,762.9,1.1,1.21
2026-07-28,16,08:00,affordability.back_office,Affordability & debt,back_office,6.0,714.5,2.28,2.28
2026-07-28,17,08:30,affordability.back_office,Affordability & debt,back_office,25.0,714.5,6.97,9.9
2026-07-28,18,09:00,affordability.back_office,Affordability & debt,back_office,22.0,714.5,9.24,8.13
2026-07-28,19,09:30,affordability.back_office,Affordability & debt,back_office,30.0,714.5,12.0,11.22
2026-07-28,20,10:00,affordability.back_office,Affordability & debt,back_office,35.0,714.5,15.98,13.56
2026-07-28,21,10:30,affordability.back_office,Affordability & debt,back_office,19.0,714.5,5.79,7.12
2026-07-28,22,11:00,affordability.back_office,Affordability & debt,back_office,24.0,714.5,8.52,9.63
2026-07-28,23,11:30,affordability.back_office,Affordability & debt,back_office,11.0,714.5,4.91,4.02
2026-07-28,24,12:00,affordability.back_office,Affordability & debt,back_office,10.0,714.5,3.74,3.83
2026-07-28,25,12:30,affordability.back_office,Affordability & debt,back_office,3.0,714.5,1.08,1.24
2026-07-28,26,13:00,affordability.back_office,Affordability & debt,back_office,12.0,714.5,4.02,5.22
2026-07-28,27,13:30,affordability.back_office,Affordability & debt,back_office,11.0,714.5,5.66,4.4
2026-07-28,28,14:00,affordability.back_office,Affordability & debt,back_office,26.0,714.5,11.47,9.84
2026-07-28,29,14:30,affordability.back_office,Affordability & debt,back_office,23.0,714.5,9.77,8.81
2026-07-28,30,15:00,affordability.back_office,Affordability & debt,back_office,22.0,714.5,9.65,8.27
2026-07-28,31,15:30,affordability.back_office,Affordability & debt,back_office,23.0,714.5,8.87,9.74
2026-07-28,32,16:00,affordability.back_office,Affordability & debt,back_office,22.0,714.5,7.99,8.61
2026-07-28,33,16:30,affordability.back_office,Affordability & debt,back_office,8.0,714.5,2.92,3.24
2026-07-28,34,17:00,affordability.back_office,Affordability & debt,back_office,1.0,714.5,0.4,0.39
2026-07-28,35,17:30,affordability.back_office,Affordability & debt,back_office,3.0,714.5,0.91,1.21
2026-07-29,16,08:00,affordability.back_office,Affordability & debt,back_office,3.0,735.3,0.83,1.22
2026-07-29,17,08:30,affordability.back_office,Affordability & debt,back_office,10.0,735.3,4.02,4.13
2026-07-29,18,09:00,affordability.back_office,Affordability & debt,back_office,22.0,735.3,8.21,8.55
2026-07-29,19,09:30,affordability.back_office,Affordability & debt,back_office,22.0,735.3,5.94,9.36
2026-07-29,20,10:00,affordability.back_office,Affordability & debt,back_office,27.0,735.3,11.4,11.31
2026-07-29,21,10:30,affordability.back_office,Affordability & debt,back_office,33.0,735.3,12.7,14.05
2026-07-29,22,11:00,affordability.back_office,Affordability & debt,back_office,23.0,735.3,9.17,10.11
2026-07-29,23,11:30,affordability.back_office,Affordability & debt,back_office,13.0,735.3,4.82,5.28
2026-07-29,24,12:00,affordability.back_office,Affordability & debt,back_office,9.0,735.3,5.02,3.51
2026-07-29,25,12:30,affordability.back_office,Affordability & debt,back_office,5.0,735.3,1.98,2.0
2026-07-29,26,13:00,affordability.back_office,Affordability & debt,back_office,3.0,735.3,1.1,1.18
2026-07-29,27,13:30,affordability.back_office,Affordability & debt,back_office,16.0,735.3,5.78,6.7
2026-07-29,28,14:00,affordability.back_office,Affordability & debt,back_office,31.0,735.3,10.37,13.47
2026-07-29,29,14:30,affordability.back_office,Affordability & debt,back_office,24.0,735.3,10.53,11.1
2026-07-29,30,15:00,affordability.back_office,Affordability & debt,back_office,23.0,735.3,8.53,9.51
2026-07-29,31,15:30,affordability.back_office,Affordability & debt,back_office,26.0,735.3,9.34,10.61
2026-07-29,32,16:00,affordability.back_office,Affordability & debt,back_office,23.0,735.3,8.99,9.93
2026-07-29,33,16:30,affordability.back_office,Affordability & debt,back_office,7.0,735.3,2.3,2.96
2026-07-29,34,17:00,affordability.back_office,Affordability & debt,back_office,5.0,735.3,2.1,1.98
2026-07-29,35,17:30,affordability.back_office,Affordability & debt,back_office,2.0,735.3,0.8,0.82
2026-07-30,16,08:00,affordability.back_office,Affordability & debt,back_office,6.0,748.8,2.1,2.64
2026-07-30,17,08:30,affordability.back_office,Affordability & debt,back_office,15.0,748.8,6.74,6.38
2026-07-30,18,09:00,affordability.back_office,Affordability & debt,back_office,21.0,748.8,8.67,8.54
2026-07-30,19,09:30,affordability.back_office,Affordability & debt,back_office,29.0,748.8,12.52,12.1
2026-07-30,20,10:00,affordability.back_office,Affordability & debt,back_office,29.0,748.8,13.65,11.99
2026-07-30,21,10:30,affordability.back_office,Affordability & debt,back_office,20.0,748.8,7.19,8.08
2026-07-30,22,11:00,affordability.back_office,Affordability & debt,back_office,24.0,748.8,9.72,9.18
2026-07-30,23,11:30,affordability.back_office,Affordability & debt,back_office,13.0,748.8,4.91,5.4
2026-07-30,24,12:00,affordability.back_office,Affordability & debt,back_office,6.0,748.8,2.8,2.43
2026-07-30,25,12:30,affordability.back_office,Affordability & debt,back_office,7.0,748.8,2.81,2.97
2026-07-30,26,13:00,affordability.back_office,Affordability & debt,back_office,8.0,748.8,3.15,3.41
2026-07-30,27,13:30,affordability.back_office,Affordability & debt,back_office,12.0,748.8,4.29,5.07
2026-07-30,28,14:00,affordability.back_office,Affordability & debt,back_office,22.0,748.8,10.19,9.55
2026-07-30,29,14:30,affordability.back_office,Affordability & debt,back_office,23.0,748.8,10.32,9.68
2026-07-30,30,15:00,affordability.back_office,Affordability & debt,back_office,20.0,748.8,5.51,8.62
2026-07-30,31,15:30,affordability.back_office,Affordability & debt,back_office,12.0,748.8,6.04,4.93
2026-07-30,32,16:00,affordability.back_office,Affordability & debt,back_office,11.0,748.8,5.0,4.59
2026-07-30,33,16:30,affordability.back_office,Affordability & debt,back_office,13.0,748.8,4.83,5.16
2026-07-30,34,17:00,affordability.back_office,Affordability & debt,back_office,5.0,748.8,1.93,2.11
2026-07-30,35,17:30,affordability.back_office,Affordability & debt,back_office,3.0,748.8,1.16,1.25
2026-07-31,16,08:00,affordability.back_office,Affordability & debt,back_office,13.0,743.6,4.42,5.73
2026-07-31,17,08:30,affordability.back_office,Affordability & debt,back_office,13.0,743.6,5.14,5.44
2026-07-31,18,09:00,affordability.back_office,Affordability & debt,back_office,19.0,743.6,7.55,7.62
2026-07-31,19,09:30,affordability.back_office,Affordability & debt,back_office,30.0,743.6,12.9,12.53
2026-07-31,20,10:00,affordability.back_office,Affordability & debt,back_office,34.0,743.6,14.19,14.41
2026-07-31,21,10:30,affordability.back_office,Affordability & debt,back_office,32.0,743.6,12.19,14.38
2026-07-31,22,11:00,affordability.back_office,Affordability & debt,back_office,27.0,743.6,11.64,10.62
2026-07-31,23,11:30,affordability.back_office,Affordability & debt,back_office,11.0,743.6,4.95,4.0
2026-07-31,24,12:00,affordability.back_office,Affordability & debt,back_office,5.0,743.6,1.94,2.12
2026-07-31,25,12:30,affordability.back_office,Affordability & debt,back_office,8.0,743.6,3.49,3.3
2026-07-31,26,13:00,affordability.back_office,Affordability & debt,back_office,9.0,743.6,3.9,3.95
2026-07-31,27,13:30,affordability.back_office,Affordability & debt,back_office,18.0,743.6,7.37,7.3
2026-07-31,28,14:00,affordability.back_office,Affordability & debt,back_office,15.0,743.6,7.49,5.97
2026-07-31,29,14:30,affordability.back_office,Affordability & debt,back_office,23.0,743.6,8.76,9.47
2026-07-31,30,15:00,affordability.back_office,Affordability & debt,back_office,16.0,743.6,6.98,6.39
2026-07-31,31,15:30,affordability.back_office,Affordability & debt,back_office,24.0,743.6,10.03,9.64
2026-07-31,32,16:00,affordability.back_office,Affordability & debt,back_office,11.0,743.6,3.14,4.6
2026-07-31,33,16:30,affordability.back_office,Affordability & debt,back_office,8.0,743.6,2.88,3.35
2026-07-31,34,17:00,affordability.back_office,Affordability & debt,back_office,8.0,743.6,4.16,3.27
2026-07-31,35,17:30,affordability.back_office,Affordability & debt,back_office,0.0,743.6,0.0,0.0
2026-08-03,16,08:00,affordability.back_office,Affordability & debt,back_office,5.0,765.5,2.38,2.2
2026-08-03,17,08:30,affordability.back_office,Affordability & debt,back_office,30.0,765.5,11.61,12.73
2026-08-03,18,09:00,affordability.back_office,Affordability & debt,back_office,32.0,765.5,12.83,11.77
2026-08-03,19,09:30,affordability.back_office,Affordability & debt,back_office,50.0,765.5,21.48,20.62
2026-08-03,20,10:00,affordability.back_office,Affordability & debt,back_office,36.0,765.5,13.19,14.12
2026-08-03,21,10:30,affordability.back_office,Affordability & debt,back_office,46.0,765.5,18.08,17.45
2026-08-03,22,11:00,affordability.back_office,Affordability & debt,back_office,44.0,765.5,13.26,18.21
2026-08-03,23,11:30,affordability.back_office,Affordability & debt,back_office,29.0,765.5,8.26,12.8
2026-08-03,24,12:00,affordability.back_office,Affordability & debt,back_office,16.0,765.5,8.37,6.77
2026-08-03,25,12:30,affordability.back_office,Affordability & debt,back_office,8.0,765.5,3.38,3.67
2026-08-03,26,13:00,affordability.back_office,Affordability & debt,back_office,14.0,765.5,5.05,5.86
2026-08-03,27,13:30,affordability.back_office,Affordability & debt,back_office,31.0,765.5,13.67,13.68
2026-08-03,28,14:00,affordability.back_office,Affordability & debt,back_office,35.0,765.5,14.06,15.57
2026-08-03,29,14:30,affordability.back_office,Affordability & debt,back_office,34.0,765.5,13.91,13.64
2026-08-03,30,15:00,affordability.back_office,Affordability & debt,back_office,42.0,765.5,17.18,17.36
2026-08-03,31,15:30,affordability.back_office,Affordability & debt,back_office,29.0,765.5,11.03,11.7
2026-08-03,32,16:00,affordability.back_office,Affordability & debt,back_office,25.0,765.5,11.73,11.01
2026-08-03,33,16:30,affordability.back_office,Affordability & debt,back_office,18.0,765.5,6.88,7.76
2026-08-03,34,17:00,affordability.back_office,Affordability & debt,back_office,4.0,765.5,1.51,1.85
2026-08-03,35,17:30,affordability.back_office,Affordability & debt,back_office,1.0,765.5,0.46,0.42
2026-08-04,16,08:00,affordability.back_office,Affordability & debt,back_office,9.0,730.9,2.86,3.85
2026-08-04,17,08:30,affordability.back_office,Affordability & debt,back_office,22.0,730.9,7.85,8.62
2026-08-04,18,09:00,affordability.back_office,Affordability & debt,back_office,36.0,730.9,13.29,14.75
2026-08-04,19,09:30,affordability.back_office,Affordability & debt,back_office,32.0,730.9,12.89,12.58
2026-08-04,20,10:00,affordability.back_office,Affordability & debt,back_office,32.0,730.9,11.35,12.7
2026-08-04,21,10:30,affordability.back_office,Affordability & debt,back_office,25.0,730.9,8.18,10.43
2026-08-04,22,11:00,affordability.back_office,Affordability & debt,back_office,23.0,730.9,8.69,9.77
2026-08-04,23,11:30,affordability.back_office,Affordability & debt,back_office,25.0,730.9,11.66,10.69
2026-08-04,24,12:00,affordability.back_office,Affordability & debt,back_office,11.0,730.9,4.11,4.66
2026-08-04,25,12:30,affordability.back_office,Affordability & debt,back_office,2.0,730.9,0.86,0.75
2026-08-04,26,13:00,affordability.back_office,Affordability & debt,back_office,9.0,730.9,4.5,3.54
2026-08-04,27,13:30,affordability.back_office,Affordability & debt,back_office,24.0,730.9,9.07,9.69
2026-08-04,28,14:00,affordability.back_office,Affordability & debt,back_office,38.0,730.9,14.52,15.97
2026-08-04,29,14:30,affordability.back_office,Affordability & debt,back_office,26.0,730.9,12.13,10.43
2026-08-04,30,15:00,affordability.back_office,Affordability & debt,back_office,21.0,730.9,8.88,8.82
2026-08-04,31,15:30,affordability.back_office,Affordability & debt,back_office,19.0,730.9,8.21,6.97
2026-08-04,32,16:00,affordability.back_office,Affordability & debt,back_office,15.0,730.9,6.08,5.48
2026-08-04,33,16:30,affordability.back_office,Affordability & debt,back_office,12.0,730.9,4.22,4.88
2026-08-04,34,17:00,affordability.back_office,Affordability & debt,back_office,7.0,730.9,2.93,3.03
2026-08-04,35,17:30,affordability.back_office,Affordability & debt,back_office,0.0,730.9,0.0,0.0
2026-08-05,16,08:00,affordability.back_office,Affordability & debt,back_office,7.0,734.6,2.2,2.91
2026-08-05,17,08:30,affordability.back_office,Affordability & debt,back_office,22.0,734.6,9.73,8.63
2026-08-05,18,09:00,affordability.back_office,Affordability & debt,back_office,27.0,734.6,7.46,11.3
2026-08-05,19,09:30,affordability.back_office,Affordability & debt,back_office,21.0,734.6,9.12,8.31
2026-08-05,20,10:00,affordability.back_office,Affordability & debt,back_office,29.0,734.6,11.46,12.91
2026-08-05,21,10:30,affordability.back_office,Affordability & debt,back_office,31.0,734.6,13.94,12.32
2026-08-05,22,11:00,affordability.back_office,Affordability & debt,back_office,26.0,734.6,9.27,12.3
2026-08-05,23,11:30,affordability.back_office,Affordability & debt,back_office,8.0,734.6,3.38,3.24
2026-08-05,24,12:00,affordability.back_office,Affordability & debt,back_office,7.0,734.6,3.04,2.98
2026-08-05,25,12:30,affordability.back_office,Affordability & debt,back_office,5.0,734.6,2.03,2.04
2026-08-05,26,13:00,affordability.back_office,Affordability & debt,back_office,5.0,734.6,2.17,1.98
2026-08-05,27,13:30,affordability.back_office,Affordability & debt,back_office,20.0,734.6,10.14,7.47
2026-08-05,28,14:00,affordability.back_office,Affordability & debt,back_office,22.0,734.6,8.58,8.97
2026-08-05,29,14:30,affordability.back_office,Affordability & debt,back_office,20.0,734.6,7.82,7.89
2026-08-05,30,15:00,affordability.back_office,Affordability & debt,back_office,29.0,734.6,10.4,11.71
2026-08-05,31,15:30,affordability.back_office,Affordability & debt,back_office,19.0,734.6,9.24,8.0
2026-08-05,32,16:00,affordability.back_office,Affordability & debt,back_office,7.0,734.6,2.77,3.04
2026-08-05,33,16:30,affordability.back_office,Affordability & debt,back_office,10.0,734.6,4.53,4.14
2026-08-05,34,17:00,affordability.back_office,Affordability & debt,back_office,4.0,734.6,1.37,1.61
2026-08-05,35,17:30,affordability.back_office,Affordability & debt,back_office,2.0,734.6,0.6,0.79
2026-08-06,16,08:00,affordability.back_office,Affordability & debt,back_office,4.0,721.6,1.53,1.56
2026-08-06,17,08:30,affordability.back_office,Affordability & debt,back_office,20.0,721.6,6.96,7.82
2026-08-06,18,09:00,affordability.back_office,Affordability & debt,back_office,22.0,721.6,11.28,8.33
2026-08-06,19,09:30,affordability.back_office,Affordability & debt,back_office,36.0,721.6,13.26,14.8
2026-08-06,20,10:00,affordability.back_office,Affordability & debt,back_office,31.0,721.6,12.12,12.41
2026-08-06,21,10:30,affordability.back_office,Affordability & debt,back_office,27.0,721.6,12.11,10.46
2026-08-06,22,11:00,affordability.back_office,Affordability & debt,back_office,24.0,721.6,9.29,9.44
2026-08-06,23,11:30,affordability.back_office,Affordability & debt,back_office,9.0,721.6,3.78,3.21
2026-08-06,24,12:00,affordability.back_office,Affordability & debt,back_office,12.0,721.6,4.83,4.18
2026-08-06,25,12:30,affordability.back_office,Affordability & debt,back_office,10.0,721.6,3.4,3.81
2026-08-06,26,13:00,affordability.back_office,Affordability & debt,back_office,13.0,721.6,5.45,5.49
2026-08-06,27,13:30,affordability.back_office,Affordability & debt,back_office,16.0,721.6,4.94,7.04
2026-08-06,28,14:00,affordability.back_office,Affordability & debt,back_office,18.0,721.6,6.29,6.96
2026-08-06,29,14:30,affordability.back_office,Affordability & debt,back_office,20.0,721.6,7.84,8.57
2026-08-06,30,15:00,affordability.back_office,Affordability & debt,back_office,24.0,721.6,9.36,9.66
2026-08-06,31,15:30,affordability.back_office,Affordability & debt,back_office,10.0,721.6,3.34,3.78
2026-08-06,32,16:00,affordability.back_office,Affordability & debt,back_office,7.0,721.6,2.48,2.74
2026-08-06,33,16:30,affordability.back_office,Affordability & debt,back_office,14.0,721.6,5.52,5.76
2026-08-06,34,17:00,affordability.back_office,Affordability & debt,back_office,2.0,721.6,0.7,0.84
2026-08-06,35,17:30,affordability.back_office,Affordability & debt,back_office,3.0,721.6,1.25,1.25
2026-08-07,16,08:00,affordability.back_office,Affordability & debt,back_office,6.0,738.7,2.54,2.29
2026-08-07,17,08:30,affordability.back_office,Affordability & debt,back_office,14.0,738.7,4.94,6.01
2026-08-07,18,09:00,affordability.back_office,Affordability & debt,back_office,28.0,738.7,9.13,11.45
2026-08-07,19,09:30,affordability.back_office,Affordability & debt,back_office,29.0,738.7,13.1,10.47
2026-08-07,20,10:00,affordability.back_office,Affordability & debt,back_office,42.0,738.7,15.89,16.84
2026-08-07,21,10:30,affordability.back_office,Affordability & debt,back_office,34.0,738.7,13.03,13.52
2026-08-07,22,11:00,affordability.back_office,Affordability & debt,back_office,25.0,738.7,11.94,9.87
2026-08-07,23,11:30,affordability.back_office,Affordability & debt,back_office,21.0,738.7,8.88,8.38
2026-08-07,24,12:00,affordability.back_office,Affordability & debt,back_office,13.0,738.7,6.04,4.84
2026-08-07,25,12:30,affordability.back_office,Affordability & debt,back_office,10.0,738.7,3.08,3.85
2026-08-07,26,13:00,affordability.back_office,Affordability & debt,back_office,8.0,738.7,2.93,2.96
2026-08-07,27,13:30,affordability.back_office,Affordability & debt,back_office,19.0,738.7,8.02,7.22
2026-08-07,28,14:00,affordability.back_office,Affordability & debt,back_office,22.0,738.7,8.02,8.57
2026-08-07,29,14:30,affordability.back_office,Affordability & debt,back_office,33.0,738.7,15.42,11.85
2026-08-07,30,15:00,affordability.back_office,Affordability & debt,back_office,20.0,738.7,8.45,9.24
2026-08-07,31,15:30,affordability.back_office,Affordability & debt,back_office,20.0,738.7,7.71,8.45
2026-08-07,32,16:00,affordability.back_office,Affordability & debt,back_office,14.0,738.7,5.46,5.31
2026-08-07,33,16:30,affordability.back_office,Affordability & debt,back_office,10.0,738.7,2.89,4.3
2026-08-07,34,17:00,affordability.back_office,Affordability & debt,back_office,5.0,738.7,1.92,2.12
2026-08-07,35,17:30,affordability.back_office,Affordability & debt,back_office,5.0,738.7,1.98,2.05
2026-08-10,16,08:00,affordability.back_office,Affordability & debt,back_office,9.0,780.6,4.34,3.79
2026-08-10,17,08:30,affordability.back_office,Affordability & debt,back_office,36.0,780.6,15.63,15.4
2026-08-10,18,09:00,affordability.back_office,Affordability & debt,back_office,34.0,780.6,15.42,15.44
2026-08-10,19,09:30,affordability.back_office,Affordability & debt,back_office,41.0,780.6,17.77,19.12
2026-08-10,20,10:00,affordability.back_office,Affordability & debt,back_office,42.0,780.6,15.66,18.97
2026-08-10,21,10:30,affordability.back_office,Affordability & debt,back_office,43.0,780.6,11.0,18.45
2026-08-10,22,11:00,affordability.back_office,Affordability & debt,back_office,33.0,780.6,12.16,13.81
2026-08-10,23,11:30,affordability.back_office,Affordability & debt,back_office,19.0,780.6,9.19,8.2
2026-08-10,24,12:00,affordability.back_office,Affordability & debt,back_office,11.0,780.6,5.23,4.88
2026-08-10,25,12:30,affordability.back_office,Affordability & debt,back_office,14.0,780.6,6.62,5.75
2026-08-10,26,13:00,affordability.back_office,Affordability & debt,back_office,16.0,780.6,6.02,7.28
2026-08-10,27,13:30,affordability.back_office,Affordability & debt,back_office,34.0,780.6,16.33,15.56
2026-08-10,28,14:00,affordability.back_office,Affordability & debt,back_office,27.0,780.6,10.9,11.54
2026-08-10,29,14:30,affordability.back_office,Affordability & debt,back_office,22.0,780.6,9.89,9.78
2026-08-10,30,15:00,affordability.back_office,Affordability & debt,back_office,33.0,780.6,16.22,14.84
2026-08-10,31,15:30,affordability.back_office,Affordability & debt,back_office,28.0,780.6,12.4,12.17
2026-08-10,32,16:00,affordability.back_office,Affordability & debt,back_office,22.0,780.6,8.51,9.14
2026-08-10,33,16:30,affordability.back_office,Affordability & debt,back_office,10.0,780.6,3.98,4.43
2026-08-10,34,17:00,affordability.back_office,Affordability & debt,back_office,7.0,780.6,2.65,3.25
2026-08-10,35,17:30,affordability.back_office,Affordability & debt,back_office,5.0,780.6,1.63,1.96
2026-08-11,16,08:00,affordability.back_office,Affordability & debt,back_office,7.0,715.7,2.3,3.05
2026-08-11,17,08:30,affordability.back_office,Affordability & debt,back_office,26.0,715.7,9.84,10.4
2026-08-11,18,09:00,affordability.back_office,Affordability & debt,back_office,18.0,715.7,7.39,7.74
2026-08-11,19,09:30,affordability.back_office,Affordability & debt,back_office,20.0,715.7,7.24,7.39
2026-08-11,20,10:00,affordability.back_office,Affordability & debt,back_office,31.0,715.7,12.28,12.4
2026-08-11,21,10:30,affordability.back_office,Affordability & debt,back_office,30.0,715.7,9.68,11.41
2026-08-11,22,11:00,affordability.back_office,Affordability & debt,back_office,22.0,715.7,7.71,8.99
2026-08-11,23,11:30,affordability.back_office,Affordability & debt,back_office,18.0,715.7,7.11,7.66
2026-08-11,24,12:00,affordability.back_office,Affordability & debt,back_office,11.0,715.7,4.97,4.13
2026-08-11,25,12:30,affordability.back_office,Affordability & debt,back_office,7.0,715.7,2.48,2.76
2026-08-11,26,13:00,affordability.back_office,Affordability & debt,back_office,16.0,715.7,5.6,6.65
2026-08-11,27,13:30,affordability.back_office,Affordability & debt,back_office,21.0,715.7,6.15,8.43
2026-08-11,28,14:00,affordability.back_office,Affordability & debt,back_office,27.0,715.7,10.09,10.0
2026-08-11,29,14:30,affordability.back_office,Affordability & debt,back_office,30.0,715.7,9.78,11.73
2026-08-11,30,15:00,affordability.back_office,Affordability & debt,back_office,21.0,715.7,6.99,8.5
2026-08-11,31,15:30,affordability.back_office,Affordability & debt,back_office,33.0,715.7,11.09,12.41
2026-08-11,32,16:00,affordability.back_office,Affordability & debt,back_office,4.0,715.7,1.26,1.59
2026-08-11,33,16:30,affordability.back_office,Affordability & debt,back_office,12.0,715.7,4.03,4.95
2026-08-11,34,17:00,affordability.back_office,Affordability & debt,back_office,2.0,715.7,0.62,0.85
2026-08-11,35,17:30,affordability.back_office,Affordability & debt,back_office,1.0,715.7,0.52,0.38
2026-08-12,16,08:00,affordability.back_office,Affordability & debt,back_office,3.0,766.4,1.37,1.27
2026-08-12,17,08:30,affordability.back_office,Affordability & debt,back_office,18.0,766.4,8.13,7.77
2026-08-12,18,09:00,affordability.back_office,Affordability & debt,back_office,33.0,766.4,10.95,13.0
2026-08-12,19,09:30,affordability.back_office,Affordability & debt,back_office,20.0,766.4,8.48,7.63
2026-08-12,20,10:00,affordability.back_office,Affordability & debt,back_office,37.0,766.4,16.15,15.46
2026-08-12,21,10:30,affordability.back_office,Affordability & debt,back_office,26.0,766.4,9.35,10.83
2026-08-12,22,11:00,affordability.back_office,Affordability & debt,back_office,31.0,766.4,12.11,12.48
2026-08-12,23,11:30,affordability.back_office,Affordability & debt,back_office,22.0,766.4,7.62,9.08
2026-08-12,24,12:00,affordability.back_office,Affordability & debt,back_office,8.0,766.4,4.37,3.89
2026-08-12,25,12:30,affordability.back_office,Affordability & debt,back_office,5.0,766.4,1.97,2.14
2026-08-12,26,13:00,affordability.back_office,Affordability & debt,back_office,10.0,766.4,3.74,4.46
2026-08-12,27,13:30,affordability.back_office,Affordability & debt,back_office,26.0,766.4,11.14,10.33
2026-08-12,28,14:00,affordability.back_office,Affordability & debt,back_office,28.0,766.4,9.67,12.11
2026-08-12,29,14:30,affordability.back_office,Affordability & debt,back_office,24.0,766.4,9.97,9.72
2026-08-12,30,15:00,affordability.back_office,Affordability & debt,back_office,31.0,766.4,13.62,13.5
2026-08-12,31,15:30,affordability.back_office,Affordability & debt,back_office,34.0,766.4,14.56,14.21
2026-08-12,32,16:00,affordability.back_office,Affordability & debt,back_office,14.0,766.4,5.71,6.09
2026-08-12,33,16:30,affordability.back_office,Affordability & debt,back_office,11.0,766.4,4.42,4.26
2026-08-12,34,17:00,affordability.back_office,Affordability & debt,back_office,1.0,766.4,0.39,0.4
2026-08-12,35,17:30,affordability.back_office,Affordability & debt,back_office,0.0,766.4,0.0,0.0
2026-08-13,16,08:00,affordability.back_office,Affordability & debt,back_office,4.0,737.6,1.51,1.66
2026-08-13,17,08:30,affordability.back_office,Affordability & debt,back_office,19.0,737.6,7.23,7.4
2026-08-13,18,09:00,affordability.back_office,Affordability & debt,back_office,18.0,737.6,5.72,7.77
2026-08-13,19,09:30,affordability.back_office,Affordability & debt,back_office,45.0,737.6,16.37,17.69
2026-08-13,20,10:00,affordability.back_office,Affordability & debt,back_office,25.0,737.6,10.42,9.96
2026-08-13,21,10:30,affordability.back_office,Affordability & debt,back_office,34.0,737.6,12.85,14.41
2026-08-13,22,11:00,affordability.back_office,Affordability & debt,back_office,12.0,737.6,5.74,4.92
2026-08-13,23,11:30,affordability.back_office,Affordability & debt,back_office,13.0,737.6,5.07,5.2
2026-08-13,24,12:00,affordability.back_office,Affordability & debt,back_office,9.0,737.6,3.76,3.74
2026-08-13,25,12:30,affordability.back_office,Affordability & debt,back_office,3.0,737.6,1.27,1.25
2026-08-13,26,13:00,affordability.back_office,Affordability & debt,back_office,5.0,737.6,1.78,2.0
2026-08-13,27,13:30,affordability.back_office,Affordability & debt,back_office,22.0,737.6,9.36,8.65
2026-08-13,28,14:00,affordability.back_office,Affordability & debt,back_office,21.0,737.6,7.87,8.92
2026-08-13,29,14:30,affordability.back_office,Affordability & debt,back_office,26.0,737.6,7.95,10.97
2026-08-13,30,15:00,affordability.back_office,Affordability & debt,back_office,25.0,737.6,8.89,10.18
2026-08-13,31,15:30,affordability.back_office,Affordability & debt,back_office,25.0,737.6,11.82,10.56
2026-08-13,32,16:00,affordability.back_office,Affordability & debt,back_office,17.0,737.6,7.77,6.54
2026-08-13,33,16:30,affordability.back_office,Affordability & debt,back_office,9.0,737.6,3.61,3.66
2026-08-13,34,17:00,affordability.back_office,Affordability & debt,back_office,1.0,737.6,0.42,0.43
2026-08-13,35,17:30,affordability.back_office,Affordability & debt,back_office,1.0,737.6,0.4,0.41
2026-08-14,16,08:00,affordability.back_office,Affordability & debt,back_office,8.0,740.6,3.13,3.21
2026-08-14,17,08:30,affordability.back_office,Affordability & debt,back_office,22.0,740.6,9.15,8.96
2026-08-14,18,09:00,affordability.back_office,Affordability & debt,back_office,23.0,740.6,7.92,8.28
2026-08-14,19,09:30,affordability.back_office,Affordability & debt,back_office,17.0,740.6,6.95,6.87
2026-08-14,20,10:00,affordability.back_office,Affordability & debt,back_office,31.0,740.6,11.82,13.13
2026-08-14,21,10:30,affordability.back_office,Affordability & debt,back_office,27.0,740.6,11.42,11.83
2026-08-14,22,11:00,affordability.back_office,Affordability & debt,back_office,18.0,740.6,5.76,7.01
2026-08-14,23,11:30,affordability.back_office,Affordability & debt,back_office,15.0,740.6,5.76,6.44
2026-08-14,24,12:00,affordability.back_office,Affordability & debt,back_office,12.0,740.6,4.12,4.99
2026-08-14,25,12:30,affordability.back_office,Affordability & debt,back_office,5.0,740.6,2.19,2.2
2026-08-14,26,13:00,affordability.back_office,Affordability & debt,back_office,11.0,740.6,4.84,4.42
2026-08-14,27,13:30,affordability.back_office,Affordability & debt,back_office,16.0,740.6,6.89,6.41
2026-08-14,28,14:00,affordability.back_office,Affordability & debt,back_office,30.0,740.6,12.83,12.59
2026-08-14,29,14:30,affordability.back_office,Affordability & debt,back_office,18.0,740.6,8.53,6.99
2026-08-14,30,15:00,affordability.back_office,Affordability & debt,back_office,24.0,740.6,8.25,9.55
2026-08-14,31,15:30,affordability.back_office,Affordability & debt,back_office,9.0,740.6,4.19,3.88
2026-08-14,32,16:00,affordability.back_office,Affordability & debt,back_office,9.0,740.6,2.96,3.78
2026-08-14,33,16:30,affordability.back_office,Affordability & debt,back_office,14.0,740.6,6.21,5.74
2026-08-14,34,17:00,affordability.back_office,Affordability & debt,back_office,1.0,740.6,0.48,0.42
2026-08-14,35,17:30,affordability.back_office,Affordability & debt,back_office,1.0,740.6,0.38,0.37
2026-07-20,16,08:00,movehome.voice,Move home,voice,10.0,454.7,2.72,2.66
2026-07-20,17,08:30,movehome.voice,Move home,voice,29.0,454.7,7.19,7.99
2026-07-20,18,09:00,movehome.voice,Move home,voice,33.0,454.7,7.68,8.17
2026-07-20,19,09:30,movehome.voice,Move home,voice,41.0,454.7,9.27,10.23
2026-07-20,20,10:00,movehome.voice,Move home,voice,41.0,454.7,9.33,11.01
2026-07-20,21,10:30,movehome.voice,Move home,voice,32.0,454.7,8.93,8.51
2026-07-20,22,11:00,movehome.voice,Move home,voice,28.0,454.7,5.73,7.09
2026-07-20,23,11:30,movehome.voice,Move home,voice,14.0,454.7,3.0,3.36
2026-07-20,24,12:00,movehome.voice,Move home,voice,12.0,454.7,2.93,3.05
2026-07-20,25,12:30,movehome.voice,Move home,voice,9.0,454.7,3.01,1.99
2026-07-20,26,13:00,movehome.voice,Move home,voice,9.0,454.7,2.67,2.19
2026-07-20,27,13:30,movehome.voice,Move home,voice,16.0,454.7,4.34,3.99
2026-07-20,28,14:00,movehome.voice,Move home,voice,21.0,454.7,4.9,4.92
2026-07-20,29,14:30,movehome.voice,Move home,voice,35.0,454.7,7.34,8.93
2026-07-20,30,15:00,movehome.voice,Move home,voice,29.0,454.7,6.11,6.41
2026-07-20,31,15:30,movehome.voice,Move home,voice,21.0,454.7,4.08,5.03
2026-07-20,32,16:00,movehome.voice,Move home,voice,14.0,454.7,3.77,3.38
2026-07-20,33,16:30,movehome.voice,Move home,voice,16.0,454.7,3.2,3.86
2026-07-20,34,17:00,movehome.voice,Move home,voice,3.0,454.7,0.72,0.73
2026-07-20,35,17:30,movehome.voice,Move home,voice,1.0,454.7,0.2,0.26
2026-07-21,16,08:00,movehome.voice,Move home,voice,7.0,417.5,1.7,1.5
2026-07-21,17,08:30,movehome.voice,Move home,voice,35.0,417.5,8.31,8.19
2026-07-21,18,09:00,movehome.voice,Move home,voice,35.0,417.5,5.49,8.25
2026-07-21,19,09:30,movehome.voice,Move home,voice,46.0,417.5,8.98,9.91
2026-07-21,20,10:00,movehome.voice,Move home,voice,50.0,417.5,10.13,10.66
2026-07-21,21,10:30,movehome.voice,Move home,voice,36.0,417.5,6.85,8.09
2026-07-21,22,11:00,movehome.voice,Move home,voice,34.0,417.5,6.28,7.66
2026-07-21,23,11:30,movehome.voice,Move home,voice,22.0,417.5,5.06,5.2
2026-07-21,24,12:00,movehome.voice,Move home,voice,13.0,417.5,2.92,3.15
2026-07-21,25,12:30,movehome.voice,Move home,voice,6.0,417.5,1.19,1.42
2026-07-21,26,13:00,movehome.voice,Move home,voice,18.0,417.5,4.38,4.14
2026-07-21,27,13:30,movehome.voice,Move home,voice,19.0,417.5,3.82,4.39
2026-07-21,28,14:00,movehome.voice,Move home,voice,33.0,417.5,7.34,7.85
2026-07-21,29,14:30,movehome.voice,Move home,voice,33.0,417.5,8.62,7.4
2026-07-21,30,15:00,movehome.voice,Move home,voice,31.0,417.5,5.56,7.57
2026-07-21,31,15:30,movehome.voice,Move home,voice,28.0,417.5,6.79,5.36
2026-07-21,32,16:00,movehome.voice,Move home,voice,16.0,417.5,2.97,3.59
2026-07-21,33,16:30,movehome.voice,Move home,voice,11.0,417.5,2.9,2.56
2026-07-21,34,17:00,movehome.voice,Move home,voice,2.0,417.5,0.5,0.5
2026-07-21,35,17:30,movehome.voice,Move home,voice,7.0,417.5,1.72,1.58
2026-07-22,16,08:00,movehome.voice,Move home,voice,9.0,430.2,2.18,1.9
2026-07-22,17,08:30,movehome.voice,Move home,voice,19.0,430.2,3.99,4.51
2026-07-22,18,09:00,movehome.voice,Move home,voice,26.0,430.2,7.29,6.03
2026-07-22,19,09:30,movehome.voice,Move home,voice,31.0,430.2,6.08,7.76
2026-07-22,20,10:00,movehome.voice,Move home,voice,38.0,430.2,8.55,9.05
2026-07-22,21,10:30,movehome.voice,Move home,voice,32.0,430.2,6.72,7.84
2026-07-22,22,11:00,movehome.voice,Move home,voice,17.0,430.2,4.44,4.23
2026-07-22,23,11:30,movehome.voice,Move home,voice,17.0,430.2,3.88,4.07
2026-07-22,24,12:00,movehome.voice,Move home,voice,5.0,430.2,1.57,1.17
2026-07-22,25,12:30,movehome.voice,Move home,voice,12.0,430.2,2.45,2.99
2026-07-22,26,13:00,movehome.voice,Move home,voice,15.0,430.2,3.47,3.76
2026-07-22,27,13:30,movehome.voice,Move home,voice,25.0,430.2,5.95,6.05
2026-07-22,28,14:00,movehome.voice,Move home,voice,25.0,430.2,6.06,5.63
2026-07-22,29,14:30,movehome.voice,Move home,voice,34.0,430.2,6.52,7.87
2026-07-22,30,15:00,movehome.voice,Move home,voice,36.0,430.2,6.1,8.5
2026-07-22,31,15:30,movehome.voice,Move home,voice,21.0,430.2,6.28,5.07
2026-07-22,32,16:00,movehome.voice,Move home,voice,20.0,430.2,4.84,4.82
2026-07-22,33,16:30,movehome.voice,Move home,voice,11.0,430.2,2.57,2.52
2026-07-22,34,17:00,movehome.voice,Move home,voice,2.0,430.2,0.48,0.5
2026-07-22,35,17:30,movehome.voice,Move home,voice,4.0,430.2,0.96,0.88
2026-07-23,16,08:00,movehome.voice,Move home,voice,6.0,441.6,1.33,1.38
2026-07-23,17,08:30,movehome.voice,Move home,voice,17.0,441.6,4.81,4.12
2026-07-23,18,09:00,movehome.voice,Move home,voice,30.0,441.6,8.05,7.34
2026-07-23,19,09:30,movehome.voice,Move home,voice,34.0,441.6,7.17,8.54
2026-07-23,20,10:00,movehome.voice,Move home,voice,26.0,441.6,7.32,6.26
2026-07-23,21,10:30,movehome.voice,Move home,voice,39.0,441.6,9.17,9.69
2026-07-23,22,11:00,movehome.voice,Move home,voice,25.0,441.6,5.82,6.28
2026-07-23,23,11:30,movehome.voice,Move home,voice,18.0,441.6,4.42,4.48
2026-07-23,24,12:00,movehome.voice,Move home,voice,12.0,441.6,2.57,3.01
2026-07-23,25,12:30,movehome.voice,Move home,voice,10.0,441.6,2.32,2.43
2026-07-23,26,13:00,movehome.voice,Move home,voice,6.0,441.6,1.7,1.43
2026-07-23,27,13:30,movehome.voice,Move home,voice,19.0,441.6,4.35,4.67
2026-07-23,28,14:00,movehome.voice,Move home,voice,28.0,441.6,6.13,6.56
2026-07-23,29,14:30,movehome.voice,Move home,voice,29.0,441.6,5.76,6.61
2026-07-23,30,15:00,movehome.voice,Move home,voice,32.0,441.6,5.22,7.49
2026-07-23,31,15:30,movehome.voice,Move home,voice,26.0,441.6,5.79,6.67
2026-07-23,32,16:00,movehome.voice,Move home,voice,22.0,441.6,4.62,5.67
2026-07-23,33,16:30,movehome.voice,Move home,voice,12.0,441.6,3.03,2.88
2026-07-23,34,17:00,movehome.voice,Move home,voice,2.0,441.6,0.47,0.49
2026-07-23,35,17:30,movehome.voice,Move home,voice,0.0,441.6,0.0,0.0
2026-07-24,16,08:00,movehome.voice,Move home,voice,10.0,436.8,2.1,2.45
2026-07-24,17,08:30,movehome.voice,Move home,voice,18.0,436.8,4.3,4.56
2026-07-24,18,09:00,movehome.voice,Move home,voice,23.0,436.8,5.52,5.28
2026-07-24,19,09:30,movehome.voice,Move home,voice,35.0,436.8,8.18,8.49
2026-07-24,20,10:00,movehome.voice,Move home,voice,35.0,436.8,7.9,8.87
2026-07-24,21,10:30,movehome.voice,Move home,voice,25.0,436.8,7.45,6.07
2026-07-24,22,11:00,movehome.voice,Move home,voice,32.0,436.8,6.34,7.65
2026-07-24,23,11:30,movehome.voice,Move home,voice,18.0,436.8,3.83,4.48
2026-07-24,24,12:00,movehome.voice,Move home,voice,17.0,436.8,4.25,4.12
2026-07-24,25,12:30,movehome.voice,Move home,voice,5.0,436.8,0.85,1.23
2026-07-24,26,13:00,movehome.voice,Move home,voice,8.0,436.8,1.6,2.05
2026-07-24,27,13:30,movehome.voice,Move home,voice,18.0,436.8,3.7,4.49
2026-07-24,28,14:00,movehome.voice,Move home,voice,36.0,436.8,9.04,9.35
2026-07-24,29,14:30,movehome.voice,Move home,voice,31.0,436.8,7.83,7.49
2026-07-24,30,15:00,movehome.voice,Move home,voice,38.0,436.8,7.96,9.85
2026-07-24,31,15:30,movehome.voice,Move home,voice,21.0,436.8,5.14,5.48
2026-07-24,32,16:00,movehome.voice,Move home,voice,12.0,436.8,2.82,2.78
2026-07-24,33,16:30,movehome.voice,Move home,voice,6.0,436.8,1.44,1.41
2026-07-24,34,17:00,movehome.voice,Move home,voice,5.0,436.8,1.16,1.27
2026-07-24,35,17:30,movehome.voice,Move home,voice,4.0,436.8,0.96,1.04
2026-07-25,17,08:30,movehome.voice,Move home,voice,11.0,385.2,2.25,2.32
2026-07-25,18,09:00,movehome.voice,Move home,voice,31.0,385.2,7.29,7.09
2026-07-25,19,09:30,movehome.voice,Move home,voice,24.0,385.2,4.64,5.24
2026-07-25,20,10:00,movehome.voice,Move home,voice,36.0,385.2,7.47,7.4
2026-07-25,21,10:30,movehome.voice,Move home,voice,35.0,385.2,6.92,7.42
2026-07-25,22,11:00,movehome.voice,Move home,voice,18.0,385.2,3.52,3.26
2026-07-25,23,11:30,movehome.voice,Move home,voice,19.0,385.2,3.49,4.28
2026-07-25,24,12:00,movehome.voice,Move home,voice,12.0,385.2,2.4,2.64
2026-07-25,25,12:30,movehome.voice,Move home,voice,3.0,385.2,0.55,0.61
2026-07-25,26,13:00,movehome.voice,Move home,voice,6.0,385.2,0.89,1.35
2026-07-27,16,08:00,movehome.voice,Move home,voice,7.0,447.5,1.79,1.69
2026-07-27,17,08:30,movehome.voice,Move home,voice,28.0,447.5,5.8,7.29
2026-07-27,18,09:00,movehome.voice,Move home,voice,49.0,447.5,12.24,12.19
2026-07-27,19,09:30,movehome.voice,Move home,voice,39.0,447.5,11.63,9.67
2026-07-27,20,10:00,movehome.voice,Move home,voice,48.0,447.5,10.64,10.87
2026-07-27,21,10:30,movehome.voice,Move home,voice,30.0,447.5,6.93,8.38
2026-07-27,22,11:00,movehome.voice,Move home,voice,38.0,447.5,8.47,9.68
2026-07-27,23,11:30,movehome.voice,Move home,voice,17.0,447.5,3.8,4.19
2026-07-27,24,12:00,movehome.voice,Move home,voice,12.0,447.5,2.54,3.13
2026-07-27,25,12:30,movehome.voice,Move home,voice,10.0,447.5,2.75,2.28
2026-07-27,26,13:00,movehome.voice,Move home,voice,13.0,447.5,3.4,3.36
2026-07-27,27,13:30,movehome.voice,Move home,voice,36.0,447.5,8.51,8.03
2026-07-27,28,14:00,movehome.voice,Move home,voice,18.0,447.5,3.26,4.51
2026-07-27,29,14:30,movehome.voice,Move home,voice,43.0,447.5,12.43,10.42
2026-07-27,30,15:00,movehome.voice,Move home,voice,40.0,447.5,9.82,10.55
2026-07-27,31,15:30,movehome.voice,Move home,voice,22.0,447.5,6.53,5.45
2026-07-27,32,16:00,movehome.voice,Move home,voice,21.0,447.5,6.16,5.5
2026-07-27,33,16:30,movehome.voice,Move home,voice,8.0,447.5,1.68,1.98
2026-07-27,34,17:00,movehome.voice,Move home,voice,3.0,447.5,0.74,0.72
2026-07-27,35,17:30,movehome.voice,Move home,voice,2.0,447.5,0.5,0.52
2026-07-28,16,08:00,movehome.voice,Move home,voice,5.0,424.3,0.86,1.21
2026-07-28,17,08:30,movehome.voice,Move home,voice,16.0,424.3,3.16,3.7
2026-07-28,18,09:00,movehome.voice,Move home,voice,27.0,424.3,4.47,6.36
2026-07-28,19,09:30,movehome.voice,Move home,voice,28.0,424.3,6.2,6.63
2026-07-28,20,10:00,movehome.voice,Move home,voice,26.0,424.3,7.16,5.65
2026-07-28,21,10:30,movehome.voice,Move home,voice,37.0,424.3,7.75,8.78
2026-07-28,22,11:00,movehome.voice,Move home,voice,23.0,424.3,4.37,5.29
2026-07-28,23,11:30,movehome.voice,Move home,voice,16.0,424.3,3.62,3.89
2026-07-28,24,12:00,movehome.voice,Move home,voice,7.0,424.3,1.62,1.59
2026-07-28,25,12:30,movehome.voice,Move home,voice,3.0,424.3,0.52,0.69
2026-07-28,26,13:00,movehome.voice,Move home,voice,8.0,424.3,2.03,1.81
2026-07-28,27,13:30,movehome.voice,Move home,voice,18.0,424.3,4.17,4.6
2026-07-28,28,14:00,movehome.voice,Move home,voice,23.0,424.3,4.4,5.59
2026-07-28,29,14:30,movehome.voice,Move home,voice,17.0,424.3,3.84,4.01
2026-07-28,30,15:00,movehome.voice,Move home,voice,23.0,424.3,5.41,5.63
2026-07-28,31,15:30,movehome.voice,Move home,voice,19.0,424.3,5.09,4.68
2026-07-28,32,16:00,movehome.voice,Move home,voice,15.0,424.3,3.6,3.77
2026-07-28,33,16:30,movehome.voice,Move home,voice,8.0,424.3,1.74,1.91
2026-07-28,34,17:00,movehome.voice,Move home,voice,2.0,424.3,0.5,0.46
2026-07-28,35,17:30,movehome.voice,Move home,voice,2.0,424.3,0.52,0.43
2026-07-29,16,08:00,movehome.voice,Move home,voice,9.0,423.6,1.97,1.95
2026-07-29,17,08:30,movehome.voice,Move home,voice,24.0,423.6,5.92,5.63
2026-07-29,18,09:00,movehome.voice,Move home,voice,25.0,423.6,5.92,5.94
2026-07-29,19,09:30,movehome.voice,Move home,voice,33.0,423.6,9.63,7.66
2026-07-29,20,10:00,movehome.voice,Move home,voice,35.0,423.6,8.3,8.77
2026-07-29,21,10:30,movehome.voice,Move home,voice,19.0,423.6,5.6,4.55
2026-07-29,22,11:00,movehome.voice,Move home,voice,31.0,423.6,7.71,7.23
2026-07-29,23,11:30,movehome.voice,Move home,voice,18.0,423.6,3.62,4.3
2026-07-29,24,12:00,movehome.voice,Move home,voice,9.0,423.6,1.79,2.22
2026-07-29,25,12:30,movehome.voice,Move home,voice,4.0,423.6,0.96,0.97
2026-07-29,26,13:00,movehome.voice,Move home,voice,8.0,423.6,1.55,1.88
2026-07-29,27,13:30,movehome.voice,Move home,voice,13.0,423.6,3.05,3.0
2026-07-29,28,14:00,movehome.voice,Move home,voice,29.0,423.6,6.92,6.82
2026-07-29,29,14:30,movehome.voice,Move home,voice,23.0,423.6,5.58,5.55
2026-07-29,30,15:00,movehome.voice,Move home,voice,23.0,423.6,5.37,5.17
2026-07-29,31,15:30,movehome.voice,Move home,voice,26.0,423.6,5.85,6.39
2026-07-29,32,16:00,movehome.voice,Move home,voice,15.0,423.6,3.42,3.78
2026-07-29,33,16:30,movehome.voice,Move home,voice,7.0,423.6,1.71,1.55
2026-07-29,34,17:00,movehome.voice,Move home,voice,4.0,423.6,0.98,0.93
2026-07-29,35,17:30,movehome.voice,Move home,voice,1.0,423.6,0.18,0.26
2026-07-30,16,08:00,movehome.voice,Move home,voice,7.0,435.2,1.86,1.71
2026-07-30,17,08:30,movehome.voice,Move home,voice,8.0,435.2,1.48,1.74
2026-07-30,18,09:00,movehome.voice,Move home,voice,20.0,435.2,5.03,4.88
2026-07-30,19,09:30,movehome.voice,Move home,voice,34.0,435.2,8.67,7.16
2026-07-30,20,10:00,movehome.voice,Move home,voice,27.0,435.2,7.25,6.52
2026-07-30,21,10:30,movehome.voice,Move home,voice,34.0,435.2,7.22,8.25
2026-07-30,22,11:00,movehome.voice,Move home,voice,29.0,435.2,7.22,6.96
2026-07-30,23,11:30,movehome.voice,Move home,voice,15.0,435.2,3.54,3.52
2026-07-30,24,12:00,movehome.voice,Move home,voice,11.0,435.2,2.49,2.85
2026-07-30,25,12:30,movehome.voice,Move home,voice,6.0,435.2,1.65,1.33
2026-07-30,26,13:00,movehome.voice,Move home,voice,4.0,435.2,1.19,0.95
2026-07-30,27,13:30,movehome.voice,Move home,voice,23.0,435.2,5.41,5.64
2026-07-30,28,14:00,movehome.voice,Move home,voice,18.0,435.2,4.67,4.27
2026-07-30,29,14:30,movehome.voice,Move home,voice,30.0,435.2,7.81,7.0
2026-07-30,30,15:00,movehome.voice,Move home,voice,32.0,435.2,6.87,7.67
2026-07-30,31,15:30,movehome.voice,Move home,voice,18.0,435.2,3.2,4.69
2026-07-30,32,16:00,movehome.voice,Move home,voice,19.0,435.2,4.95,4.69
2026-07-30,33,16:30,movehome.voice,Move home,voice,7.0,435.2,1.87,1.69
2026-07-30,34,17:00,movehome.voice,Move home,voice,5.0,435.2,1.11,1.22
2026-07-30,35,17:30,movehome.voice,Move home,voice,0.0,435.2,0.0,0.0
2026-07-31,16,08:00,movehome.voice,Move home,voice,7.0,425.4,1.31,1.5
2026-07-31,17,08:30,movehome.voice,Move home,voice,15.0,425.4,3.78,3.57
2026-07-31,18,09:00,movehome.voice,Move home,voice,27.0,425.4,5.87,6.51
2026-07-31,19,09:30,movehome.voice,Move home,voice,40.0,425.4,8.01,9.67
2026-07-31,20,10:00,movehome.voice,Move home,voice,16.0,425.4,3.31,3.66
2026-07-31,21,10:30,movehome.voice,Move home,voice,32.0,425.4,8.4,7.94
2026-07-31,22,11:00,movehome.voice,Move home,voice,26.0,425.4,5.2,6.46
2026-07-31,23,11:30,movehome.voice,Move home,voice,14.0,425.4,3.03,3.22
2026-07-31,24,12:00,movehome.voice,Move home,voice,15.0,425.4,3.09,3.53
2026-07-31,25,12:30,movehome.voice,Move home,voice,5.0,425.4,1.1,1.18
2026-07-31,26,13:00,movehome.voice,Move home,voice,11.0,425.4,2.5,2.57
2026-07-31,27,13:30,movehome.voice,Move home,voice,15.0,425.4,3.22,3.37
2026-07-31,28,14:00,movehome.voice,Move home,voice,18.0,425.4,4.27,4.45
2026-07-31,29,14:30,movehome.voice,Move home,voice,26.0,425.4,6.56,6.23
2026-07-31,30,15:00,movehome.voice,Move home,voice,20.0,425.4,5.2,4.67
2026-07-31,31,15:30,movehome.voice,Move home,voice,15.0,425.4,3.72,3.55
2026-07-31,32,16:00,movehome.voice,Move home,voice,19.0,425.4,4.4,4.11
2026-07-31,33,16:30,movehome.voice,Move home,voice,9.0,425.4,2.06,2.09
2026-07-31,34,17:00,movehome.voice,Move home,voice,2.0,425.4,0.41,0.51
2026-07-31,35,17:30,movehome.voice,Move home,voice,0.0,425.4,0.0,0.0
2026-08-01,17,08:30,movehome.voice,Move home,voice,14.0,422.6,3.75,3.3
2026-08-01,18,09:00,movehome.voice,Move home,voice,19.0,422.6,3.94,4.19
2026-08-01,19,09:30,movehome.voice,Move home,voice,35.0,422.6,7.2,8.54
2026-08-01,20,10:00,movehome.voice,Move home,voice,20.0,422.6,3.81,4.4
2026-08-01,21,10:30,movehome.voice,Move home,voice,21.0,422.6,4.22,4.68
2026-08-01,22,11:00,movehome.voice,Move home,voice,19.0,422.6,4.55,4.46
2026-08-01,23,11:30,movehome.voice,Move home,voice,17.0,422.6,4.04,4.01
2026-08-01,24,12:00,movehome.voice,Move home,voice,12.0,422.6,3.23,2.55
2026-08-01,25,12:30,movehome.voice,Move home,voice,4.0,422.6,0.87,1.01
2026-08-01,26,13:00,movehome.voice,Move home,voice,7.0,422.6,1.79,1.62
2026-08-03,16,08:00,movehome.voice,Move home,voice,6.0,437.6,1.37,1.43
2026-08-03,17,08:30,movehome.voice,Move home,voice,18.0,437.6,5.15,4.29
2026-08-03,18,09:00,movehome.voice,Move home,voice,24.0,437.6,4.58,5.67
2026-08-03,19,09:30,movehome.voice,Move home,voice,27.0,437.6,6.92,6.67
2026-08-03,20,10:00,movehome.voice,Move home,voice,30.0,437.6,7.34,7.52
2026-08-03,21,10:30,movehome.voice,Move home,voice,26.0,437.6,7.09,6.7
2026-08-03,22,11:00,movehome.voice,Move home,voice,20.0,437.6,4.78,5.16
2026-08-03,23,11:30,movehome.voice,Move home,voice,10.0,437.6,2.9,2.4
2026-08-03,24,12:00,movehome.voice,Move home,voice,11.0,437.6,2.73,2.83
2026-08-03,25,12:30,movehome.voice,Move home,voice,8.0,437.6,1.73,1.86
2026-08-03,26,13:00,movehome.voice,Move home,voice,7.0,437.6,1.37,1.8
2026-08-03,27,13:30,movehome.voice,Move home,voice,10.0,437.6,2.37,2.42
2026-08-03,28,14:00,movehome.voice,Move home,voice,16.0,437.6,3.96,3.99
2026-08-03,29,14:30,movehome.voice,Move home,voice,25.0,437.6,5.48,6.09
2026-08-03,30,15:00,movehome.voice,Move home,voice,22.0,437.6,5.06,5.24
2026-08-03,31,15:30,movehome.voice,Move home,voice,17.0,437.6,4.06,4.12
2026-08-03,32,16:00,movehome.voice,Move home,voice,15.0,437.6,3.77,3.29
2026-08-03,33,16:30,movehome.voice,Move home,voice,13.0,437.6,2.27,3.15
2026-08-03,34,17:00,movehome.voice,Move home,voice,1.0,437.6,0.19,0.25
2026-08-03,35,17:30,movehome.voice,Move home,voice,5.0,437.6,1.45,1.31
2026-08-04,16,08:00,movehome.voice,Move home,voice,7.0,422.3,1.57,1.54
2026-08-04,17,08:30,movehome.voice,Move home,voice,24.0,422.3,6.21,5.84
2026-08-04,18,09:00,movehome.voice,Move home,voice,23.0,422.3,5.44,5.5
2026-08-04,19,09:30,movehome.voice,Move home,voice,32.0,422.3,8.59,7.25
2026-08-04,20,10:00,movehome.voice,Move home,voice,44.0,422.3,8.42,10.55
2026-08-04,21,10:30,movehome.voice,Move home,voice,31.0,422.3,4.91,6.95
2026-08-04,22,11:00,movehome.voice,Move home,voice,28.0,422.3,6.58,6.04
2026-08-04,23,11:30,movehome.voice,Move home,voice,14.0,422.3,3.24,3.18
2026-08-04,24,12:00,movehome.voice,Move home,voice,11.0,422.3,2.64,2.56
2026-08-04,25,12:30,movehome.voice,Move home,voice,3.0,422.3,0.58,0.68
2026-08-04,26,13:00,movehome.voice,Move home,voice,15.0,422.3,4.11,3.74
2026-08-04,27,13:30,movehome.voice,Move home,voice,27.0,422.3,6.87,5.82
2026-08-04,28,14:00,movehome.voice,Move home,voice,27.0,422.3,5.63,5.96
2026-08-04,29,14:30,movehome.voice,Move home,voice,34.0,422.3,8.97,7.11
2026-08-04,30,15:00,movehome.voice,Move home,voice,25.0,422.3,6.06,5.98
2026-08-04,31,15:30,movehome.voice,Move home,voice,27.0,422.3,6.75,6.57
2026-08-04,32,16:00,movehome.voice,Move home,voice,18.0,422.3,3.87,4.4
2026-08-04,33,16:30,movehome.voice,Move home,voice,10.0,422.3,1.93,2.28
2026-08-04,34,17:00,movehome.voice,Move home,voice,7.0,422.3,1.28,1.74
2026-08-04,35,17:30,movehome.voice,Move home,voice,2.0,422.3,0.48,0.46
2026-08-05,16,08:00,movehome.voice,Move home,voice,9.0,422.2,1.96,2.05
2026-08-05,17,08:30,movehome.voice,Move home,voice,18.0,422.2,3.22,4.39
2026-08-05,18,09:00,movehome.voice,Move home,voice,23.0,422.2,3.44,5.66
2026-08-05,19,09:30,movehome.voice,Move home,voice,34.0,422.2,8.1,7.82
2026-08-05,20,10:00,movehome.voice,Move home,voice,32.0,422.2,6.93,7.78
2026-08-05,21,10:30,movehome.voice,Move home,voice,21.0,422.2,5.83,4.87
2026-08-05,22,11:00,movehome.voice,Move home,voice,19.0,422.2,4.15,4.43
2026-08-05,23,11:30,movehome.voice,Move home,voice,9.0,422.2,2.37,2.16
2026-08-05,24,12:00,movehome.voice,Move home,voice,10.0,422.2,2.82,2.39
2026-08-05,25,12:30,movehome.voice,Move home,voice,3.0,422.2,0.67,0.75
2026-08-05,26,13:00,movehome.voice,Move home,voice,9.0,422.2,2.32,1.93
2026-08-05,27,13:30,movehome.voice,Move home,voice,25.0,422.2,5.77,5.74
2026-08-05,28,14:00,movehome.voice,Move home,voice,24.0,422.2,5.73,5.63
2026-08-05,29,14:30,movehome.voice,Move home,voice,31.0,422.2,6.75,7.29
2026-08-05,30,15:00,movehome.voice,Move home,voice,27.0,422.2,5.91,6.41
2026-08-05,31,15:30,movehome.voice,Move home,voice,18.0,422.2,3.86,4.25
2026-08-05,32,16:00,movehome.voice,Move home,voice,11.0,422.2,2.55,2.59
2026-08-05,33,16:30,movehome.voice,Move home,voice,9.0,422.2,1.92,1.85
2026-08-05,34,17:00,movehome.voice,Move home,voice,2.0,422.2,0.4,0.46
2026-08-05,35,17:30,movehome.voice,Move home,voice,1.0,422.2,0.2,0.25
2026-08-06,16,08:00,movehome.voice,Move home,voice,15.0,429.8,3.73,3.18
2026-08-06,17,08:30,movehome.voice,Move home,voice,22.0,429.8,5.14,5.78
2026-08-06,18,09:00,movehome.voice,Move home,voice,19.0,429.8,4.43,4.52
2026-08-06,19,09:30,movehome.voice,Move home,voice,40.0,429.8,10.95,9.83
2026-08-06,20,10:00,movehome.voice,Move home,voice,41.0,429.8,10.17,9.82
2026-08-06,21,10:30,movehome.voice,Move home,voice,29.0,429.8,6.98,6.22
2026-08-06,22,11:00,movehome.voice,Move home,voice,17.0,429.8,4.79,4.03
2026-08-06,23,11:30,movehome.voice,Move home,voice,26.0,429.8,4.96,6.06
2026-08-06,24,12:00,movehome.voice,Move home,voice,15.0,429.8,3.98,3.51
2026-08-06,25,12:30,movehome.voice,Move home,voice,3.0,429.8,0.83,0.75
2026-08-06,26,13:00,movehome.voice,Move home,voice,8.0,429.8,1.93,1.69
2026-08-06,27,13:30,movehome.voice,Move home,voice,15.0,429.8,3.27,3.21
2026-08-06,28,14:00,movehome.voice,Move home,voice,24.0,429.8,4.65,5.64
2026-08-06,29,14:30,movehome.voice,Move home,voice,28.0,429.8,6.72,6.4
2026-08-06,30,15:00,movehome.voice,Move home,voice,28.0,429.8,7.37,7.14
2026-08-06,31,15:30,movehome.voice,Move home,voice,32.0,429.8,7.33,8.0
2026-08-06,32,16:00,movehome.voice,Move home,voice,17.0,429.8,3.94,4.08
2026-08-06,33,16:30,movehome.voice,Move home,voice,12.0,429.8,2.17,3.08
2026-08-06,34,17:00,movehome.voice,Move home,voice,6.0,429.8,1.36,1.38
2026-08-06,35,17:30,movehome.voice,Move home,voice,3.0,429.8,1.0,0.79
2026-08-07,16,08:00,movehome.voice,Move home,voice,8.0,424.2,1.81,1.88
2026-08-07,17,08:30,movehome.voice,Move home,voice,14.0,424.2,2.08,3.32
2026-08-07,18,09:00,movehome.voice,Move home,voice,27.0,424.2,5.86,6.48
2026-08-07,19,09:30,movehome.voice,Move home,voice,34.0,424.2,7.88,7.71
2026-08-07,20,10:00,movehome.voice,Move home,voice,32.0,424.2,6.72,8.09
2026-08-07,21,10:30,movehome.voice,Move home,voice,24.0,424.2,6.47,5.96
2026-08-07,22,11:00,movehome.voice,Move home,voice,31.0,424.2,6.86,7.01
2026-08-07,23,11:30,movehome.voice,Move home,voice,24.0,424.2,5.53,6.07
2026-08-07,24,12:00,movehome.voice,Move home,voice,11.0,424.2,3.0,2.48
2026-08-07,25,12:30,movehome.voice,Move home,voice,2.0,424.2,0.46,0.47
2026-08-07,26,13:00,movehome.voice,Move home,voice,9.0,424.2,2.07,2.25
2026-08-07,27,13:30,movehome.voice,Move home,voice,22.0,424.2,5.67,5.93
2026-08-07,28,14:00,movehome.voice,Move home,voice,26.0,424.2,4.72,6.2
2026-08-07,29,14:30,movehome.voice,Move home,voice,19.0,424.2,4.47,4.43
2026-08-07,30,15:00,movehome.voice,Move home,voice,33.0,424.2,8.1,8.21
2026-08-07,31,15:30,movehome.voice,Move home,voice,29.0,424.2,6.83,6.91
2026-08-07,32,16:00,movehome.voice,Move home,voice,22.0,424.2,3.71,5.61
2026-08-07,33,16:30,movehome.voice,Move home,voice,7.0,424.2,1.81,1.7
2026-08-07,34,17:00,movehome.voice,Move home,voice,3.0,424.2,0.55,0.68
2026-08-07,35,17:30,movehome.voice,Move home,voice,4.0,424.2,1.11,0.82
2026-08-08,17,08:30,movehome.voice,Move home,voice,10.0,404.3,2.45,2.38
2026-08-08,18,09:00,movehome.voice,Move home,voice,24.0,404.3,4.59,5.71
2026-08-08,19,09:30,movehome.voice,Move home,voice,29.0,404.3,7.34,6.54
2026-08-08,20,10:00,movehome.voice,Move home,voice,35.0,404.3,8.73,9.03
2026-08-08,21,10:30,movehome.voice,Move home,voice,28.0,404.3,6.56,6.26
2026-08-08,22,11:00,movehome.voice,Move home,voice,17.0,404.3,4.63,3.46
2026-08-08,23,11:30,movehome.voice,Move home,voice,28.0,404.3,6.2,6.55
2026-08-08,24,12:00,movehome.voice,Move home,voice,10.0,404.3,2.11,2.16
2026-08-08,25,12:30,movehome.voice,Move home,voice,2.0,404.3,0.38,0.45
2026-08-08,26,13:00,movehome.voice,Move home,voice,5.0,404.3,1.25,1.01
2026-08-10,16,08:00,movehome.voice,Move home,voice,9.0,458.3,2.7,2.2
2026-08-10,17,08:30,movehome.voice,Move home,voice,21.0,458.3,5.48,5.84
2026-08-10,18,09:00,movehome.voice,Move home,voice,29.0,458.3,5.62,7.22
2026-08-10,19,09:30,movehome.voice,Move home,voice,48.0,458.3,13.4,11.67
2026-08-10,20,10:00,movehome.voice,Move home,voice,36.0,458.3,9.72,8.45
2026-08-10,21,10:30,movehome.voice,Move home,voice,19.0,458.3,4.19,4.94
2026-08-10,22,11:00,movehome.voice,Move home,voice,18.0,458.3,4.5,4.77
2026-08-10,23,11:30,movehome.voice,Move home,voice,22.0,458.3,6.47,5.73
2026-08-10,24,12:00,movehome.voice,Move home,voice,13.0,458.3,3.76,3.46
2026-08-10,25,12:30,movehome.voice,Move home,voice,5.0,458.3,1.0,1.2
2026-08-10,26,13:00,movehome.voice,Move home,voice,12.0,458.3,2.32,2.85
2026-08-10,27,13:30,movehome.voice,Move home,voice,24.0,458.3,6.45,6.56
2026-08-10,28,14:00,movehome.voice,Move home,voice,36.0,458.3,7.77,9.44
2026-08-10,29,14:30,movehome.voice,Move home,voice,23.0,458.3,5.53,5.65
2026-08-10,30,15:00,movehome.voice,Move home,voice,24.0,458.3,6.65,5.89
2026-08-10,31,15:30,movehome.voice,Move home,voice,25.0,458.3,6.06,6.7
2026-08-10,32,16:00,movehome.voice,Move home,voice,19.0,458.3,4.68,4.92
2026-08-10,33,16:30,movehome.voice,Move home,voice,11.0,458.3,3.67,3.0
2026-08-10,34,17:00,movehome.voice,Move home,voice,4.0,458.3,1.19,0.95
2026-08-10,35,17:30,movehome.voice,Move home,voice,2.0,458.3,0.46,0.55
2026-08-11,16,08:00,movehome.voice,Move home,voice,12.0,426.1,2.96,2.79
2026-08-11,17,08:30,movehome.voice,Move home,voice,22.0,426.1,3.65,4.81
2026-08-11,18,09:00,movehome.voice,Move home,voice,24.0,426.1,4.96,6.19
2026-08-11,19,09:30,movehome.voice,Move home,voice,36.0,426.1,7.39,8.61
2026-08-11,20,10:00,movehome.voice,Move home,voice,33.0,426.1,7.9,7.9
2026-08-11,21,10:30,movehome.voice,Move home,voice,37.0,426.1,7.51,9.11
2026-08-11,22,11:00,movehome.voice,Move home,voice,20.0,426.1,4.48,4.61
2026-08-11,23,11:30,movehome.voice,Move home,voice,19.0,426.1,5.04,4.45
2026-08-11,24,12:00,movehome.voice,Move home,voice,8.0,426.1,1.55,1.77
2026-08-11,25,12:30,movehome.voice,Move home,voice,11.0,426.1,2.96,2.58
2026-08-11,26,13:00,movehome.voice,Move home,voice,12.0,426.1,2.81,2.95
2026-08-11,27,13:30,movehome.voice,Move home,voice,28.0,426.1,8.47,6.46
2026-08-11,28,14:00,movehome.voice,Move home,voice,29.0,426.1,7.11,7.21
2026-08-11,29,14:30,movehome.voice,Move home,voice,32.0,426.1,6.71,7.61
2026-08-11,30,15:00,movehome.voice,Move home,voice,22.0,426.1,4.3,5.11
2026-08-11,31,15:30,movehome.voice,Move home,voice,21.0,426.1,4.61,5.1
2026-08-11,32,16:00,movehome.voice,Move home,voice,13.0,426.1,3.73,3.19
2026-08-11,33,16:30,movehome.voice,Move home,voice,7.0,426.1,1.37,1.64
2026-08-11,34,17:00,movehome.voice,Move home,voice,3.0,426.1,0.73,0.74
2026-08-11,35,17:30,movehome.voice,Move home,voice,1.0,426.1,0.21,0.24
2026-08-12,16,08:00,movehome.voice,Move home,voice,6.0,434.2,1.57,1.43
2026-08-12,17,08:30,movehome.voice,Move home,voice,15.0,434.2,3.0,3.63
2026-08-12,18,09:00,movehome.voice,Move home,voice,20.0,434.2,4.75,4.95
2026-08-12,19,09:30,movehome.voice,Move home,voice,34.0,434.2,7.79,9.07
2026-08-12,20,10:00,movehome.voice,Move home,voice,26.0,434.2,8.24,6.19
2026-08-12,21,10:30,movehome.voice,Move home,voice,26.0,434.2,5.58,6.1
2026-08-12,22,11:00,movehome.voice,Move home,voice,30.0,434.2,7.83,7.39
2026-08-12,23,11:30,movehome.voice,Move home,voice,16.0,434.2,4.52,3.93
2026-08-12,24,12:00,movehome.voice,Move home,voice,12.0,434.2,2.72,3.12
2026-08-12,25,12:30,movehome.voice,Move home,voice,8.0,434.2,1.6,1.85
2026-08-12,26,13:00,movehome.voice,Move home,voice,6.0,434.2,1.32,1.46
2026-08-12,27,13:30,movehome.voice,Move home,voice,14.0,434.2,3.4,3.37
2026-08-12,28,14:00,movehome.voice,Move home,voice,24.0,434.2,6.29,5.89
2026-08-12,29,14:30,movehome.voice,Move home,voice,24.0,434.2,5.73,6.25
2026-08-12,30,15:00,movehome.voice,Move home,voice,21.0,434.2,5.15,5.03
2026-08-12,31,15:30,movehome.voice,Move home,voice,19.0,434.2,4.41,4.38
2026-08-12,32,16:00,movehome.voice,Move home,voice,14.0,434.2,3.75,3.18
2026-08-12,33,16:30,movehome.voice,Move home,voice,12.0,434.2,2.64,2.96
2026-08-12,34,17:00,movehome.voice,Move home,voice,4.0,434.2,0.87,0.95
2026-08-12,35,17:30,movehome.voice,Move home,voice,3.0,434.2,0.84,0.69
2026-08-13,16,08:00,movehome.voice,Move home,voice,4.0,442.4,1.02,1.05
2026-08-13,17,08:30,movehome.voice,Move home,voice,24.0,442.4,5.49,5.81
2026-08-13,18,09:00,movehome.voice,Move home,voice,38.0,442.4,10.07,9.96
2026-08-13,19,09:30,movehome.voice,Move home,voice,26.0,442.4,5.79,6.62
2026-08-13,20,10:00,movehome.voice,Move home,voice,19.0,442.4,4.33,4.76
2026-08-13,21,10:30,movehome.voice,Move home,voice,28.0,442.4,6.93,6.04
2026-08-13,22,11:00,movehome.voice,Move home,voice,23.0,442.4,5.12,5.17
2026-08-13,23,11:30,movehome.voice,Move home,voice,16.0,442.4,2.57,3.75
2026-08-13,24,12:00,movehome.voice,Move home,voice,4.0,442.4,1.17,0.94
2026-08-13,25,12:30,movehome.voice,Move home,voice,5.0,442.4,1.09,1.31
2026-08-13,26,13:00,movehome.voice,Move home,voice,11.0,442.4,2.5,2.59
2026-08-13,27,13:30,movehome.voice,Move home,voice,14.0,442.4,3.49,3.54
2026-08-13,28,14:00,movehome.voice,Move home,voice,19.0,442.4,3.63,4.73
2026-08-13,29,14:30,movehome.voice,Move home,voice,33.0,442.4,7.89,8.44
2026-08-13,30,15:00,movehome.voice,Move home,voice,32.0,442.4,7.1,8.05
2026-08-13,31,15:30,movehome.voice,Move home,voice,13.0,442.4,2.9,3.33
2026-08-13,32,16:00,movehome.voice,Move home,voice,11.0,442.4,2.53,2.89
2026-08-13,33,16:30,movehome.voice,Move home,voice,11.0,442.4,2.35,2.59
2026-08-13,34,17:00,movehome.voice,Move home,voice,7.0,442.4,1.67,1.61
2026-08-13,35,17:30,movehome.voice,Move home,voice,1.0,442.4,0.25,0.24
2026-08-14,16,08:00,movehome.voice,Move home,voice,6.0,453.8,1.44,1.53
2026-08-14,17,08:30,movehome.voice,Move home,voice,23.0,453.8,5.89,5.89
2026-08-14,18,09:00,movehome.voice,Move home,voice,25.0,453.8,6.17,6.33
2026-08-14,19,09:30,movehome.voice,Move home,voice,23.0,453.8,5.04,5.9
2026-08-14,20,10:00,movehome.voice,Move home,voice,26.0,453.8,6.55,6.27
2026-08-14,21,10:30,movehome.voice,Move home,voice,26.0,453.8,5.54,6.35
2026-08-14,22,11:00,movehome.voice,Move home,voice,19.0,453.8,5.15,4.55
2026-08-14,23,11:30,movehome.voice,Move home,voice,15.0,453.8,4.27,3.74
2026-08-14,24,12:00,movehome.voice,Move home,voice,5.0,453.8,1.66,1.3
2026-08-14,25,12:30,movehome.voice,Move home,voice,8.0,453.8,1.95,1.91
2026-08-14,26,13:00,movehome.voice,Move home,voice,6.0,453.8,1.55,1.48
2026-08-14,27,13:30,movehome.voice,Move home,voice,25.0,453.8,6.26,6.07
2026-08-14,28,14:00,movehome.voice,Move home,voice,26.0,453.8,5.72,6.04
2026-08-14,29,14:30,movehome.voice,Move home,voice,27.0,453.8,7.34,6.57
2026-08-14,30,15:00,movehome.voice,Move home,voice,25.0,453.8,7.14,6.41
2026-08-14,31,15:30,movehome.voice,Move home,voice,13.0,453.8,2.89,3.05
2026-08-14,32,16:00,movehome.voice,Move home,voice,12.0,453.8,2.29,2.9
2026-08-14,33,16:30,movehome.voice,Move home,voice,4.0,453.8,1.04,1.13
2026-08-14,34,17:00,movehome.voice,Move home,voice,2.0,453.8,0.55,0.49
2026-08-14,35,17:30,movehome.voice,Move home,voice,1.0,453.8,0.23,0.25
2026-08-15,17,08:30,movehome.voice,Move home,voice,7.0,397.1,1.63,1.66
2026-08-15,18,09:00,movehome.voice,Move home,voice,25.0,397.1,6.24,5.14
2026-08-15,19,09:30,movehome.voice,Move home,voice,34.0,397.1,7.48,7.51
2026-08-15,20,10:00,movehome.voice,Move home,voice,23.0,397.1,3.36,5.33
2026-08-15,21,10:30,movehome.voice,Move home,voice,27.0,397.1,4.95,6.4
2026-08-15,22,11:00,movehome.voice,Move home,voice,28.0,397.1,6.73,6.07
2026-08-15,23,11:30,movehome.voice,Move home,voice,23.0,397.1,3.2,5.13
2026-08-15,24,12:00,movehome.voice,Move home,voice,11.0,397.1,2.6,2.52
2026-08-15,25,12:30,movehome.voice,Move home,voice,5.0,397.1,1.02,1.04
2026-08-15,26,13:00,movehome.voice,Move home,voice,4.0,397.1,0.83,0.84
2026-07-20,16,08:00,movehome.webchat,Move home,webchat,7.0,675.0,1.04,1.19
2026-07-20,17,08:30,movehome.webchat,Move home,webchat,18.0,675.0,3.45,2.92
2026-07-20,18,09:00,movehome.webchat,Move home,webchat,30.0,675.0,4.7,4.95
2026-07-20,19,09:30,movehome.webchat,Move home,webchat,30.0,675.0,5.66,4.9
2026-07-20,20,10:00,movehome.webchat,Move home,webchat,20.0,675.0,3.83,3.47
2026-07-20,21,10:30,movehome.webchat,Move home,webchat,19.0,675.0,2.59,3.2
2026-07-20,22,11:00,movehome.webchat,Move home,webchat,34.0,675.0,4.54,5.49
2026-07-20,23,11:30,movehome.webchat,Move home,webchat,14.0,675.0,1.96,2.3
2026-07-20,24,12:00,movehome.webchat,Move home,webchat,13.0,675.0,2.05,2.21
2026-07-20,25,12:30,movehome.webchat,Move home,webchat,6.0,675.0,1.07,1.05
2026-07-20,26,13:00,movehome.webchat,Move home,webchat,12.0,675.0,1.96,2.02
2026-07-20,27,13:30,movehome.webchat,Move home,webchat,17.0,675.0,3.35,2.93
2026-07-20,28,14:00,movehome.webchat,Move home,webchat,22.0,675.0,3.32,3.36
2026-07-20,29,14:30,movehome.webchat,Move home,webchat,28.0,675.0,4.53,4.53
2026-07-20,30,15:00,movehome.webchat,Move home,webchat,21.0,675.0,2.98,3.46
2026-07-20,31,15:30,movehome.webchat,Move home,webchat,20.0,675.0,3.21,3.46
2026-07-20,32,16:00,movehome.webchat,Move home,webchat,8.0,675.0,1.21,1.42
2026-07-20,33,16:30,movehome.webchat,Move home,webchat,11.0,675.0,1.67,1.84
2026-07-20,34,17:00,movehome.webchat,Move home,webchat,5.0,675.0,0.81,0.83
2026-07-20,35,17:30,movehome.webchat,Move home,webchat,2.0,675.0,0.28,0.34
2026-07-21,16,08:00,movehome.webchat,Move home,webchat,7.0,644.2,1.03,1.2
2026-07-21,17,08:30,movehome.webchat,Move home,webchat,25.0,644.2,3.66,4.12
2026-07-21,18,09:00,movehome.webchat,Move home,webchat,16.0,644.2,3.02,2.62
2026-07-21,19,09:30,movehome.webchat,Move home,webchat,31.0,644.2,4.87,5.26
2026-07-21,20,10:00,movehome.webchat,Move home,webchat,42.0,644.2,8.98,6.69
2026-07-21,21,10:30,movehome.webchat,Move home,webchat,17.0,644.2,2.71,2.52
2026-07-21,22,11:00,movehome.webchat,Move home,webchat,35.0,644.2,5.87,5.83
2026-07-21,23,11:30,movehome.webchat,Move home,webchat,11.0,644.2,1.51,1.67
2026-07-21,24,12:00,movehome.webchat,Move home,webchat,10.0,644.2,1.6,1.67
2026-07-21,25,12:30,movehome.webchat,Move home,webchat,6.0,644.2,0.99,0.98
2026-07-21,26,13:00,movehome.webchat,Move home,webchat,11.0,644.2,1.66,1.62
2026-07-21,27,13:30,movehome.webchat,Move home,webchat,9.0,644.2,1.19,1.52
2026-07-21,28,14:00,movehome.webchat,Move home,webchat,30.0,644.2,4.99,4.99
2026-07-21,29,14:30,movehome.webchat,Move home,webchat,22.0,644.2,2.98,3.55
2026-07-21,30,15:00,movehome.webchat,Move home,webchat,15.0,644.2,2.47,2.42
2026-07-21,31,15:30,movehome.webchat,Move home,webchat,21.0,644.2,2.76,3.39
2026-07-21,32,16:00,movehome.webchat,Move home,webchat,14.0,644.2,2.07,2.26
2026-07-21,33,16:30,movehome.webchat,Move home,webchat,8.0,644.2,1.04,1.28
2026-07-21,34,17:00,movehome.webchat,Move home,webchat,2.0,644.2,0.35,0.31
2026-07-21,35,17:30,movehome.webchat,Move home,webchat,3.0,644.2,0.45,0.46
2026-07-22,16,08:00,movehome.webchat,Move home,webchat,9.0,665.2,1.55,1.44
2026-07-22,17,08:30,movehome.webchat,Move home,webchat,16.0,665.2,2.89,2.8
2026-07-22,18,09:00,movehome.webchat,Move home,webchat,27.0,665.2,4.13,4.28
2026-07-22,19,09:30,movehome.webchat,Move home,webchat,16.0,665.2,1.78,2.85
2026-07-22,20,10:00,movehome.webchat,Move home,webchat,31.0,665.2,4.44,5.4
2026-07-22,21,10:30,movehome.webchat,Move home,webchat,21.0,665.2,3.42,3.68
2026-07-22,22,11:00,movehome.webchat,Move home,webchat,20.0,665.2,3.42,3.31
2026-07-22,23,11:30,movehome.webchat,Move home,webchat,16.0,665.2,2.37,2.85
2026-07-22,24,12:00,movehome.webchat,Move home,webchat,9.0,665.2,1.32,1.49
2026-07-22,25,12:30,movehome.webchat,Move home,webchat,3.0,665.2,0.35,0.5
2026-07-22,26,13:00,movehome.webchat,Move home,webchat,7.0,665.2,1.27,1.18
2026-07-22,27,13:30,movehome.webchat,Move home,webchat,9.0,665.2,1.64,1.4
2026-07-22,28,14:00,movehome.webchat,Move home,webchat,15.0,665.2,2.3,2.63
2026-07-22,29,14:30,movehome.webchat,Move home,webchat,20.0,665.2,2.95,3.31
2026-07-22,30,15:00,movehome.webchat,Move home,webchat,20.0,665.2,3.7,3.22
2026-07-22,31,15:30,movehome.webchat,Move home,webchat,12.0,665.2,1.42,2.14
2026-07-22,32,16:00,movehome.webchat,Move home,webchat,16.0,665.2,2.5,2.6
2026-07-22,33,16:30,movehome.webchat,Move home,webchat,7.0,665.2,1.09,1.18
2026-07-22,34,17:00,movehome.webchat,Move home,webchat,1.0,665.2,0.21,0.17
2026-07-22,35,17:30,movehome.webchat,Move home,webchat,1.0,665.2,0.15,0.18
2026-07-23,16,08:00,movehome.webchat,Move home,webchat,3.0,661.1,0.55,0.52
2026-07-23,17,08:30,movehome.webchat,Move home,webchat,12.0,661.1,1.88,2.11
2026-07-23,18,09:00,movehome.webchat,Move home,webchat,20.0,661.1,2.88,3.13
2026-07-23,19,09:30,movehome.webchat,Move home,webchat,32.0,661.1,4.82,5.31
2026-07-23,20,10:00,movehome.webchat,Move home,webchat,23.0,661.1,3.71,3.84
2026-07-23,21,10:30,movehome.webchat,Move home,webchat,32.0,661.1,4.63,5.65
2026-07-23,22,11:00,movehome.webchat,Move home,webchat,30.0,661.1,4.24,4.82
2026-07-23,23,11:30,movehome.webchat,Move home,webchat,21.0,661.1,2.64,3.44
2026-07-23,24,12:00,movehome.webchat,Move home,webchat,13.0,661.1,1.75,2.08
2026-07-23,25,12:30,movehome.webchat,Move home,webchat,3.0,661.1,0.49,0.55
2026-07-23,26,13:00,movehome.webchat,Move home,webchat,5.0,661.1,0.9,0.73
2026-07-23,27,13:30,movehome.webchat,Move home,webchat,25.0,661.1,4.13,3.88
2026-07-23,28,14:00,movehome.webchat,Move home,webchat,20.0,661.1,4.05,3.29
2026-07-23,29,14:30,movehome.webchat,Move home,webchat,23.0,661.1,4.35,3.95
2026-07-23,30,15:00,movehome.webchat,Move home,webchat,20.0,661.1,3.4,3.38
2026-07-23,31,15:30,movehome.webchat,Move home,webchat,18.0,661.1,3.46,2.91
2026-07-23,32,16:00,movehome.webchat,Move home,webchat,12.0,661.1,2.14,1.98
2026-07-23,33,16:30,movehome.webchat,Move home,webchat,14.0,661.1,2.33,2.32
2026-07-23,34,17:00,movehome.webchat,Move home,webchat,4.0,661.1,0.7,0.72
2026-07-23,35,17:30,movehome.webchat,Move home,webchat,2.0,661.1,0.36,0.35
2026-07-24,16,08:00,movehome.webchat,Move home,webchat,8.0,640.5,1.28,1.29
2026-07-24,17,08:30,movehome.webchat,Move home,webchat,21.0,640.5,3.9,3.35
2026-07-24,18,09:00,movehome.webchat,Move home,webchat,32.0,640.5,5.67,5.52
2026-07-24,19,09:30,movehome.webchat,Move home,webchat,21.0,640.5,3.23,3.37
2026-07-24,20,10:00,movehome.webchat,Move home,webchat,32.0,640.5,4.84,5.84
2026-07-24,21,10:30,movehome.webchat,Move home,webchat,40.0,640.5,7.53,6.84
2026-07-24,22,11:00,movehome.webchat,Move home,webchat,32.0,640.5,6.14,4.86
2026-07-24,23,11:30,movehome.webchat,Move home,webchat,16.0,640.5,2.91,2.75
2026-07-24,24,12:00,movehome.webchat,Move home,webchat,9.0,640.5,1.32,1.49
2026-07-24,25,12:30,movehome.webchat,Move home,webchat,11.0,640.5,2.23,1.7
2026-07-24,26,13:00,movehome.webchat,Move home,webchat,4.0,640.5,0.61,0.67
2026-07-24,27,13:30,movehome.webchat,Move home,webchat,21.0,640.5,3.49,3.4
2026-07-24,28,14:00,movehome.webchat,Move home,webchat,27.0,640.5,5.03,4.84
2026-07-24,29,14:30,movehome.webchat,Move home,webchat,29.0,640.5,4.99,4.95
2026-07-24,30,15:00,movehome.webchat,Move home,webchat,22.0,640.5,3.62,3.68
2026-07-24,31,15:30,movehome.webchat,Move home,webchat,19.0,640.5,3.06,3.11
2026-07-24,32,16:00,movehome.webchat,Move home,webchat,18.0,640.5,2.63,2.89
2026-07-24,33,16:30,movehome.webchat,Move home,webchat,5.0,640.5,0.58,0.84
2026-07-24,34,17:00,movehome.webchat,Move home,webchat,3.0,640.5,0.38,0.46
2026-07-24,35,17:30,movehome.webchat,Move home,webchat,3.0,640.5,0.4,0.5
2026-07-25,17,08:30,movehome.webchat,Move home,webchat,14.0,613.8,2.09,1.94
2026-07-25,18,09:00,movehome.webchat,Move home,webchat,22.0,613.8,3.33,3.47
2026-07-25,19,09:30,movehome.webchat,Move home,webchat,28.0,613.8,3.73,4.51
2026-07-25,20,10:00,movehome.webchat,Move home,webchat,46.0,613.8,6.14,7.2
2026-07-25,21,10:30,movehome.webchat,Move home,webchat,32.0,613.8,5.49,5.24
2026-07-25,22,11:00,movehome.webchat,Move home,webchat,34.0,613.8,4.95,5.54
2026-07-25,23,11:30,movehome.webchat,Move home,webchat,23.0,613.8,2.89,3.41
2026-07-25,24,12:00,movehome.webchat,Move home,webchat,10.0,613.8,1.5,1.54
2026-07-25,25,12:30,movehome.webchat,Move home,webchat,3.0,613.8,0.37,0.46
2026-07-25,26,13:00,movehome.webchat,Move home,webchat,9.0,613.8,1.21,1.44
2026-07-27,16,08:00,movehome.webchat,Move home,webchat,7.0,682.4,0.74,1.07
2026-07-27,17,08:30,movehome.webchat,Move home,webchat,18.0,682.4,2.72,3.15
2026-07-27,18,09:00,movehome.webchat,Move home,webchat,48.0,682.4,7.89,8.99
2026-07-27,19,09:30,movehome.webchat,Move home,webchat,30.0,682.4,4.78,5.12
2026-07-27,20,10:00,movehome.webchat,Move home,webchat,40.0,682.4,6.35,6.97
2026-07-27,21,10:30,movehome.webchat,Move home,webchat,37.0,682.4,5.34,6.14
2026-07-27,22,11:00,movehome.webchat,Move home,webchat,24.0,682.4,4.38,4.54
2026-07-27,23,11:30,movehome.webchat,Move home,webchat,21.0,682.4,3.17,3.96
2026-07-27,24,12:00,movehome.webchat,Move home,webchat,10.0,682.4,1.9,1.65
2026-07-27,25,12:30,movehome.webchat,Move home,webchat,10.0,682.4,1.37,1.91
2026-07-27,26,13:00,movehome.webchat,Move home,webchat,8.0,682.4,1.02,1.35
2026-07-27,27,13:30,movehome.webchat,Move home,webchat,20.0,682.4,3.84,3.69
2026-07-27,28,14:00,movehome.webchat,Move home,webchat,29.0,682.4,5.41,5.2
2026-07-27,29,14:30,movehome.webchat,Move home,webchat,34.0,682.4,5.92,6.25
2026-07-27,30,15:00,movehome.webchat,Move home,webchat,25.0,682.4,4.29,4.43
2026-07-27,31,15:30,movehome.webchat,Move home,webchat,32.0,682.4,5.0,5.65
2026-07-27,32,16:00,movehome.webchat,Move home,webchat,17.0,682.4,2.03,2.87
2026-07-27,33,16:30,movehome.webchat,Move home,webchat,15.0,682.4,2.2,2.55
2026-07-27,34,17:00,movehome.webchat,Move home,webchat,7.0,682.4,1.03,1.14
2026-07-27,35,17:30,movehome.webchat,Move home,webchat,3.0,682.4,0.54,0.53
2026-07-28,16,08:00,movehome.webchat,Move home,webchat,4.0,653.2,0.74,0.67
2026-07-28,17,08:30,movehome.webchat,Move home,webchat,20.0,653.2,3.43,3.26
2026-07-28,18,09:00,movehome.webchat,Move home,webchat,28.0,653.2,5.3,4.46
2026-07-28,19,09:30,movehome.webchat,Move home,webchat,30.0,653.2,4.1,4.77
2026-07-28,20,10:00,movehome.webchat,Move home,webchat,20.0,653.2,3.2,3.38
2026-07-28,21,10:30,movehome.webchat,Move home,webchat,22.0,653.2,3.72,3.85
2026-07-28,22,11:00,movehome.webchat,Move home,webchat,27.0,653.2,5.0,4.32
2026-07-28,23,11:30,movehome.webchat,Move home,webchat,23.0,653.2,3.35,3.92
2026-07-28,24,12:00,movehome.webchat,Move home,webchat,10.0,653.2,1.92,1.82
2026-07-28,25,12:30,movehome.webchat,Move home,webchat,6.0,653.2,1.18,0.94
2026-07-28,26,13:00,movehome.webchat,Move home,webchat,11.0,653.2,1.46,1.88
2026-07-28,27,13:30,movehome.webchat,Move home,webchat,18.0,653.2,2.87,3.15
2026-07-28,28,14:00,movehome.webchat,Move home,webchat,27.0,653.2,4.28,4.78
2026-07-28,29,14:30,movehome.webchat,Move home,webchat,39.0,653.2,5.59,5.64
2026-07-28,30,15:00,movehome.webchat,Move home,webchat,23.0,653.2,3.96,3.47
2026-07-28,31,15:30,movehome.webchat,Move home,webchat,17.0,653.2,3.02,2.9
2026-07-28,32,16:00,movehome.webchat,Move home,webchat,9.0,653.2,1.36,1.33
2026-07-28,33,16:30,movehome.webchat,Move home,webchat,6.0,653.2,0.83,1.01
2026-07-28,34,17:00,movehome.webchat,Move home,webchat,12.0,653.2,2.3,2.08
2026-07-28,35,17:30,movehome.webchat,Move home,webchat,1.0,653.2,0.18,0.16
2026-07-29,16,08:00,movehome.webchat,Move home,webchat,3.0,664.4,0.41,0.47
2026-07-29,17,08:30,movehome.webchat,Move home,webchat,18.0,664.4,3.41,3.01
2026-07-29,18,09:00,movehome.webchat,Move home,webchat,20.0,664.4,3.25,3.24
2026-07-29,19,09:30,movehome.webchat,Move home,webchat,46.0,664.4,7.8,7.41
2026-07-29,20,10:00,movehome.webchat,Move home,webchat,33.0,664.4,5.31,5.16
2026-07-29,21,10:30,movehome.webchat,Move home,webchat,38.0,664.4,5.47,6.41
2026-07-29,22,11:00,movehome.webchat,Move home,webchat,22.0,664.4,3.12,3.52
2026-07-29,23,11:30,movehome.webchat,Move home,webchat,18.0,664.4,2.65,3.02
2026-07-29,24,12:00,movehome.webchat,Move home,webchat,5.0,664.4,0.66,0.82
2026-07-29,25,12:30,movehome.webchat,Move home,webchat,8.0,664.4,0.85,1.37
2026-07-29,26,13:00,movehome.webchat,Move home,webchat,12.0,664.4,2.41,1.98
2026-07-29,27,13:30,movehome.webchat,Move home,webchat,19.0,664.4,3.09,3.13
2026-07-29,28,14:00,movehome.webchat,Move home,webchat,34.0,664.4,5.81,5.25
2026-07-29,29,14:30,movehome.webchat,Move home,webchat,23.0,664.4,3.09,3.78
2026-07-29,30,15:00,movehome.webchat,Move home,webchat,21.0,664.4,3.25,3.58
2026-07-29,31,15:30,movehome.webchat,Move home,webchat,18.0,664.4,2.4,3.07
2026-07-29,32,16:00,movehome.webchat,Move home,webchat,20.0,664.4,2.85,3.18
2026-07-29,33,16:30,movehome.webchat,Move home,webchat,11.0,664.4,2.18,1.78
2026-07-29,34,17:00,movehome.webchat,Move home,webchat,3.0,664.4,0.4,0.5
2026-07-29,35,17:30,movehome.webchat,Move home,webchat,3.0,664.4,0.43,0.49
2026-07-30,16,08:00,movehome.webchat,Move home,webchat,7.0,656.5,1.11,1.23
2026-07-30,17,08:30,movehome.webchat,Move home,webchat,15.0,656.5,2.87,2.43
2026-07-30,18,09:00,movehome.webchat,Move home,webchat,32.0,656.5,5.24,5.32
2026-07-30,19,09:30,movehome.webchat,Move home,webchat,32.0,656.5,6.13,5.3
2026-07-30,20,10:00,movehome.webchat,Move home,webchat,28.0,656.5,4.36,4.43
2026-07-30,21,10:30,movehome.webchat,Move home,webchat,28.0,656.5,4.52,4.79
2026-07-30,22,11:00,movehome.webchat,Move home,webchat,23.0,656.5,3.62,3.64
2026-07-30,23,11:30,movehome.webchat,Move home,webchat,11.0,656.5,1.45,1.81
2026-07-30,24,12:00,movehome.webchat,Move home,webchat,11.0,656.5,1.58,1.85
2026-07-30,25,12:30,movehome.webchat,Move home,webchat,6.0,656.5,1.03,0.99
2026-07-30,26,13:00,movehome.webchat,Move home,webchat,12.0,656.5,2.07,2.06
2026-07-30,27,13:30,movehome.webchat,Move home,webchat,23.0,656.5,3.96,3.67
2026-07-30,28,14:00,movehome.webchat,Move home,webchat,22.0,656.5,2.97,3.92
2026-07-30,29,14:30,movehome.webchat,Move home,webchat,34.0,656.5,4.04,5.9
2026-07-30,30,15:00,movehome.webchat,Move home,webchat,28.0,656.5,4.27,4.48
2026-07-30,31,15:30,movehome.webchat,Move home,webchat,25.0,656.5,4.52,4.24
2026-07-30,32,16:00,movehome.webchat,Move home,webchat,20.0,656.5,2.73,3.5
2026-07-30,33,16:30,movehome.webchat,Move home,webchat,12.0,656.5,2.26,2.06
2026-07-30,34,17:00,movehome.webchat,Move home,webchat,3.0,656.5,0.5,0.52
2026-07-30,35,17:30,movehome.webchat,Move home,webchat,1.0,656.5,0.16,0.16
2026-07-31,16,08:00,movehome.webchat,Move home,webchat,10.0,644.9,1.44,1.64
2026-07-31,17,08:30,movehome.webchat,Move home,webchat,15.0,644.9,2.14,2.48
2026-07-31,18,09:00,movehome.webchat,Move home,webchat,28.0,644.9,5.5,4.66
2026-07-31,19,09:30,movehome.webchat,Move home,webchat,31.0,644.9,4.65,4.97
2026-07-31,20,10:00,movehome.webchat,Move home,webchat,40.0,644.9,5.97,6.73
2026-07-31,21,10:30,movehome.webchat,Move home,webchat,17.0,644.9,2.09,2.73
2026-07-31,22,11:00,movehome.webchat,Move home,webchat,23.0,644.9,3.66,4.03
2026-07-31,23,11:30,movehome.webchat,Move home,webchat,35.0,644.9,5.82,5.68
2026-07-31,24,12:00,movehome.webchat,Move home,webchat,8.0,644.9,1.1,1.3
2026-07-31,25,12:30,movehome.webchat,Move home,webchat,11.0,644.9,1.88,1.75
2026-07-31,26,13:00,movehome.webchat,Move home,webchat,10.0,644.9,1.51,1.51
2026-07-31,27,13:30,movehome.webchat,Move home,webchat,16.0,644.9,2.86,2.43
2026-07-31,28,14:00,movehome.webchat,Move home,webchat,31.0,644.9,5.32,5.03
2026-07-31,29,14:30,movehome.webchat,Move home,webchat,23.0,644.9,3.42,4.07
2026-07-31,30,15:00,movehome.webchat,Move home,webchat,32.0,644.9,5.07,5.11
2026-07-31,31,15:30,movehome.webchat,Move home,webchat,19.0,644.9,2.72,3.17
2026-07-31,32,16:00,movehome.webchat,Move home,webchat,14.0,644.9,1.99,2.25
2026-07-31,33,16:30,movehome.webchat,Move home,webchat,10.0,644.9,1.69,1.51
2026-07-31,34,17:00,movehome.webchat,Move home,webchat,4.0,644.9,0.57,0.62
2026-07-31,35,17:30,movehome.webchat,Move home,webchat,3.0,644.9,0.55,0.48
2026-08-01,17,08:30,movehome.webchat,Move home,webchat,4.0,634.2,0.68,0.65
2026-08-01,18,09:00,movehome.webchat,Move home,webchat,12.0,634.2,1.87,2.06
2026-08-01,19,09:30,movehome.webchat,Move home,webchat,34.0,634.2,6.13,5.37
2026-08-01,20,10:00,movehome.webchat,Move home,webchat,37.0,634.2,5.84,5.9
2026-08-01,21,10:30,movehome.webchat,Move home,webchat,30.0,634.2,4.15,4.86
2026-08-01,22,11:00,movehome.webchat,Move home,webchat,22.0,634.2,3.37,3.42
2026-08-01,23,11:30,movehome.webchat,Move home,webchat,13.0,634.2,1.73,2.04
2026-08-01,24,12:00,movehome.webchat,Move home,webchat,10.0,634.2,1.39,1.77
2026-08-01,25,12:30,movehome.webchat,Move home,webchat,3.0,634.2,0.61,0.45
2026-08-01,26,13:00,movehome.webchat,Move home,webchat,4.0,634.2,0.73,0.64
2026-08-03,16,08:00,movehome.webchat,Move home,webchat,8.0,651.5,1.12,1.34
2026-08-03,17,08:30,movehome.webchat,Move home,webchat,22.0,651.5,3.08,3.41
2026-08-03,18,09:00,movehome.webchat,Move home,webchat,32.0,651.5,4.89,5.37
2026-08-03,19,09:30,movehome.webchat,Move home,webchat,34.0,651.5,5.6,5.59
2026-08-03,20,10:00,movehome.webchat,Move home,webchat,49.0,651.5,7.68,8.83
2026-08-03,21,10:30,movehome.webchat,Move home,webchat,37.0,651.5,5.82,6.34
2026-08-03,22,11:00,movehome.webchat,Move home,webchat,39.0,651.5,5.85,5.5
2026-08-03,23,11:30,movehome.webchat,Move home,webchat,21.0,651.5,2.87,3.09
2026-08-03,24,12:00,movehome.webchat,Move home,webchat,13.0,651.5,2.2,2.13
2026-08-03,25,12:30,movehome.webchat,Move home,webchat,9.0,651.5,1.49,1.49
2026-08-03,26,13:00,movehome.webchat,Move home,webchat,13.0,651.5,2.29,2.15
2026-08-03,27,13:30,movehome.webchat,Move home,webchat,27.0,651.5,4.5,4.54
2026-08-03,28,14:00,movehome.webchat,Move home,webchat,15.0,651.5,2.78,2.36
2026-08-03,29,14:30,movehome.webchat,Move home,webchat,42.0,651.5,7.42,7.21
2026-08-03,30,15:00,movehome.webchat,Move home,webchat,36.0,651.5,4.29,6.22
2026-08-03,31,15:30,movehome.webchat,Move home,webchat,22.0,651.5,4.28,3.84
2026-08-03,32,16:00,movehome.webchat,Move home,webchat,18.0,651.5,2.2,2.89
2026-08-03,33,16:30,movehome.webchat,Move home,webchat,12.0,651.5,2.0,1.9
2026-08-03,34,17:00,movehome.webchat,Move home,webchat,8.0,651.5,0.9,1.26
2026-08-03,35,17:30,movehome.webchat,Move home,webchat,2.0,651.5,0.34,0.3
2026-08-04,16,08:00,movehome.webchat,Move home,webchat,11.0,655.1,1.8,1.95
2026-08-04,17,08:30,movehome.webchat,Move home,webchat,21.0,655.1,3.38,3.53
2026-08-04,18,09:00,movehome.webchat,Move home,webchat,28.0,655.1,5.01,4.75
2026-08-04,19,09:30,movehome.webchat,Move home,webchat,30.0,655.1,4.21,5.55
2026-08-04,20,10:00,movehome.webchat,Move home,webchat,44.0,655.1,8.43,7.67
2026-08-04,21,10:30,movehome.webchat,Move home,webchat,35.0,655.1,5.39,5.5
2026-08-04,22,11:00,movehome.webchat,Move home,webchat,27.0,655.1,3.87,4.28
2026-08-04,23,11:30,movehome.webchat,Move home,webchat,12.0,655.1,2.11,1.82
2026-08-04,24,12:00,movehome.webchat,Move home,webchat,11.0,655.1,1.76,1.92
2026-08-04,25,12:30,movehome.webchat,Move home,webchat,3.0,655.1,0.48,0.52
2026-08-04,26,13:00,movehome.webchat,Move home,webchat,18.0,655.1,2.23,2.98
2026-08-04,27,13:30,movehome.webchat,Move home,webchat,16.0,655.1,2.33,2.42
2026-08-04,28,14:00,movehome.webchat,Move home,webchat,31.0,655.1,5.04,5.34
2026-08-04,29,14:30,movehome.webchat,Move home,webchat,29.0,655.1,5.01,4.86
2026-08-04,30,15:00,movehome.webchat,Move home,webchat,25.0,655.1,4.02,4.18
2026-08-04,31,15:30,movehome.webchat,Move home,webchat,23.0,655.1,3.07,3.8
2026-08-04,32,16:00,movehome.webchat,Move home,webchat,23.0,655.1,4.2,3.91
2026-08-04,33,16:30,movehome.webchat,Move home,webchat,10.0,655.1,1.59,1.44
2026-08-04,34,17:00,movehome.webchat,Move home,webchat,7.0,655.1,0.94,1.22
2026-08-04,35,17:30,movehome.webchat,Move home,webchat,3.0,655.1,0.45,0.51
2026-08-05,16,08:00,movehome.webchat,Move home,webchat,9.0,634.6,1.72,1.39
2026-08-05,17,08:30,movehome.webchat,Move home,webchat,23.0,634.6,4.08,3.81
2026-08-05,18,09:00,movehome.webchat,Move home,webchat,32.0,634.6,5.64,5.03
2026-08-05,19,09:30,movehome.webchat,Move home,webchat,27.0,634.6,4.25,4.1
2026-08-05,20,10:00,movehome.webchat,Move home,webchat,34.0,634.6,5.9,5.18
2026-08-05,21,10:30,movehome.webchat,Move home,webchat,23.0,634.6,3.6,3.55
2026-08-05,22,11:00,movehome.webchat,Move home,webchat,26.0,634.6,3.67,4.03
2026-08-05,23,11:30,movehome.webchat,Move home,webchat,13.0,634.6,2.14,2.12
2026-08-05,24,12:00,movehome.webchat,Move home,webchat,10.0,634.6,0.98,1.55
2026-08-05,25,12:30,movehome.webchat,Move home,webchat,2.0,634.6,0.25,0.32
2026-08-05,26,13:00,movehome.webchat,Move home,webchat,11.0,634.6,2.25,1.73
2026-08-05,27,13:30,movehome.webchat,Move home,webchat,24.0,634.6,2.52,3.76
2026-08-05,28,14:00,movehome.webchat,Move home,webchat,18.0,634.6,2.37,2.59
2026-08-05,29,14:30,movehome.webchat,Move home,webchat,33.0,634.6,4.5,5.11
2026-08-05,30,15:00,movehome.webchat,Move home,webchat,32.0,634.6,5.47,5.4
2026-08-05,31,15:30,movehome.webchat,Move home,webchat,18.0,634.6,3.49,2.7
2026-08-05,32,16:00,movehome.webchat,Move home,webchat,13.0,634.6,1.79,2.14
2026-08-05,33,16:30,movehome.webchat,Move home,webchat,17.0,634.6,2.38,2.78
2026-08-05,34,17:00,movehome.webchat,Move home,webchat,5.0,634.6,0.84,0.78
2026-08-05,35,17:30,movehome.webchat,Move home,webchat,3.0,634.6,0.51,0.49
2026-08-06,16,08:00,movehome.webchat,Move home,webchat,7.0,673.9,1.36,1.12
2026-08-06,17,08:30,movehome.webchat,Move home,webchat,21.0,673.9,3.72,3.44
2026-08-06,18,09:00,movehome.webchat,Move home,webchat,41.0,673.9,6.19,7.07
2026-08-06,19,09:30,movehome.webchat,Move home,webchat,29.0,673.9,5.14,5.06
2026-08-06,20,10:00,movehome.webchat,Move home,webchat,33.0,673.9,6.01,5.54
2026-08-06,21,10:30,movehome.webchat,Move home,webchat,25.0,673.9,4.39,4.26
2026-08-06,22,11:00,movehome.webchat,Move home,webchat,17.0,673.9,3.58,2.97
2026-08-06,23,11:30,movehome.webchat,Move home,webchat,14.0,673.9,1.84,2.32
2026-08-06,24,12:00,movehome.webchat,Move home,webchat,8.0,673.9,1.45,1.31
2026-08-06,25,12:30,movehome.webchat,Move home,webchat,4.0,673.9,0.72,0.67
2026-08-06,26,13:00,movehome.webchat,Move home,webchat,15.0,673.9,2.65,2.45
2026-08-06,27,13:30,movehome.webchat,Move home,webchat,22.0,673.9,3.49,3.62
2026-08-06,28,14:00,movehome.webchat,Move home,webchat,31.0,673.9,4.19,5.15
2026-08-06,29,14:30,movehome.webchat,Move home,webchat,24.0,673.9,3.43,3.64
2026-08-06,30,15:00,movehome.webchat,Move home,webchat,25.0,673.9,4.73,4.37
2026-08-06,31,15:30,movehome.webchat,Move home,webchat,9.0,673.9,1.67,1.52
2026-08-06,32,16:00,movehome.webchat,Move home,webchat,12.0,673.9,2.05,2.06
2026-08-06,33,16:30,movehome.webchat,Move home,webchat,11.0,673.9,2.21,1.77
2026-08-06,34,17:00,movehome.webchat,Move home,webchat,1.0,673.9,0.14,0.17
2026-08-06,35,17:30,movehome.webchat,Move home,webchat,0.0,673.9,0.0,0.0
2026-08-07,16,08:00,movehome.webchat,Move home,webchat,4.0,657.1,0.58,0.72
2026-08-07,17,08:30,movehome.webchat,Move home,webchat,24.0,657.1,3.85,3.83
2026-08-07,18,09:00,movehome.webchat,Move home,webchat,30.0,657.1,5.2,4.48
2026-08-07,19,09:30,movehome.webchat,Move home,webchat,51.0,657.1,7.39,8.21
2026-08-07,20,10:00,movehome.webchat,Move home,webchat,44.0,657.1,6.83,6.97
2026-08-07,21,10:30,movehome.webchat,Move home,webchat,29.0,657.1,4.17,4.68
2026-08-07,22,11:00,movehome.webchat,Move home,webchat,21.0,657.1,3.7,3.5
2026-08-07,23,11:30,movehome.webchat,Move home,webchat,26.0,657.1,4.35,4.81
2026-08-07,24,12:00,movehome.webchat,Move home,webchat,10.0,657.1,1.8,1.61
2026-08-07,25,12:30,movehome.webchat,Move home,webchat,10.0,657.1,1.63,1.71
2026-08-07,26,13:00,movehome.webchat,Move home,webchat,13.0,657.1,1.77,2.18
2026-08-07,27,13:30,movehome.webchat,Move home,webchat,20.0,657.1,3.48,3.66
2026-08-07,28,14:00,movehome.webchat,Move home,webchat,26.0,657.1,3.9,4.69
2026-08-07,29,14:30,movehome.webchat,Move home,webchat,23.0,657.1,3.95,3.85
2026-08-07,30,15:00,movehome.webchat,Move home,webchat,17.0,657.1,2.56,2.61
2026-08-07,31,15:30,movehome.webchat,Move home,webchat,26.0,657.1,3.3,4.45
2026-08-07,32,16:00,movehome.webchat,Move home,webchat,18.0,657.1,3.07,2.91
2026-08-07,33,16:30,movehome.webchat,Move home,webchat,11.0,657.1,1.84,1.67
2026-08-07,34,17:00,movehome.webchat,Move home,webchat,8.0,657.1,1.19,1.3
2026-08-07,35,17:30,movehome.webchat,Move home,webchat,3.0,657.1,0.5,0.51
2026-08-08,17,08:30,movehome.webchat,Move home,webchat,16.0,641.0,2.83,2.45
2026-08-08,18,09:00,movehome.webchat,Move home,webchat,35.0,641.0,5.21,5.83
2026-08-08,19,09:30,movehome.webchat,Move home,webchat,35.0,641.0,5.25,5.48
2026-08-08,20,10:00,movehome.webchat,Move home,webchat,39.0,641.0,5.86,6.04
2026-08-08,21,10:30,movehome.webchat,Move home,webchat,29.0,641.0,4.52,4.67
2026-08-08,22,11:00,movehome.webchat,Move home,webchat,26.0,641.0,4.52,3.95
2026-08-08,23,11:30,movehome.webchat,Move home,webchat,29.0,641.0,5.53,4.91
2026-08-08,24,12:00,movehome.webchat,Move home,webchat,10.0,641.0,1.39,1.72
2026-08-08,25,12:30,movehome.webchat,Move home,webchat,0.0,641.0,0.0,0.0
2026-08-08,26,13:00,movehome.webchat,Move home,webchat,4.0,641.0,0.6,0.61
2026-08-10,16,08:00,movehome.webchat,Move home,webchat,2.0,692.4,0.38,0.38
2026-08-10,17,08:30,movehome.webchat,Move home,webchat,23.0,692.4,3.51,3.72
2026-08-10,18,09:00,movehome.webchat,Move home,webchat,36.0,692.4,6.75,6.35
2026-08-10,19,09:30,movehome.webchat,Move home,webchat,26.0,692.4,3.69,4.79
2026-08-10,20,10:00,movehome.webchat,Move home,webchat,29.0,692.4,5.0,4.94
2026-08-10,21,10:30,movehome.webchat,Move home,webchat,39.0,692.4,7.0,6.65
2026-08-10,22,11:00,movehome.webchat,Move home,webchat,23.0,692.4,4.0,4.08
2026-08-10,23,11:30,movehome.webchat,Move home,webchat,22.0,692.4,4.45,4.05
2026-08-10,24,12:00,movehome.webchat,Move home,webchat,10.0,692.4,1.72,1.49
2026-08-10,25,12:30,movehome.webchat,Move home,webchat,6.0,692.4,1.06,1.08
2026-08-10,26,13:00,movehome.webchat,Move home,webchat,9.0,692.4,1.53,1.66
2026-08-10,27,13:30,movehome.webchat,Move home,webchat,22.0,692.4,4.69,3.78
2026-08-10,28,14:00,movehome.webchat,Move home,webchat,15.0,692.4,2.1,2.6
2026-08-10,29,14:30,movehome.webchat,Move home,webchat,30.0,692.4,5.06,5.35
2026-08-10,30,15:00,movehome.webchat,Move home,webchat,29.0,692.4,4.63,5.04
2026-08-10,31,15:30,movehome.webchat,Move home,webchat,27.0,692.4,4.13,4.73
2026-08-10,32,16:00,movehome.webchat,Move home,webchat,20.0,692.4,3.16,3.57
2026-08-10,33,16:30,movehome.webchat,Move home,webchat,12.0,692.4,2.43,1.84
2026-08-10,34,17:00,movehome.webchat,Move home,webchat,8.0,692.4,1.42,1.33
2026-08-10,35,17:30,movehome.webchat,Move home,webchat,1.0,692.4,0.18,0.17
2026-08-11,16,08:00,movehome.webchat,Move home,webchat,10.0,663.0,1.89,1.73
2026-08-11,17,08:30,movehome.webchat,Move home,webchat,26.0,663.0,4.92,4.19
2026-08-11,18,09:00,movehome.webchat,Move home,webchat,23.0,663.0,4.28,3.94
2026-08-11,19,09:30,movehome.webchat,Move home,webchat,19.0,663.0,3.49,3.16
2026-08-11,20,10:00,movehome.webchat,Move home,webchat,52.0,663.0,6.63,8.85
2026-08-11,21,10:30,movehome.webchat,Move home,webchat,30.0,663.0,5.68,5.21
2026-08-11,22,11:00,movehome.webchat,Move home,webchat,23.0,663.0,3.84,3.54
2026-08-11,23,11:30,movehome.webchat,Move home,webchat,16.0,663.0,2.27,2.57
2026-08-11,24,12:00,movehome.webchat,Move home,webchat,15.0,663.0,2.34,2.5
2026-08-11,25,12:30,movehome.webchat,Move home,webchat,5.0,663.0,0.87,0.78
2026-08-11,26,13:00,movehome.webchat,Move home,webchat,10.0,663.0,1.62,1.6
2026-08-11,27,13:30,movehome.webchat,Move home,webchat,23.0,663.0,4.5,3.67
2026-08-11,28,14:00,movehome.webchat,Move home,webchat,24.0,663.0,3.5,4.33
2026-08-11,29,14:30,movehome.webchat,Move home,webchat,27.0,663.0,4.94,4.26
2026-08-11,30,15:00,movehome.webchat,Move home,webchat,28.0,663.0,4.93,5.27
2026-08-11,31,15:30,movehome.webchat,Move home,webchat,21.0,663.0,3.42,3.64
2026-08-11,32,16:00,movehome.webchat,Move home,webchat,24.0,663.0,3.88,4.19
2026-08-11,33,16:30,movehome.webchat,Move home,webchat,11.0,663.0,1.91,1.89
2026-08-11,34,17:00,movehome.webchat,Move home,webchat,3.0,663.0,0.49,0.51
2026-08-11,35,17:30,movehome.webchat,Move home,webchat,2.0,663.0,0.31,0.32
2026-08-12,16,08:00,movehome.webchat,Move home,webchat,8.0,648.3,1.19,1.35
2026-08-12,17,08:30,movehome.webchat,Move home,webchat,17.0,648.3,2.53,2.73
2026-08-12,18,09:00,movehome.webchat,Move home,webchat,42.0,648.3,6.61,6.76
2026-08-12,19,09:30,movehome.webchat,Move home,webchat,36.0,648.3,5.28,5.45
2026-08-12,20,10:00,movehome.webchat,Move home,webchat,32.0,648.3,5.19,5.16
2026-08-12,21,10:30,movehome.webchat,Move home,webchat,36.0,648.3,6.15,5.99
2026-08-12,22,11:00,movehome.webchat,Move home,webchat,22.0,648.3,2.64,3.52
2026-08-12,23,11:30,movehome.webchat,Move home,webchat,21.0,648.3,2.41,3.23
2026-08-12,24,12:00,movehome.webchat,Move home,webchat,8.0,648.3,1.53,1.24
2026-08-12,25,12:30,movehome.webchat,Move home,webchat,5.0,648.3,0.67,0.74
2026-08-12,26,13:00,movehome.webchat,Move home,webchat,19.0,648.3,2.56,3.3
2026-08-12,27,13:30,movehome.webchat,Move home,webchat,21.0,648.3,2.78,3.25
2026-08-12,28,14:00,movehome.webchat,Move home,webchat,21.0,648.3,2.67,3.57
2026-08-12,29,14:30,movehome.webchat,Move home,webchat,18.0,648.3,2.27,2.72
2026-08-12,30,15:00,movehome.webchat,Move home,webchat,37.0,648.3,6.23,6.23
2026-08-12,31,15:30,movehome.webchat,Move home,webchat,18.0,648.3,2.77,2.92
2026-08-12,32,16:00,movehome.webchat,Move home,webchat,14.0,648.3,2.02,2.09
2026-08-12,33,16:30,movehome.webchat,Move home,webchat,20.0,648.3,3.32,3.41
2026-08-12,34,17:00,movehome.webchat,Move home,webchat,5.0,648.3,0.9,0.86
2026-08-12,35,17:30,movehome.webchat,Move home,webchat,3.0,648.3,0.47,0.46
2026-08-13,16,08:00,movehome.webchat,Move home,webchat,12.0,641.1,2.05,1.92
2026-08-13,17,08:30,movehome.webchat,Move home,webchat,14.0,641.1,2.18,2.17
2026-08-13,18,09:00,movehome.webchat,Move home,webchat,38.0,641.1,6.15,6.81
2026-08-13,19,09:30,movehome.webchat,Move home,webchat,23.0,641.1,3.19,3.55
2026-08-13,20,10:00,movehome.webchat,Move home,webchat,23.0,641.1,3.55,3.86
2026-08-13,21,10:30,movehome.webchat,Move home,webchat,39.0,641.1,5.38,6.61
2026-08-13,22,11:00,movehome.webchat,Move home,webchat,36.0,641.1,5.4,5.92
2026-08-13,23,11:30,movehome.webchat,Move home,webchat,14.0,641.1,2.79,2.31
2026-08-13,24,12:00,movehome.webchat,Move home,webchat,13.0,641.1,2.13,2.12
2026-08-13,25,12:30,movehome.webchat,Move home,webchat,7.0,641.1,1.15,1.27
2026-08-13,26,13:00,movehome.webchat,Move home,webchat,11.0,641.1,1.88,1.68
2026-08-13,27,13:30,movehome.webchat,Move home,webchat,17.0,641.1,2.95,2.66
2026-08-13,28,14:00,movehome.webchat,Move home,webchat,24.0,641.1,4.04,3.83
2026-08-13,29,14:30,movehome.webchat,Move home,webchat,33.0,641.1,5.12,5.13
2026-08-13,30,15:00,movehome.webchat,Move home,webchat,17.0,641.1,2.35,2.85
2026-08-13,31,15:30,movehome.webchat,Move home,webchat,20.0,641.1,3.29,3.07
2026-08-13,32,16:00,movehome.webchat,Move home,webchat,24.0,641.1,4.25,4.05
2026-08-13,33,16:30,movehome.webchat,Move home,webchat,11.0,641.1,1.44,1.77
2026-08-13,34,17:00,movehome.webchat,Move home,webchat,5.0,641.1,0.73,0.78
2026-08-13,35,17:30,movehome.webchat,Move home,webchat,4.0,641.1,0.65,0.67
2026-08-14,16,08:00,movehome.webchat,Move home,webchat,5.0,665.5,0.8,0.76
2026-08-14,17,08:30,movehome.webchat,Move home,webchat,26.0,665.5,4.38,4.26
2026-08-14,18,09:00,movehome.webchat,Move home,webchat,42.0,665.5,7.81,7.39
2026-08-14,19,09:30,movehome.webchat,Move home,webchat,27.0,665.5,4.17,4.72
2026-08-14,20,10:00,movehome.webchat,Move home,webchat,39.0,665.5,6.8,6.79
2026-08-14,21,10:30,movehome.webchat,Move home,webchat,25.0,665.5,4.05,4.53
2026-08-14,22,11:00,movehome.webchat,Move home,webchat,29.0,665.5,5.16,4.74
2026-08-14,23,11:30,movehome.webchat,Move home,webchat,10.0,665.5,1.96,1.62
2026-08-14,24,12:00,movehome.webchat,Move home,webchat,4.0,665.5,0.64,0.67
2026-08-14,25,12:30,movehome.webchat,Move home,webchat,9.0,665.5,1.59,1.56
2026-08-14,26,13:00,movehome.webchat,Move home,webchat,7.0,665.5,0.95,1.16
2026-08-14,27,13:30,movehome.webchat,Move home,webchat,23.0,665.5,4.2,3.71
2026-08-14,28,14:00,movehome.webchat,Move home,webchat,27.0,665.5,4.82,4.87
2026-08-14,29,14:30,movehome.webchat,Move home,webchat,25.0,665.5,3.55,4.15
2026-08-14,30,15:00,movehome.webchat,Move home,webchat,30.0,665.5,5.0,4.96
2026-08-14,31,15:30,movehome.webchat,Move home,webchat,22.0,665.5,3.66,3.59
2026-08-14,32,16:00,movehome.webchat,Move home,webchat,21.0,665.5,3.59,3.37
2026-08-14,33,16:30,movehome.webchat,Move home,webchat,11.0,665.5,2.15,1.9
2026-08-14,34,17:00,movehome.webchat,Move home,webchat,0.0,665.5,0.0,0.0
2026-08-14,35,17:30,movehome.webchat,Move home,webchat,0.0,665.5,0.0,0.0
2026-08-15,17,08:30,movehome.webchat,Move home,webchat,10.0,633.5,1.62,1.6
2026-08-15,18,09:00,movehome.webchat,Move home,webchat,18.0,633.5,2.75,3.0
2026-08-15,19,09:30,movehome.webchat,Move home,webchat,30.0,633.5,3.64,4.95
2026-08-15,20,10:00,movehome.webchat,Move home,webchat,35.0,633.5,4.44,5.32
2026-08-15,21,10:30,movehome.webchat,Move home,webchat,21.0,633.5,3.12,3.06
2026-08-15,22,11:00,movehome.webchat,Move home,webchat,21.0,633.5,2.98,3.46
2026-08-15,23,11:30,movehome.webchat,Move home,webchat,16.0,633.5,2.22,2.58
2026-08-15,24,12:00,movehome.webchat,Move home,webchat,11.0,633.5,1.62,1.77
2026-08-15,25,12:30,movehome.webchat,Move home,webchat,4.0,633.5,0.72,0.61
2026-08-15,26,13:00,movehome.webchat,Move home,webchat,4.0,633.5,0.66,0.69
2026-07-20,16,08:00,welsh.voice,Welsh language (Cymraeg),voice,1.0,480.7,0.25,0.27
2026-07-20,17,08:30,welsh.voice,Welsh language (Cymraeg),voice,3.0,480.7,1.11,0.69
2026-07-20,18,09:00,welsh.voice,Welsh language (Cymraeg),voice,5.0,480.7,1.31,1.44
2026-07-20,19,09:30,welsh.voice,Welsh language (Cymraeg),voice,5.0,480.7,1.17,1.5
2026-07-20,20,10:00,welsh.voice,Welsh language (Cymraeg),voice,5.0,480.7,1.14,1.38
2026-07-20,21,10:30,welsh.voice,Welsh language (Cymraeg),voice,7.0,480.7,2.01,1.96
2026-07-20,22,11:00,welsh.voice,Welsh language (Cymraeg),voice,2.0,480.7,0.64,0.57
2026-07-20,23,11:30,welsh.voice,Welsh language (Cymraeg),voice,2.0,480.7,0.53,0.51
2026-07-20,24,12:00,welsh.voice,Welsh language (Cymraeg),voice,2.0,480.7,0.5,0.52
2026-07-20,25,12:30,welsh.voice,Welsh language (Cymraeg),voice,2.0,480.7,0.7,0.51
2026-07-20,26,13:00,welsh.voice,Welsh language (Cymraeg),voice,5.0,480.7,1.13,1.32
2026-07-20,27,13:30,welsh.voice,Welsh language (Cymraeg),voice,8.0,480.7,1.78,2.08
2026-07-20,28,14:00,welsh.voice,Welsh language (Cymraeg),voice,2.0,480.7,0.69,0.55
2026-07-20,29,14:30,welsh.voice,Welsh language (Cymraeg),voice,8.0,480.7,2.2,2.21
2026-07-20,30,15:00,welsh.voice,Welsh language (Cymraeg),voice,3.0,480.7,0.71,0.85
2026-07-20,31,15:30,welsh.voice,Welsh language (Cymraeg),voice,3.0,480.7,0.65,0.81
2026-07-20,32,16:00,welsh.voice,Welsh language (Cymraeg),voice,1.0,480.7,0.28,0.28
2026-07-20,33,16:30,welsh.voice,Welsh language (Cymraeg),voice,3.0,480.7,0.98,0.76
2026-07-20,34,17:00,welsh.voice,Welsh language (Cymraeg),voice,0.0,480.7,0.0,0.0
2026-07-20,35,17:30,welsh.voice,Welsh language (Cymraeg),voice,0.0,480.7,0.0,0.0
2026-07-21,16,08:00,welsh.voice,Welsh language (Cymraeg),voice,0.0,446.1,0.0,0.0
2026-07-21,17,08:30,welsh.voice,Welsh language (Cymraeg),voice,5.0,446.1,1.24,1.22
2026-07-21,18,09:00,welsh.voice,Welsh language (Cymraeg),voice,7.0,446.1,1.9,1.61
2026-07-21,19,09:30,welsh.voice,Welsh language (Cymraeg),voice,5.0,446.1,1.11,1.18
2026-07-21,20,10:00,welsh.voice,Welsh language (Cymraeg),voice,5.0,446.1,0.86,1.24
2026-07-21,21,10:30,welsh.voice,Welsh language (Cymraeg),voice,4.0,446.1,1.03,1.01
2026-07-21,22,11:00,welsh.voice,Welsh language (Cymraeg),voice,6.0,446.1,1.14,1.56
2026-07-21,23,11:30,welsh.voice,Welsh language (Cymraeg),voice,5.0,446.1,1.17,1.22
2026-07-21,24,12:00,welsh.voice,Welsh language (Cymraeg),voice,4.0,446.1,0.99,0.96
2026-07-21,25,12:30,welsh.voice,Welsh language (Cymraeg),voice,0.0,446.1,0.0,0.0
2026-07-21,26,13:00,welsh.voice,Welsh language (Cymraeg),voice,0.0,446.1,0.0,0.0
2026-07-21,27,13:30,welsh.voice,Welsh language (Cymraeg),voice,2.0,446.1,0.51,0.49
2026-07-21,28,14:00,welsh.voice,Welsh language (Cymraeg),voice,2.0,446.1,0.35,0.57
2026-07-21,29,14:30,welsh.voice,Welsh language (Cymraeg),voice,2.0,446.1,0.51,0.44
2026-07-21,30,15:00,welsh.voice,Welsh language (Cymraeg),voice,6.0,446.1,1.11,1.6
2026-07-21,31,15:30,welsh.voice,Welsh language (Cymraeg),voice,5.0,446.1,1.33,1.23
2026-07-21,32,16:00,welsh.voice,Welsh language (Cymraeg),voice,2.0,446.1,0.48,0.45
2026-07-21,33,16:30,welsh.voice,Welsh language (Cymraeg),voice,4.0,446.1,0.84,0.98
2026-07-21,34,17:00,welsh.voice,Welsh language (Cymraeg),voice,1.0,446.1,0.21,0.24
2026-07-21,35,17:30,welsh.voice,Welsh language (Cymraeg),voice,0.0,446.1,0.0,0.0
2026-07-22,16,08:00,welsh.voice,Welsh language (Cymraeg),voice,1.0,463.3,0.18,0.26
2026-07-22,17,08:30,welsh.voice,Welsh language (Cymraeg),voice,0.0,463.3,0.0,0.0
2026-07-22,18,09:00,welsh.voice,Welsh language (Cymraeg),voice,6.0,463.3,1.17,1.47
2026-07-22,19,09:30,welsh.voice,Welsh language (Cymraeg),voice,6.0,463.3,1.15,1.65
2026-07-22,20,10:00,welsh.voice,Welsh language (Cymraeg),voice,5.0,463.3,1.27,1.29
2026-07-22,21,10:30,welsh.voice,Welsh language (Cymraeg),voice,7.0,463.3,1.91,1.86
2026-07-22,22,11:00,welsh.voice,Welsh language (Cymraeg),voice,5.0,463.3,1.09,1.3
2026-07-22,23,11:30,welsh.voice,Welsh language (Cymraeg),voice,8.0,463.3,2.34,2.23
2026-07-22,24,12:00,welsh.voice,Welsh language (Cymraeg),voice,3.0,463.3,0.68,0.77
2026-07-22,25,12:30,welsh.voice,Welsh language (Cymraeg),voice,0.0,463.3,0.0,0.0
2026-07-22,26,13:00,welsh.voice,Welsh language (Cymraeg),voice,2.0,463.3,0.59,0.5
2026-07-22,27,13:30,welsh.voice,Welsh language (Cymraeg),voice,4.0,463.3,0.96,1.06
2026-07-22,28,14:00,welsh.voice,Welsh language (Cymraeg),voice,4.0,463.3,0.78,1.14
2026-07-22,29,14:30,welsh.voice,Welsh language (Cymraeg),voice,2.0,463.3,0.48,0.5
2026-07-22,30,15:00,welsh.voice,Welsh language (Cymraeg),voice,5.0,463.3,1.29,1.31
2026-07-22,31,15:30,welsh.voice,Welsh language (Cymraeg),voice,1.0,463.3,0.21,0.26
2026-07-22,32,16:00,welsh.voice,Welsh language (Cymraeg),voice,3.0,463.3,0.68,0.75
2026-07-22,33,16:30,welsh.voice,Welsh language (Cymraeg),voice,5.0,463.3,1.4,1.34
2026-07-22,34,17:00,welsh.voice,Welsh language (Cymraeg),voice,0.0,463.3,0.0,0.0
2026-07-22,35,17:30,welsh.voice,Welsh language (Cymraeg),voice,0.0,463.3,0.0,0.0
2026-07-23,16,08:00,welsh.voice,Welsh language (Cymraeg),voice,1.0,471.1,0.28,0.27
2026-07-23,17,08:30,welsh.voice,Welsh language (Cymraeg),voice,2.0,471.1,0.42,0.51
2026-07-23,18,09:00,welsh.voice,Welsh language (Cymraeg),voice,5.0,471.1,1.27,1.37
2026-07-23,19,09:30,welsh.voice,Welsh language (Cymraeg),voice,5.0,471.1,1.27,1.35
2026-07-23,20,10:00,welsh.voice,Welsh language (Cymraeg),voice,3.0,471.1,0.92,0.79
2026-07-23,21,10:30,welsh.voice,Welsh language (Cymraeg),voice,5.0,471.1,1.38,1.42
2026-07-23,22,11:00,welsh.voice,Welsh language (Cymraeg),voice,4.0,471.1,0.99,1.03
2026-07-23,23,11:30,welsh.voice,Welsh language (Cymraeg),voice,0.0,471.1,0.0,0.0
2026-07-23,24,12:00,welsh.voice,Welsh language (Cymraeg),voice,0.0,471.1,0.0,0.0
2026-07-23,25,12:30,welsh.voice,Welsh language (Cymraeg),voice,1.0,471.1,0.26,0.26
2026-07-23,26,13:00,welsh.voice,Welsh language (Cymraeg),voice,0.0,471.1,0.0,0.0
2026-07-23,27,13:30,welsh.voice,Welsh language (Cymraeg),voice,3.0,471.1,0.93,0.8
2026-07-23,28,14:00,welsh.voice,Welsh language (Cymraeg),voice,3.0,471.1,0.47,0.77
2026-07-23,29,14:30,welsh.voice,Welsh language (Cymraeg),voice,2.0,471.1,0.63,0.51
2026-07-23,30,15:00,welsh.voice,Welsh language (Cymraeg),voice,1.0,471.1,0.2,0.24
2026-07-23,31,15:30,welsh.voice,Welsh language (Cymraeg),voice,3.0,471.1,0.8,0.82
2026-07-23,32,16:00,welsh.voice,Welsh language (Cymraeg),voice,2.0,471.1,0.56,0.53
2026-07-23,33,16:30,welsh.voice,Welsh language (Cymraeg),voice,3.0,471.1,0.71,0.77
2026-07-23,34,17:00,welsh.voice,Welsh language (Cymraeg),voice,0.0,471.1,0.0,0.0
2026-07-23,35,17:30,welsh.voice,Welsh language (Cymraeg),voice,0.0,471.1,0.0,0.0
2026-07-24,16,08:00,welsh.voice,Welsh language (Cymraeg),voice,1.0,476.6,0.26,0.27
2026-07-24,17,08:30,welsh.voice,Welsh language (Cymraeg),voice,4.0,476.6,1.01,1.06
2026-07-24,18,09:00,welsh.voice,Welsh language (Cymraeg),voice,6.0,476.6,2.06,1.62
2026-07-24,19,09:30,welsh.voice,Welsh language (Cymraeg),voice,7.0,476.6,1.93,1.98
2026-07-24,20,10:00,welsh.voice,Welsh language (Cymraeg),voice,7.0,476.6,1.43,1.8
2026-07-24,21,10:30,welsh.voice,Welsh language (Cymraeg),voice,9.0,476.6,1.98,2.4
2026-07-24,22,11:00,welsh.voice,Welsh language (Cymraeg),voice,0.0,476.6,0.0,0.0
2026-07-24,23,11:30,welsh.voice,Welsh language (Cymraeg),voice,1.0,476.6,0.23,0.26
2026-07-24,24,12:00,welsh.voice,Welsh language (Cymraeg),voice,1.0,476.6,0.26,0.28
2026-07-24,25,12:30,welsh.voice,Welsh language (Cymraeg),voice,1.0,476.6,0.23,0.26
2026-07-24,26,13:00,welsh.voice,Welsh language (Cymraeg),voice,2.0,476.6,0.41,0.47
2026-07-24,27,13:30,welsh.voice,Welsh language (Cymraeg),voice,2.0,476.6,0.43,0.52
2026-07-24,28,14:00,welsh.voice,Welsh language (Cymraeg),voice,2.0,476.6,0.49,0.52
2026-07-24,29,14:30,welsh.voice,Welsh language (Cymraeg),voice,2.0,476.6,0.6,0.55
2026-07-24,30,15:00,welsh.voice,Welsh language (Cymraeg),voice,9.0,476.6,2.27,2.51
2026-07-24,31,15:30,welsh.voice,Welsh language (Cymraeg),voice,3.0,476.6,0.81,0.83
2026-07-24,32,16:00,welsh.voice,Welsh language (Cymraeg),voice,1.0,476.6,0.22,0.27
2026-07-24,33,16:30,welsh.voice,Welsh language (Cymraeg),voice,2.0,476.6,0.56,0.49
2026-07-24,34,17:00,welsh.voice,Welsh language (Cymraeg),voice,1.0,476.6,0.27,0.26
2026-07-24,35,17:30,welsh.voice,Welsh language (Cymraeg),voice,0.0,476.6,0.0,0.0
2026-07-25,17,08:30,welsh.voice,Welsh language (Cymraeg),voice,0.0,445.1,0.0,0.0
2026-07-25,18,09:00,welsh.voice,Welsh language (Cymraeg),voice,4.0,445.1,1.0,1.03
2026-07-25,19,09:30,welsh.voice,Welsh language (Cymraeg),voice,6.0,445.1,1.67,1.61
2026-07-25,20,10:00,welsh.voice,Welsh language (Cymraeg),voice,7.0,445.1,1.72,1.79
2026-07-25,21,10:30,welsh.voice,Welsh language (Cymraeg),voice,9.0,445.1,2.57,2.37
2026-07-25,22,11:00,welsh.voice,Welsh language (Cymraeg),voice,5.0,445.1,1.3,1.29
2026-07-25,23,11:30,welsh.voice,Welsh language (Cymraeg),voice,0.0,445.1,0.0,0.0
2026-07-25,24,12:00,welsh.voice,Welsh language (Cymraeg),voice,2.0,445.1,0.45,0.5
2026-07-25,25,12:30,welsh.voice,Welsh language (Cymraeg),voice,1.0,445.1,0.23,0.25
2026-07-25,26,13:00,welsh.voice,Welsh language (Cymraeg),voice,2.0,445.1,0.46,0.49
2026-07-27,16,08:00,welsh.voice,Welsh language (Cymraeg),voice,2.0,480.7,0.48,0.52
2026-07-27,17,08:30,welsh.voice,Welsh language (Cymraeg),voice,4.0,480.7,0.97,1.08
2026-07-27,18,09:00,welsh.voice,Welsh language (Cymraeg),voice,6.0,480.7,1.57,1.54
2026-07-27,19,09:30,welsh.voice,Welsh language (Cymraeg),voice,7.0,480.7,1.56,1.79
2026-07-27,20,10:00,welsh.voice,Welsh language (Cymraeg),voice,7.0,480.7,2.07,1.89
2026-07-27,21,10:30,welsh.voice,Welsh language (Cymraeg),voice,5.0,480.7,0.83,1.31
2026-07-27,22,11:00,welsh.voice,Welsh language (Cymraeg),voice,2.0,480.7,0.45,0.51
2026-07-27,23,11:30,welsh.voice,Welsh language (Cymraeg),voice,3.0,480.7,0.69,0.85
2026-07-27,24,12:00,welsh.voice,Welsh language (Cymraeg),voice,3.0,480.7,0.84,0.86
2026-07-27,25,12:30,welsh.voice,Welsh language (Cymraeg),voice,0.0,480.7,0.0,0.0
2026-07-27,26,13:00,welsh.voice,Welsh language (Cymraeg),voice,1.0,480.7,0.26,0.27
2026-07-27,27,13:30,welsh.voice,Welsh language (Cymraeg),voice,1.0,480.7,0.24,0.25
2026-07-27,28,14:00,welsh.voice,Welsh language (Cymraeg),voice,4.0,480.7,0.98,1.04
2026-07-27,29,14:30,welsh.voice,Welsh language (Cymraeg),voice,10.0,480.7,2.63,2.57
2026-07-27,30,15:00,welsh.voice,Welsh language (Cymraeg),voice,2.0,480.7,0.54,0.5
2026-07-27,31,15:30,welsh.voice,Welsh language (Cymraeg),voice,7.0,480.7,2.12,2.08
2026-07-27,32,16:00,welsh.voice,Welsh language (Cymraeg),voice,3.0,480.7,1.02,0.81
2026-07-27,33,16:30,welsh.voice,Welsh language (Cymraeg),voice,2.0,480.7,0.6,0.51
2026-07-27,34,17:00,welsh.voice,Welsh language (Cymraeg),voice,0.0,480.7,0.0,0.0
2026-07-27,35,17:30,welsh.voice,Welsh language (Cymraeg),voice,0.0,480.7,0.0,0.0
2026-07-28,16,08:00,welsh.voice,Welsh language (Cymraeg),voice,2.0,454.1,0.42,0.47
2026-07-28,17,08:30,welsh.voice,Welsh language (Cymraeg),voice,2.0,454.1,0.62,0.51
2026-07-28,18,09:00,welsh.voice,Welsh language (Cymraeg),voice,6.0,454.1,1.65,1.45
2026-07-28,19,09:30,welsh.voice,Welsh language (Cymraeg),voice,2.0,454.1,0.5,0.49
2026-07-28,20,10:00,welsh.voice,Welsh language (Cymraeg),voice,2.0,454.1,0.57,0.48
2026-07-28,21,10:30,welsh.voice,Welsh language (Cymraeg),voice,2.0,454.1,0.57,0.5
2026-07-28,22,11:00,welsh.voice,Welsh language (Cymraeg),voice,8.0,454.1,1.76,2.1
2026-07-28,23,11:30,welsh.voice,Welsh language (Cymraeg),voice,4.0,454.1,0.92,1.0
2026-07-28,24,12:00,welsh.voice,Welsh language (Cymraeg),voice,0.0,454.1,0.0,0.0
2026-07-28,25,12:30,welsh.voice,Welsh language (Cymraeg),voice,2.0,454.1,0.53,0.48
2026-07-28,26,13:00,welsh.voice,Welsh language (Cymraeg),voice,2.0,454.1,0.37,0.5
2026-07-28,27,13:30,welsh.voice,Welsh language (Cymraeg),voice,1.0,454.1,0.23,0.26
2026-07-28,28,14:00,welsh.voice,Welsh language (Cymraeg),voice,7.0,454.1,1.97,1.68
2026-07-28,29,14:30,welsh.voice,Welsh language (Cymraeg),voice,3.0,454.1,0.73,0.7
2026-07-28,30,15:00,welsh.voice,Welsh language (Cymraeg),voice,3.0,454.1,0.7,0.76
2026-07-28,31,15:30,welsh.voice,Welsh language (Cymraeg),voice,1.0,454.1,0.25,0.25
2026-07-28,32,16:00,welsh.voice,Welsh language (Cymraeg),voice,1.0,454.1,0.26,0.24
2026-07-28,33,16:30,welsh.voice,Welsh language (Cymraeg),voice,1.0,454.1,0.29,0.26
2026-07-28,34,17:00,welsh.voice,Welsh language (Cymraeg),voice,1.0,454.1,0.24,0.23
2026-07-28,35,17:30,welsh.voice,Welsh language (Cymraeg),voice,0.0,454.1,0.0,0.0
2026-07-29,16,08:00,welsh.voice,Welsh language (Cymraeg),voice,1.0,455.6,0.25,0.27
2026-07-29,17,08:30,welsh.voice,Welsh language (Cymraeg),voice,3.0,455.6,0.68,0.75
2026-07-29,18,09:00,welsh.voice,Welsh language (Cymraeg),voice,2.0,455.6,0.5,0.52
2026-07-29,19,09:30,welsh.voice,Welsh language (Cymraeg),voice,6.0,455.6,1.38,1.54
2026-07-29,20,10:00,welsh.voice,Welsh language (Cymraeg),voice,4.0,455.6,0.7,0.91
2026-07-29,21,10:30,welsh.voice,Welsh language (Cymraeg),voice,3.0,455.6,0.74,0.76
2026-07-29,22,11:00,welsh.voice,Welsh language (Cymraeg),voice,5.0,455.6,1.34,1.22
2026-07-29,23,11:30,welsh.voice,Welsh language (Cymraeg),voice,2.0,455.6,0.52,0.53
2026-07-29,24,12:00,welsh.voice,Welsh language (Cymraeg),voice,2.0,455.6,0.42,0.54
2026-07-29,25,12:30,welsh.voice,Welsh language (Cymraeg),voice,1.0,455.6,0.28,0.24
2026-07-29,26,13:00,welsh.voice,Welsh language (Cymraeg),voice,0.0,455.6,0.0,0.0
2026-07-29,27,13:30,welsh.voice,Welsh language (Cymraeg),voice,2.0,455.6,0.54,0.51
2026-07-29,28,14:00,welsh.voice,Welsh language (Cymraeg),voice,3.0,455.6,0.71,0.82
2026-07-29,29,14:30,welsh.voice,Welsh language (Cymraeg),voice,1.0,455.6,0.24,0.26
2026-07-29,30,15:00,welsh.voice,Welsh language (Cymraeg),voice,4.0,455.6,0.81,1.04
2026-07-29,31,15:30,welsh.voice,Welsh language (Cymraeg),voice,3.0,455.6,0.62,0.79
2026-07-29,32,16:00,welsh.voice,Welsh language (Cymraeg),voice,1.0,455.6,0.27,0.26
2026-07-29,33,16:30,welsh.voice,Welsh language (Cymraeg),voice,1.0,455.6,0.2,0.27
2026-07-29,34,17:00,welsh.voice,Welsh language (Cymraeg),voice,0.0,455.6,0.0,0.0
2026-07-29,35,17:30,welsh.voice,Welsh language (Cymraeg),voice,0.0,455.6,0.0,0.0
2026-07-30,16,08:00,welsh.voice,Welsh language (Cymraeg),voice,0.0,457.6,0.0,0.0
2026-07-30,17,08:30,welsh.voice,Welsh language (Cymraeg),voice,3.0,457.6,0.78,0.69
2026-07-30,18,09:00,welsh.voice,Welsh language (Cymraeg),voice,3.0,457.6,0.73,0.73
2026-07-30,19,09:30,welsh.voice,Welsh language (Cymraeg),voice,3.0,457.6,0.73,0.82
2026-07-30,20,10:00,welsh.voice,Welsh language (Cymraeg),voice,6.0,457.6,1.5,1.43
2026-07-30,21,10:30,welsh.voice,Welsh language (Cymraeg),voice,6.0,457.6,1.55,1.53
2026-07-30,22,11:00,welsh.voice,Welsh language (Cymraeg),voice,2.0,457.6,0.39,0.49
2026-07-30,23,11:30,welsh.voice,Welsh language (Cymraeg),voice,2.0,457.6,0.48,0.52
2026-07-30,24,12:00,welsh.voice,Welsh language (Cymraeg),voice,2.0,457.6,0.5,0.54
2026-07-30,25,12:30,welsh.voice,Welsh language (Cymraeg),voice,2.0,457.6,0.52,0.5
2026-07-30,26,13:00,welsh.voice,Welsh language (Cymraeg),voice,1.0,457.6,0.24,0.25
2026-07-30,27,13:30,welsh.voice,Welsh language (Cymraeg),voice,2.0,457.6,0.48,0.53
2026-07-30,28,14:00,welsh.voice,Welsh language (Cymraeg),voice,0.0,457.6,0.0,0.0
2026-07-30,29,14:30,welsh.voice,Welsh language (Cymraeg),voice,3.0,457.6,0.83,0.7
2026-07-30,30,15:00,welsh.voice,Welsh language (Cymraeg),voice,3.0,457.6,0.91,0.82
2026-07-30,31,15:30,welsh.voice,Welsh language (Cymraeg),voice,4.0,457.6,0.8,1.01
2026-07-30,32,16:00,welsh.voice,Welsh language (Cymraeg),voice,4.0,457.6,0.84,1.0
2026-07-30,33,16:30,welsh.voice,Welsh language (Cymraeg),voice,2.0,457.6,0.5,0.49
2026-07-30,34,17:00,welsh.voice,Welsh language (Cymraeg),voice,0.0,457.6,0.0,0.0
2026-07-30,35,17:30,welsh.voice,Welsh language (Cymraeg),voice,0.0,457.6,0.0,0.0
2026-07-31,16,08:00,welsh.voice,Welsh language (Cymraeg),voice,0.0,491.1,0.0,0.0
2026-07-31,17,08:30,welsh.voice,Welsh language (Cymraeg),voice,1.0,491.1,0.27,0.26
2026-07-31,18,09:00,welsh.voice,Welsh language (Cymraeg),voice,4.0,491.1,1.21,1.15
2026-07-31,19,09:30,welsh.voice,Welsh language (Cymraeg),voice,5.0,491.1,1.41,1.49
2026-07-31,20,10:00,welsh.voice,Welsh language (Cymraeg),voice,2.0,491.1,0.46,0.5
2026-07-31,21,10:30,welsh.voice,Welsh language (Cymraeg),voice,2.0,491.1,0.51,0.52
2026-07-31,22,11:00,welsh.voice,Welsh language (Cymraeg),voice,4.0,491.1,0.9,1.16
2026-07-31,23,11:30,welsh.voice,Welsh language (Cymraeg),voice,2.0,491.1,0.6,0.57
2026-07-31,24,12:00,welsh.voice,Welsh language (Cymraeg),voice,2.0,491.1,0.49,0.58
2026-07-31,25,12:30,welsh.voice,Welsh language (Cymraeg),voice,2.0,491.1,0.57,0.49
2026-07-31,26,13:00,welsh.voice,Welsh language (Cymraeg),voice,2.0,491.1,0.44,0.56
2026-07-31,27,13:30,welsh.voice,Welsh language (Cymraeg),voice,3.0,491.1,0.77,0.89
2026-07-31,28,14:00,welsh.voice,Welsh language (Cymraeg),voice,5.0,491.1,1.74,1.5
2026-07-31,29,14:30,welsh.voice,Welsh language (Cymraeg),voice,1.0,491.1,0.23,0.25
2026-07-31,30,15:00,welsh.voice,Welsh language (Cymraeg),voice,2.0,491.1,0.61,0.57
2026-07-31,31,15:30,welsh.voice,Welsh language (Cymraeg),voice,3.0,491.1,0.71,0.76
2026-07-31,32,16:00,welsh.voice,Welsh language (Cymraeg),voice,4.0,491.1,0.91,1.07
2026-07-31,33,16:30,welsh.voice,Welsh language (Cymraeg),voice,1.0,491.1,0.28,0.26
2026-07-31,34,17:00,welsh.voice,Welsh language (Cymraeg),voice,1.0,491.1,0.22,0.26
2026-07-31,35,17:30,welsh.voice,Welsh language (Cymraeg),voice,0.0,491.1,0.0,0.0
2026-08-01,17,08:30,welsh.voice,Welsh language (Cymraeg),voice,0.0,447.8,0.0,0.0
2026-08-01,18,09:00,welsh.voice,Welsh language (Cymraeg),voice,2.0,447.8,0.46,0.49
2026-08-01,19,09:30,welsh.voice,Welsh language (Cymraeg),voice,3.0,447.8,0.75,0.76
2026-08-01,20,10:00,welsh.voice,Welsh language (Cymraeg),voice,0.0,447.8,0.0,0.0
2026-08-01,21,10:30,welsh.voice,Welsh language (Cymraeg),voice,2.0,447.8,0.4,0.47
2026-08-01,22,11:00,welsh.voice,Welsh language (Cymraeg),voice,3.0,447.8,0.8,0.78
2026-08-01,23,11:30,welsh.voice,Welsh language (Cymraeg),voice,2.0,447.8,0.55,0.48
2026-08-01,24,12:00,welsh.voice,Welsh language (Cymraeg),voice,1.0,447.8,0.25,0.25
2026-08-01,25,12:30,welsh.voice,Welsh language (Cymraeg),voice,1.0,447.8,0.2,0.23
2026-08-01,26,13:00,welsh.voice,Welsh language (Cymraeg),voice,0.0,447.8,0.0,0.0
2026-08-03,16,08:00,welsh.voice,Welsh language (Cymraeg),voice,1.0,482.6,0.27,0.25
2026-08-03,17,08:30,welsh.voice,Welsh language (Cymraeg),voice,0.0,482.6,0.0,0.0
2026-08-03,18,09:00,welsh.voice,Welsh language (Cymraeg),voice,3.0,482.6,0.87,0.79
2026-08-03,19,09:30,welsh.voice,Welsh language (Cymraeg),voice,2.0,482.6,0.48,0.55
2026-08-03,20,10:00,welsh.voice,Welsh language (Cymraeg),voice,4.0,482.6,0.99,1.07
2026-08-03,21,10:30,welsh.voice,Welsh language (Cymraeg),voice,1.0,482.6,0.32,0.26
2026-08-03,22,11:00,welsh.voice,Welsh language (Cymraeg),voice,2.0,482.6,0.53,0.54
2026-08-03,23,11:30,welsh.voice,Welsh language (Cymraeg),voice,3.0,482.6,0.67,0.86
2026-08-03,24,12:00,welsh.voice,Welsh language (Cymraeg),voice,0.0,482.6,0.0,0.0
2026-08-03,25,12:30,welsh.voice,Welsh language (Cymraeg),voice,2.0,482.6,0.52,0.59
2026-08-03,26,13:00,welsh.voice,Welsh language (Cymraeg),voice,1.0,482.6,0.28,0.28
2026-08-03,27,13:30,welsh.voice,Welsh language (Cymraeg),voice,4.0,482.6,1.11,1.1
2026-08-03,28,14:00,welsh.voice,Welsh language (Cymraeg),voice,6.0,482.6,1.57,1.68
2026-08-03,29,14:30,welsh.voice,Welsh language (Cymraeg),voice,3.0,482.6,0.79,0.8
2026-08-03,30,15:00,welsh.voice,Welsh language (Cymraeg),voice,6.0,482.6,1.85,1.61
2026-08-03,31,15:30,welsh.voice,Welsh language (Cymraeg),voice,3.0,482.6,0.79,0.77
2026-08-03,32,16:00,welsh.voice,Welsh language (Cymraeg),voice,1.0,482.6,0.24,0.28
2026-08-03,33,16:30,welsh.voice,Welsh language (Cymraeg),voice,4.0,482.6,1.12,1.02
2026-08-03,34,17:00,welsh.voice,Welsh language (Cymraeg),voice,0.0,482.6,0.0,0.0
2026-08-03,35,17:30,welsh.voice,Welsh language (Cymraeg),voice,0.0,482.6,0.0,0.0
2026-08-04,16,08:00,welsh.voice,Welsh language (Cymraeg),voice,0.0,466.2,0.0,0.0
2026-08-04,17,08:30,welsh.voice,Welsh language (Cymraeg),voice,4.0,466.2,1.11,1.04
2026-08-04,18,09:00,welsh.voice,Welsh language (Cymraeg),voice,6.0,466.2,1.63,1.62
2026-08-04,19,09:30,welsh.voice,Welsh language (Cymraeg),voice,5.0,466.2,1.16,1.24
2026-08-04,20,10:00,welsh.voice,Welsh language (Cymraeg),voice,4.0,466.2,0.89,1.01
2026-08-04,21,10:30,welsh.voice,Welsh language (Cymraeg),voice,6.0,466.2,1.22,1.58
2026-08-04,22,11:00,welsh.voice,Welsh language (Cymraeg),voice,7.0,466.2,1.36,2.04
2026-08-04,23,11:30,welsh.voice,Welsh language (Cymraeg),voice,1.0,466.2,0.31,0.26
2026-08-04,24,12:00,welsh.voice,Welsh language (Cymraeg),voice,2.0,466.2,0.47,0.5
2026-08-04,25,12:30,welsh.voice,Welsh language (Cymraeg),voice,1.0,466.2,0.24,0.26
2026-08-04,26,13:00,welsh.voice,Welsh language (Cymraeg),voice,2.0,466.2,0.53,0.54
2026-08-04,27,13:30,welsh.voice,Welsh language (Cymraeg),voice,1.0,466.2,0.22,0.25
2026-08-04,28,14:00,welsh.voice,Welsh language (Cymraeg),voice,4.0,466.2,0.77,0.98
2026-08-04,29,14:30,welsh.voice,Welsh language (Cymraeg),voice,1.0,466.2,0.26,0.27
2026-08-04,30,15:00,welsh.voice,Welsh language (Cymraeg),voice,1.0,466.2,0.24,0.26
2026-08-04,31,15:30,welsh.voice,Welsh language (Cymraeg),voice,2.0,466.2,0.48,0.53
2026-08-04,32,16:00,welsh.voice,Welsh language (Cymraeg),voice,2.0,466.2,0.47,0.53
2026-08-04,33,16:30,welsh.voice,Welsh language (Cymraeg),voice,1.0,466.2,0.31,0.25
2026-08-04,34,17:00,welsh.voice,Welsh language (Cymraeg),voice,0.0,466.2,0.0,0.0
2026-08-04,35,17:30,welsh.voice,Welsh language (Cymraeg),voice,0.0,466.2,0.0,0.0
2026-08-05,16,08:00,welsh.voice,Welsh language (Cymraeg),voice,1.0,469.8,0.17,0.27
2026-08-05,17,08:30,welsh.voice,Welsh language (Cymraeg),voice,1.0,469.8,0.31,0.26
2026-08-05,18,09:00,welsh.voice,Welsh language (Cymraeg),voice,6.0,469.8,1.96,1.56
2026-08-05,19,09:30,welsh.voice,Welsh language (Cymraeg),voice,3.0,469.8,0.85,0.81
2026-08-05,20,10:00,welsh.voice,Welsh language (Cymraeg),voice,10.0,469.8,2.87,2.71
2026-08-05,21,10:30,welsh.voice,Welsh language (Cymraeg),voice,3.0,469.8,0.56,0.79
2026-08-05,22,11:00,welsh.voice,Welsh language (Cymraeg),voice,3.0,469.8,0.77,0.75
2026-08-05,23,11:30,welsh.voice,Welsh language (Cymraeg),voice,7.0,469.8,1.76,1.91
2026-08-05,24,12:00,welsh.voice,Welsh language (Cymraeg),voice,2.0,469.8,0.46,0.55
2026-08-05,25,12:30,welsh.voice,Welsh language (Cymraeg),voice,0.0,469.8,0.0,0.0
2026-08-05,26,13:00,welsh.voice,Welsh language (Cymraeg),voice,5.0,469.8,1.49,1.31
2026-08-05,27,13:30,welsh.voice,Welsh language (Cymraeg),voice,1.0,469.8,0.25,0.26
2026-08-05,28,14:00,welsh.voice,Welsh language (Cymraeg),voice,4.0,469.8,1.07,1.07
2026-08-05,29,14:30,welsh.voice,Welsh language (Cymraeg),voice,4.0,469.8,1.01,0.98
2026-08-05,30,15:00,welsh.voice,Welsh language (Cymraeg),voice,1.0,469.8,0.24,0.25
2026-08-05,31,15:30,welsh.voice,Welsh language (Cymraeg),voice,7.0,469.8,1.66,1.69
2026-08-05,32,16:00,welsh.voice,Welsh language (Cymraeg),voice,1.0,469.8,0.22,0.27
2026-08-05,33,16:30,welsh.voice,Welsh language (Cymraeg),voice,2.0,469.8,0.47,0.52
2026-08-05,34,17:00,welsh.voice,Welsh language (Cymraeg),voice,1.0,469.8,0.23,0.25
2026-08-05,35,17:30,welsh.voice,Welsh language (Cymraeg),voice,0.0,469.8,0.0,0.0
2026-08-06,16,08:00,welsh.voice,Welsh language (Cymraeg),voice,0.0,452.6,0.0,0.0
2026-08-06,17,08:30,welsh.voice,Welsh language (Cymraeg),voice,1.0,452.6,0.21,0.29
2026-08-06,18,09:00,welsh.voice,Welsh language (Cymraeg),voice,4.0,452.6,1.03,0.96
2026-08-06,19,09:30,welsh.voice,Welsh language (Cymraeg),voice,7.0,452.6,1.47,1.83
2026-08-06,20,10:00,welsh.voice,Welsh language (Cymraeg),voice,5.0,452.6,1.46,1.14
2026-08-06,21,10:30,welsh.voice,Welsh language (Cymraeg),voice,6.0,452.6,1.77,1.49
2026-08-06,22,11:00,welsh.voice,Welsh language (Cymraeg),voice,4.0,452.6,1.12,0.96
2026-08-06,23,11:30,welsh.voice,Welsh language (Cymraeg),voice,2.0,452.6,0.55,0.49
2026-08-06,24,12:00,welsh.voice,Welsh language (Cymraeg),voice,4.0,452.6,0.87,0.99
2026-08-06,25,12:30,welsh.voice,Welsh language (Cymraeg),voice,2.0,452.6,0.56,0.47
2026-08-06,26,13:00,welsh.voice,Welsh language (Cymraeg),voice,0.0,452.6,0.0,0.0
2026-08-06,27,13:30,welsh.voice,Welsh language (Cymraeg),voice,5.0,452.6,1.39,1.21
2026-08-06,28,14:00,welsh.voice,Welsh language (Cymraeg),voice,2.0,452.6,0.5,0.49
2026-08-06,29,14:30,welsh.voice,Welsh language (Cymraeg),voice,4.0,452.6,0.92,0.9
2026-08-06,30,15:00,welsh.voice,Welsh language (Cymraeg),voice,3.0,452.6,0.73,0.71
2026-08-06,31,15:30,welsh.voice,Welsh language (Cymraeg),voice,2.0,452.6,0.51,0.48
2026-08-06,32,16:00,welsh.voice,Welsh language (Cymraeg),voice,3.0,452.6,0.52,0.74
2026-08-06,33,16:30,welsh.voice,Welsh language (Cymraeg),voice,1.0,452.6,0.26,0.27
2026-08-06,34,17:00,welsh.voice,Welsh language (Cymraeg),voice,0.0,452.6,0.0,0.0
2026-08-06,35,17:30,welsh.voice,Welsh language (Cymraeg),voice,2.0,452.6,0.64,0.49
2026-08-07,16,08:00,welsh.voice,Welsh language (Cymraeg),voice,0.0,467.4,0.0,0.0
2026-08-07,17,08:30,welsh.voice,Welsh language (Cymraeg),voice,2.0,467.4,0.49,0.51
2026-08-07,18,09:00,welsh.voice,Welsh language (Cymraeg),voice,5.0,467.4,1.07,1.28
2026-08-07,19,09:30,welsh.voice,Welsh language (Cymraeg),voice,9.0,467.4,2.5,2.31
2026-08-07,20,10:00,welsh.voice,Welsh language (Cymraeg),voice,7.0,467.4,1.61,1.78
2026-08-07,21,10:30,welsh.voice,Welsh language (Cymraeg),voice,6.0,467.4,1.12,1.49
2026-08-07,22,11:00,welsh.voice,Welsh language (Cymraeg),voice,6.0,467.4,1.49,1.6
2026-08-07,23,11:30,welsh.voice,Welsh language (Cymraeg),voice,1.0,467.4,0.26,0.25
2026-08-07,24,12:00,welsh.voice,Welsh language (Cymraeg),voice,2.0,467.4,0.49,0.51
2026-08-07,25,12:30,welsh.voice,Welsh language (Cymraeg),voice,0.0,467.4,0.0,0.0
2026-08-07,26,13:00,welsh.voice,Welsh language (Cymraeg),voice,1.0,467.4,0.23,0.27
2026-08-07,27,13:30,welsh.voice,Welsh language (Cymraeg),voice,2.0,467.4,0.54,0.52
2026-08-07,28,14:00,welsh.voice,Welsh language (Cymraeg),voice,3.0,467.4,0.93,0.75
2026-08-07,29,14:30,welsh.voice,Welsh language (Cymraeg),voice,6.0,467.4,1.3,1.54
2026-08-07,30,15:00,welsh.voice,Welsh language (Cymraeg),voice,5.0,467.4,1.35,1.32
2026-08-07,31,15:30,welsh.voice,Welsh language (Cymraeg),voice,4.0,467.4,1.13,0.99
2026-08-07,32,16:00,welsh.voice,Welsh language (Cymraeg),voice,5.0,467.4,1.16,1.3
2026-08-07,33,16:30,welsh.voice,Welsh language (Cymraeg),voice,2.0,467.4,0.52,0.5
2026-08-07,34,17:00,welsh.voice,Welsh language (Cymraeg),voice,0.0,467.4,0.0,0.0
2026-08-07,35,17:30,welsh.voice,Welsh language (Cymraeg),voice,0.0,467.4,0.0,0.0
2026-08-08,17,08:30,welsh.voice,Welsh language (Cymraeg),voice,0.0,438.0,0.0,0.0
2026-08-08,18,09:00,welsh.voice,Welsh language (Cymraeg),voice,4.0,438.0,0.81,1.07
2026-08-08,19,09:30,welsh.voice,Welsh language (Cymraeg),voice,9.0,438.0,2.29,2.33
2026-08-08,20,10:00,welsh.voice,Welsh language (Cymraeg),voice,3.0,438.0,0.6,0.72
2026-08-08,21,10:30,welsh.voice,Welsh language (Cymraeg),voice,4.0,438.0,1.07,1.08
2026-08-08,22,11:00,welsh.voice,Welsh language (Cymraeg),voice,5.0,438.0,1.37,1.16
2026-08-08,23,11:30,welsh.voice,Welsh language (Cymraeg),voice,3.0,438.0,0.78,0.76
2026-08-08,24,12:00,welsh.voice,Welsh language (Cymraeg),voice,0.0,438.0,0.0,0.0
2026-08-08,25,12:30,welsh.voice,Welsh language (Cymraeg),voice,0.0,438.0,0.0,0.0
2026-08-08,26,13:00,welsh.voice,Welsh language (Cymraeg),voice,0.0,438.0,0.0,0.0
2026-08-10,16,08:00,welsh.voice,Welsh language (Cymraeg),voice,1.0,477.7,0.18,0.27
2026-08-10,17,08:30,welsh.voice,Welsh language (Cymraeg),voice,2.0,477.7,0.45,0.51
2026-08-10,18,09:00,welsh.voice,Welsh language (Cymraeg),voice,4.0,477.7,1.14,1.01
2026-08-10,19,09:30,welsh.voice,Welsh language (Cymraeg),voice,7.0,477.7,1.92,1.83
2026-08-10,20,10:00,welsh.voice,Welsh language (Cymraeg),voice,7.0,477.7,1.63,1.73
2026-08-10,21,10:30,welsh.voice,Welsh language (Cymraeg),voice,3.0,477.7,0.86,0.8
2026-08-10,22,11:00,welsh.voice,Welsh language (Cymraeg),voice,1.0,477.7,0.24,0.29
2026-08-10,23,11:30,welsh.voice,Welsh language (Cymraeg),voice,4.0,477.7,0.97,1.07
2026-08-10,24,12:00,welsh.voice,Welsh language (Cymraeg),voice,1.0,477.7,0.21,0.26
2026-08-10,25,12:30,welsh.voice,Welsh language (Cymraeg),voice,0.0,477.7,0.0,0.0
2026-08-10,26,13:00,welsh.voice,Welsh language (Cymraeg),voice,1.0,477.7,0.22,0.27
2026-08-10,27,13:30,welsh.voice,Welsh language (Cymraeg),voice,2.0,477.7,0.46,0.55
2026-08-10,28,14:00,welsh.voice,Welsh language (Cymraeg),voice,4.0,477.7,1.05,1.02
2026-08-10,29,14:30,welsh.voice,Welsh language (Cymraeg),voice,2.0,477.7,0.53,0.49
2026-08-10,30,15:00,welsh.voice,Welsh language (Cymraeg),voice,5.0,477.7,1.28,1.35
2026-08-10,31,15:30,welsh.voice,Welsh language (Cymraeg),voice,2.0,477.7,0.44,0.52
2026-08-10,32,16:00,welsh.voice,Welsh language (Cymraeg),voice,0.0,477.7,0.0,0.0
2026-08-10,33,16:30,welsh.voice,Welsh language (Cymraeg),voice,2.0,477.7,0.55,0.52
2026-08-10,34,17:00,welsh.voice,Welsh language (Cymraeg),voice,0.0,477.7,0.0,0.0
2026-08-10,35,17:30,welsh.voice,Welsh language (Cymraeg),voice,1.0,477.7,0.27,0.26
2026-08-11,16,08:00,welsh.voice,Welsh language (Cymraeg),voice,1.0,461.9,0.25,0.25
2026-08-11,17,08:30,welsh.voice,Welsh language (Cymraeg),voice,2.0,461.9,0.55,0.5
2026-08-11,18,09:00,welsh.voice,Welsh language (Cymraeg),voice,3.0,461.9,0.85,0.81
2026-08-11,19,09:30,welsh.voice,Welsh language (Cymraeg),voice,4.0,461.9,0.66,1.02
2026-08-11,20,10:00,welsh.voice,Welsh language (Cymraeg),voice,6.0,461.9,1.51,1.59
2026-08-11,21,10:30,welsh.voice,Welsh language (Cymraeg),voice,3.0,461.9,0.92,0.73
2026-08-11,22,11:00,welsh.voice,Welsh language (Cymraeg),voice,1.0,461.9,0.27,0.24
2026-08-11,23,11:30,welsh.voice,Welsh language (Cymraeg),voice,2.0,461.9,0.5,0.52
2026-08-11,24,12:00,welsh.voice,Welsh language (Cymraeg),voice,1.0,461.9,0.28,0.26
2026-08-11,25,12:30,welsh.voice,Welsh language (Cymraeg),voice,1.0,461.9,0.26,0.25
2026-08-11,26,13:00,welsh.voice,Welsh language (Cymraeg),voice,3.0,461.9,0.85,0.78
2026-08-11,27,13:30,welsh.voice,Welsh language (Cymraeg),voice,1.0,461.9,0.17,0.23
2026-08-11,28,14:00,welsh.voice,Welsh language (Cymraeg),voice,3.0,461.9,0.56,0.78
2026-08-11,29,14:30,welsh.voice,Welsh language (Cymraeg),voice,4.0,461.9,1.03,1.0
2026-08-11,30,15:00,welsh.voice,Welsh language (Cymraeg),voice,3.0,461.9,0.61,0.74
2026-08-11,31,15:30,welsh.voice,Welsh language (Cymraeg),voice,2.0,461.9,0.61,0.54
2026-08-11,32,16:00,welsh.voice,Welsh language (Cymraeg),voice,1.0,461.9,0.24,0.25
2026-08-11,33,16:30,welsh.voice,Welsh language (Cymraeg),voice,1.0,461.9,0.33,0.28
2026-08-11,34,17:00,welsh.voice,Welsh language (Cymraeg),voice,0.0,461.9,0.0,0.0
2026-08-11,35,17:30,welsh.voice,Welsh language (Cymraeg),voice,0.0,461.9,0.0,0.0
2026-08-12,16,08:00,welsh.voice,Welsh language (Cymraeg),voice,0.0,457.8,0.0,0.0
2026-08-12,17,08:30,welsh.voice,Welsh language (Cymraeg),voice,5.0,457.8,1.28,1.33
2026-08-12,18,09:00,welsh.voice,Welsh language (Cymraeg),voice,0.0,457.8,0.0,0.0
2026-08-12,19,09:30,welsh.voice,Welsh language (Cymraeg),voice,7.0,457.8,2.25,1.85
2026-08-12,20,10:00,welsh.voice,Welsh language (Cymraeg),voice,4.0,457.8,0.88,1.1
2026-08-12,21,10:30,welsh.voice,Welsh language (Cymraeg),voice,3.0,457.8,0.87,0.74
2026-08-12,22,11:00,welsh.voice,Welsh language (Cymraeg),voice,4.0,457.8,1.16,1.11
2026-08-12,23,11:30,welsh.voice,Welsh language (Cymraeg),voice,2.0,457.8,0.55,0.54
2026-08-12,24,12:00,welsh.voice,Welsh language (Cymraeg),voice,2.0,457.8,0.4,0.51
2026-08-12,25,12:30,welsh.voice,Welsh language (Cymraeg),voice,0.0,457.8,0.0,0.0
2026-08-12,26,13:00,welsh.voice,Welsh language (Cymraeg),voice,2.0,457.8,0.54,0.46
2026-08-12,27,13:30,welsh.voice,Welsh language (Cymraeg),voice,1.0,457.8,0.26,0.26
2026-08-12,28,14:00,welsh.voice,Welsh language (Cymraeg),voice,1.0,457.8,0.25,0.27
2026-08-12,29,14:30,welsh.voice,Welsh language (Cymraeg),voice,5.0,457.8,1.08,1.29
2026-08-12,30,15:00,welsh.voice,Welsh language (Cymraeg),voice,2.0,457.8,0.51,0.48
2026-08-12,31,15:30,welsh.voice,Welsh language (Cymraeg),voice,1.0,457.8,0.28,0.25
2026-08-12,32,16:00,welsh.voice,Welsh language (Cymraeg),voice,0.0,457.8,0.0,0.0
2026-08-12,33,16:30,welsh.voice,Welsh language (Cymraeg),voice,2.0,457.8,0.5,0.5
2026-08-12,34,17:00,welsh.voice,Welsh language (Cymraeg),voice,0.0,457.8,0.0,0.0
2026-08-12,35,17:30,welsh.voice,Welsh language (Cymraeg),voice,2.0,457.8,0.51,0.52
2026-08-13,16,08:00,welsh.voice,Welsh language (Cymraeg),voice,1.0,454.7,0.23,0.25
2026-08-13,17,08:30,welsh.voice,Welsh language (Cymraeg),voice,3.0,454.7,0.62,0.72
2026-08-13,18,09:00,welsh.voice,Welsh language (Cymraeg),voice,3.0,454.7,0.9,0.75
2026-08-13,19,09:30,welsh.voice,Welsh language (Cymraeg),voice,2.0,454.7,0.44,0.53
2026-08-13,20,10:00,welsh.voice,Welsh language (Cymraeg),voice,7.0,454.7,1.62,1.67
2026-08-13,21,10:30,welsh.voice,Welsh language (Cymraeg),voice,6.0,454.7,1.25,1.45
2026-08-13,22,11:00,welsh.voice,Welsh language (Cymraeg),voice,7.0,454.7,1.9,1.63
2026-08-13,23,11:30,welsh.voice,Welsh language (Cymraeg),voice,4.0,454.7,1.13,1.04
2026-08-13,24,12:00,welsh.voice,Welsh language (Cymraeg),voice,1.0,454.7,0.24,0.25
2026-08-13,25,12:30,welsh.voice,Welsh language (Cymraeg),voice,3.0,454.7,0.74,0.79
2026-08-13,26,13:00,welsh.voice,Welsh language (Cymraeg),voice,1.0,454.7,0.24,0.26
2026-08-13,27,13:30,welsh.voice,Welsh language (Cymraeg),voice,5.0,454.7,1.42,1.28
2026-08-13,28,14:00,welsh.voice,Welsh language (Cymraeg),voice,2.0,454.7,0.58,0.53
2026-08-13,29,14:30,welsh.voice,Welsh language (Cymraeg),voice,3.0,454.7,0.77,0.74
2026-08-13,30,15:00,welsh.voice,Welsh language (Cymraeg),voice,3.0,454.7,0.83,0.76
2026-08-13,31,15:30,welsh.voice,Welsh language (Cymraeg),voice,3.0,454.7,0.83,0.8
2026-08-13,32,16:00,welsh.voice,Welsh language (Cymraeg),voice,1.0,454.7,0.23,0.24
2026-08-13,33,16:30,welsh.voice,Welsh language (Cymraeg),voice,3.0,454.7,0.68,0.74
2026-08-13,34,17:00,welsh.voice,Welsh language (Cymraeg),voice,0.0,454.7,0.0,0.0
2026-08-13,35,17:30,welsh.voice,Welsh language (Cymraeg),voice,0.0,454.7,0.0,0.0
2026-08-14,16,08:00,welsh.voice,Welsh language (Cymraeg),voice,3.0,456.0,0.79,0.8
2026-08-14,17,08:30,welsh.voice,Welsh language (Cymraeg),voice,2.0,456.0,0.63,0.51
2026-08-14,18,09:00,welsh.voice,Welsh language (Cymraeg),voice,3.0,456.0,0.66,0.77
2026-08-14,19,09:30,welsh.voice,Welsh language (Cymraeg),voice,5.0,456.0,1.07,1.23
2026-08-14,20,10:00,welsh.voice,Welsh language (Cymraeg),voice,5.0,456.0,1.16,1.32
2026-08-14,21,10:30,welsh.voice,Welsh language (Cymraeg),voice,7.0,456.0,1.72,1.78
2026-08-14,22,11:00,welsh.voice,Welsh language (Cymraeg),voice,2.0,456.0,0.37,0.46
2026-08-14,23,11:30,welsh.voice,Welsh language (Cymraeg),voice,3.0,456.0,0.71,0.75
2026-08-14,24,12:00,welsh.voice,Welsh language (Cymraeg),voice,3.0,456.0,0.77,0.74
2026-08-14,25,12:30,welsh.voice,Welsh language (Cymraeg),voice,1.0,456.0,0.19,0.28
2026-08-14,26,13:00,welsh.voice,Welsh language (Cymraeg),voice,0.0,456.0,0.0,0.0
2026-08-14,27,13:30,welsh.voice,Welsh language (Cymraeg),voice,4.0,456.0,1.2,0.98
2026-08-14,28,14:00,welsh.voice,Welsh language (Cymraeg),voice,7.0,456.0,1.74,1.86
2026-08-14,29,14:30,welsh.voice,Welsh language (Cymraeg),voice,5.0,456.0,1.34,1.24
2026-08-14,30,15:00,welsh.voice,Welsh language (Cymraeg),voice,2.0,456.0,0.53,0.53
2026-08-14,31,15:30,welsh.voice,Welsh language (Cymraeg),voice,3.0,456.0,0.72,0.84
2026-08-14,32,16:00,welsh.voice,Welsh language (Cymraeg),voice,4.0,456.0,1.12,0.99
2026-08-14,33,16:30,welsh.voice,Welsh language (Cymraeg),voice,4.0,456.0,0.98,1.04
2026-08-14,34,17:00,welsh.voice,Welsh language (Cymraeg),voice,3.0,456.0,0.73,0.81
2026-08-14,35,17:30,welsh.voice,Welsh language (Cymraeg),voice,0.0,456.0,0.0,0.0
2026-08-15,17,08:30,welsh.voice,Welsh language (Cymraeg),voice,3.0,437.6,0.72,0.74
2026-08-15,18,09:00,welsh.voice,Welsh language (Cymraeg),voice,3.0,437.6,0.73,0.68
2026-08-15,19,09:30,welsh.voice,Welsh language (Cymraeg),voice,8.0,437.6,2.16,1.88
2026-08-15,20,10:00,welsh.voice,Welsh language (Cymraeg),voice,6.0,437.6,1.31,1.28
2026-08-15,21,10:30,welsh.voice,Welsh language (Cymraeg),voice,6.0,437.6,1.54,1.48
2026-08-15,22,11:00,welsh.voice,Welsh language (Cymraeg),voice,6.0,437.6,1.29,1.45
2026-08-15,23,11:30,welsh.voice,Welsh language (Cymraeg),voice,1.0,437.6,0.23,0.24
2026-08-15,24,12:00,welsh.voice,Welsh language (Cymraeg),voice,0.0,437.6,0.0,0.0
2026-08-15,25,12:30,welsh.voice,Welsh language (Cymraeg),voice,0.0,437.6,0.0,0.0
2026-08-15,26,13:00,welsh.voice,Welsh language (Cymraeg),voice,4.0,437.6,0.95,0.92
2026-07-20,16,08:00,complaints.back_office,Complaints,back_office,7.0,1164.8,3.61,4.38
2026-07-20,17,08:30,complaints.back_office,Complaints,back_office,15.0,1164.8,8.83,10.01
2026-07-20,18,09:00,complaints.back_office,Complaints,back_office,12.0,1164.8,8.56,8.08
2026-07-20,19,09:30,complaints.back_office,Complaints,back_office,26.0,1164.8,11.34,17.39
2026-07-20,20,10:00,complaints.back_office,Complaints,back_office,16.0,1164.8,11.15,10.64
2026-07-20,21,10:30,complaints.back_office,Complaints,back_office,13.0,1164.8,7.82,8.36
2026-07-20,22,11:00,complaints.back_office,Complaints,back_office,14.0,1164.8,10.84,8.77
2026-07-20,23,11:30,complaints.back_office,Complaints,back_office,6.0,1164.8,3.22,3.83
2026-07-20,24,12:00,complaints.back_office,Complaints,back_office,6.0,1164.8,3.88,4.17
2026-07-20,25,12:30,complaints.back_office,Complaints,back_office,5.0,1164.8,2.94,3.24
2026-07-20,26,13:00,complaints.back_office,Complaints,back_office,3.0,1164.8,1.78,1.93
2026-07-20,27,13:30,complaints.back_office,Complaints,back_office,10.0,1164.8,5.48,6.21
2026-07-20,28,14:00,complaints.back_office,Complaints,back_office,11.0,1164.8,8.05,7.5
2026-07-20,29,14:30,complaints.back_office,Complaints,back_office,12.0,1164.8,7.58,7.58
2026-07-20,30,15:00,complaints.back_office,Complaints,back_office,20.0,1164.8,11.8,13.88
2026-07-20,31,15:30,complaints.back_office,Complaints,back_office,9.0,1164.8,6.29,5.42
2026-07-20,32,16:00,complaints.back_office,Complaints,back_office,9.0,1164.8,5.27,6.0
2026-07-20,33,16:30,complaints.back_office,Complaints,back_office,5.0,1164.8,3.15,3.32
2026-07-20,34,17:00,complaints.back_office,Complaints,back_office,3.0,1164.8,1.79,2.03
2026-07-20,35,17:30,complaints.back_office,Complaints,back_office,0.0,1164.8,0.0,0.0
2026-07-21,16,08:00,complaints.back_office,Complaints,back_office,4.0,1156.7,3.48,2.43
2026-07-21,17,08:30,complaints.back_office,Complaints,back_office,8.0,1156.7,5.88,5.7
2026-07-21,18,09:00,complaints.back_office,Complaints,back_office,14.0,1156.7,9.48,9.5
2026-07-21,19,09:30,complaints.back_office,Complaints,back_office,19.0,1156.7,9.54,11.33
2026-07-21,20,10:00,complaints.back_office,Complaints,back_office,16.0,1156.7,8.64,10.32
2026-07-21,21,10:30,complaints.back_office,Complaints,back_office,14.0,1156.7,7.05,9.06
2026-07-21,22,11:00,complaints.back_office,Complaints,back_office,6.0,1156.7,3.44,4.18
2026-07-21,23,11:30,complaints.back_office,Complaints,back_office,8.0,1156.7,4.31,5.26
2026-07-21,24,12:00,complaints.back_office,Complaints,back_office,4.0,1156.7,2.37,2.51
2026-07-21,25,12:30,complaints.back_office,Complaints,back_office,3.0,1156.7,1.74,1.97
2026-07-21,26,13:00,complaints.back_office,Complaints,back_office,4.0,1156.7,2.52,2.47
2026-07-21,27,13:30,complaints.back_office,Complaints,back_office,14.0,1156.7,9.48,9.53
2026-07-21,28,14:00,complaints.back_office,Complaints,back_office,18.0,1156.7,12.32,11.11
2026-07-21,29,14:30,complaints.back_office,Complaints,back_office,16.0,1156.7,9.68,10.33
2026-07-21,30,15:00,complaints.back_office,Complaints,back_office,18.0,1156.7,10.8,11.83
2026-07-21,31,15:30,complaints.back_office,Complaints,back_office,14.0,1156.7,8.84,8.93
2026-07-21,32,16:00,complaints.back_office,Complaints,back_office,13.0,1156.7,8.48,8.43
2026-07-21,33,16:30,complaints.back_office,Complaints,back_office,6.0,1156.7,3.48,4.0
2026-07-21,34,17:00,complaints.back_office,Complaints,back_office,3.0,1156.7,1.8,1.79
2026-07-21,35,17:30,complaints.back_office,Complaints,back_office,2.0,1156.7,1.12,1.33
2026-07-22,16,08:00,complaints.back_office,Complaints,back_office,5.0,1131.1,3.28,3.23
2026-07-22,17,08:30,complaints.back_office,Complaints,back_office,10.0,1131.1,6.19,6.45
2026-07-22,18,09:00,complaints.back_office,Complaints,back_office,14.0,1131.1,8.54,8.41
2026-07-22,19,09:30,complaints.back_office,Complaints,back_office,24.0,1131.1,12.66,15.23
2026-07-22,20,10:00,complaints.back_office,Complaints,back_office,21.0,1131.1,11.51,12.39
2026-07-22,21,10:30,complaints.back_office,Complaints,back_office,16.0,1131.1,10.19,9.73
2026-07-22,22,11:00,complaints.back_office,Complaints,back_office,12.0,1131.1,7.09,7.41
2026-07-22,23,11:30,complaints.back_office,Complaints,back_office,5.0,1131.1,3.05,3.08
2026-07-22,24,12:00,complaints.back_office,Complaints,back_office,4.0,1131.1,2.4,2.21
2026-07-22,25,12:30,complaints.back_office,Complaints,back_office,0.0,1131.1,0.0,0.0
2026-07-22,26,13:00,complaints.back_office,Complaints,back_office,6.0,1131.1,4.44,3.61
2026-07-22,27,13:30,complaints.back_office,Complaints,back_office,15.0,1131.1,8.83,9.16
2026-07-22,28,14:00,complaints.back_office,Complaints,back_office,14.0,1131.1,8.95,9.03
2026-07-22,29,14:30,complaints.back_office,Complaints,back_office,13.0,1131.1,6.2,7.99
2026-07-22,30,15:00,complaints.back_office,Complaints,back_office,13.0,1131.1,6.71,8.55
2026-07-22,31,15:30,complaints.back_office,Complaints,back_office,10.0,1131.1,5.36,5.97
2026-07-22,32,16:00,complaints.back_office,Complaints,back_office,6.0,1131.1,4.01,3.59
2026-07-22,33,16:30,complaints.back_office,Complaints,back_office,6.0,1131.1,2.97,3.8
2026-07-22,34,17:00,complaints.back_office,Complaints,back_office,1.0,1131.1,0.66,0.58
2026-07-22,35,17:30,complaints.back_office,Complaints,back_office,2.0,1131.1,1.2,1.31
2026-07-23,16,08:00,complaints.back_office,Complaints,back_office,3.0,1166.6,1.49,1.89
2026-07-23,17,08:30,complaints.back_office,Complaints,back_office,8.0,1166.6,4.92,5.28
2026-07-23,18,09:00,complaints.back_office,Complaints,back_office,13.0,1166.6,9.39,8.41
2026-07-23,19,09:30,complaints.back_office,Complaints,back_office,18.0,1166.6,11.77,10.98
2026-07-23,20,10:00,complaints.back_office,Complaints,back_office,24.0,1166.6,13.36,15.57
2026-07-23,21,10:30,complaints.back_office,Complaints,back_office,11.0,1166.6,6.18,6.75
2026-07-23,22,11:00,complaints.back_office,Complaints,back_office,14.0,1166.6,7.26,8.75
2026-07-23,23,11:30,complaints.back_office,Complaints,back_office,7.0,1166.6,4.93,4.6
2026-07-23,24,12:00,complaints.back_office,Complaints,back_office,7.0,1166.6,4.2,4.45
2026-07-23,25,12:30,complaints.back_office,Complaints,back_office,2.0,1166.6,1.18,1.3
2026-07-23,26,13:00,complaints.back_office,Complaints,back_office,4.0,1166.6,2.13,2.4
2026-07-23,27,13:30,complaints.back_office,Complaints,back_office,5.0,1166.6,2.96,3.05
2026-07-23,28,14:00,complaints.back_office,Complaints,back_office,10.0,1166.6,6.6,6.73
2026-07-23,29,14:30,complaints.back_office,Complaints,back_office,12.0,1166.6,9.18,7.56
2026-07-23,30,15:00,complaints.back_office,Complaints,back_office,14.0,1166.6,8.92,9.5
2026-07-23,31,15:30,complaints.back_office,Complaints,back_office,9.0,1166.6,5.8,5.67
2026-07-23,32,16:00,complaints.back_office,Complaints,back_office,5.0,1166.6,3.23,3.25
2026-07-23,33,16:30,complaints.back_office,Complaints,back_office,8.0,1166.6,5.05,5.33
2026-07-23,34,17:00,complaints.back_office,Complaints,back_office,1.0,1166.6,0.49,0.64
2026-07-23,35,17:30,complaints.back_office,Complaints,back_office,2.0,1166.6,0.82,1.16
2026-07-24,16,08:00,complaints.back_office,Complaints,back_office,2.0,1131.3,1.07,1.17
2026-07-24,17,08:30,complaints.back_office,Complaints,back_office,6.0,1131.3,4.83,3.47
2026-07-24,18,09:00,complaints.back_office,Complaints,back_office,14.0,1131.3,8.38,7.54
2026-07-24,19,09:30,complaints.back_office,Complaints,back_office,12.0,1131.3,7.28,7.44
2026-07-24,20,10:00,complaints.back_office,Complaints,back_office,11.0,1131.3,6.64,7.27
2026-07-24,21,10:30,complaints.back_office,Complaints,back_office,19.0,1131.3,11.19,12.37
2026-07-24,22,11:00,complaints.back_office,Complaints,back_office,15.0,1131.3,10.89,9.82
2026-07-24,23,11:30,complaints.back_office,Complaints,back_office,8.0,1131.3,5.21,4.77
2026-07-24,24,12:00,complaints.back_office,Complaints,back_office,4.0,1131.3,2.27,2.52
2026-07-24,25,12:30,complaints.back_office,Complaints,back_office,0.0,1131.3,0.0,0.0
2026-07-24,26,13:00,complaints.back_office,Complaints,back_office,5.0,1131.3,3.08,3.07
2026-07-24,27,13:30,complaints.back_office,Complaints,back_office,8.0,1131.3,5.62,4.9
2026-07-24,28,14:00,complaints.back_office,Complaints,back_office,12.0,1131.3,8.61,7.1
2026-07-24,29,14:30,complaints.back_office,Complaints,back_office,16.0,1131.3,9.49,10.5
2026-07-24,30,15:00,complaints.back_office,Complaints,back_office,14.0,1131.3,9.04,8.76
2026-07-24,31,15:30,complaints.back_office,Complaints,back_office,12.0,1131.3,6.68,7.6
2026-07-24,32,16:00,complaints.back_office,Complaints,back_office,5.0,1131.3,3.23,3.03
2026-07-24,33,16:30,complaints.back_office,Complaints,back_office,6.0,1131.3,3.04,3.48
2026-07-24,34,17:00,complaints.back_office,Complaints,back_office,1.0,1131.3,0.53,0.59
2026-07-24,35,17:30,complaints.back_office,Complaints,back_office,2.0,1131.3,0.95,1.21
2026-07-27,16,08:00,complaints.back_office,Complaints,back_office,2.0,1173.9,1.1,1.17
2026-07-27,17,08:30,complaints.back_office,Complaints,back_office,10.0,1173.9,5.83,6.2
2026-07-27,18,09:00,complaints.back_office,Complaints,back_office,17.0,1173.9,11.34,11.32
2026-07-27,19,09:30,complaints.back_office,Complaints,back_office,17.0,1173.9,7.34,10.79
2026-07-27,20,10:00,complaints.back_office,Complaints,back_office,16.0,1173.9,8.84,10.05
2026-07-27,21,10:30,complaints.back_office,Complaints,back_office,19.0,1173.9,10.52,11.98
2026-07-27,22,11:00,complaints.back_office,Complaints,back_office,11.0,1173.9,5.63,7.2
2026-07-27,23,11:30,complaints.back_office,Complaints,back_office,8.0,1173.9,4.84,5.02
2026-07-27,24,12:00,complaints.back_office,Complaints,back_office,1.0,1173.9,0.65,0.64
2026-07-27,25,12:30,complaints.back_office,Complaints,back_office,2.0,1173.9,1.16,1.37
2026-07-27,26,13:00,complaints.back_office,Complaints,back_office,2.0,1173.9,1.05,1.29
2026-07-27,27,13:30,complaints.back_office,Complaints,back_office,5.0,1173.9,2.28,3.48
2026-07-27,28,14:00,complaints.back_office,Complaints,back_office,11.0,1173.9,6.65,7.31
2026-07-27,29,14:30,complaints.back_office,Complaints,back_office,6.0,1173.9,3.09,4.01
2026-07-27,30,15:00,complaints.back_office,Complaints,back_office,20.0,1173.9,12.61,12.14
2026-07-27,31,15:30,complaints.back_office,Complaints,back_office,14.0,1173.9,9.77,9.03
2026-07-27,32,16:00,complaints.back_office,Complaints,back_office,4.0,1173.9,2.34,2.66
2026-07-27,33,16:30,complaints.back_office,Complaints,back_office,5.0,1173.9,3.33,3.22
2026-07-27,34,17:00,complaints.back_office,Complaints,back_office,3.0,1173.9,1.51,1.93
2026-07-27,35,17:30,complaints.back_office,Complaints,back_office,1.0,1173.9,0.69,0.71
2026-07-28,16,08:00,complaints.back_office,Complaints,back_office,1.0,1142.9,0.61,0.6
2026-07-28,17,08:30,complaints.back_office,Complaints,back_office,7.0,1142.9,4.68,4.47
2026-07-28,18,09:00,complaints.back_office,Complaints,back_office,11.0,1142.9,5.43,7.05
2026-07-28,19,09:30,complaints.back_office,Complaints,back_office,12.0,1142.9,5.99,7.24
2026-07-28,20,10:00,complaints.back_office,Complaints,back_office,15.0,1142.9,8.49,9.04
2026-07-28,21,10:30,complaints.back_office,Complaints,back_office,17.0,1142.9,10.98,10.37
2026-07-28,22,11:00,complaints.back_office,Complaints,back_office,11.0,1142.9,6.52,6.76
2026-07-28,23,11:30,complaints.back_office,Complaints,back_office,6.0,1142.9,3.13,3.67
2026-07-28,24,12:00,complaints.back_office,Complaints,back_office,6.0,1142.9,4.29,4.17
2026-07-28,25,12:30,complaints.back_office,Complaints,back_office,1.0,1142.9,0.45,0.64
2026-07-28,26,13:00,complaints.back_office,Complaints,back_office,6.0,1142.9,2.5,3.98
2026-07-28,27,13:30,complaints.back_office,Complaints,back_office,12.0,1142.9,6.89,7.53
2026-07-28,28,14:00,complaints.back_office,Complaints,back_office,12.0,1142.9,7.13,8.37
2026-07-28,29,14:30,complaints.back_office,Complaints,back_office,8.0,1142.9,4.53,5.16
2026-07-28,30,15:00,complaints.back_office,Complaints,back_office,12.0,1142.9,7.93,8.29
2026-07-28,31,15:30,complaints.back_office,Complaints,back_office,9.0,1142.9,6.05,5.55
2026-07-28,32,16:00,complaints.back_office,Complaints,back_office,11.0,1142.9,6.44,7.0
2026-07-28,33,16:30,complaints.back_office,Complaints,back_office,5.0,1142.9,3.03,3.28
2026-07-28,34,17:00,complaints.back_office,Complaints,back_office,2.0,1142.9,1.54,1.32
2026-07-28,35,17:30,complaints.back_office,Complaints,back_office,0.0,1142.9,0.0,0.0
2026-07-29,16,08:00,complaints.back_office,Complaints,back_office,4.0,1129.8,2.71,2.67
2026-07-29,17,08:30,complaints.back_office,Complaints,back_office,11.0,1129.8,6.28,6.01
2026-07-29,18,09:00,complaints.back_office,Complaints,back_office,10.0,1129.8,5.3,6.37
2026-07-29,19,09:30,complaints.back_office,Complaints,back_office,8.0,1129.8,3.63,5.11
2026-07-29,20,10:00,complaints.back_office,Complaints,back_office,11.0,1129.8,6.74,6.49
2026-07-29,21,10:30,complaints.back_office,Complaints,back_office,17.0,1129.8,12.17,11.31
2026-07-29,22,11:00,complaints.back_office,Complaints,back_office,11.0,1129.8,6.98,7.4
2026-07-29,23,11:30,complaints.back_office,Complaints,back_office,6.0,1129.8,3.61,3.86
2026-07-29,24,12:00,complaints.back_office,Complaints,back_office,4.0,1129.8,2.29,2.51
2026-07-29,25,12:30,complaints.back_office,Complaints,back_office,1.0,1129.8,0.77,0.6
2026-07-29,26,13:00,complaints.back_office,Complaints,back_office,2.0,1129.8,1.3,1.21
2026-07-29,27,13:30,complaints.back_office,Complaints,back_office,4.0,1129.8,2.44,2.74
2026-07-29,28,14:00,complaints.back_office,Complaints,back_office,8.0,1129.8,4.7,4.96
2026-07-29,29,14:30,complaints.back_office,Complaints,back_office,15.0,1129.8,7.09,9.14
2026-07-29,30,15:00,complaints.back_office,Complaints,back_office,12.0,1129.8,7.64,8.09
2026-07-29,31,15:30,complaints.back_office,Complaints,back_office,9.0,1129.8,4.76,5.36
2026-07-29,32,16:00,complaints.back_office,Complaints,back_office,8.0,1129.8,4.9,5.12
2026-07-29,33,16:30,complaints.back_office,Complaints,back_office,2.0,1129.8,0.97,1.31
2026-07-29,34,17:00,complaints.back_office,Complaints,back_office,2.0,1129.8,1.25,1.26
2026-07-29,35,17:30,complaints.back_office,Complaints,back_office,1.0,1129.8,0.71,0.63
2026-07-30,16,08:00,complaints.back_office,Complaints,back_office,0.0,1172.5,0.0,0.0
2026-07-30,17,08:30,complaints.back_office,Complaints,back_office,7.0,1172.5,5.25,4.76
2026-07-30,18,09:00,complaints.back_office,Complaints,back_office,15.0,1172.5,8.8,8.79
2026-07-30,19,09:30,complaints.back_office,Complaints,back_office,12.0,1172.5,7.05,8.32
2026-07-30,20,10:00,complaints.back_office,Complaints,back_office,17.0,1172.5,11.17,11.69
2026-07-30,21,10:30,complaints.back_office,Complaints,back_office,16.0,1172.5,8.33,9.76
2026-07-30,22,11:00,complaints.back_office,Complaints,back_office,6.0,1172.5,4.37,3.76
2026-07-30,23,11:30,complaints.back_office,Complaints,back_office,12.0,1172.5,7.23,7.84
2026-07-30,24,12:00,complaints.back_office,Complaints,back_office,2.0,1172.5,1.28,1.32
2026-07-30,25,12:30,complaints.back_office,Complaints,back_office,1.0,1172.5,0.61,0.65
2026-07-30,26,13:00,complaints.back_office,Complaints,back_office,8.0,1172.5,4.53,5.21
2026-07-30,27,13:30,complaints.back_office,Complaints,back_office,4.0,1172.5,2.4,2.62
2026-07-30,28,14:00,complaints.back_office,Complaints,back_office,8.0,1172.5,5.03,5.29
2026-07-30,29,14:30,complaints.back_office,Complaints,back_office,14.0,1172.5,8.59,9.39
2026-07-30,30,15:00,complaints.back_office,Complaints,back_office,9.0,1172.5,6.15,5.63
2026-07-30,31,15:30,complaints.back_office,Complaints,back_office,6.0,1172.5,4.97,4.23
2026-07-30,32,16:00,complaints.back_office,Complaints,back_office,10.0,1172.5,5.16,6.4
2026-07-30,33,16:30,complaints.back_office,Complaints,back_office,4.0,1172.5,2.56,2.14
2026-07-30,34,17:00,complaints.back_office,Complaints,back_office,1.0,1172.5,0.55,0.66
2026-07-30,35,17:30,complaints.back_office,Complaints,back_office,1.0,1172.5,0.48,0.7
2026-07-31,16,08:00,complaints.back_office,Complaints,back_office,1.0,1169.1,0.59,0.67
2026-07-31,17,08:30,complaints.back_office,Complaints,back_office,10.0,1169.1,6.43,6.28
2026-07-31,18,09:00,complaints.back_office,Complaints,back_office,15.0,1169.1,8.81,10.16
2026-07-31,19,09:30,complaints.back_office,Complaints,back_office,14.0,1169.1,9.41,9.39
2026-07-31,20,10:00,complaints.back_office,Complaints,back_office,15.0,1169.1,10.75,10.44
2026-07-31,21,10:30,complaints.back_office,Complaints,back_office,19.0,1169.1,12.08,12.21
2026-07-31,22,11:00,complaints.back_office,Complaints,back_office,16.0,1169.1,10.18,9.16
2026-07-31,23,11:30,complaints.back_office,Complaints,back_office,12.0,1169.1,7.71,6.91
2026-07-31,24,12:00,complaints.back_office,Complaints,back_office,8.0,1169.1,5.09,5.38
2026-07-31,25,12:30,complaints.back_office,Complaints,back_office,2.0,1169.1,1.12,1.27
2026-07-31,26,13:00,complaints.back_office,Complaints,back_office,12.0,1169.1,8.77,7.61
2026-07-31,27,13:30,complaints.back_office,Complaints,back_office,6.0,1169.1,3.7,3.77
2026-07-31,28,14:00,complaints.back_office,Complaints,back_office,8.0,1169.1,5.15,4.95
2026-07-31,29,14:30,complaints.back_office,Complaints,back_office,9.0,1169.1,5.0,5.83
2026-07-31,30,15:00,complaints.back_office,Complaints,back_office,17.0,1169.1,9.32,11.64
2026-07-31,31,15:30,complaints.back_office,Complaints,back_office,13.0,1169.1,9.35,8.56
2026-07-31,32,16:00,complaints.back_office,Complaints,back_office,9.0,1169.1,5.45,5.46
2026-07-31,33,16:30,complaints.back_office,Complaints,back_office,5.0,1169.1,3.07,3.39
2026-07-31,34,17:00,complaints.back_office,Complaints,back_office,2.0,1169.1,1.28,1.26
2026-07-31,35,17:30,complaints.back_office,Complaints,back_office,1.0,1169.1,0.68,0.66
2026-08-03,16,08:00,complaints.back_office,Complaints,back_office,2.0,1183.6,1.42,1.39
2026-08-03,17,08:30,complaints.back_office,Complaints,back_office,15.0,1183.6,8.17,10.71
2026-08-03,18,09:00,complaints.back_office,Complaints,back_office,12.0,1183.6,6.77,8.22
2026-08-03,19,09:30,complaints.back_office,Complaints,back_office,20.0,1183.6,13.55,12.5
2026-08-03,20,10:00,complaints.back_office,Complaints,back_office,14.0,1183.6,10.03,8.94
2026-08-03,21,10:30,complaints.back_office,Complaints,back_office,17.0,1183.6,10.32,11.25
2026-08-03,22,11:00,complaints.back_office,Complaints,back_office,14.0,1183.6,9.11,8.77
2026-08-03,23,11:30,complaints.back_office,Complaints,back_office,11.0,1183.6,7.69,7.8
2026-08-03,24,12:00,complaints.back_office,Complaints,back_office,8.0,1183.6,5.31,5.4
2026-08-03,25,12:30,complaints.back_office,Complaints,back_office,2.0,1183.6,1.09,1.27
2026-08-03,26,13:00,complaints.back_office,Complaints,back_office,4.0,1183.6,1.59,2.69
2026-08-03,27,13:30,complaints.back_office,Complaints,back_office,8.0,1183.6,5.05,5.11
2026-08-03,28,14:00,complaints.back_office,Complaints,back_office,16.0,1183.6,9.71,10.87
2026-08-03,29,14:30,complaints.back_office,Complaints,back_office,11.0,1183.6,8.01,7.31
2026-08-03,30,15:00,complaints.back_office,Complaints,back_office,7.0,1183.6,5.11,4.44
2026-08-03,31,15:30,complaints.back_office,Complaints,back_office,10.0,1183.6,5.86,6.46
2026-08-03,32,16:00,complaints.back_office,Complaints,back_office,5.0,1183.6,3.21,3.16
2026-08-03,33,16:30,complaints.back_office,Complaints,back_office,9.0,1183.6,6.76,6.01
2026-08-03,34,17:00,complaints.back_office,Complaints,back_office,3.0,1183.6,2.13,1.85
2026-08-03,35,17:30,complaints.back_office,Complaints,back_office,0.0,1183.6,0.0,0.0
2026-08-04,16,08:00,complaints.back_office,Complaints,back_office,4.0,1120.3,2.47,2.4
2026-08-04,17,08:30,complaints.back_office,Complaints,back_office,16.0,1120.3,10.15,9.06
2026-08-04,18,09:00,complaints.back_office,Complaints,back_office,8.0,1120.3,4.24,5.25
2026-08-04,19,09:30,complaints.back_office,Complaints,back_office,9.0,1120.3,6.59,5.21
2026-08-04,20,10:00,complaints.back_office,Complaints,back_office,22.0,1120.3,12.82,12.83
2026-08-04,21,10:30,complaints.back_office,Complaints,back_office,11.0,1120.3,6.42,6.78
2026-08-04,22,11:00,complaints.back_office,Complaints,back_office,16.0,1120.3,8.44,9.48
2026-08-04,23,11:30,complaints.back_office,Complaints,back_office,11.0,1120.3,5.23,6.19
2026-08-04,24,12:00,complaints.back_office,Complaints,back_office,4.0,1120.3,1.89,2.53
2026-08-04,25,12:30,complaints.back_office,Complaints,back_office,2.0,1120.3,1.17,1.16
2026-08-04,26,13:00,complaints.back_office,Complaints,back_office,9.0,1120.3,6.04,5.46
2026-08-04,27,13:30,complaints.back_office,Complaints,back_office,12.0,1120.3,6.4,7.15
2026-08-04,28,14:00,complaints.back_office,Complaints,back_office,14.0,1120.3,9.6,8.01
2026-08-04,29,14:30,complaints.back_office,Complaints,back_office,10.0,1120.3,4.76,6.61
2026-08-04,30,15:00,complaints.back_office,Complaints,back_office,14.0,1120.3,9.79,8.54
2026-08-04,31,15:30,complaints.back_office,Complaints,back_office,14.0,1120.3,9.93,9.21
2026-08-04,32,16:00,complaints.back_office,Complaints,back_office,4.0,1120.3,2.3,2.35
2026-08-04,33,16:30,complaints.back_office,Complaints,back_office,4.0,1120.3,2.67,2.38
2026-08-04,34,17:00,complaints.back_office,Complaints,back_office,1.0,1120.3,0.58,0.65
2026-08-04,35,17:30,complaints.back_office,Complaints,back_office,0.0,1120.3,0.0,0.0
2026-08-05,16,08:00,complaints.back_office,Complaints,back_office,3.0,1197.2,1.39,2.0
2026-08-05,17,08:30,complaints.back_office,Complaints,back_office,10.0,1197.2,7.84,7.03
2026-08-05,18,09:00,complaints.back_office,Complaints,back_office,9.0,1197.2,4.86,5.65
2026-08-05,19,09:30,complaints.back_office,Complaints,back_office,9.0,1197.2,6.36,6.12
2026-08-05,20,10:00,complaints.back_office,Complaints,back_office,11.0,1197.2,6.63,7.17
2026-08-05,21,10:30,complaints.back_office,Complaints,back_office,8.0,1197.2,3.98,5.66
2026-08-05,22,11:00,complaints.back_office,Complaints,back_office,9.0,1197.2,6.12,5.61
2026-08-05,23,11:30,complaints.back_office,Complaints,back_office,3.0,1197.2,1.89,1.81
2026-08-05,24,12:00,complaints.back_office,Complaints,back_office,4.0,1197.2,2.8,2.45
2026-08-05,25,12:30,complaints.back_office,Complaints,back_office,4.0,1197.2,2.42,2.54
2026-08-05,26,13:00,complaints.back_office,Complaints,back_office,3.0,1197.2,1.7,1.93
2026-08-05,27,13:30,complaints.back_office,Complaints,back_office,1.0,1197.2,0.64,0.7
2026-08-05,28,14:00,complaints.back_office,Complaints,back_office,9.0,1197.2,7.06,6.02
2026-08-05,29,14:30,complaints.back_office,Complaints,back_office,16.0,1197.2,9.29,11.13
2026-08-05,30,15:00,complaints.back_office,Complaints,back_office,14.0,1197.2,10.63,9.61
2026-08-05,31,15:30,complaints.back_office,Complaints,back_office,8.0,1197.2,4.98,5.24
2026-08-05,32,16:00,complaints.back_office,Complaints,back_office,8.0,1197.2,6.88,4.76
2026-08-05,33,16:30,complaints.back_office,Complaints,back_office,4.0,1197.2,2.56,2.7
2026-08-05,34,17:00,complaints.back_office,Complaints,back_office,0.0,1197.2,0.0,0.0
2026-08-05,35,17:30,complaints.back_office,Complaints,back_office,0.0,1197.2,0.0,0.0
2026-08-06,16,08:00,complaints.back_office,Complaints,back_office,4.0,1103.0,2.47,2.41
2026-08-06,17,08:30,complaints.back_office,Complaints,back_office,7.0,1103.0,4.2,4.41
2026-08-06,18,09:00,complaints.back_office,Complaints,back_office,13.0,1103.0,7.16,8.63
2026-08-06,19,09:30,complaints.back_office,Complaints,back_office,3.0,1103.0,1.65,1.81
2026-08-06,20,10:00,complaints.back_office,Complaints,back_office,15.0,1103.0,7.82,9.84
2026-08-06,21,10:30,complaints.back_office,Complaints,back_office,18.0,1103.0,9.48,11.17
2026-08-06,22,11:00,complaints.back_office,Complaints,back_office,9.0,1103.0,4.99,5.33
2026-08-06,23,11:30,complaints.back_office,Complaints,back_office,7.0,1103.0,4.71,4.26
2026-08-06,24,12:00,complaints.back_office,Complaints,back_office,3.0,1103.0,1.94,1.78
2026-08-06,25,12:30,complaints.back_office,Complaints,back_office,4.0,1103.0,2.52,2.47
2026-08-06,26,13:00,complaints.back_office,Complaints,back_office,4.0,1103.0,2.44,2.36
2026-08-06,27,13:30,complaints.back_office,Complaints,back_office,7.0,1103.0,2.64,4.04
2026-08-06,28,14:00,complaints.back_office,Complaints,back_office,9.0,1103.0,5.02,5.57
2026-08-06,29,14:30,complaints.back_office,Complaints,back_office,8.0,1103.0,3.89,4.91
2026-08-06,30,15:00,complaints.back_office,Complaints,back_office,10.0,1103.0,4.98,6.4
2026-08-06,31,15:30,complaints.back_office,Complaints,back_office,5.0,1103.0,2.57,3.4
2026-08-06,32,16:00,complaints.back_office,Complaints,back_office,5.0,1103.0,2.41,2.99
2026-08-06,33,16:30,complaints.back_office,Complaints,back_office,5.0,1103.0,2.7,2.96
2026-08-06,34,17:00,complaints.back_office,Complaints,back_office,1.0,1103.0,0.69,0.57
2026-08-06,35,17:30,complaints.back_office,Complaints,back_office,0.0,1103.0,0.0,0.0
2026-08-07,16,08:00,complaints.back_office,Complaints,back_office,0.0,1165.4,0.0,0.0
2026-08-07,17,08:30,complaints.back_office,Complaints,back_office,8.0,1165.4,4.84,4.96
2026-08-07,18,09:00,complaints.back_office,Complaints,back_office,7.0,1165.4,4.85,4.41
2026-08-07,19,09:30,complaints.back_office,Complaints,back_office,14.0,1165.4,8.86,8.69
2026-08-07,20,10:00,complaints.back_office,Complaints,back_office,17.0,1165.4,10.89,9.68
2026-08-07,21,10:30,complaints.back_office,Complaints,back_office,8.0,1165.4,5.41,4.99
2026-08-07,22,11:00,complaints.back_office,Complaints,back_office,6.0,1165.4,4.07,3.92
2026-08-07,23,11:30,complaints.back_office,Complaints,back_office,8.0,1165.4,5.19,5.18
2026-08-07,24,12:00,complaints.back_office,Complaints,back_office,10.0,1165.4,7.25,5.64
2026-08-07,25,12:30,complaints.back_office,Complaints,back_office,1.0,1165.4,0.56,0.71
2026-08-07,26,13:00,complaints.back_office,Complaints,back_office,3.0,1165.4,1.9,1.84
2026-08-07,27,13:30,complaints.back_office,Complaints,back_office,8.0,1165.4,5.93,5.68
2026-08-07,28,14:00,complaints.back_office,Complaints,back_office,5.0,1165.4,2.66,3.49
2026-08-07,29,14:30,complaints.back_office,Complaints,back_office,16.0,1165.4,10.55,11.09
2026-08-07,30,15:00,complaints.back_office,Complaints,back_office,6.0,1165.4,3.81,4.24
2026-08-07,31,15:30,complaints.back_office,Complaints,back_office,6.0,1165.4,2.48,3.9
2026-08-07,32,16:00,complaints.back_office,Complaints,back_office,3.0,1165.4,1.59,1.97
2026-08-07,33,16:30,complaints.back_office,Complaints,back_office,6.0,1165.4,3.87,3.9
2026-08-07,34,17:00,complaints.back_office,Complaints,back_office,2.0,1165.4,1.58,1.33
2026-08-07,35,17:30,complaints.back_office,Complaints,back_office,0.0,1165.4,0.0,0.0
2026-08-10,16,08:00,complaints.back_office,Complaints,back_office,2.0,1199.2,0.84,1.35
2026-08-10,17,08:30,complaints.back_office,Complaints,back_office,10.0,1199.2,6.51,6.61
2026-08-10,18,09:00,complaints.back_office,Complaints,back_office,10.0,1199.2,6.68,7.11
2026-08-10,19,09:30,complaints.back_office,Complaints,back_office,18.0,1199.2,11.97,12.83
2026-08-10,20,10:00,complaints.back_office,Complaints,back_office,16.0,1199.2,10.84,10.81
2026-08-10,21,10:30,complaints.back_office,Complaints,back_office,15.0,1199.2,8.58,10.34
2026-08-10,22,11:00,complaints.back_office,Complaints,back_office,6.0,1199.2,4.19,3.69
2026-08-10,23,11:30,complaints.back_office,Complaints,back_office,6.0,1199.2,2.96,4.16
2026-08-10,24,12:00,complaints.back_office,Complaints,back_office,3.0,1199.2,2.6,1.97
2026-08-10,25,12:30,complaints.back_office,Complaints,back_office,1.0,1199.2,0.56,0.68
2026-08-10,26,13:00,complaints.back_office,Complaints,back_office,6.0,1199.2,4.72,3.91
2026-08-10,27,13:30,complaints.back_office,Complaints,back_office,11.0,1199.2,6.84,6.43
2026-08-10,28,14:00,complaints.back_office,Complaints,back_office,14.0,1199.2,10.42,9.69
2026-08-10,29,14:30,complaints.back_office,Complaints,back_office,20.0,1199.2,12.97,13.8
2026-08-10,30,15:00,complaints.back_office,Complaints,back_office,10.0,1199.2,5.24,6.97
2026-08-10,31,15:30,complaints.back_office,Complaints,back_office,13.0,1199.2,7.69,9.36
2026-08-10,32,16:00,complaints.back_office,Complaints,back_office,10.0,1199.2,5.93,6.98
2026-08-10,33,16:30,complaints.back_office,Complaints,back_office,6.0,1199.2,4.04,4.0
2026-08-10,34,17:00,complaints.back_office,Complaints,back_office,0.0,1199.2,0.0,0.0
2026-08-10,35,17:30,complaints.back_office,Complaints,back_office,4.0,1199.2,2.22,2.33
2026-08-11,16,08:00,complaints.back_office,Complaints,back_office,6.0,1124.9,4.32,3.39
2026-08-11,17,08:30,complaints.back_office,Complaints,back_office,3.0,1124.9,1.64,1.9
2026-08-11,18,09:00,complaints.back_office,Complaints,back_office,7.0,1124.9,4.16,4.28
2026-08-11,19,09:30,complaints.back_office,Complaints,back_office,7.0,1124.9,3.81,4.5
2026-08-11,20,10:00,complaints.back_office,Complaints,back_office,14.0,1124.9,9.43,8.22
2026-08-11,21,10:30,complaints.back_office,Complaints,back_office,13.0,1124.9,6.77,8.01
2026-08-11,22,11:00,complaints.back_office,Complaints,back_office,11.0,1124.9,6.2,6.33
2026-08-11,23,11:30,complaints.back_office,Complaints,back_office,4.0,1124.9,2.78,2.61
2026-08-11,24,12:00,complaints.back_office,Complaints,back_office,2.0,1124.9,1.21,1.23
2026-08-11,25,12:30,complaints.back_office,Complaints,back_office,2.0,1124.9,1.36,1.24
2026-08-11,26,13:00,complaints.back_office,Complaints,back_office,3.0,1124.9,1.81,1.86
2026-08-11,27,13:30,complaints.back_office,Complaints,back_office,7.0,1124.9,3.38,4.55
2026-08-11,28,14:00,complaints.back_office,Complaints,back_office,7.0,1124.9,5.39,4.59
2026-08-11,29,14:30,complaints.back_office,Complaints,back_office,9.0,1124.9,6.52,5.91
2026-08-11,30,15:00,complaints.back_office,Complaints,back_office,9.0,1124.9,4.71,5.87
2026-08-11,31,15:30,complaints.back_office,Complaints,back_office,9.0,1124.9,4.44,5.55
2026-08-11,32,16:00,complaints.back_office,Complaints,back_office,7.0,1124.9,4.47,4.59
2026-08-11,33,16:30,complaints.back_office,Complaints,back_office,6.0,1124.9,4.01,3.37
2026-08-11,34,17:00,complaints.back_office,Complaints,back_office,1.0,1124.9,0.64,0.63
2026-08-11,35,17:30,complaints.back_office,Complaints,back_office,1.0,1124.9,0.56,0.6
2026-08-12,16,08:00,complaints.back_office,Complaints,back_office,3.0,1116.1,1.56,1.75
2026-08-12,17,08:30,complaints.back_office,Complaints,back_office,12.0,1116.1,8.05,7.59
2026-08-12,18,09:00,complaints.back_office,Complaints,back_office,12.0,1116.1,7.82,7.33
2026-08-12,19,09:30,complaints.back_office,Complaints,back_office,13.0,1116.1,8.07,9.1
2026-08-12,20,10:00,complaints.back_office,Complaints,back_office,11.0,1116.1,7.53,6.67
2026-08-12,21,10:30,complaints.back_office,Complaints,back_office,8.0,1116.1,5.73,5.39
2026-08-12,22,11:00,complaints.back_office,Complaints,back_office,11.0,1116.1,5.73,6.37
2026-08-12,23,11:30,complaints.back_office,Complaints,back_office,9.0,1116.1,5.09,5.34
2026-08-12,24,12:00,complaints.back_office,Complaints,back_office,6.0,1116.1,4.1,3.87
2026-08-12,25,12:30,complaints.back_office,Complaints,back_office,2.0,1116.1,1.03,1.33
2026-08-12,26,13:00,complaints.back_office,Complaints,back_office,4.0,1116.1,2.19,2.47
2026-08-12,27,13:30,complaints.back_office,Complaints,back_office,5.0,1116.1,3.23,3.3
2026-08-12,28,14:00,complaints.back_office,Complaints,back_office,12.0,1116.1,6.45,7.88
2026-08-12,29,14:30,complaints.back_office,Complaints,back_office,8.0,1116.1,4.15,4.96
2026-08-12,30,15:00,complaints.back_office,Complaints,back_office,8.0,1116.1,3.93,4.84
2026-08-12,31,15:30,complaints.back_office,Complaints,back_office,4.0,1116.1,1.91,2.47
2026-08-12,32,16:00,complaints.back_office,Complaints,back_office,5.0,1116.1,2.52,2.99
2026-08-12,33,16:30,complaints.back_office,Complaints,back_office,1.0,1116.1,0.54,0.64
2026-08-12,34,17:00,complaints.back_office,Complaints,back_office,0.0,1116.1,0.0,0.0
2026-08-12,35,17:30,complaints.back_office,Complaints,back_office,1.0,1116.1,0.4,0.64
2026-08-13,16,08:00,complaints.back_office,Complaints,back_office,3.0,1127.1,1.75,1.83
2026-08-13,17,08:30,complaints.back_office,Complaints,back_office,11.0,1127.1,8.1,6.89
2026-08-13,18,09:00,complaints.back_office,Complaints,back_office,12.0,1127.1,7.19,7.41
2026-08-13,19,09:30,complaints.back_office,Complaints,back_office,14.0,1127.1,9.52,8.95
2026-08-13,20,10:00,complaints.back_office,Complaints,back_office,13.0,1127.1,7.39,8.43
2026-08-13,21,10:30,complaints.back_office,Complaints,back_office,20.0,1127.1,11.95,12.0
2026-08-13,22,11:00,complaints.back_office,Complaints,back_office,8.0,1127.1,4.73,5.13
2026-08-13,23,11:30,complaints.back_office,Complaints,back_office,7.0,1127.1,3.73,4.54
2026-08-13,24,12:00,complaints.back_office,Complaints,back_office,2.0,1127.1,1.18,1.21
2026-08-13,25,12:30,complaints.back_office,Complaints,back_office,0.0,1127.1,0.0,0.0
2026-08-13,26,13:00,complaints.back_office,Complaints,back_office,5.0,1127.1,3.78,3.42
2026-08-13,27,13:30,complaints.back_office,Complaints,back_office,10.0,1127.1,6.17,6.37
2026-08-13,28,14:00,complaints.back_office,Complaints,back_office,16.0,1127.1,8.24,9.8
2026-08-13,29,14:30,complaints.back_office,Complaints,back_office,7.0,1127.1,3.84,4.5
2026-08-13,30,15:00,complaints.back_office,Complaints,back_office,10.0,1127.1,6.56,6.47
2026-08-13,31,15:30,complaints.back_office,Complaints,back_office,9.0,1127.1,5.32,5.16
2026-08-13,32,16:00,complaints.back_office,Complaints,back_office,12.0,1127.1,8.37,7.16
2026-08-13,33,16:30,complaints.back_office,Complaints,back_office,2.0,1127.1,1.43,1.28
2026-08-13,34,17:00,complaints.back_office,Complaints,back_office,0.0,1127.1,0.0,0.0
2026-08-13,35,17:30,complaints.back_office,Complaints,back_office,0.0,1127.1,0.0,0.0
2026-08-14,16,08:00,complaints.back_office,Complaints,back_office,1.0,1147.8,0.61,0.64
2026-08-14,17,08:30,complaints.back_office,Complaints,back_office,5.0,1147.8,2.97,3.06
2026-08-14,18,09:00,complaints.back_office,Complaints,back_office,13.0,1147.8,8.17,8.46
2026-08-14,19,09:30,complaints.back_office,Complaints,back_office,7.0,1147.8,3.63,4.31
2026-08-14,20,10:00,complaints.back_office,Complaints,back_office,14.0,1147.8,6.95,8.76
2026-08-14,21,10:30,complaints.back_office,Complaints,back_office,14.0,1147.8,7.7,9.17
2026-08-14,22,11:00,complaints.back_office,Complaints,back_office,9.0,1147.8,5.82,5.72
2026-08-14,23,11:30,complaints.back_office,Complaints,back_office,2.0,1147.8,1.37,1.33
2026-08-14,24,12:00,complaints.back_office,Complaints,back_office,3.0,1147.8,1.99,1.78
2026-08-14,25,12:30,complaints.back_office,Complaints,back_office,1.0,1147.8,0.63,0.59
2026-08-14,26,13:00,complaints.back_office,Complaints,back_office,8.0,1147.8,5.77,5.23
2026-08-14,27,13:30,complaints.back_office,Complaints,back_office,5.0,1147.8,2.81,3.19
2026-08-14,28,14:00,complaints.back_office,Complaints,back_office,8.0,1147.8,3.99,5.54
2026-08-14,29,14:30,complaints.back_office,Complaints,back_office,14.0,1147.8,9.36,8.22
2026-08-14,30,15:00,complaints.back_office,Complaints,back_office,5.0,1147.8,2.74,3.02
2026-08-14,31,15:30,complaints.back_office,Complaints,back_office,11.0,1147.8,5.57,7.15
2026-08-14,32,16:00,complaints.back_office,Complaints,back_office,7.0,1147.8,4.16,4.88
2026-08-14,33,16:30,complaints.back_office,Complaints,back_office,4.0,1147.8,2.77,2.47
2026-08-14,34,17:00,complaints.back_office,Complaints,back_office,2.0,1147.8,1.21,1.25
2026-08-14,35,17:30,complaints.back_office,Complaints,back_office,2.0,1147.8,1.29,1.25
2026-07-20,16,08:00,billing.back_office,Billing & payments,back_office,9.0,772.9,3.62,4.08
2026-07-20,17,08:30,billing.back_office,Billing & payments,back_office,38.0,772.9,16.37,15.68
2026-07-20,18,09:00,billing.back_office,Billing & payments,back_office,40.0,772.9,18.86,16.41
2026-07-20,19,09:30,billing.back_office,Billing & payments,back_office,43.0,772.9,21.21,18.36
2026-07-20,20,10:00,billing.back_office,Billing & payments,back_office,39.0,772.9,16.28,16.72
2026-07-20,21,10:30,billing.back_office,Billing & payments,back_office,48.0,772.9,16.42,20.39
2026-07-20,22,11:00,billing.back_office,Billing & payments,back_office,39.0,772.9,17.83,15.37
2026-07-20,23,11:30,billing.back_office,Billing & payments,back_office,18.0,772.9,7.8,7.82
2026-07-20,24,12:00,billing.back_office,Billing & payments,back_office,20.0,772.9,8.98,8.81
2026-07-20,25,12:30,billing.back_office,Billing & payments,back_office,14.0,772.9,7.05,6.02
2026-07-20,26,13:00,billing.back_office,Billing & payments,back_office,15.0,772.9,6.25,6.63
2026-07-20,27,13:30,billing.back_office,Billing & payments,back_office,36.0,772.9,12.99,15.89
2026-07-20,28,14:00,billing.back_office,Billing & payments,back_office,35.0,772.9,14.06,14.1
2026-07-20,29,14:30,billing.back_office,Billing & payments,back_office,39.0,772.9,15.91,16.98
2026-07-20,30,15:00,billing.back_office,Billing & payments,back_office,42.0,772.9,13.74,18.78
2026-07-20,31,15:30,billing.back_office,Billing & payments,back_office,29.0,772.9,15.63,12.15
2026-07-20,32,16:00,billing.back_office,Billing & payments,back_office,25.0,772.9,11.88,11.47
2026-07-20,33,16:30,billing.back_office,Billing & payments,back_office,9.0,772.9,3.91,4.19
2026-07-20,34,17:00,billing.back_office,Billing & payments,back_office,9.0,772.9,4.06,3.88
2026-07-20,35,17:30,billing.back_office,Billing & payments,back_office,4.0,772.9,2.3,1.74
2026-07-21,16,08:00,billing.back_office,Billing & payments,back_office,8.0,743.9,3.27,3.44
2026-07-21,17,08:30,billing.back_office,Billing & payments,back_office,33.0,743.9,13.73,13.76
2026-07-21,18,09:00,billing.back_office,Billing & payments,back_office,33.0,743.9,11.76,14.13
2026-07-21,19,09:30,billing.back_office,Billing & payments,back_office,40.0,743.9,11.73,15.92
2026-07-21,20,10:00,billing.back_office,Billing & payments,back_office,45.0,743.9,15.48,17.26
2026-07-21,21,10:30,billing.back_office,Billing & payments,back_office,40.0,743.9,13.75,15.8
2026-07-21,22,11:00,billing.back_office,Billing & payments,back_office,20.0,743.9,7.59,8.63
2026-07-21,23,11:30,billing.back_office,Billing & payments,back_office,22.0,743.9,8.43,9.36
2026-07-21,24,12:00,billing.back_office,Billing & payments,back_office,16.0,743.9,6.07,7.28
2026-07-21,25,12:30,billing.back_office,Billing & payments,back_office,10.0,743.9,4.3,3.93
2026-07-21,26,13:00,billing.back_office,Billing & payments,back_office,16.0,743.9,6.35,7.1
2026-07-21,27,13:30,billing.back_office,Billing & payments,back_office,20.0,743.9,8.05,8.23
2026-07-21,28,14:00,billing.back_office,Billing & payments,back_office,36.0,743.9,14.22,14.82
2026-07-21,29,14:30,billing.back_office,Billing & payments,back_office,38.0,743.9,12.59,15.72
2026-07-21,30,15:00,billing.back_office,Billing & payments,back_office,27.0,743.9,10.87,10.43
2026-07-21,31,15:30,billing.back_office,Billing & payments,back_office,29.0,743.9,8.86,12.96
2026-07-21,32,16:00,billing.back_office,Billing & payments,back_office,14.0,743.9,4.38,5.64
2026-07-21,33,16:30,billing.back_office,Billing & payments,back_office,21.0,743.9,8.49,8.4
2026-07-21,34,17:00,billing.back_office,Billing & payments,back_office,9.0,743.9,4.0,3.69
2026-07-21,35,17:30,billing.back_office,Billing & payments,back_office,0.0,743.9,0.0,0.0
2026-07-22,16,08:00,billing.back_office,Billing & payments,back_office,11.0,730.6,4.93,4.08
2026-07-22,17,08:30,billing.back_office,Billing & payments,back_office,30.0,730.6,10.77,13.16
2026-07-22,18,09:00,billing.back_office,Billing & payments,back_office,44.0,730.6,15.48,16.83
2026-07-22,19,09:30,billing.back_office,Billing & payments,back_office,36.0,730.6,14.22,14.6
2026-07-22,20,10:00,billing.back_office,Billing & payments,back_office,61.0,730.6,25.6,25.89
2026-07-22,21,10:30,billing.back_office,Billing & payments,back_office,40.0,730.6,16.08,17.99
2026-07-22,22,11:00,billing.back_office,Billing & payments,back_office,37.0,730.6,15.22,15.58
2026-07-22,23,11:30,billing.back_office,Billing & payments,back_office,12.0,730.6,4.7,4.85
2026-07-22,24,12:00,billing.back_office,Billing & payments,back_office,19.0,730.6,6.89,7.43
2026-07-22,25,12:30,billing.back_office,Billing & payments,back_office,8.0,730.6,3.53,3.46
2026-07-22,26,13:00,billing.back_office,Billing & payments,back_office,14.0,730.6,5.78,5.01
2026-07-22,27,13:30,billing.back_office,Billing & payments,back_office,28.0,730.6,8.98,11.94
2026-07-22,28,14:00,billing.back_office,Billing & payments,back_office,41.0,730.6,12.78,15.72
2026-07-22,29,14:30,billing.back_office,Billing & payments,back_office,45.0,730.6,15.96,19.1
2026-07-22,30,15:00,billing.back_office,Billing & payments,back_office,25.0,730.6,10.77,10.05
2026-07-22,31,15:30,billing.back_office,Billing & payments,back_office,37.0,730.6,14.67,15.17
2026-07-22,32,16:00,billing.back_office,Billing & payments,back_office,23.0,730.6,8.69,9.9
2026-07-22,33,16:30,billing.back_office,Billing & payments,back_office,15.0,730.6,5.14,6.07
2026-07-22,34,17:00,billing.back_office,Billing & payments,back_office,7.0,730.6,2.56,2.89
2026-07-22,35,17:30,billing.back_office,Billing & payments,back_office,4.0,730.6,1.25,1.6
2026-07-23,16,08:00,billing.back_office,Billing & payments,back_office,10.0,748.0,3.42,4.24
2026-07-23,17,08:30,billing.back_office,Billing & payments,back_office,17.0,748.0,6.96,7.12
2026-07-23,18,09:00,billing.back_office,Billing & payments,back_office,36.0,748.0,13.28,15.2
2026-07-23,19,09:30,billing.back_office,Billing & payments,back_office,41.0,748.0,13.4,18.36
2026-07-23,20,10:00,billing.back_office,Billing & payments,back_office,43.0,748.0,17.7,17.32
2026-07-23,21,10:30,billing.back_office,Billing & payments,back_office,38.0,748.0,15.99,14.49
2026-07-23,22,11:00,billing.back_office,Billing & payments,back_office,40.0,748.0,17.34,15.98
2026-07-23,23,11:30,billing.back_office,Billing & payments,back_office,15.0,748.0,5.61,6.44
2026-07-23,24,12:00,billing.back_office,Billing & payments,back_office,15.0,748.0,5.7,6.24
2026-07-23,25,12:30,billing.back_office,Billing & payments,back_office,10.0,748.0,4.77,4.31
2026-07-23,26,13:00,billing.back_office,Billing & payments,back_office,17.0,748.0,6.99,7.76
2026-07-23,27,13:30,billing.back_office,Billing & payments,back_office,25.0,748.0,9.94,10.9
2026-07-23,28,14:00,billing.back_office,Billing & payments,back_office,31.0,748.0,12.69,13.88
2026-07-23,29,14:30,billing.back_office,Billing & payments,back_office,46.0,748.0,26.17,19.08
2026-07-23,30,15:00,billing.back_office,Billing & payments,back_office,31.0,748.0,12.96,12.77
2026-07-23,31,15:30,billing.back_office,Billing & payments,back_office,17.0,748.0,6.1,7.75
2026-07-23,32,16:00,billing.back_office,Billing & payments,back_office,27.0,748.0,11.12,12.31
2026-07-23,33,16:30,billing.back_office,Billing & payments,back_office,9.0,748.0,2.57,3.81
2026-07-23,34,17:00,billing.back_office,Billing & payments,back_office,3.0,748.0,1.1,1.15
2026-07-23,35,17:30,billing.back_office,Billing & payments,back_office,0.0,748.0,0.0,0.0
2026-07-24,16,08:00,billing.back_office,Billing & payments,back_office,11.0,762.4,5.03,4.56
2026-07-24,17,08:30,billing.back_office,Billing & payments,back_office,23.0,762.4,10.0,9.37
2026-07-24,18,09:00,billing.back_office,Billing & payments,back_office,40.0,762.4,16.09,16.82
2026-07-24,19,09:30,billing.back_office,Billing & payments,back_office,37.0,762.4,15.59,15.59
2026-07-24,20,10:00,billing.back_office,Billing & payments,back_office,45.0,762.4,20.45,19.81
2026-07-24,21,10:30,billing.back_office,Billing & payments,back_office,45.0,762.4,21.52,18.38
2026-07-24,22,11:00,billing.back_office,Billing & payments,back_office,39.0,762.4,19.36,16.94
2026-07-24,23,11:30,billing.back_office,Billing & payments,back_office,23.0,762.4,7.79,10.83
2026-07-24,24,12:00,billing.back_office,Billing & payments,back_office,7.0,762.4,3.05,2.94
2026-07-24,25,12:30,billing.back_office,Billing & payments,back_office,10.0,762.4,3.54,3.94
2026-07-24,26,13:00,billing.back_office,Billing & payments,back_office,17.0,762.4,7.72,7.25
2026-07-24,27,13:30,billing.back_office,Billing & payments,back_office,11.0,762.4,4.25,4.85
2026-07-24,28,14:00,billing.back_office,Billing & payments,back_office,29.0,762.4,14.72,10.9
2026-07-24,29,14:30,billing.back_office,Billing & payments,back_office,32.0,762.4,14.34,13.6
2026-07-24,30,15:00,billing.back_office,Billing & payments,back_office,47.0,762.4,18.62,19.66
2026-07-24,31,15:30,billing.back_office,Billing & payments,back_office,29.0,762.4,12.64,11.38
2026-07-24,32,16:00,billing.back_office,Billing & payments,back_office,19.0,762.4,9.0,8.05
2026-07-24,33,16:30,billing.back_office,Billing & payments,back_office,18.0,762.4,8.45,7.78
2026-07-24,34,17:00,billing.back_office,Billing & payments,back_office,4.0,762.4,1.85,1.73
2026-07-24,35,17:30,billing.back_office,Billing & payments,back_office,3.0,762.4,1.39,1.24
2026-07-27,16,08:00,billing.back_office,Billing & payments,back_office,14.0,756.5,6.25,5.81
2026-07-27,17,08:30,billing.back_office,Billing & payments,back_office,42.0,756.5,19.09,19.56
2026-07-27,18,09:00,billing.back_office,Billing & payments,back_office,41.0,756.5,16.09,17.5
2026-07-27,19,09:30,billing.back_office,Billing & payments,back_office,70.0,756.5,32.7,30.97
2026-07-27,20,10:00,billing.back_office,Billing & payments,back_office,83.0,756.5,30.68,36.14
2026-07-27,21,10:30,billing.back_office,Billing & payments,back_office,55.0,756.5,24.72,21.66
2026-07-27,22,11:00,billing.back_office,Billing & payments,back_office,54.0,756.5,23.63,23.12
2026-07-27,23,11:30,billing.back_office,Billing & payments,back_office,29.0,756.5,14.13,13.6
2026-07-27,24,12:00,billing.back_office,Billing & payments,back_office,19.0,756.5,8.14,7.66
2026-07-27,25,12:30,billing.back_office,Billing & payments,back_office,11.0,756.5,5.24,4.0
2026-07-27,26,13:00,billing.back_office,Billing & payments,back_office,19.0,756.5,7.51,7.87
2026-07-27,27,13:30,billing.back_office,Billing & payments,back_office,47.0,756.5,14.53,18.1
2026-07-27,28,14:00,billing.back_office,Billing & payments,back_office,42.0,756.5,18.11,16.82
2026-07-27,29,14:30,billing.back_office,Billing & payments,back_office,74.0,756.5,28.09,32.81
2026-07-27,30,15:00,billing.back_office,Billing & payments,back_office,56.0,756.5,22.42,21.52
2026-07-27,31,15:30,billing.back_office,Billing & payments,back_office,41.0,756.5,12.14,17.44
2026-07-27,32,16:00,billing.back_office,Billing & payments,back_office,31.0,756.5,16.03,13.42
2026-07-27,33,16:30,billing.back_office,Billing & payments,back_office,29.0,756.5,11.01,12.47
2026-07-27,34,17:00,billing.back_office,Billing & payments,back_office,6.0,756.5,2.31,2.24
2026-07-27,35,17:30,billing.back_office,Billing & payments,back_office,3.0,756.5,1.5,1.19
2026-07-28,16,08:00,billing.back_office,Billing & payments,back_office,13.0,736.9,5.19,5.27
2026-07-28,17,08:30,billing.back_office,Billing & payments,back_office,31.0,736.9,13.28,13.11
2026-07-28,18,09:00,billing.back_office,Billing & payments,back_office,33.0,736.9,12.75,13.19
2026-07-28,19,09:30,billing.back_office,Billing & payments,back_office,61.0,736.9,29.71,24.33
2026-07-28,20,10:00,billing.back_office,Billing & payments,back_office,55.0,736.9,20.85,22.71
2026-07-28,21,10:30,billing.back_office,Billing & payments,back_office,54.0,736.9,21.1,22.14
2026-07-28,22,11:00,billing.back_office,Billing & payments,back_office,43.0,736.9,15.93,18.1
2026-07-28,23,11:30,billing.back_office,Billing & payments,back_office,29.0,736.9,9.25,11.82
2026-07-28,24,12:00,billing.back_office,Billing & payments,back_office,11.0,736.9,4.45,4.5
2026-07-28,25,12:30,billing.back_office,Billing & payments,back_office,8.0,736.9,3.8,3.2
2026-07-28,26,13:00,billing.back_office,Billing & payments,back_office,18.0,736.9,7.91,7.62
2026-07-28,27,13:30,billing.back_office,Billing & payments,back_office,26.0,736.9,9.32,10.89
2026-07-28,28,14:00,billing.back_office,Billing & payments,back_office,40.0,736.9,14.22,18.59
2026-07-28,29,14:30,billing.back_office,Billing & payments,back_office,44.0,736.9,21.25,18.48
2026-07-28,30,15:00,billing.back_office,Billing & payments,back_office,33.0,736.9,14.88,13.86
2026-07-28,31,15:30,billing.back_office,Billing & payments,back_office,45.0,736.9,17.24,18.35
2026-07-28,32,16:00,billing.back_office,Billing & payments,back_office,32.0,736.9,10.67,13.27
2026-07-28,33,16:30,billing.back_office,Billing & payments,back_office,20.0,736.9,7.25,8.37
2026-07-28,34,17:00,billing.back_office,Billing & payments,back_office,5.0,736.9,2.04,2.14
2026-07-28,35,17:30,billing.back_office,Billing & payments,back_office,4.0,736.9,1.44,1.53
2026-07-29,16,08:00,billing.back_office,Billing & payments,back_office,9.0,733.3,3.79,3.7
2026-07-29,17,08:30,billing.back_office,Billing & payments,back_office,24.0,733.3,8.44,10.1
2026-07-29,18,09:00,billing.back_office,Billing & payments,back_office,30.0,733.3,12.45,13.09
2026-07-29,19,09:30,billing.back_office,Billing & payments,back_office,30.0,733.3,15.77,12.19
2026-07-29,20,10:00,billing.back_office,Billing & payments,back_office,38.0,733.3,13.56,15.2
2026-07-29,21,10:30,billing.back_office,Billing & payments,back_office,47.0,733.3,18.92,20.44
2026-07-29,22,11:00,billing.back_office,Billing & payments,back_office,40.0,733.3,15.5,15.27
2026-07-29,23,11:30,billing.back_office,Billing & payments,back_office,20.0,733.3,9.9,7.67
2026-07-29,24,12:00,billing.back_office,Billing & payments,back_office,17.0,733.3,5.27,6.63
2026-07-29,25,12:30,billing.back_office,Billing & payments,back_office,10.0,733.3,3.09,3.85
2026-07-29,26,13:00,billing.back_office,Billing & payments,back_office,9.0,733.3,4.25,3.61
2026-07-29,27,13:30,billing.back_office,Billing & payments,back_office,25.0,733.3,8.48,9.44
2026-07-29,28,14:00,billing.back_office,Billing & payments,back_office,31.0,733.3,11.12,13.06
2026-07-29,29,14:30,billing.back_office,Billing & payments,back_office,32.0,733.3,10.67,12.35
2026-07-29,30,15:00,billing.back_office,Billing & payments,back_office,19.0,733.3,7.4,7.43
2026-07-29,31,15:30,billing.back_office,Billing & payments,back_office,33.0,733.3,14.31,12.7
2026-07-29,32,16:00,billing.back_office,Billing & payments,back_office,29.0,733.3,10.64,12.03
2026-07-29,33,16:30,billing.back_office,Billing & payments,back_office,23.0,733.3,10.75,9.33
2026-07-29,34,17:00,billing.back_office,Billing & payments,back_office,4.0,733.3,1.44,1.65
2026-07-29,35,17:30,billing.back_office,Billing & payments,back_office,2.0,733.3,0.86,0.81
2026-07-30,16,08:00,billing.back_office,Billing & payments,back_office,9.0,723.1,2.94,4.09
2026-07-30,17,08:30,billing.back_office,Billing & payments,back_office,14.0,723.1,6.22,5.61
2026-07-30,18,09:00,billing.back_office,Billing & payments,back_office,38.0,723.1,15.7,15.23
2026-07-30,19,09:30,billing.back_office,Billing & payments,back_office,43.0,723.1,15.34,16.94
2026-07-30,20,10:00,billing.back_office,Billing & payments,back_office,41.0,723.1,19.32,16.01
2026-07-30,21,10:30,billing.back_office,Billing & payments,back_office,29.0,723.1,10.2,11.38
2026-07-30,22,11:00,billing.back_office,Billing & payments,back_office,22.0,723.1,7.07,9.06
2026-07-30,23,11:30,billing.back_office,Billing & payments,back_office,14.0,723.1,5.64,5.77
2026-07-30,24,12:00,billing.back_office,Billing & payments,back_office,9.0,723.1,3.07,3.86
2026-07-30,25,12:30,billing.back_office,Billing & payments,back_office,8.0,723.1,3.01,3.34
2026-07-30,26,13:00,billing.back_office,Billing & payments,back_office,16.0,723.1,8.94,5.98
2026-07-30,27,13:30,billing.back_office,Billing & payments,back_office,19.0,723.1,7.26,7.18
2026-07-30,28,14:00,billing.back_office,Billing & payments,back_office,34.0,723.1,12.06,13.32
2026-07-30,29,14:30,billing.back_office,Billing & payments,back_office,36.0,723.1,11.13,14.83
2026-07-30,30,15:00,billing.back_office,Billing & payments,back_office,35.0,723.1,13.21,13.03
2026-07-30,31,15:30,billing.back_office,Billing & payments,back_office,28.0,723.1,11.89,11.68
2026-07-30,32,16:00,billing.back_office,Billing & payments,back_office,22.0,723.1,9.98,8.87
2026-07-30,33,16:30,billing.back_office,Billing & payments,back_office,15.0,723.1,5.95,5.83
2026-07-30,34,17:00,billing.back_office,Billing & payments,back_office,6.0,723.1,2.01,2.47
2026-07-30,35,17:30,billing.back_office,Billing & payments,back_office,3.0,723.1,1.37,1.22
2026-07-31,16,08:00,billing.back_office,Billing & payments,back_office,10.0,734.9,4.44,4.15
2026-07-31,17,08:30,billing.back_office,Billing & payments,back_office,26.0,734.9,10.04,10.77
2026-07-31,18,09:00,billing.back_office,Billing & payments,back_office,47.0,734.9,18.53,18.91
2026-07-31,19,09:30,billing.back_office,Billing & payments,back_office,53.0,734.9,18.85,21.44
2026-07-31,20,10:00,billing.back_office,Billing & payments,back_office,63.0,734.9,23.6,25.71
2026-07-31,21,10:30,billing.back_office,Billing & payments,back_office,46.0,734.9,17.08,19.02
2026-07-31,22,11:00,billing.back_office,Billing & payments,back_office,29.0,734.9,11.67,11.01
2026-07-31,23,11:30,billing.back_office,Billing & payments,back_office,22.0,734.9,7.35,9.35
2026-07-31,24,12:00,billing.back_office,Billing & payments,back_office,11.0,734.9,4.58,4.54
2026-07-31,25,12:30,billing.back_office,Billing & payments,back_office,11.0,734.9,4.41,4.55
2026-07-31,26,13:00,billing.back_office,Billing & payments,back_office,17.0,734.9,6.58,6.61
2026-07-31,27,13:30,billing.back_office,Billing & payments,back_office,35.0,734.9,13.65,12.77
2026-07-31,28,14:00,billing.back_office,Billing & payments,back_office,34.0,734.9,13.53,13.07
2026-07-31,29,14:30,billing.back_office,Billing & payments,back_office,38.0,734.9,13.13,14.96
2026-07-31,30,15:00,billing.back_office,Billing & payments,back_office,50.0,734.9,16.74,19.89
2026-07-31,31,15:30,billing.back_office,Billing & payments,back_office,23.0,734.9,8.13,8.93
2026-07-31,32,16:00,billing.back_office,Billing & payments,back_office,22.0,734.9,9.0,8.27
2026-07-31,33,16:30,billing.back_office,Billing & payments,back_office,22.0,734.9,7.39,8.25
2026-07-31,34,17:00,billing.back_office,Billing & payments,back_office,9.0,734.9,2.99,3.64
2026-07-31,35,17:30,billing.back_office,Billing & payments,back_office,2.0,734.9,0.65,0.8
2026-08-03,16,08:00,billing.back_office,Billing & payments,back_office,20.0,758.6,9.14,9.11
2026-08-03,17,08:30,billing.back_office,Billing & payments,back_office,39.0,758.6,13.98,16.61
2026-08-03,18,09:00,billing.back_office,Billing & payments,back_office,47.0,758.6,20.5,20.4
2026-08-03,19,09:30,billing.back_office,Billing & payments,back_office,55.0,758.6,21.1,24.45
2026-08-03,20,10:00,billing.back_office,Billing & payments,back_office,60.0,758.6,20.83,23.25
2026-08-03,21,10:30,billing.back_office,Billing & payments,back_office,48.0,758.6,16.24,20.62
2026-08-03,22,11:00,billing.back_office,Billing & payments,back_office,55.0,758.6,24.93,21.85
2026-08-03,23,11:30,billing.back_office,Billing & payments,back_office,39.0,758.6,14.12,16.59
2026-08-03,24,12:00,billing.back_office,Billing & payments,back_office,29.0,758.6,10.25,11.94
2026-08-03,25,12:30,billing.back_office,Billing & payments,back_office,9.0,758.6,4.31,3.69
2026-08-03,26,13:00,billing.back_office,Billing & payments,back_office,22.0,758.6,8.31,9.28
2026-08-03,27,13:30,billing.back_office,Billing & payments,back_office,44.0,758.6,17.87,18.01
2026-08-03,28,14:00,billing.back_office,Billing & payments,back_office,64.0,758.6,27.99,26.21
2026-08-03,29,14:30,billing.back_office,Billing & payments,back_office,57.0,758.6,20.63,22.97
2026-08-03,30,15:00,billing.back_office,Billing & payments,back_office,50.0,758.6,20.57,19.96
2026-08-03,31,15:30,billing.back_office,Billing & payments,back_office,41.0,758.6,16.63,17.04
2026-08-03,32,16:00,billing.back_office,Billing & payments,back_office,39.0,758.6,16.3,17.83
2026-08-03,33,16:30,billing.back_office,Billing & payments,back_office,24.0,758.6,9.97,10.05
2026-08-03,34,17:00,billing.back_office,Billing & payments,back_office,8.0,758.6,3.55,3.6
2026-08-03,35,17:30,billing.back_office,Billing & payments,back_office,4.0,758.6,1.72,1.71
2026-08-04,16,08:00,billing.back_office,Billing & payments,back_office,9.0,735.6,3.05,3.78
2026-08-04,17,08:30,billing.back_office,Billing & payments,back_office,25.0,735.6,12.27,10.31
2026-08-04,18,09:00,billing.back_office,Billing & payments,back_office,30.0,735.6,10.96,13.01
2026-08-04,19,09:30,billing.back_office,Billing & payments,back_office,67.0,735.6,21.06,28.59
2026-08-04,20,10:00,billing.back_office,Billing & payments,back_office,37.0,735.6,16.82,16.11
2026-08-04,21,10:30,billing.back_office,Billing & payments,back_office,33.0,735.6,14.9,13.18
2026-08-04,22,11:00,billing.back_office,Billing & payments,back_office,33.0,735.6,15.33,13.34
2026-08-04,23,11:30,billing.back_office,Billing & payments,back_office,20.0,735.6,7.93,8.58
2026-08-04,24,12:00,billing.back_office,Billing & payments,back_office,8.0,735.6,3.13,3.02
2026-08-04,25,12:30,billing.back_office,Billing & payments,back_office,10.0,735.6,4.52,3.77
2026-08-04,26,13:00,billing.back_office,Billing & payments,back_office,9.0,735.6,3.9,3.59
2026-08-04,27,13:30,billing.back_office,Billing & payments,back_office,26.0,735.6,9.15,9.34
2026-08-04,28,14:00,billing.back_office,Billing & payments,back_office,40.0,735.6,18.59,15.76
2026-08-04,29,14:30,billing.back_office,Billing & payments,back_office,38.0,735.6,12.57,15.77
2026-08-04,30,15:00,billing.back_office,Billing & payments,back_office,34.0,735.6,14.28,14.2
2026-08-04,31,15:30,billing.back_office,Billing & payments,back_office,24.0,735.6,9.01,10.31
2026-08-04,32,16:00,billing.back_office,Billing & payments,back_office,17.0,735.6,7.44,6.46
2026-08-04,33,16:30,billing.back_office,Billing & payments,back_office,14.0,735.6,4.42,5.8
2026-08-04,34,17:00,billing.back_office,Billing & payments,back_office,4.0,735.6,1.91,1.59
2026-08-04,35,17:30,billing.back_office,Billing & payments,back_office,5.0,735.6,1.53,2.17
2026-08-05,16,08:00,billing.back_office,Billing & payments,back_office,9.0,737.7,3.43,3.86
2026-08-05,17,08:30,billing.back_office,Billing & payments,back_office,24.0,737.7,7.87,9.25
2026-08-05,18,09:00,billing.back_office,Billing & payments,back_office,27.0,737.7,10.51,10.76
2026-08-05,19,09:30,billing.back_office,Billing & payments,back_office,36.0,737.7,15.44,14.23
2026-08-05,20,10:00,billing.back_office,Billing & payments,back_office,40.0,737.7,17.97,14.84
2026-08-05,21,10:30,billing.back_office,Billing & payments,back_office,44.0,737.7,16.85,16.9
2026-08-05,22,11:00,billing.back_office,Billing & payments,back_office,27.0,737.7,10.87,10.88
2026-08-05,23,11:30,billing.back_office,Billing & payments,back_office,16.0,737.7,6.61,6.52
2026-08-05,24,12:00,billing.back_office,Billing & payments,back_office,11.0,737.7,2.97,4.37
2026-08-05,25,12:30,billing.back_office,Billing & payments,back_office,9.0,737.7,4.28,3.66
2026-08-05,26,13:00,billing.back_office,Billing & payments,back_office,12.0,737.7,5.33,5.33
2026-08-05,27,13:30,billing.back_office,Billing & payments,back_office,35.0,737.7,15.87,14.16
2026-08-05,28,14:00,billing.back_office,Billing & payments,back_office,43.0,737.7,15.25,18.07
2026-08-05,29,14:30,billing.back_office,Billing & payments,back_office,35.0,737.7,17.26,13.99
2026-08-05,30,15:00,billing.back_office,Billing & payments,back_office,27.0,737.7,11.54,10.99
2026-08-05,31,15:30,billing.back_office,Billing & payments,back_office,27.0,737.7,11.89,11.08
2026-08-05,32,16:00,billing.back_office,Billing & payments,back_office,14.0,737.7,5.02,5.34
2026-08-05,33,16:30,billing.back_office,Billing & payments,back_office,11.0,737.7,4.86,4.16
2026-08-05,34,17:00,billing.back_office,Billing & payments,back_office,6.0,737.7,2.26,2.49
2026-08-05,35,17:30,billing.back_office,Billing & payments,back_office,1.0,737.7,0.38,0.42
2026-08-06,16,08:00,billing.back_office,Billing & payments,back_office,6.0,739.5,2.78,2.33
2026-08-06,17,08:30,billing.back_office,Billing & payments,back_office,14.0,739.5,6.14,6.29
2026-08-06,18,09:00,billing.back_office,Billing & payments,back_office,27.0,739.5,11.43,10.65
2026-08-06,19,09:30,billing.back_office,Billing & payments,back_office,48.0,739.5,22.65,21.24
2026-08-06,20,10:00,billing.back_office,Billing & payments,back_office,40.0,739.5,17.33,15.54
2026-08-06,21,10:30,billing.back_office,Billing & payments,back_office,46.0,739.5,20.42,19.44
2026-08-06,22,11:00,billing.back_office,Billing & payments,back_office,21.0,739.5,9.45,8.94
2026-08-06,23,11:30,billing.back_office,Billing & payments,back_office,24.0,739.5,12.08,9.51
2026-08-06,24,12:00,billing.back_office,Billing & payments,back_office,16.0,739.5,5.85,6.7
2026-08-06,25,12:30,billing.back_office,Billing & payments,back_office,4.0,739.5,1.22,1.59
2026-08-06,26,13:00,billing.back_office,Billing & payments,back_office,13.0,739.5,5.39,5.37
2026-08-06,27,13:30,billing.back_office,Billing & payments,back_office,27.0,739.5,10.9,11.33
2026-08-06,28,14:00,billing.back_office,Billing & payments,back_office,30.0,739.5,12.73,12.93
2026-08-06,29,14:30,billing.back_office,Billing & payments,back_office,26.0,739.5,12.6,10.75
2026-08-06,30,15:00,billing.back_office,Billing & payments,back_office,29.0,739.5,10.57,11.63
2026-08-06,31,15:30,billing.back_office,Billing & payments,back_office,23.0,739.5,9.36,9.45
2026-08-06,32,16:00,billing.back_office,Billing & payments,back_office,27.0,739.5,9.55,11.62
2026-08-06,33,16:30,billing.back_office,Billing & payments,back_office,15.0,739.5,4.66,5.6
2026-08-06,34,17:00,billing.back_office,Billing & payments,back_office,3.0,739.5,1.26,1.28
2026-08-06,35,17:30,billing.back_office,Billing & payments,back_office,1.0,739.5,0.34,0.42
2026-08-07,16,08:00,billing.back_office,Billing & payments,back_office,10.0,745.9,4.68,4.1
2026-08-07,17,08:30,billing.back_office,Billing & payments,back_office,30.0,745.9,15.49,11.44
2026-08-07,18,09:00,billing.back_office,Billing & payments,back_office,37.0,745.9,17.6,15.52
2026-08-07,19,09:30,billing.back_office,Billing & payments,back_office,39.0,745.9,15.17,16.37
2026-08-07,20,10:00,billing.back_office,Billing & payments,back_office,41.0,745.9,17.2,15.91
2026-08-07,21,10:30,billing.back_office,Billing & payments,back_office,46.0,745.9,20.51,18.71
2026-08-07,22,11:00,billing.back_office,Billing & payments,back_office,41.0,745.9,16.22,17.86
2026-08-07,23,11:30,billing.back_office,Billing & payments,back_office,28.0,745.9,12.21,12.03
2026-08-07,24,12:00,billing.back_office,Billing & payments,back_office,11.0,745.9,4.92,4.25
2026-08-07,25,12:30,billing.back_office,Billing & payments,back_office,12.0,745.9,4.53,4.96
2026-08-07,26,13:00,billing.back_office,Billing & payments,back_office,10.0,745.9,4.47,3.92
2026-08-07,27,13:30,billing.back_office,Billing & payments,back_office,25.0,745.9,10.99,11.04
2026-08-07,28,14:00,billing.back_office,Billing & payments,back_office,41.0,745.9,17.87,16.42
2026-08-07,29,14:30,billing.back_office,Billing & payments,back_office,29.0,745.9,9.65,12.27
2026-08-07,30,15:00,billing.back_office,Billing & payments,back_office,33.0,745.9,13.34,14.79
2026-08-07,31,15:30,billing.back_office,Billing & payments,back_office,40.0,745.9,22.08,15.18
2026-08-07,32,16:00,billing.back_office,Billing & payments,back_office,14.0,745.9,6.51,5.97
2026-08-07,33,16:30,billing.back_office,Billing & payments,back_office,10.0,745.9,4.89,4.08
2026-08-07,34,17:00,billing.back_office,Billing & payments,back_office,7.0,745.9,3.13,2.78
2026-08-07,35,17:30,billing.back_office,Billing & payments,back_office,0.0,745.9,0.0,0.0
2026-08-10,16,08:00,billing.back_office,Billing & payments,back_office,10.0,756.2,4.41,4.16
2026-08-10,17,08:30,billing.back_office,Billing & payments,back_office,40.0,756.2,17.55,17.31
2026-08-10,18,09:00,billing.back_office,Billing & payments,back_office,45.0,756.2,20.25,18.73
2026-08-10,19,09:30,billing.back_office,Billing & payments,back_office,66.0,756.2,25.73,26.32
2026-08-10,20,10:00,billing.back_office,Billing & payments,back_office,35.0,756.2,18.71,15.07
2026-08-10,21,10:30,billing.back_office,Billing & payments,back_office,58.0,756.2,23.36,25.3
2026-08-10,22,11:00,billing.back_office,Billing & payments,back_office,55.0,756.2,26.35,21.3
2026-08-10,23,11:30,billing.back_office,Billing & payments,back_office,25.0,756.2,11.87,10.46
2026-08-10,24,12:00,billing.back_office,Billing & payments,back_office,16.0,756.2,6.36,6.68
2026-08-10,25,12:30,billing.back_office,Billing & payments,back_office,21.0,756.2,9.31,7.96
2026-08-10,26,13:00,billing.back_office,Billing & payments,back_office,20.0,756.2,7.75,8.51
2026-08-10,27,13:30,billing.back_office,Billing & payments,back_office,42.0,756.2,17.0,17.46
2026-08-10,28,14:00,billing.back_office,Billing & payments,back_office,52.0,756.2,21.83,21.41
2026-08-10,29,14:30,billing.back_office,Billing & payments,back_office,57.0,756.2,22.46,23.63
2026-08-10,30,15:00,billing.back_office,Billing & payments,back_office,43.0,756.2,19.39,18.56
2026-08-10,31,15:30,billing.back_office,Billing & payments,back_office,36.0,756.2,18.36,14.77
2026-08-10,32,16:00,billing.back_office,Billing & payments,back_office,25.0,756.2,10.4,11.51
2026-08-10,33,16:30,billing.back_office,Billing & payments,back_office,17.0,756.2,7.86,7.5
2026-08-10,34,17:00,billing.back_office,Billing & payments,back_office,10.0,756.2,4.58,4.21
2026-08-10,35,17:30,billing.back_office,Billing & payments,back_office,4.0,756.2,1.47,1.7
2026-08-11,16,08:00,billing.back_office,Billing & payments,back_office,9.0,728.6,3.51,3.74
2026-08-11,17,08:30,billing.back_office,Billing & payments,back_office,25.0,728.6,8.16,9.79
2026-08-11,18,09:00,billing.back_office,Billing & payments,back_office,36.0,728.6,15.07,14.73
2026-08-11,19,09:30,billing.back_office,Billing & payments,back_office,46.0,728.6,18.81,18.61
2026-08-11,20,10:00,billing.back_office,Billing & payments,back_office,46.0,728.6,22.1,17.41
2026-08-11,21,10:30,billing.back_office,Billing & payments,back_office,37.0,728.6,13.01,13.62
2026-08-11,22,11:00,billing.back_office,Billing & payments,back_office,14.0,728.6,5.91,5.72
2026-08-11,23,11:30,billing.back_office,Billing & payments,back_office,15.0,728.6,5.79,6.28
2026-08-11,24,12:00,billing.back_office,Billing & payments,back_office,7.0,728.6,3.4,2.9
2026-08-11,25,12:30,billing.back_office,Billing & payments,back_office,5.0,728.6,2.15,1.85
2026-08-11,26,13:00,billing.back_office,Billing & payments,back_office,10.0,728.6,4.07,4.23
2026-08-11,27,13:30,billing.back_office,Billing & payments,back_office,22.0,728.6,7.53,8.56
2026-08-11,28,14:00,billing.back_office,Billing & payments,back_office,30.0,728.6,11.61,12.66
2026-08-11,29,14:30,billing.back_office,Billing & payments,back_office,27.0,728.6,9.35,11.03
2026-08-11,30,15:00,billing.back_office,Billing & payments,back_office,30.0,728.6,14.58,11.33
2026-08-11,31,15:30,billing.back_office,Billing & payments,back_office,15.0,728.6,5.39,5.36
2026-08-11,32,16:00,billing.back_office,Billing & payments,back_office,22.0,728.6,8.25,9.61
2026-08-11,33,16:30,billing.back_office,Billing & payments,back_office,11.0,728.6,4.36,4.46
2026-08-11,34,17:00,billing.back_office,Billing & payments,back_office,6.0,728.6,2.12,2.36
2026-08-11,35,17:30,billing.back_office,Billing & payments,back_office,3.0,728.6,1.21,1.1
2026-08-12,16,08:00,billing.back_office,Billing & payments,back_office,6.0,722.8,2.26,2.48
2026-08-12,17,08:30,billing.back_office,Billing & payments,back_office,27.0,722.8,14.05,11.56
2026-08-12,18,09:00,billing.back_office,Billing & payments,back_office,28.0,722.8,12.36,11.86
2026-08-12,19,09:30,billing.back_office,Billing & payments,back_office,47.0,722.8,15.52,18.23
2026-08-12,20,10:00,billing.back_office,Billing & payments,back_office,41.0,722.8,14.49,17.57
2026-08-12,21,10:30,billing.back_office,Billing & payments,back_office,23.0,722.8,10.94,8.39
2026-08-12,22,11:00,billing.back_office,Billing & payments,back_office,38.0,722.8,15.61,13.57
2026-08-12,23,11:30,billing.back_office,Billing & payments,back_office,26.0,722.8,8.47,10.92
2026-08-12,24,12:00,billing.back_office,Billing & payments,back_office,14.0,722.8,6.18,5.72
2026-08-12,25,12:30,billing.back_office,Billing & payments,back_office,10.0,722.8,4.32,3.82
2026-08-12,26,13:00,billing.back_office,Billing & payments,back_office,20.0,722.8,8.61,8.52
2026-08-12,27,13:30,billing.back_office,Billing & payments,back_office,24.0,722.8,11.21,9.88
2026-08-12,28,14:00,billing.back_office,Billing & payments,back_office,19.0,722.8,7.49,7.24
2026-08-12,29,14:30,billing.back_office,Billing & payments,back_office,40.0,722.8,16.3,17.48
2026-08-12,30,15:00,billing.back_office,Billing & payments,back_office,46.0,722.8,21.05,18.74
2026-08-12,31,15:30,billing.back_office,Billing & payments,back_office,21.0,722.8,9.41,8.21
2026-08-12,32,16:00,billing.back_office,Billing & payments,back_office,27.0,722.8,9.05,10.57
2026-08-12,33,16:30,billing.back_office,Billing & payments,back_office,11.0,722.8,4.71,4.25
2026-08-12,34,17:00,billing.back_office,Billing & payments,back_office,6.0,722.8,2.05,2.43
2026-08-12,35,17:30,billing.back_office,Billing & payments,back_office,1.0,722.8,0.28,0.38
2026-08-13,16,08:00,billing.back_office,Billing & payments,back_office,5.0,741.1,2.22,2.02
2026-08-13,17,08:30,billing.back_office,Billing & payments,back_office,24.0,741.1,8.28,9.41
2026-08-13,18,09:00,billing.back_office,Billing & payments,back_office,33.0,741.1,13.17,12.5
2026-08-13,19,09:30,billing.back_office,Billing & payments,back_office,33.0,741.1,14.65,13.18
2026-08-13,20,10:00,billing.back_office,Billing & payments,back_office,32.0,741.1,10.07,12.71
2026-08-13,21,10:30,billing.back_office,Billing & payments,back_office,48.0,741.1,20.55,21.67
2026-08-13,22,11:00,billing.back_office,Billing & payments,back_office,31.0,741.1,11.95,13.65
2026-08-13,23,11:30,billing.back_office,Billing & payments,back_office,23.0,741.1,11.08,9.47
2026-08-13,24,12:00,billing.back_office,Billing & payments,back_office,15.0,741.1,4.77,6.16
2026-08-13,25,12:30,billing.back_office,Billing & payments,back_office,9.0,741.1,3.3,3.77
2026-08-13,26,13:00,billing.back_office,Billing & payments,back_office,25.0,741.1,10.64,10.13
2026-08-13,27,13:30,billing.back_office,Billing & payments,back_office,24.0,741.1,9.25,10.12
2026-08-13,28,14:00,billing.back_office,Billing & payments,back_office,23.0,741.1,9.97,9.41
2026-08-13,29,14:30,billing.back_office,Billing & payments,back_office,37.0,741.1,13.54,14.81
2026-08-13,30,15:00,billing.back_office,Billing & payments,back_office,35.0,741.1,14.85,14.11
2026-08-13,31,15:30,billing.back_office,Billing & payments,back_office,18.0,741.1,6.05,7.36
2026-08-13,32,16:00,billing.back_office,Billing & payments,back_office,16.0,741.1,7.13,6.65
2026-08-13,33,16:30,billing.back_office,Billing & payments,back_office,18.0,741.1,8.0,7.4
2026-08-13,34,17:00,billing.back_office,Billing & payments,back_office,3.0,741.1,1.01,1.35
2026-08-13,35,17:30,billing.back_office,Billing & payments,back_office,4.0,741.1,1.53,1.81
2026-08-14,16,08:00,billing.back_office,Billing & payments,back_office,8.0,727.1,2.48,3.14
2026-08-14,17,08:30,billing.back_office,Billing & payments,back_office,26.0,727.1,11.2,9.74
2026-08-14,18,09:00,billing.back_office,Billing & payments,back_office,40.0,727.1,13.68,16.6
2026-08-14,19,09:30,billing.back_office,Billing & payments,back_office,46.0,727.1,17.08,16.24
2026-08-14,20,10:00,billing.back_office,Billing & payments,back_office,33.0,727.1,11.55,14.33
2026-08-14,21,10:30,billing.back_office,Billing & payments,back_office,26.0,727.1,10.63,10.88
2026-08-14,22,11:00,billing.back_office,Billing & payments,back_office,25.0,727.1,9.96,10.41
2026-08-14,23,11:30,billing.back_office,Billing & payments,back_office,23.0,727.1,7.66,9.15
2026-08-14,24,12:00,billing.back_office,Billing & payments,back_office,14.0,727.1,5.51,5.65
2026-08-14,25,12:30,billing.back_office,Billing & payments,back_office,7.0,727.1,3.35,2.72
2026-08-14,26,13:00,billing.back_office,Billing & payments,back_office,24.0,727.1,8.25,9.34
2026-08-14,27,13:30,billing.back_office,Billing & payments,back_office,29.0,727.1,9.1,12.82
2026-08-14,28,14:00,billing.back_office,Billing & payments,back_office,28.0,727.1,9.89,10.63
2026-08-14,29,14:30,billing.back_office,Billing & payments,back_office,43.0,727.1,15.3,18.18
2026-08-14,30,15:00,billing.back_office,Billing & payments,back_office,26.0,727.1,9.87,10.96
2026-08-14,31,15:30,billing.back_office,Billing & payments,back_office,19.0,727.1,7.53,8.1
2026-08-14,32,16:00,billing.back_office,Billing & payments,back_office,20.0,727.1,6.77,8.08
2026-08-14,33,16:30,billing.back_office,Billing & payments,back_office,17.0,727.1,8.22,6.83
2026-08-14,34,17:00,billing.back_office,Billing & payments,back_office,1.0,727.1,0.32,0.41
2026-08-14,35,17:30,billing.back_office,Billing & payments,back_office,0.0,727.1,0.0,0.0
